Godot gates (analyzer)	Set up job	﻿2026-10-04T01:42:50.8582491Z Current runner version: '2.337.0'
Godot gates (analyzer)	Set up job	2026-10-04T01:42:50.8634074Z ##[group]Runner Image Provisioner
Godot gates (analyzer)	Set up job	2026-10-04T01:42:50.8634983Z Hosted Compute Agent
Godot gates (analyzer)	Set up job	2026-10-04T01:42:50.8635722Z Version: 20260901.588
Godot gates (analyzer)	Set up job	2026-10-04T01:42:50.8636516Z Commit: f88ec8081b781fac6c440065ac7ff9e710ce3d0b
Godot gates (analyzer)	Set up job	2026-10-04T01:42:50.8637526Z Build Date: 2026-09-01T19:56:44Z
Godot gates (analyzer)	Set up job	2026-10-04T01:42:50.8638345Z Worker ID: {3f8a573e-f3c6-45c0-b28f-42a596db42cf}
Godot gates (analyzer)	Set up job	2026-10-04T01:42:50.8639093Z Azure Region: centralus
Godot gates (analyzer)	Set up job	2026-10-04T01:42:50.8639696Z ##[endgroup]
Godot gates (analyzer)	Set up job	2026-10-04T01:42:50.8641097Z ##[group]Operating System
Godot gates (analyzer)	Set up job	2026-10-04T01:42:50.8641798Z Ubuntu
Godot gates (analyzer)	Set up job	2026-10-04T01:42:50.8642459Z 24.04.5
Godot gates (analyzer)	Set up job	2026-10-04T01:42:50.8643061Z LTS
Godot gates (analyzer)	Set up job	2026-10-04T01:42:50.8643593Z ##[endgroup]
Godot gates (analyzer)	Set up job	2026-10-04T01:42:50.8644448Z ##[group]Runner Image
Godot gates (analyzer)	Set up job	2026-10-04T01:42:50.8645458Z Image: ubuntu-24.04
Godot gates (analyzer)	Set up job	2026-10-04T01:42:50.8646431Z Version: 20260927.320.1
Godot gates (analyzer)	Set up job	2026-10-04T01:42:50.8648293Z Included Software: https://github.com/actions/runner-images/blob/ubuntu24/20260927.320/images/ubuntu/Ubuntu2404-Readme.md
Godot gates (analyzer)	Set up job	2026-10-04T01:42:50.8651317Z Image Release: https://github.com/actions/runner-images/releases/tag/ubuntu24%2F20260927.320
Godot gates (analyzer)	Set up job	2026-10-04T01:42:50.8652944Z ##[endgroup]
Godot gates (analyzer)	Set up job	2026-10-04T01:42:50.8654859Z ##[group]GITHUB_TOKEN Permissions
Godot gates (analyzer)	Set up job	2026-10-04T01:42:50.8657860Z Contents: read
Godot gates (analyzer)	Set up job	2026-10-04T01:42:50.8658900Z Metadata: read
Godot gates (analyzer)	Set up job	2026-10-04T01:42:50.8659860Z ##[endgroup]
Godot gates (analyzer)	Set up job	2026-10-04T01:42:50.8663341Z Secret source: Actions
Godot gates (analyzer)	Set up job	2026-10-04T01:42:50.8664931Z Cache mode: write
Godot gates (analyzer)	Set up job	2026-10-04T01:42:50.8666334Z Prepare workflow directory
Godot gates (analyzer)	Set up job	2026-10-04T01:42:50.9099945Z Prepare all required actions
Godot gates (analyzer)	Set up job	2026-10-04T01:42:50.9168807Z Getting action download info
Godot gates (analyzer)	Set up job	2026-10-04T01:42:51.1790140Z Download action repository 'actions/checkout@v4' (SHA:11d5960a326750d5838078e36cf38b85af677262)
Godot gates (analyzer)	Set up job	2026-10-04T01:42:51.2697129Z Download action repository 'actions/cache@v4' (SHA:0057852bfaa89a56745cba8c7296529d2fc39830)
Godot gates (analyzer)	Set up job	2026-10-04T01:42:51.4729556Z Complete job name: Godot gates (analyzer)
Godot gates (analyzer)	Check out the repository	﻿2026-10-04T01:42:51.5640106Z ##[group]Run actions/checkout@v4
Godot gates (analyzer)	Check out the repository	2026-10-04T01:42:51.5640986Z with:
Godot gates (analyzer)	Check out the repository	2026-10-04T01:42:51.5641410Z   lfs: true
Godot gates (analyzer)	Check out the repository	2026-10-04T01:42:51.5641847Z   repository: gradybre/redwall-rts
Godot gates (analyzer)	Check out the repository	2026-10-04T01:42:51.5645812Z   token: ***
Godot gates (analyzer)	Check out the repository	2026-10-04T01:42:51.5646253Z   ssh-strict: true
Godot gates (analyzer)	Check out the repository	2026-10-04T01:42:51.5646691Z   ssh-user: git
Godot gates (analyzer)	Check out the repository	2026-10-04T01:42:51.5647351Z   persist-credentials: true
Godot gates (analyzer)	Check out the repository	2026-10-04T01:42:51.5647842Z   clean: true
Godot gates (analyzer)	Check out the repository	2026-10-04T01:42:51.5648292Z   sparse-checkout-cone-mode: true
Godot gates (analyzer)	Check out the repository	2026-10-04T01:42:51.5648802Z   fetch-depth: 1
Godot gates (analyzer)	Check out the repository	2026-10-04T01:42:51.5649243Z   fetch-tags: false
Godot gates (analyzer)	Check out the repository	2026-10-04T01:42:51.5649690Z   show-progress: true
Godot gates (analyzer)	Check out the repository	2026-10-04T01:42:51.5650141Z   submodules: false
Godot gates (analyzer)	Check out the repository	2026-10-04T01:42:51.5650587Z   set-safe-directory: true
Godot gates (analyzer)	Check out the repository	2026-10-04T01:42:51.5651082Z   allow-unsafe-pr-checkout: false
Godot gates (analyzer)	Check out the repository	2026-10-04T01:42:51.5651768Z env:
Godot gates (analyzer)	Check out the repository	2026-10-04T01:42:51.5652171Z   GODOT_VERSION: 4.7.2
Godot gates (analyzer)	Check out the repository	2026-10-04T01:42:51.5652620Z ##[endgroup]
Godot gates (analyzer)	Check out the repository	2026-10-04T01:42:51.6783309Z Syncing repository: gradybre/redwall-rts
Godot gates (analyzer)	Check out the repository	2026-10-04T01:42:51.6785907Z ##[group]Getting Git version info
Godot gates (analyzer)	Check out the repository	2026-10-04T01:42:51.6787358Z Working directory is '/home/runner/work/redwall-rts/redwall-rts'
Godot gates (analyzer)	Check out the repository	2026-10-04T01:42:51.6789072Z [command]/usr/bin/git version
Godot gates (analyzer)	Check out the repository	2026-10-04T01:42:51.6789871Z git version 2.55.0
Godot gates (analyzer)	Check out the repository	2026-10-04T01:42:51.6791821Z [command]/usr/bin/git lfs version
Godot gates (analyzer)	Check out the repository	2026-10-04T01:42:52.3300837Z git-lfs/3.8.0 (GitHub; linux amd64; go 1.27.0)
Godot gates (analyzer)	Check out the repository	2026-10-04T01:42:52.3318545Z ##[endgroup]
Godot gates (analyzer)	Check out the repository	2026-10-04T01:42:52.3338141Z Temporarily overriding HOME='/home/runner/work/_temp/30335b16-3a84-479f-afb7-5f030dbf3c3e' before making global git config changes
Godot gates (analyzer)	Check out the repository	2026-10-04T01:42:52.3340512Z Adding repository directory to the temporary git global config as a safe directory
Godot gates (analyzer)	Check out the repository	2026-10-04T01:42:52.3345311Z [command]/usr/bin/git config --global --add safe.directory /home/runner/work/redwall-rts/redwall-rts
Godot gates (analyzer)	Check out the repository	2026-10-04T01:42:52.3398651Z Deleting the contents of '/home/runner/work/redwall-rts/redwall-rts'
Godot gates (analyzer)	Check out the repository	2026-10-04T01:42:52.3403113Z ##[group]Initializing the repository
Godot gates (analyzer)	Check out the repository	2026-10-04T01:42:52.3408371Z [command]/usr/bin/git init /home/runner/work/redwall-rts/redwall-rts
Godot gates (analyzer)	Check out the repository	2026-10-04T01:42:52.3496119Z hint: Using 'master' as the name for the initial branch. This default branch name
Godot gates (analyzer)	Check out the repository	2026-10-04T01:42:52.3498365Z hint: will change to "main" in Git 3.0. To configure the initial branch name
Godot gates (analyzer)	Check out the repository	2026-10-04T01:42:52.3500348Z hint: to use in all of your new repositories, which will suppress this warning,
Godot gates (analyzer)	Check out the repository	2026-10-04T01:42:52.3501862Z hint: call:
Godot gates (analyzer)	Check out the repository	2026-10-04T01:42:52.3502583Z hint:
Godot gates (analyzer)	Check out the repository	2026-10-04T01:42:52.3503489Z hint: 	git config --global init.defaultBranch <name>
Godot gates (analyzer)	Check out the repository	2026-10-04T01:42:52.3504679Z hint:
Godot gates (analyzer)	Check out the repository	2026-10-04T01:42:52.3505773Z hint: Names commonly chosen instead of 'master' are 'main', 'trunk' and
Godot gates (analyzer)	Check out the repository	2026-10-04T01:42:52.3508393Z hint: 'development'. The just-created branch can be renamed via this command:
Godot gates (analyzer)	Check out the repository	2026-10-04T01:42:52.3509892Z hint:
Godot gates (analyzer)	Check out the repository	2026-10-04T01:42:52.3510635Z hint: 	git branch -m <name>
Godot gates (analyzer)	Check out the repository	2026-10-04T01:42:52.3511477Z hint:
Godot gates (analyzer)	Check out the repository	2026-10-04T01:42:52.3512651Z hint: Disable this message with "git config set advice.defaultBranchName false"
Godot gates (analyzer)	Check out the repository	2026-10-04T01:42:52.3514678Z Initialized empty Git repository in /home/runner/work/redwall-rts/redwall-rts/.git/
Godot gates (analyzer)	Check out the repository	2026-10-04T01:42:52.3518096Z [command]/usr/bin/git remote add origin https://github.com/gradybre/redwall-rts
Godot gates (analyzer)	Check out the repository	2026-10-04T01:42:52.3560065Z ##[endgroup]
Godot gates (analyzer)	Check out the repository	2026-10-04T01:42:52.3561388Z ##[group]Disabling automatic garbage collection
Godot gates (analyzer)	Check out the repository	2026-10-04T01:42:52.3564772Z [command]/usr/bin/git config --local gc.auto 0
Godot gates (analyzer)	Check out the repository	2026-10-04T01:42:52.3599539Z ##[endgroup]
Godot gates (analyzer)	Check out the repository	2026-10-04T01:42:52.3600834Z ##[group]Setting up auth
Godot gates (analyzer)	Check out the repository	2026-10-04T01:42:52.3609621Z [command]/usr/bin/git config --local --name-only --get-regexp core\.sshCommand
Godot gates (analyzer)	Check out the repository	2026-10-04T01:42:52.3649280Z [command]/usr/bin/git submodule foreach --recursive sh -c "git config --local --name-only --get-regexp 'core\.sshCommand' && git config --local --unset-all 'core.sshCommand' || :"
Godot gates (analyzer)	Check out the repository	2026-10-04T01:42:52.3915196Z [command]/usr/bin/git config --local --name-only --get-regexp http\.https\:\/\/github\.com\/\.extraheader
Godot gates (analyzer)	Check out the repository	2026-10-04T01:42:52.3957387Z [command]/usr/bin/git submodule foreach --recursive sh -c "git config --local --name-only --get-regexp 'http\.https\:\/\/github\.com\/\.extraheader' && git config --local --unset-all 'http.https://github.com/.extraheader' || :"
Godot gates (analyzer)	Check out the repository	2026-10-04T01:42:52.4206135Z [command]/usr/bin/git config --local --name-only --get-regexp ^includeIf\.gitdir:
Godot gates (analyzer)	Check out the repository	2026-10-04T01:42:52.4243784Z [command]/usr/bin/git submodule foreach --recursive git config --local --show-origin --name-only --get-regexp remote.origin.url
Godot gates (analyzer)	Check out the repository	2026-10-04T01:42:52.4486190Z [command]/usr/bin/git config --local http.https://github.com/.extraheader AUTHORIZATION: basic ***
Godot gates (analyzer)	Check out the repository	2026-10-04T01:42:52.4529240Z ##[endgroup]
Godot gates (analyzer)	Check out the repository	2026-10-04T01:42:52.4533319Z [command]/usr/bin/git lfs install --local
Godot gates (analyzer)	Check out the repository	2026-10-04T01:42:52.4934994Z Updated Git hooks.
Godot gates (analyzer)	Check out the repository	2026-10-04T01:42:52.4935785Z Git LFS initialized.
Godot gates (analyzer)	Check out the repository	2026-10-04T01:42:52.4946205Z ##[group]Fetching the repository
Godot gates (analyzer)	Check out the repository	2026-10-04T01:42:52.4956708Z [command]/usr/bin/git -c protocol.version=2 fetch --no-tags --prune --no-recurse-submodules --depth=1 origin +1c691787898dc2100acbc7dd45d4e9fc677a81e7:refs/remotes/pull/230/merge
Godot gates (analyzer)	Check out the repository	2026-10-04T01:42:55.7682318Z From https://github.com/gradybre/redwall-rts
Godot gates (analyzer)	Check out the repository	2026-10-04T01:42:55.7688227Z  * [new ref]         1c691787898dc2100acbc7dd45d4e9fc677a81e7 -> pull/230/merge
Godot gates (analyzer)	Check out the repository	2026-10-04T01:42:55.7691740Z ##[endgroup]
Godot gates (analyzer)	Check out the repository	2026-10-04T01:42:55.7692924Z ##[group]Determining the checkout info
Godot gates (analyzer)	Check out the repository	2026-10-04T01:42:55.7694429Z ##[endgroup]
Godot gates (analyzer)	Check out the repository	2026-10-04T01:42:55.7695964Z ##[group]Fetching LFS objects
Godot gates (analyzer)	Check out the repository	2026-10-04T01:42:55.7697228Z [command]/usr/bin/git lfs fetch origin refs/remotes/pull/230/merge
Godot gates (analyzer)	Check out the repository	2026-10-04T01:42:55.7990688Z Fetching reference refs/remotes/pull/230/merge
Godot gates (analyzer)	Check out the repository	2026-10-04T01:43:14.5480154Z ##[endgroup]
Godot gates (analyzer)	Check out the repository	2026-10-04T01:43:14.5480714Z [command]/usr/bin/git sparse-checkout disable
Godot gates (analyzer)	Check out the repository	2026-10-04T01:43:14.5535588Z [command]/usr/bin/git config --local --unset-all extensions.worktreeConfig
Godot gates (analyzer)	Check out the repository	2026-10-04T01:43:14.5570852Z ##[group]Checking out the ref
Godot gates (analyzer)	Check out the repository	2026-10-04T01:43:14.5575610Z [command]/usr/bin/git checkout --progress --force refs/remotes/pull/230/merge
Godot gates (analyzer)	Check out the repository	2026-10-04T01:43:15.5814209Z Updating files:  29% (4300/14546)
Godot gates (analyzer)	Check out the repository	2026-10-04T01:43:15.6049333Z Updating files:  30% (4364/14546)
Godot gates (analyzer)	Check out the repository	2026-10-04T01:43:15.6281431Z Updating files:  31% (4510/14546)
Godot gates (analyzer)	Check out the repository	2026-10-04T01:43:15.6479511Z Updating files:  32% (4655/14546)
Godot gates (analyzer)	Check out the repository	2026-10-04T01:43:15.6723323Z Updating files:  33% (4801/14546)
Godot gates (analyzer)	Check out the repository	2026-10-04T01:43:15.6922426Z Updating files:  34% (4946/14546)
Godot gates (analyzer)	Check out the repository	2026-10-04T01:43:15.7115321Z Updating files:  35% (5092/14546)
Godot gates (analyzer)	Check out the repository	2026-10-04T01:43:15.7187255Z Updating files:  36% (5237/14546)
Godot gates (analyzer)	Check out the repository	2026-10-04T01:43:15.7273970Z Updating files:  37% (5383/14546)
Godot gates (analyzer)	Check out the repository	2026-10-04T01:43:15.7340260Z Updating files:  38% (5528/14546)
Godot gates (analyzer)	Check out the repository	2026-10-04T01:43:15.7408428Z Updating files:  39% (5673/14546)
Godot gates (analyzer)	Check out the repository	2026-10-04T01:43:15.7479538Z Updating files:  40% (5819/14546)
Godot gates (analyzer)	Check out the repository	2026-10-04T01:43:15.7540116Z Updating files:  41% (5964/14546)
Godot gates (analyzer)	Check out the repository	2026-10-04T01:43:15.7605601Z Updating files:  42% (6110/14546)
Godot gates (analyzer)	Check out the repository	2026-10-04T01:43:15.7662024Z Updating files:  43% (6255/14546)
Godot gates (analyzer)	Check out the repository	2026-10-04T01:43:15.7726180Z Updating files:  44% (6401/14546)
Godot gates (analyzer)	Check out the repository	2026-10-04T01:43:15.7793390Z Updating files:  45% (6546/14546)
Godot gates (analyzer)	Check out the repository	2026-10-04T01:43:15.7849492Z Updating files:  46% (6692/14546)
Godot gates (analyzer)	Check out the repository	2026-10-04T01:43:15.8648232Z Updating files:  47% (6837/14546)
Godot gates (analyzer)	Check out the repository	2026-10-04T01:43:15.8721053Z Updating files:  48% (6983/14546)
Godot gates (analyzer)	Check out the repository	2026-10-04T01:43:15.8793208Z Updating files:  49% (7128/14546)
Godot gates (analyzer)	Check out the repository	2026-10-04T01:43:15.8861974Z Updating files:  50% (7273/14546)
Godot gates (analyzer)	Check out the repository	2026-10-04T01:43:15.8961988Z Updating files:  51% (7419/14546)
Godot gates (analyzer)	Check out the repository	2026-10-04T01:43:15.9053135Z Updating files:  52% (7564/14546)
Godot gates (analyzer)	Check out the repository	2026-10-04T01:43:15.9120460Z Updating files:  53% (7710/14546)
Godot gates (analyzer)	Check out the repository	2026-10-04T01:43:15.9186146Z Updating files:  54% (7855/14546)
Godot gates (analyzer)	Check out the repository	2026-10-04T01:43:15.9257105Z Updating files:  55% (8001/14546)
Godot gates (analyzer)	Check out the repository	2026-10-04T01:43:15.9529900Z Updating files:  56% (8146/14546)
Godot gates (analyzer)	Check out the repository	2026-10-04T01:43:15.9685424Z Updating files:  57% (8292/14546)
Godot gates (analyzer)	Check out the repository	2026-10-04T01:43:16.0033613Z Updating files:  58% (8437/14546)
Godot gates (analyzer)	Check out the repository	2026-10-04T01:43:16.0384641Z Updating files:  59% (8583/14546)
Godot gates (analyzer)	Check out the repository	2026-10-04T01:43:16.0840017Z Updating files:  60% (8728/14546)
Godot gates (analyzer)	Check out the repository	2026-10-04T01:43:16.0962271Z Updating files:  61% (8874/14546)
Godot gates (analyzer)	Check out the repository	2026-10-04T01:43:16.1103371Z Updating files:  62% (9019/14546)
Godot gates (analyzer)	Check out the repository	2026-10-04T01:43:16.1383202Z Updating files:  63% (9164/14546)
Godot gates (analyzer)	Check out the repository	2026-10-04T01:43:16.1782920Z Updating files:  64% (9310/14546)
Godot gates (analyzer)	Check out the repository	2026-10-04T01:43:16.2208234Z Updating files:  65% (9455/14546)
Godot gates (analyzer)	Check out the repository	2026-10-04T01:43:16.2591807Z Updating files:  66% (9601/14546)
Godot gates (analyzer)	Check out the repository	2026-10-04T01:43:16.2986911Z Updating files:  67% (9746/14546)
Godot gates (analyzer)	Check out the repository	2026-10-04T01:43:16.3406768Z Updating files:  68% (9892/14546)
Godot gates (analyzer)	Check out the repository	2026-10-04T01:43:16.3795285Z Updating files:  69% (10037/14546)
Godot gates (analyzer)	Check out the repository	2026-10-04T01:43:16.4112017Z Updating files:  70% (10183/14546)
Godot gates (analyzer)	Check out the repository	2026-10-04T01:43:16.4439715Z Updating files:  71% (10328/14546)
Godot gates (analyzer)	Check out the repository	2026-10-04T01:43:16.4760305Z Updating files:  72% (10474/14546)
Godot gates (analyzer)	Check out the repository	2026-10-04T01:43:16.5073616Z Updating files:  73% (10619/14546)
Godot gates (analyzer)	Check out the repository	2026-10-04T01:43:16.5258217Z Updating files:  74% (10765/14546)
Godot gates (analyzer)	Check out the repository	2026-10-04T01:43:16.5371405Z Updating files:  75% (10910/14546)
Godot gates (analyzer)	Check out the repository	2026-10-04T01:43:16.5736625Z Updating files:  76% (11055/14546)
Godot gates (analyzer)	Check out the repository	2026-10-04T01:43:16.5962598Z Updating files:  76% (11157/14546)
Godot gates (analyzer)	Check out the repository	2026-10-04T01:43:16.6504323Z Updating files:  77% (11201/14546)
Godot gates (analyzer)	Check out the repository	2026-10-04T01:43:16.7060873Z Updating files:  78% (11346/14546)
Godot gates (analyzer)	Check out the repository	2026-10-04T01:43:16.7377444Z Updating files:  79% (11492/14546)
Godot gates (analyzer)	Check out the repository	2026-10-04T01:43:16.7471038Z Updating files:  80% (11637/14546)
Godot gates (analyzer)	Check out the repository	2026-10-04T01:43:16.7566506Z Updating files:  81% (11783/14546)
Godot gates (analyzer)	Check out the repository	2026-10-04T01:43:16.7650142Z Updating files:  82% (11928/14546)
Godot gates (analyzer)	Check out the repository	2026-10-04T01:43:16.7732658Z Updating files:  83% (12074/14546)
Godot gates (analyzer)	Check out the repository	2026-10-04T01:43:16.7828035Z Updating files:  84% (12219/14546)
Godot gates (analyzer)	Check out the repository	2026-10-04T01:43:16.7955910Z Updating files:  85% (12365/14546)
Godot gates (analyzer)	Check out the repository	2026-10-04T01:43:16.8038482Z Updating files:  86% (12510/14546)
Godot gates (analyzer)	Check out the repository	2026-10-04T01:43:16.8224311Z Updating files:  87% (12656/14546)
Godot gates (analyzer)	Check out the repository	2026-10-04T01:43:16.8370270Z Updating files:  88% (12801/14546)
Godot gates (analyzer)	Check out the repository	2026-10-04T01:43:16.8479711Z Updating files:  89% (12946/14546)
Godot gates (analyzer)	Check out the repository	2026-10-04T01:43:16.8587565Z Updating files:  90% (13092/14546)
Godot gates (analyzer)	Check out the repository	2026-10-04T01:43:16.8721517Z Updating files:  91% (13237/14546)
Godot gates (analyzer)	Check out the repository	2026-10-04T01:43:16.8873005Z Updating files:  92% (13383/14546)
Godot gates (analyzer)	Check out the repository	2026-10-04T01:43:16.9006372Z Updating files:  93% (13528/14546)
Godot gates (analyzer)	Check out the repository	2026-10-04T01:43:16.9145543Z Updating files:  94% (13674/14546)
Godot gates (analyzer)	Check out the repository	2026-10-04T01:43:16.9389083Z Updating files:  95% (13819/14546)
Godot gates (analyzer)	Check out the repository	2026-10-04T01:43:16.9437420Z Updating files:  96% (13965/14546)
Godot gates (analyzer)	Check out the repository	2026-10-04T01:43:16.9664903Z Updating files:  97% (14110/14546)
Godot gates (analyzer)	Check out the repository	2026-10-04T01:43:16.9807555Z Updating files:  98% (14256/14546)
Godot gates (analyzer)	Check out the repository	2026-10-04T01:43:17.0081258Z Updating files:  99% (14401/14546)
Godot gates (analyzer)	Check out the repository	2026-10-04T01:43:17.0081740Z Updating files: 100% (14546/14546)
Godot gates (analyzer)	Check out the repository	2026-10-04T01:43:17.0082156Z Updating files: 100% (14546/14546), done.
Godot gates (analyzer)	Check out the repository	2026-10-04T01:43:17.0227239Z Note: switching to 'refs/remotes/pull/230/merge'.
Godot gates (analyzer)	Check out the repository	2026-10-04T01:43:17.0227645Z 
Godot gates (analyzer)	Check out the repository	2026-10-04T01:43:17.0227960Z You are in 'detached HEAD' state. You can look around, make experimental
Godot gates (analyzer)	Check out the repository	2026-10-04T01:43:17.0228693Z changes and commit them, and you can discard any commits you make in this
Godot gates (analyzer)	Check out the repository	2026-10-04T01:43:17.0229256Z state without impacting any branches by switching back to a branch.
Godot gates (analyzer)	Check out the repository	2026-10-04T01:43:17.0229591Z 
Godot gates (analyzer)	Check out the repository	2026-10-04T01:43:17.0229911Z If you want to create a new branch to retain commits you create, you may
Godot gates (analyzer)	Check out the repository	2026-10-04T01:43:17.0230577Z do so (now or later) by using -c with the switch command. Example:
Godot gates (analyzer)	Check out the repository	2026-10-04T01:43:17.0230955Z 
Godot gates (analyzer)	Check out the repository	2026-10-04T01:43:17.0231122Z   git switch -c <new-branch-name>
Godot gates (analyzer)	Check out the repository	2026-10-04T01:43:17.0231383Z 
Godot gates (analyzer)	Check out the repository	2026-10-04T01:43:17.0231529Z Or undo this operation with:
Godot gates (analyzer)	Check out the repository	2026-10-04T01:43:17.0231772Z 
Godot gates (analyzer)	Check out the repository	2026-10-04T01:43:17.0231894Z   git switch -
Godot gates (analyzer)	Check out the repository	2026-10-04T01:43:17.0232082Z 
Godot gates (analyzer)	Check out the repository	2026-10-04T01:43:17.0232393Z Turn off this advice by setting config variable advice.detachedHead to false
Godot gates (analyzer)	Check out the repository	2026-10-04T01:43:17.0232864Z 
Godot gates (analyzer)	Check out the repository	2026-10-04T01:43:17.0233395Z HEAD is now at 1c69178 Merge 4e7645255c45fad5585120e232e375480319ed23 into 82d60ba86dcecf6e7c6184eeaf77a389e8b2b5c2
Godot gates (analyzer)	Check out the repository	2026-10-04T01:43:17.0998097Z ##[endgroup]
Godot gates (analyzer)	Check out the repository	2026-10-04T01:43:17.1045844Z [command]/usr/bin/git log -1 --format=%H
Godot gates (analyzer)	Check out the repository	2026-10-04T01:43:17.1075841Z 1c691787898dc2100acbc7dd45d4e9fc677a81e7
Godot gates (analyzer)	Cache the Godot binary	﻿2026-10-04T01:43:17.1336851Z ##[group]Run actions/cache@v4
Godot gates (analyzer)	Cache the Godot binary	2026-10-04T01:43:17.1337429Z with:
Godot gates (analyzer)	Cache the Godot binary	2026-10-04T01:43:17.1337631Z   path: ~/godot-bin
Godot gates (analyzer)	Cache the Godot binary	2026-10-04T01:43:17.1337868Z   key: godot-4.7.2-linux-x86_64
Godot gates (analyzer)	Cache the Godot binary	2026-10-04T01:43:17.1338137Z   enableCrossOsArchive: false
Godot gates (analyzer)	Cache the Godot binary	2026-10-04T01:43:17.1338379Z   fail-on-cache-miss: false
Godot gates (analyzer)	Cache the Godot binary	2026-10-04T01:43:17.1338609Z   lookup-only: false
Godot gates (analyzer)	Cache the Godot binary	2026-10-04T01:43:17.1338817Z   save-always: false
Godot gates (analyzer)	Cache the Godot binary	2026-10-04T01:43:17.1339013Z env:
Godot gates (analyzer)	Cache the Godot binary	2026-10-04T01:43:17.1339206Z   GODOT_VERSION: 4.7.2
Godot gates (analyzer)	Cache the Godot binary	2026-10-04T01:43:17.1339435Z ##[endgroup]
Godot gates (analyzer)	Cache the Godot binary	2026-10-04T01:43:17.2422567Z (node:2426) [DEP0040] DeprecationWarning: The `punycode` module is deprecated. Please use a userland alternative instead.
Godot gates (analyzer)	Cache the Godot binary	2026-10-04T01:43:17.2423638Z (Use `node --trace-deprecation ...` to show where the warning was created)
Godot gates (analyzer)	Cache the Godot binary	2026-10-04T01:43:17.4056723Z Cache hit for: godot-4.7.2-linux-x86_64
Godot gates (analyzer)	Cache the Godot binary	2026-10-04T01:43:17.4160989Z (node:2426) [DEP0169] DeprecationWarning: `url.parse()` behavior is not standardized and prone to errors that have security implications. Use the WHATWG URL API instead. CVEs are not issued for `url.parse()` vulnerabilities.
Godot gates (analyzer)	Cache the Godot binary	2026-10-04T01:43:18.3680885Z Received 75803820 of 75803820 (100.0%), 87.7 MBs/sec
Godot gates (analyzer)	Cache the Godot binary	2026-10-04T01:43:18.3681504Z Cache Size: ~72 MB (75803820 B)
Godot gates (analyzer)	Cache the Godot binary	2026-10-04T01:43:18.3709042Z [command]/usr/bin/tar -xf /home/runner/work/_temp/f3f94387-ac59-4168-bdc0-1748e5abecb9/cache.tzst -P -C /home/runner/work/redwall-rts/redwall-rts --use-compress-program unzstd
Godot gates (analyzer)	Cache the Godot binary	2026-10-04T01:43:18.6108968Z Cache restored successfully
Godot gates (analyzer)	Cache the Godot binary	2026-10-04T01:43:18.6221892Z Cache restored from key: godot-4.7.2-linux-x86_64
Godot gates (analyzer)	Put Godot on PATH	﻿2026-10-04T01:43:18.6418949Z ##[group]Run echo "$HOME/godot-bin" >> "$GITHUB_PATH"
Godot gates (analyzer)	Put Godot on PATH	2026-10-04T01:43:18.6419408Z ^[[36;1mecho "$HOME/godot-bin" >> "$GITHUB_PATH"^[[0m
Godot gates (analyzer)	Put Godot on PATH	2026-10-04T01:43:18.6657551Z shell: /usr/bin/bash -e {0}
Godot gates (analyzer)	Put Godot on PATH	2026-10-04T01:43:18.6657855Z env:
Godot gates (analyzer)	Put Godot on PATH	2026-10-04T01:43:18.6658083Z   GODOT_VERSION: 4.7.2
Godot gates (analyzer)	Put Godot on PATH	2026-10-04T01:43:18.6658325Z ##[endgroup]
Godot gates (analyzer)	Report the engine version	﻿2026-10-04T01:43:18.6804296Z ##[group]Run godot --version
Godot gates (analyzer)	Report the engine version	2026-10-04T01:43:18.6804649Z ^[[36;1mgodot --version^[[0m
Godot gates (analyzer)	Report the engine version	2026-10-04T01:43:18.6870749Z shell: /usr/bin/bash -e {0}
Godot gates (analyzer)	Report the engine version	2026-10-04T01:43:18.6871027Z env:
Godot gates (analyzer)	Report the engine version	2026-10-04T01:43:18.6871253Z   GODOT_VERSION: 4.7.2
Godot gates (analyzer)	Report the engine version	2026-10-04T01:43:18.6871687Z ##[endgroup]
Godot gates (analyzer)	Report the engine version	2026-10-04T01:43:18.7459267Z 4.7.2.stable.official.ed1daf0bf
Godot gates (analyzer)	Import the project	﻿2026-10-04T01:43:18.7531988Z ##[group]Run godot --headless --path godot --editor --quit
Godot gates (analyzer)	Import the project	2026-10-04T01:43:18.7532474Z ^[[36;1mgodot --headless --path godot --editor --quit^[[0m
Godot gates (analyzer)	Import the project	2026-10-04T01:43:18.7600967Z shell: /usr/bin/bash -e {0}
Godot gates (analyzer)	Import the project	2026-10-04T01:43:18.7601231Z env:
Godot gates (analyzer)	Import the project	2026-10-04T01:43:18.7601448Z   GODOT_VERSION: 4.7.2
Godot gates (analyzer)	Import the project	2026-10-04T01:43:18.7601684Z ##[endgroup]
Godot gates (analyzer)	Import the project	2026-10-04T01:43:18.7927867Z Godot Engine v4.7.2.stable.official.ed1daf0bf - https://godotengine.org
Godot gates (analyzer)	Import the project	2026-10-04T01:43:18.8391667Z 
Godot gates (analyzer)	Import the project	2026-10-04T01:43:24.1381806Z [   0% ] ^[[90m^[[1mfirst_scan_filesystem^[[22m | Started Project initialization (5 steps)^[[39m^[[0m
Godot gates (analyzer)	Import the project	2026-10-04T01:43:24.1382589Z [   0% ] ^[[90m^[[1mfirst_scan_filesystem^[[22m | Scanning file structure...^[[39m^[[0m
Godot gates (analyzer)	Import the project	2026-10-04T01:43:24.1613911Z [  16% ] ^[[90m^[[1mfirst_scan_filesystem^[[22m | Loading global class names...^[[39m^[[0m
Godot gates (analyzer)	Import the project	2026-10-04T01:43:24.4946907Z [  33% ] ^[[90m^[[1mfirst_scan_filesystem^[[22m | Verifying GDExtensions...^[[39m^[[0m
Godot gates (analyzer)	Import the project	2026-10-04T01:43:24.4948119Z [  50% ] ^[[90m^[[1mfirst_scan_filesystem^[[22m | Creating autoload scripts...^[[39m^[[0m
Godot gates (analyzer)	Import the project	2026-10-04T01:43:26.9936763Z [  66% ] ^[[90m^[[1mfirst_scan_filesystem^[[22m | Initializing plugins...^[[39m^[[0m
Godot gates (analyzer)	Import the project	2026-10-04T01:43:26.9950170Z [  83% ] ^[[90m^[[1mfirst_scan_filesystem^[[22m | Starting file scan...^[[39m^[[0m
Godot gates (analyzer)	Import the project	2026-10-04T01:43:26.9951090Z ^[[92m[ DONE ]^[[39m ^[[1mfirst_scan_filesystem^[[22m
Godot gates (analyzer)	Import the project	2026-10-04T01:43:26.9951830Z ^[[0m
Godot gates (analyzer)	Import the project	2026-10-04T01:43:31.2254543Z [   0% ] ^[[90m^[[1mupdate_scripts_classes^[[22m | Started Registering global classes... (1174 steps)^[[39m^[[0m
Godot gates (analyzer)	Import the project	2026-10-04T01:43:31.2255252Z [   0% ] ^[[90m^[[1mupdate_scripts_classes^[[22m | ^[[39m^[[0m
Godot gates (analyzer)	Import the project	2026-10-04T01:43:31.2255662Z [   0% ] ^[[90m^[[1mupdate_scripts_classes^[[22m | ^[[39m^[[0m
Godot gates (analyzer)	Import the project	2026-10-04T01:43:31.2256040Z [   0% ] ^[[90m^[[1mupdate_scripts_classes^[[22m | ^[[39m^[[0m
Godot gates (analyzer)	Import the project	2026-10-04T01:43:31.2267885Z [   0% ] ^[[90m^[[1mupdate_scripts_classes^[[22m | ^[[39m^[[0m
Godot gates (analyzer)	Import the project	2026-10-04T01:43:31.2268433Z [   0% ] ^[[90m^[[1mupdate_scripts_classes^[[22m | ^[[39m^[[0m
Godot gates (analyzer)	Import the project	2026-10-04T01:43:31.2269027Z [   0% ] ^[[90m^[[1mupdate_scripts_classes^[[22m | ^[[39m^[[0m
Godot gates (analyzer)	Import the project	2026-10-04T01:43:31.2269604Z [   0% ] ^[[90m^[[1mupdate_scripts_classes^[[22m | ^[[39m^[[0m
Godot gates (analyzer)	Import the project	2026-10-04T01:43:31.2270144Z [   0% ] ^[[90m^[[1mupdate_scripts_classes^[[22m | ^[[39m^[[0m
Godot gates (analyzer)	Import the project	2026-10-04T01:43:31.2270705Z [   0% ] ^[[90m^[[1mupdate_scripts_classes^[[22m | ^[[39m^[[0m
Godot gates (analyzer)	Import the project	2026-10-04T01:43:31.2271259Z [   0% ] ^[[90m^[[1mupdate_scripts_classes^[[22m | ^[[39m^[[0m
Godot gates (analyzer)	Import the project	2026-10-04T01:43:31.2271827Z [   0% ] ^[[90m^[[1mupdate_scripts_classes^[[22m | ^[[39m^[[0m
Godot gates (analyzer)	Import the project	2026-10-04T01:43:31.2272378Z [   0% ] ^[[90m^[[1mupdate_scripts_classes^[[22m | ^[[39m^[[0m
Godot gates (analyzer)	Import the project	2026-10-04T01:43:31.2272929Z [   1% ] ^[[90m^[[1mupdate_scripts_classes^[[22m | ^[[39m^[[0m
Godot gates (analyzer)	Import the project	2026-10-04T01:43:31.2273482Z [   1% ] ^[[90m^[[1mupdate_scripts_classes^[[22m | ^[[39m^[[0m
Godot gates (analyzer)	Import the project	2026-10-04T01:43:31.2274048Z [   1% ] ^[[90m^[[1mupdate_scripts_classes^[[22m | ^[[39m^[[0m
Godot gates (analyzer)	Import the project	2026-10-04T01:43:31.2274600Z [   1% ] ^[[90m^[[1mupdate_scripts_classes^[[22m | ^[[39m^[[0m
Godot gates (analyzer)	Import the project	2026-10-04T01:43:31.2275165Z [   1% ] ^[[90m^[[1mupdate_scripts_classes^[[22m | ^[[39m^[[0m
Godot gates (analyzer)	Import the project	2026-10-04T01:43:31.2275729Z [   1% ] ^[[90m^[[1mupdate_scripts_classes^[[22m | ^[[39m^[[0m
Godot gates (analyzer)	Import the project	2026-10-04T01:43:31.2276306Z [   1% ] ^[[90m^[[1mupdate_scripts_classes^[[22m | ^[[39m^[[0m
Godot gates (analyzer)	Import the project	2026-10-04T01:43:31.2276875Z [   1% ] ^[[90m^[[1mupdate_scripts_classes^[[22m | ^[[39m^[[0m
Godot gates (analyzer)	Import the project	2026-10-04T01:43:31.2277604Z [   1% ] ^[[90m^[[1mupdate_scripts_classes^[[22m | ^[[39m^[[0m
Godot gates (analyzer)	Import the project	2026-10-04T01:43:31.2278173Z [   1% ] ^[[90m^[[1mupdate_scripts_classes^[[22m | ^[[39m^[[0m
Godot gates (analyzer)	Import the project	2026-10-04T01:43:31.2278777Z [   1% ] ^[[90m^[[1mupdate_scripts_classes^[[22m | ^[[39m^[[0m
Godot gates (analyzer)	Import the project	2026-10-04T01:43:31.2279376Z [   1% ] ^[[90m^[[1mupdate_scripts_classes^[[22m | ^[[39m^[[0m
Godot gates (analyzer)	Import the project	2026-10-04T01:43:31.2279945Z [   2% ] ^[[90m^[[1mupdate_scripts_classes^[[22m | ^[[39m^[[0m
Godot gates (analyzer)	Import the project	2026-10-04T01:43:31.2280501Z [   2% ] ^[[90m^[[1mupdate_scripts_classes^[[22m | ^[[39m^[[0m
Godot gates (analyzer)	Import the project	2026-10-04T01:43:31.2281058Z [   2% ] ^[[90m^[[1mupdate_scripts_classes^[[22m | ^[[39m^[[0m
Godot gates (analyzer)	Import the project	2026-10-04T01:43:31.2281616Z [   2% ] ^[[90m^[[1mupdate_scripts_classes^[[22m | ^[[39m^[[0m
Godot gates (analyzer)	Import the project	2026-10-04T01:43:31.2282655Z [   2% ] ^[[90m^[[1mupdate_scripts_classes^[[22m | ^[[39m^[[0m
Godot gates (analyzer)	Import the project	2026-10-04T01:43:31.2283095Z [   2% ] ^[[90m^[[1mupdate_scripts_classes^[[22m | ^[[39m^[[0m
Godot gates (analyzer)	Import the project	2026-10-04T01:43:31.2283686Z [   2% ] ^[[90m^[[1mupdate_scripts_classes^[[22m | ^[[39m^[[0m
Godot gates (analyzer)	Import the project	2026-10-04T01:43:31.2284051Z [   2% ] ^[[90m^[[1mupdate_scripts_classes^[[22m | ^[[39m^[[0m
Godot gates (analyzer)	Import the project	2026-10-04T01:43:31.2284414Z [   2% ] ^[[90m^[[1mupdate_scripts_classes^[[22m | ^[[39m^[[0m
Godot gates (analyzer)	Import the project	2026-10-04T01:43:31.2284796Z [   2% ] ^[[90m^[[1mupdate_scripts_classes^[[22m | ^[[39m^[[0m
Godot gates (analyzer)	Import the project	2026-10-04T01:43:31.2285161Z [   2% ] ^[[90m^[[1mupdate_scripts_classes^[[22m | ^[[39m^[[0m
Godot gates (analyzer)	Import the project	2026-10-04T01:43:31.2285515Z [   2% ] ^[[90m^[[1mupdate_scripts_classes^[[22m | ^[[39m^[[0m
Godot gates (analyzer)	Import the project	2026-10-04T01:43:31.2285872Z [   3% ] ^[[90m^[[1mupdate_scripts_classes^[[22m | ^[[39m^[[0m
Godot gates (analyzer)	Import the project	2026-10-04T01:43:31.2286231Z [   3% ] ^[[90m^[[1mupdate_scripts_classes^[[22m | ^[[39m^[[0m
Godot gates (analyzer)	Import the project	2026-10-04T01:43:31.2286582Z [   3% ] ^[[90m^[[1mupdate_scripts_classes^[[22m | ^[[39m^[[0m
Godot gates (analyzer)	Import the project	2026-10-04T01:43:31.2287103Z [   3% ] ^[[90m^[[1mupdate_scripts_classes^[[22m | ^[[39m^[[0m
Godot gates (analyzer)	Import the project	2026-10-04T01:43:31.2287587Z [   3% ] ^[[90m^[[1mupdate_scripts_classes^[[22m | ^[[39m^[[0m
Godot gates (analyzer)	Import the project	2026-10-04T01:43:31.2288157Z [   3% ] ^[[90m^[[1mupdate_scripts_classes^[[22m | ^[[39m^[[0m
Godot gates (analyzer)	Import the project	2026-10-04T01:43:31.2288726Z [   3% ] ^[[90m^[[1mupdate_scripts_classes^[[22m | ^[[39m^[[0m
Godot gates (analyzer)	Import the project	2026-10-04T01:43:31.2289280Z [   3% ] ^[[90m^[[1mupdate_scripts_classes^[[22m | ^[[39m^[[0m
Godot gates (analyzer)	Import the project	2026-10-04T01:43:31.2289853Z [   3% ] ^[[90m^[[1mupdate_scripts_classes^[[22m | ^[[39m^[[0m
Godot gates (analyzer)	Import the project	2026-10-04T01:43:31.2290410Z [   3% ] ^[[90m^[[1mupdate_scripts_classes^[[22m | ^[[39m^[[0m
Godot gates (analyzer)	Import the project	2026-10-04T01:43:31.2290967Z [   3% ] ^[[90m^[[1mupdate_scripts_classes^[[22m | ^[[39m^[[0m
Godot gates (analyzer)	Import the project	2026-10-04T01:43:31.2291525Z [   4% ] ^[[90m^[[1mupdate_scripts_classes^[[22m | ^[[39m^[[0m
Godot gates (analyzer)	Import the project	2026-10-04T01:43:31.2292086Z [   4% ] ^[[90m^[[1mupdate_scripts_classes^[[22m | ^[[39m^[[0m
Godot gates (analyzer)	Import the project	2026-10-04T01:43:31.2292643Z [   4% ] ^[[90m^[[1mupdate_scripts_classes^[[22m | ^[[39m^[[0m
Godot gates (analyzer)	Import the project	2026-10-04T01:43:31.2293196Z [   4% ] ^[[90m^[[1mupdate_scripts_classes^[[22m | ^[[39m^[[0m
Godot gates (analyzer)	Import the project	2026-10-04T01:43:31.2293749Z [   4% ] ^[[90m^[[1mupdate_scripts_classes^[[22m | ^[[39m^[[0m
Godot gates (analyzer)	Import the project	2026-10-04T01:43:31.2294323Z [   4% ] ^[[90m^[[1mupdate_scripts_classes^[[22m | ^[[39m^[[0m
Godot gates (analyzer)	Import the project	2026-10-04T01:43:31.2294900Z [   4% ] ^[[90m^[[1mupdate_scripts_classes^[[22m | ^[[39m^[[0m
Godot gates (analyzer)	Import the project	2026-10-04T01:43:31.2295469Z [   4% ] ^[[90m^[[1mupdate_scripts_classes^[[22m | ^[[39m^[[0m
Godot gates (analyzer)	Import the project	2026-10-04T01:43:31.2296035Z [   4% ] ^[[90m^[[1mupdate_scripts_classes^[[22m | ^[[39m^[[0m
Godot gates (analyzer)	Import the project	2026-10-04T01:43:31.2296605Z [   4% ] ^[[90m^[[1mupdate_scripts_classes^[[22m | ^[[39m^[[0m
Godot gates (analyzer)	Import the project	2026-10-04T01:43:31.2297303Z [   4% ] ^[[90m^[[1mupdate_scripts_classes^[[22m | ^[[39m^[[0m
Godot gates (analyzer)	Import the project	2026-10-04T01:43:31.2297858Z [   4% ] ^[[90m^[[1mupdate_scripts_classes^[[22m | ^[[39m^[[0m
Godot gates (analyzer)	Import the project	2026-10-04T01:43:31.2298410Z [   5% ] ^[[90m^[[1mupdate_scripts_classes^[[22m | ^[[39m^[[0m
Godot gates (analyzer)	Import the project	2026-10-04T01:43:31.2298971Z [   5% ] ^[[90m^[[1mupdate_scripts_classes^[[22m | ^[[39m^[[0m
Godot gates (analyzer)	Import the project	2026-10-04T01:43:31.2299531Z [   5% ] ^[[90m^[[1mupdate_scripts_classes^[[22m | ^[[39m^[[0m
Godot gates (analyzer)	Import the project	2026-10-04T01:43:31.2300085Z [   5% ] ^[[90m^[[1mupdate_scripts_classes^[[22m | ^[[39m^[[0m
Godot gates (analyzer)	Import the project	2026-10-04T01:43:31.2300647Z [   5% ] ^[[90m^[[1mupdate_scripts_classes^[[22m | ^[[39m^[[0m
Godot gates (analyzer)	Import the project	2026-10-04T01:43:31.2301226Z [   5% ] ^[[90m^[[1mupdate_scripts_classes^[[22m | ^[[39m^[[0m
Godot gates (analyzer)	Import the project	2026-10-04T01:43:31.2301795Z [   5% ] ^[[90m^[[1mupdate_scripts_classes^[[22m | ^[[39m^[[0m
Godot gates (analyzer)	Import the project	2026-10-04T01:43:31.2302349Z [   5% ] ^[[90m^[[1mupdate_scripts_classes^[[22m | ^[[39m^[[0m
Godot gates (analyzer)	Import the project	2026-10-04T01:43:31.2302912Z [   5% ] ^[[90m^[[1mupdate_scripts_classes^[[22m | ^[[39m^[[0m
Godot gates (analyzer)	Import the project	2026-10-04T01:43:31.2303466Z [   5% ] ^[[90m^[[1mupdate_scripts_classes^[[22m | ^[[39m^[[0m
Godot gates (analyzer)	Import the project	2026-10-04T01:43:31.2304017Z [   5% ] ^[[90m^[[1mupdate_scripts_classes^[[22m | ^[[39m^[[0m
Godot gates (analyzer)	Import the project	2026-10-04T01:43:31.2304621Z [   5% ] ^[[90m^[[1mupdate_scripts_classes^[[22m | ^[[39m^[[0m
Godot gates (analyzer)	Import the project	2026-10-04T01:43:31.2305181Z [   6% ] ^[[90m^[[1mupdate_scripts_classes^[[22m | ^[[39m^[[0m
Godot gates (analyzer)	Import the project	2026-10-04T01:43:31.2305739Z [   6% ] ^[[90m^[[1mupdate_scripts_classes^[[22m | ^[[39m^[[0m
Godot gates (analyzer)	Import the project	2026-10-04T01:43:31.2306299Z [   6% ] ^[[90m^[[1mupdate_scripts_classes^[[22m | ^[[39m^[[0m
Godot gates (analyzer)	Import the project	2026-10-04T01:43:31.2306862Z [   6% ] ^[[90m^[[1mupdate_scripts_classes^[[22m | ^[[39m^[[0m
Godot gates (analyzer)	Import the project	2026-10-04T01:43:31.2307828Z [   6% ] ^[[90m^[[1mupdate_scripts_classes^[[22m | ^[[39m^[[0m
Godot gates (analyzer)	Import the project	2026-10-04T01:43:31.2308387Z [   6% ] ^[[90m^[[1mupdate_scripts_classes^[[22m | ^[[39m^[[0m
Godot gates (analyzer)	Import the project	2026-10-04T01:43:31.2309121Z [   6% ] ^[[90m^[[1mupdate_scripts_classes^[[22m | ^[[39m^[[0m
Godot gates (analyzer)	Import the project	2026-10-04T01:43:31.2309777Z [   6% ] ^[[90m^[[1mupdate_scripts_classes^[[22m | ^[[39m^[[0m
Godot gates (analyzer)	Import the project	2026-10-04T01:43:31.2310344Z [   6% ] ^[[90m^[[1mupdate_scripts_classes^[[22m | ^[[39m^[[0m
Godot gates (analyzer)	Import the project	2026-10-04T01:43:31.2310901Z [   6% ] ^[[90m^[[1mupdate_scripts_classes^[[22m | ^[[39m^[[0m
Godot gates (analyzer)	Import the project	2026-10-04T01:43:31.2311457Z [   6% ] ^[[90m^[[1mupdate_scripts_classes^[[22m | ^[[39m^[[0m
Godot gates (analyzer)	Import the project	2026-10-04T01:43:31.2312014Z [   6% ] ^[[90m^[[1mupdate_scripts_classes^[[22m | ^[[39m^[[0m
Godot gates (analyzer)	Import the project	2026-10-04T01:43:31.2312579Z [   7% ] ^[[90m^[[1mupdate_scripts_classes^[[22m | ^[[39m^[[0m
Godot gates (analyzer)	Import the project	2026-10-04T01:43:31.2313141Z [   7% ] ^[[90m^[[1mupdate_scripts_classes^[[22m | ^[[39m^[[0m
Godot gates (analyzer)	Import the project	2026-10-04T01:43:31.2313698Z [   7% ] ^[[90m^[[1mupdate_scripts_classes^[[22m | ^[[39m^[[0m
Godot gates (analyzer)	Import the project	2026-10-04T01:43:31.2314257Z [   7% ] ^[[90m^[[1mupdate_scripts_classes^[[22m | ^[[39m^[[0m
Godot gates (analyzer)	Import the project	2026-10-04T01:43:31.2314830Z [   7% ] ^[[90m^[[1mupdate_scripts_classes^[[22m | ^[[39m^[[0m
Godot gates (analyzer)	Import the project	2026-10-04T01:43:31.2315382Z [   7% ] ^[[90m^[[1mupdate_scripts_classes^[[22m | ^[[39m^[[0m
Godot gates (analyzer)	Import the project	2026-10-04T01:43:31.2315948Z [   7% ] ^[[90m^[[1mupdate_scripts_classes^[[22m | ^[[39m^[[0m
Godot gates (analyzer)	Import the project	2026-10-04T01:43:31.2316503Z [   7% ] ^[[90m^[[1mupdate_scripts_classes^[[22m | ^[[39m^[[0m
Godot gates (analyzer)	Import the project	2026-10-04T01:43:31.2317208Z [   7% ] ^[[90m^[[1mupdate_scripts_classes^[[22m | ^[[39m^[[0m
Godot gates (analyzer)	Import the project	2026-10-04T01:43:31.2317768Z [   7% ] ^[[90m^[[1mupdate_scripts_classes^[[22m | ^[[39m^[[0m
Godot gates (analyzer)	Import the project	2026-10-04T01:43:31.2318322Z [   7% ] ^[[90m^[[1mupdate_scripts_classes^[[22m | ^[[39m^[[0m
Godot gates (analyzer)	Import the project	2026-10-04T01:43:31.2318881Z [   8% ] ^[[90m^[[1mupdate_scripts_classes^[[22m | ^[[39m^[[0m
Godot gates (analyzer)	Import the project	2026-10-04T01:43:31.2319450Z [   8% ] ^[[90m^[[1mupdate_scripts_classes^[[22m | ^[[39m^[[0m
Godot gates (analyzer)	Import the project	2026-10-04T01:43:31.2320006Z [   8% ] ^[[90m^[[1mupdate_scripts_classes^[[22m | ^[[39m^[[0m
Godot gates (analyzer)	Import the project	2026-10-04T01:43:31.2320557Z [   8% ] ^[[90m^[[1mupdate_scripts_classes^[[22m | ^[[39m^[[0m
Godot gates (analyzer)	Import the project	2026-10-04T01:43:31.2321105Z [   8% ] ^[[90m^[[1mupdate_scripts_classes^[[22m | ^[[39m^[[0m
Godot gates (analyzer)	Import the project	2026-10-04T01:43:31.2321677Z [   8% ] ^[[90m^[[1mupdate_scripts_classes^[[22m | ^[[39m^[[0m
Godot gates (analyzer)	Import the project	2026-10-04T01:43:31.2322235Z [   8% ] ^[[90m^[[1mupdate_scripts_classes^[[22m | ^[[39m^[[0m
Godot gates (analyzer)	Import the project	2026-10-04T01:43:31.2322794Z [   8% ] ^[[90m^[[1mupdate_scripts_classes^[[22m | ^[[39m^[[0m
Godot gates (analyzer)	Import the project	2026-10-04T01:43:31.2323349Z [   8% ] ^[[90m^[[1mupdate_scripts_classes^[[22m | ^[[39m^[[0m
Godot gates (analyzer)	Import the project	2026-10-04T01:43:31.2323924Z [   8% ] ^[[90m^[[1mupdate_scripts_classes^[[22m | ^[[39m^[[0m
Godot gates (analyzer)	Import the project	2026-10-04T01:43:31.2324484Z [   8% ] ^[[90m^[[1mupdate_scripts_classes^[[22m | ^[[39m^[[0m
Godot gates (analyzer)	Import the project	2026-10-04T01:43:31.2325034Z [   8% ] ^[[90m^[[1mupdate_scripts_classes^[[22m | ^[[39m^[[0m
Godot gates (analyzer)	Import the project	2026-10-04T01:43:31.2325585Z [   9% ] ^[[90m^[[1mupdate_scripts_classes^[[22m | ^[[39m^[[0m
Godot gates (analyzer)	Import the project	2026-10-04T01:43:31.2326146Z [   9% ] ^[[90m^[[1mupdate_scripts_classes^[[22m | ^[[39m^[[0m
Godot gates (analyzer)	Import the project	2026-10-04T01:43:31.2326701Z [   9% ] ^[[90m^[[1mupdate_scripts_classes^[[22m | ^[[39m^[[0m
Godot gates (analyzer)	Import the project	2026-10-04T01:43:31.2327378Z [   9% ] ^[[90m^[[1mupdate_scripts_classes^[[22m | ^[[39m^[[0m
Godot gates (analyzer)	Import the project	2026-10-04T01:43:31.2327944Z [   9% ] ^[[90m^[[1mupdate_scripts_classes^[[22m | ^[[39m^[[0m
Godot gates (analyzer)	Import the project	2026-10-04T01:43:31.2328515Z [   9% ] ^[[90m^[[1mupdate_scripts_classes^[[22m | ^[[39m^[[0m
Godot gates (analyzer)	Import the project	2026-10-04T01:43:31.2329081Z [   9% ] ^[[90m^[[1mupdate_scripts_classes^[[22m | ^[[39m^[[0m
Godot gates (analyzer)	Import the project	2026-10-04T01:43:31.2329642Z [   9% ] ^[[90m^[[1mupdate_scripts_classes^[[22m | ^[[39m^[[0m
Godot gates (analyzer)	Import the project	2026-10-04T01:43:31.2330204Z [   9% ] ^[[90m^[[1mupdate_scripts_classes^[[22m | ^[[39m^[[0m
Godot gates (analyzer)	Import the project	2026-10-04T01:43:31.2330772Z [   9% ] ^[[90m^[[1mupdate_scripts_classes^[[22m | ^[[39m^[[0m
Godot gates (analyzer)	Import the project	2026-10-04T01:43:31.2331327Z [   9% ] ^[[90m^[[1mupdate_scripts_classes^[[22m | ^[[39m^[[0m
Godot gates (analyzer)	Import the project	2026-10-04T01:43:31.2331877Z [   9% ] ^[[90m^[[1mupdate_scripts_classes^[[22m | ^[[39m^[[0m
Godot gates (analyzer)	Import the project	2026-10-04T01:43:31.2332444Z [  10% ] ^[[90m^[[1mupdate_scripts_classes^[[22m | ^[[39m^[[0m
Godot gates (analyzer)	Import the project	2026-10-04T01:43:31.2333002Z [  10% ] ^[[90m^[[1mupdate_scripts_classes^[[22m | ^[[39m^[[0m
Godot gates (analyzer)	Import the project	2026-10-04T01:43:31.2333561Z [  10% ] ^[[90m^[[1mupdate_scripts_classes^[[22m | ^[[39m^[[0m
Godot gates (analyzer)	Import the project	2026-10-04T01:43:31.2334121Z [  10% ] ^[[90m^[[1mupdate_scripts_classes^[[22m | ^[[39m^[[0m
Godot gates (analyzer)	Import the project	2026-10-04T01:43:31.2334921Z [  10% ] ^[[90m^[[1mupdate_scripts_classes^[[22m | ^[[39m^[[0m
Godot gates (analyzer)	Import the project	2026-10-04T01:43:31.2335477Z [  10% ] ^[[90m^[[1mupdate_scripts_classes^[[22m | ^[[39m^[[0m
Godot gates (analyzer)	Import the project	2026-10-04T01:43:31.2336282Z [  10% ] ^[[90m^[[1mupdate_scripts_classes^[[22m | ^[[39m^[[0m
Godot gates (analyzer)	Import the project	2026-10-04T01:43:31.2336850Z [  10% ] ^[[90m^[[1mupdate_scripts_classes^[[22m | ^[[39m^[[0m
Godot gates (analyzer)	Import the project	2026-10-04T01:43:31.2337546Z [  10% ] ^[[90m^[[1mupdate_scripts_classes^[[22m | ^[[39m^[[0m
Godot gates (analyzer)	Import the project	2026-10-04T01:43:31.2338108Z [  10% ] ^[[90m^[[1mupdate_scripts_classes^[[22m | ^[[39m^[[0m
Godot gates (analyzer)	Import the project	2026-10-04T01:43:31.2338733Z [  10% ] ^[[90m^[[1mupdate_scripts_classes^[[22m | ^[[39m^[[0m
Godot gates (analyzer)	Import the project	2026-10-04T01:43:31.2339292Z [  10% ] ^[[90m^[[1mupdate_scripts_classes^[[22m | ^[[39m^[[0m
Godot gates (analyzer)	Import the project	2026-10-04T01:43:31.2339857Z [  11% ] ^[[90m^[[1mupdate_scripts_classes^[[22m | ^[[39m^[[0m
Godot gates (analyzer)	Import the project	2026-10-04T01:43:31.2340422Z [  11% ] ^[[90m^[[1mupdate_scripts_classes^[[22m | ^[[39m^[[0m
Godot gates (analyzer)	Import the project	2026-10-04T01:43:31.2340982Z [  11% ] ^[[90m^[[1mupdate_scripts_classes^[[22m | ^[[39m^[[0m
Godot gates (analyzer)	Import the project	2026-10-04T01:43:31.2341541Z [  11% ] ^[[90m^[[1mupdate_scripts_classes^[[22m | ^[[39m^[[0m
Godot gates (analyzer)	Import the project	2026-10-04T01:43:31.2342114Z [  11% ] ^[[90m^[[1mupdate_scripts_classes^[[22m | ^[[39m^[[0m
Godot gates (analyzer)	Import the project	2026-10-04T01:43:31.2342671Z [  11% ] ^[[90m^[[1mupdate_scripts_classes^[[22m | ^[[39m^[[0m
Godot gates (analyzer)	Import the project	2026-10-04T01:43:31.2343236Z [  11% ] ^[[90m^[[1mupdate_scripts_classes^[[22m | ^[[39m^[[0m
Godot gates (analyzer)	Import the project	2026-10-04T01:43:31.2343799Z [  11% ] ^[[90m^[[1mupdate_scripts_classes^[[22m | ^[[39m^[[0m
Godot gates (analyzer)	Import the project	2026-10-04T01:43:31.2344362Z [  11% ] ^[[90m^[[1mupdate_scripts_classes^[[22m | ^[[39m^[[0m
Godot gates (analyzer)	Import the project	2026-10-04T01:43:31.2344922Z [  11% ] ^[[90m^[[1mupdate_scripts_classes^[[22m | ^[[39m^[[0m
Godot gates (analyzer)	Import the project	2026-10-04T01:43:31.2345484Z [  11% ] ^[[90m^[[1mupdate_scripts_classes^[[22m | ^[[39m^[[0m
Godot gates (analyzer)	Import the project	2026-10-04T01:43:31.2346055Z [  12% ] ^[[90m^[[1mupdate_scripts_classes^[[22m | ^[[39m^[[0m
Godot gates (analyzer)	Import the project	2026-10-04T01:43:31.2346618Z [  12% ] ^[[90m^[[1mupdate_scripts_classes^[[22m | ^[[39m^[[0m
Godot gates (analyzer)	Import the project	2026-10-04T01:43:31.2347294Z [  12% ] ^[[90m^[[1mupdate_scripts_classes^[[22m | ^[[39m^[[0m
Godot gates (analyzer)	Import the project	2026-10-04T01:43:31.2347826Z [  12% ] ^[[90m^[[1mupdate_scripts_classes^[[22m | ^[[39m^[[0m
Godot gates (analyzer)	Import the project	2026-10-04T01:43:31.2348384Z [  12% ] ^[[90m^[[1mupdate_scripts_classes^[[22m | ^[[39m^[[0m
Godot gates (analyzer)	Import the project	2026-10-04T01:43:31.2348959Z [  12% ] ^[[90m^[[1mupdate_scripts_classes^[[22m | ^[[39m^[[0m
Godot gates (analyzer)	Import the project	2026-10-04T01:43:31.2349515Z [  12% ] ^[[90m^[[1mupdate_scripts_classes^[[22m | ^[[39m^[[0m
Godot gates (analyzer)	Import the project	2026-10-04T01:43:31.2350080Z [  12% ] ^[[90m^[[1mupdate_scripts_classes^[[22m | ^[[39m^[[0m
Godot gates (analyzer)	Import the project	2026-10-04T01:43:31.2350642Z [  12% ] ^[[90m^[[1mupdate_scripts_classes^[[22m | ^[[39m^[[0m
Godot gates (analyzer)	Import the project	2026-10-04T01:43:31.2351212Z [  12% ] ^[[90m^[[1mupdate_scripts_classes^[[22m | ^[[39m^[[0m
Godot gates (analyzer)	Import the project	2026-10-04T01:43:31.2351766Z [  12% ] ^[[90m^[[1mupdate_scripts_classes^[[22m | ^[[39m^[[0m
Godot gates (analyzer)	Import the project	2026-10-04T01:43:31.2352325Z [  12% ] ^[[90m^[[1mupdate_scripts_classes^[[22m | ^[[39m^[[0m
Godot gates (analyzer)	Import the project	2026-10-04T01:43:31.2352884Z [  13% ] ^[[90m^[[1mupdate_scripts_classes^[[22m | ^[[39m^[[0m
Godot gates (analyzer)	Import the project	2026-10-04T01:43:31.2353452Z [  13% ] ^[[90m^[[1mupdate_scripts_classes^[[22m | ^[[39m^[[0m
Godot gates (analyzer)	Import the project	2026-10-04T01:43:31.2354015Z [  13% ] ^[[90m^[[1mupdate_scripts_classes^[[22m | ^[[39m^[[0m
Godot gates (analyzer)	Import the project	2026-10-04T01:43:31.2354576Z [  13% ] ^[[90m^[[1mupdate_scripts_classes^[[22m | ^[[39m^[[0m
Godot gates (analyzer)	Import the project	2026-10-04T01:43:31.2355134Z [  13% ] ^[[90m^[[1mupdate_scripts_classes^[[22m | ^[[39m^[[0m
Godot gates (analyzer)	Import the project	2026-10-04T01:43:31.2355707Z [  13% ] ^[[90m^[[1mupdate_scripts_classes^[[22m | ^[[39m^[[0m
Godot gates (analyzer)	Import the project	2026-10-04T01:43:31.2356268Z [  13% ] ^[[90m^[[1mupdate_scripts_classes^[[22m | ^[[39m^[[0m
Godot gates (analyzer)	Import the project	2026-10-04T01:43:31.2356824Z [  13% ] ^[[90m^[[1mupdate_scripts_classes^[[22m | ^[[39m^[[0m
Godot gates (analyzer)	Import the project	2026-10-04T01:43:31.2357512Z [  13% ] ^[[90m^[[1mupdate_scripts_classes^[[22m | ^[[39m^[[0m
Godot gates (analyzer)	Import the project	2026-10-04T01:43:31.2358083Z [  13% ] ^[[90m^[[1mupdate_scripts_classes^[[22m | ^[[39m^[[0m
Godot gates (analyzer)	Import the project	2026-10-04T01:43:31.2358644Z [  13% ] ^[[90m^[[1mupdate_scripts_classes^[[22m | ^[[39m^[[0m
Godot gates (analyzer)	Import the project	2026-10-04T01:43:31.2359202Z [  13% ] ^[[90m^[[1mupdate_scripts_classes^[[22m | ^[[39m^[[0m
Godot gates (analyzer)	Import the project	2026-10-04T01:43:31.2359758Z [  14% ] ^[[90m^[[1mupdate_scripts_classes^[[22m | ^[[39m^[[0m
Godot gates (analyzer)	Import the project	2026-10-04T01:43:31.2360334Z [  14% ] ^[[90m^[[1mupdate_scripts_classes^[[22m | ^[[39m^[[0m
Godot gates (analyzer)	Import the project	2026-10-04T01:43:31.2360896Z [  14% ] ^[[90m^[[1mupdate_scripts_classes^[[22m | ^[[39m^[[0m
Godot gates (analyzer)	Import the project	2026-10-04T01:43:31.2361452Z [  14% ] ^[[90m^[[1mupdate_scripts_classes^[[22m | ^[[39m^[[0m
Godot gates (analyzer)	Import the project	2026-10-04T01:43:31.2362200Z [  14% ] ^[[90m^[[1mupdate_scripts_classes^[[22m | ^[[39m^[[0m
Godot gates (analyzer)	Import the project	2026-10-04T01:43:31.2362776Z [  14% ] ^[[90m^[[1mupdate_scripts_classes^[[22m | ^[[39m^[[0m
Godot gates (analyzer)	Import the project	2026-10-04T01:43:31.2363581Z [  14% ] ^[[90m^[[1mupdate_scripts_classes^[[22m | ^[[39m^[[0m
Godot gates (analyzer)	Import the project	2026-10-04T01:43:31.2364137Z [  14% ] ^[[90m^[[1mupdate_scripts_classes^[[22m | ^[[39m^[[0m
Godot gates (analyzer)	Import the project	2026-10-04T01:43:31.2364696Z [  14% ] ^[[90m^[[1mupdate_scripts_classes^[[22m | ^[[39m^[[0m
Godot gates (analyzer)	Import the project	2026-10-04T01:43:31.2365264Z [  14% ] ^[[90m^[[1mupdate_scripts_classes^[[22m | ^[[39m^[[0m
Godot gates (analyzer)	Import the project	2026-10-04T01:43:31.2365826Z [  14% ] ^[[90m^[[1mupdate_scripts_classes^[[22m | ^[[39m^[[0m
Godot gates (analyzer)	Import the project	2026-10-04T01:43:31.2366384Z [  14% ] ^[[90m^[[1mupdate_scripts_classes^[[22m | ^[[39m^[[0m
Godot gates (analyzer)	Import the project	2026-10-04T01:43:31.2367090Z [  15% ] ^[[90m^[[1mupdate_scripts_classes^[[22m | ^[[39m^[[0m
Godot gates (analyzer)	Import the project	2026-10-04T01:43:31.2367669Z [  15% ] ^[[90m^[[1mupdate_scripts_classes^[[22m | ^[[39m^[[0m
Godot gates (analyzer)	Import the project	2026-10-04T01:43:31.2368228Z [  15% ] ^[[90m^[[1mupdate_scripts_classes^[[22m | ^[[39m^[[0m
Godot gates (analyzer)	Import the project	2026-10-04T01:43:31.2368793Z [  15% ] ^[[90m^[[1mupdate_scripts_classes^[[22m | ^[[39m^[[0m
Godot gates (analyzer)	Import the project	2026-10-04T01:43:31.2369357Z [  15% ] ^[[90m^[[1mupdate_scripts_classes^[[22m | ^[[39m^[[0m
Godot gates (analyzer)	Import the project	2026-10-04T01:43:31.2369925Z [  15% ] ^[[90m^[[1mupdate_scripts_classes^[[22m | ^[[39m^[[0m
Godot gates (analyzer)	Import the project	2026-10-04T01:43:31.2370490Z [  15% ] ^[[90m^[[1mupdate_scripts_classes^[[22m | ^[[39m^[[0m
Godot gates (analyzer)	Import the project	2026-10-04T01:43:31.2371041Z [  15% ] ^[[90m^[[1mupdate_scripts_classes^[[22m | ^[[39m^[[0m
Godot gates (analyzer)	Import the project	2026-10-04T01:43:31.2371596Z [  15% ] ^[[90m^[[1mupdate_scripts_classes^[[22m | ^[[39m^[[0m
Godot gates (analyzer)	Import the project	2026-10-04T01:43:31.2372163Z [  15% ] ^[[90m^[[1mupdate_scripts_classes^[[22m | ^[[39m^[[0m
Godot gates (analyzer)	Import the project	2026-10-04T01:43:31.2372722Z [  15% ] ^[[90m^[[1mupdate_scripts_classes^[[22m | ^[[39m^[[0m
Godot gates (analyzer)	Import the project	2026-10-04T01:43:31.2373282Z [  16% ] ^[[90m^[[1mupdate_scripts_classes^[[22m | ^[[39m^[[0m
Godot gates (analyzer)	Import the project	2026-10-04T01:43:31.2373835Z [  16% ] ^[[90m^[[1mupdate_scripts_classes^[[22m | ^[[39m^[[0m
Godot gates (analyzer)	Import the project	2026-10-04T01:43:31.2374407Z [  16% ] ^[[90m^[[1mupdate_scripts_classes^[[22m | ^[[39m^[[0m
Godot gates (analyzer)	Import the project	2026-10-04T01:43:31.2374962Z [  16% ] ^[[90m^[[1mupdate_scripts_classes^[[22m | ^[[39m^[[0m
Godot gates (analyzer)	Import the project	2026-10-04T01:43:31.2375540Z [  16% ] ^[[90m^[[1mupdate_scripts_classes^[[22m | ^[[39m^[[0m
Godot gates (analyzer)	Import the project	2026-10-04T01:43:31.2376107Z [  16% ] ^[[90m^[[1mupdate_scripts_classes^[[22m | ^[[39m^[[0m
Godot gates (analyzer)	Import the project	2026-10-04T01:43:31.2376670Z [  16% ] ^[[90m^[[1mupdate_scripts_classes^[[22m | ^[[39m^[[0m
Godot gates (analyzer)	Import the project	2026-10-04T01:43:31.2377357Z [  16% ] ^[[90m^[[1mupdate_scripts_classes^[[22m | ^[[39m^[[0m
Godot gates (analyzer)	Import the project	2026-10-04T01:43:31.2377931Z [  16% ] ^[[90m^[[1mupdate_scripts_classes^[[22m | ^[[39m^[[0m
Godot gates (analyzer)	Import the project	2026-10-04T01:43:31.2378492Z [  16% ] ^[[90m^[[1mupdate_scripts_classes^[[22m | ^[[39m^[[0m
Godot gates (analyzer)	Import the project	2026-10-04T01:43:31.2379048Z [  16% ] ^[[90m^[[1mupdate_scripts_classes^[[22m | ^[[39m^[[0m
Godot gates (analyzer)	Import the project	2026-10-04T01:43:31.2379606Z [  16% ] ^[[90m^[[1mupdate_scripts_classes^[[22m | ^[[39m^[[0m
Godot gates (analyzer)	Import the project	2026-10-04T01:43:31.2380178Z [  17% ] ^[[90m^[[1mupdate_scripts_classes^[[22m | ^[[39m^[[0m
Godot gates (analyzer)	Import the project	2026-10-04T01:43:31.2380740Z [  17% ] ^[[90m^[[1mupdate_scripts_classes^[[22m | ^[[39m^[[0m
Godot gates (analyzer)	Import the project	2026-10-04T01:43:31.2381300Z [  17% ] ^[[90m^[[1mupdate_scripts_classes^[[22m | ^[[39m^[[0m
Godot gates (analyzer)	Import the project	2026-10-04T01:43:31.2381862Z [  17% ] ^[[90m^[[1mupdate_scripts_classes^[[22m | ^[[39m^[[0m
Godot gates (analyzer)	Import the project	2026-10-04T01:43:31.2382430Z [  17% ] ^[[90m^[[1mupdate_scripts_classes^[[22m | ^[[39m^[[0m
Godot gates (analyzer)	Import the project	2026-10-04T01:43:31.2382994Z [  17% ] ^[[90m^[[1mupdate_scripts_classes^[[22m | ^[[39m^[[0m
Godot gates (analyzer)	Import the project	2026-10-04T01:43:31.2383554Z [  17% ] ^[[90m^[[1mupdate_scripts_classes^[[22m | ^[[39m^[[0m
Godot gates (analyzer)	Import the project	2026-10-04T01:43:31.2384119Z [  17% ] ^[[90m^[[1mupdate_scripts_classes^[[22m | ^[[39m^[[0m
Godot gates (analyzer)	Import the project	2026-10-04T01:43:31.2384685Z [  17% ] ^[[90m^[[1mupdate_scripts_classes^[[22m | ^[[39m^[[0m
Godot gates (analyzer)	Import the project	2026-10-04T01:43:31.2385242Z [  17% ] ^[[90m^[[1mupdate_scripts_classes^[[22m | ^[[39m^[[0m
Godot gates (analyzer)	Import the project	2026-10-04T01:43:31.2385793Z [  17% ] ^[[90m^[[1mupdate_scripts_classes^[[22m | ^[[39m^[[0m
Godot gates (analyzer)	Import the project	2026-10-04T01:43:31.2386360Z [  17% ] ^[[90m^[[1mupdate_scripts_classes^[[22m | ^[[39m^[[0m
Godot gates (analyzer)	Import the project	2026-10-04T01:43:31.2386913Z [  18% ] ^[[90m^[[1mupdate_scripts_classes^[[22m | ^[[39m^[[0m
Godot gates (analyzer)	Import the project	2026-10-04T01:43:31.2387595Z [  18% ] ^[[90m^[[1mupdate_scripts_classes^[[22m | ^[[39m^[[0m
Godot gates (analyzer)	Import the project	2026-10-04T01:43:31.2388154Z [  18% ] ^[[90m^[[1mupdate_scripts_classes^[[22m | ^[[39m^[[0m
Godot gates (analyzer)	Import the project	2026-10-04T01:43:31.2388725Z [  18% ] ^[[90m^[[1mupdate_scripts_classes^[[22m | ^[[39m^[[0m
Godot gates (analyzer)	Import the project	2026-10-04T01:43:31.2389470Z [  18% ] ^[[90m^[[1mupdate_scripts_classes^[[22m | ^[[39m^[[0m
Godot gates (analyzer)	Import the project	2026-10-04T01:43:31.2390029Z [  18% ] ^[[90m^[[1mupdate_scripts_classes^[[22m | ^[[39m^[[0m
Godot gates (analyzer)	Import the project	2026-10-04T01:43:31.2390740Z [  18% ] ^[[90m^[[1mupdate_scripts_classes^[[22m | ^[[39m^[[0m
Godot gates (analyzer)	Import the project	2026-10-04T01:43:31.2391315Z [  18% ] ^[[90m^[[1mupdate_scripts_classes^[[22m | ^[[39m^[[0m
Godot gates (analyzer)	Import the project	2026-10-04T01:43:31.2391872Z [  18% ] ^[[90m^[[1mupdate_scripts_classes^[[22m | ^[[39m^[[0m
Godot gates (analyzer)	Import the project	2026-10-04T01:43:31.2392429Z [  18% ] ^[[90m^[[1mupdate_scripts_classes^[[22m | ^[[39m^[[0m
Godot gates (analyzer)	Import the project	2026-10-04T01:43:31.2392983Z [  18% ] ^[[90m^[[1mupdate_scripts_classes^[[22m | ^[[39m^[[0m
Godot gates (analyzer)	Import the project	2026-10-04T01:43:31.2393560Z [  18% ] ^[[90m^[[1mupdate_scripts_classes^[[22m | ^[[39m^[[0m
Godot gates (analyzer)	Import the project	2026-10-04T01:43:31.2394119Z [  19% ] ^[[90m^[[1mupdate_scripts_classes^[[22m | ^[[39m^[[0m
Godot gates (analyzer)	Import the project	2026-10-04T01:43:31.2394680Z [  19% ] ^[[90m^[[1mupdate_scripts_classes^[[22m | ^[[39m^[[0m
Godot gates (analyzer)	Import the project	2026-10-04T01:43:31.2395238Z [  19% ] ^[[90m^[[1mupdate_scripts_classes^[[22m | ^[[39m^[[0m
Godot gates (analyzer)	Import the project	2026-10-04T01:43:31.2395831Z [  19% ] ^[[90m^[[1mupdate_scripts_classes^[[22m | ^[[39m^[[0m
Godot gates (analyzer)	Import the project	2026-10-04T01:43:31.2396404Z [  19% ] ^[[90m^[[1mupdate_scripts_classes^[[22m | ^[[39m^[[0m
Godot gates (analyzer)	Import the project	2026-10-04T01:43:31.2397086Z [  19% ] ^[[90m^[[1mupdate_scripts_classes^[[22m | ^[[39m^[[0m
Godot gates (analyzer)	Import the project	2026-10-04T01:43:31.2397658Z [  19% ] ^[[90m^[[1mupdate_scripts_classes^[[22m | ^[[39m^[[0m
Godot gates (analyzer)	Import the project	2026-10-04T01:43:31.2398223Z [  19% ] ^[[90m^[[1mupdate_scripts_classes^[[22m | ^[[39m^[[0m
Godot gates (analyzer)	Import the project	2026-10-04T01:43:31.2398775Z [  19% ] ^[[90m^[[1mupdate_scripts_classes^[[22m | ^[[39m^[[0m
Godot gates (analyzer)	Import the project	2026-10-04T01:43:31.2399335Z [  19% ] ^[[90m^[[1mupdate_scripts_classes^[[22m | ^[[39m^[[0m
Godot gates (analyzer)	Import the project	2026-10-04T01:43:31.2399891Z [  19% ] ^[[90m^[[1mupdate_scripts_classes^[[22m | ^[[39m^[[0m
Godot gates (analyzer)	Import the project	2026-10-04T01:43:31.2400460Z [  20% ] ^[[90m^[[1mupdate_scripts_classes^[[22m | ^[[39m^[[0m
Godot gates (analyzer)	Import the project	2026-10-04T01:43:31.2401019Z [  20% ] ^[[90m^[[1mupdate_scripts_classes^[[22m | ^[[39m^[[0m
Godot gates (analyzer)	Import the project	2026-10-04T01:43:31.2401579Z [  20% ] ^[[90m^[[1mupdate_scripts_classes^[[22m | ^[[39m^[[0m
Godot gates (analyzer)	Import the project	2026-10-04T01:43:31.2402138Z [  20% ] ^[[90m^[[1mupdate_scripts_classes^[[22m | ^[[39m^[[0m
Godot gates (analyzer)	Import the project	2026-10-04T01:43:31.2402701Z [  20% ] ^[[90m^[[1mupdate_scripts_classes^[[22m | ^[[39m^[[0m
Godot gates (analyzer)	Import the project	2026-10-04T01:43:31.2403272Z [  20% ] ^[[90m^[[1mupdate_scripts_classes^[[22m | ^[[39m^[[0m
Godot gates (analyzer)	Import the project	2026-10-04T01:43:31.2403826Z [  20% ] ^[[90m^[[1mupdate_scripts_classes^[[22m | ^[[39m^[[0m
Godot gates (analyzer)	Import the project	2026-10-04T01:43:31.2404394Z [  20% ] ^[[90m^[[1mupdate_scripts_classes^[[22m | ^[[39m^[[0m
Godot gates (analyzer)	Import the project	2026-10-04T01:43:31.2404957Z [  20% ] ^[[90m^[[1mupdate_scripts_classes^[[22m | ^[[39m^[[0m
Godot gates (analyzer)	Import the project	2026-10-04T01:43:31.2405510Z [  20% ] ^[[90m^[[1mupdate_scripts_classes^[[22m | ^[[39m^[[0m
Godot gates (analyzer)	Import the project	2026-10-04T01:43:31.2406064Z [  20% ] ^[[90m^[[1mupdate_scripts_classes^[[22m | ^[[39m^[[0m
Godot gates (analyzer)	Import the project	2026-10-04T01:43:31.2406620Z [  20% ] ^[[90m^[[1mupdate_scripts_classes^[[22m | ^[[39m^[[0m
Godot gates (analyzer)	Import the project	2026-10-04T01:43:31.2407307Z [  21% ] ^[[90m^[[1mupdate_scripts_classes^[[22m | ^[[39m^[[0m
Godot gates (analyzer)	Import the project	2026-10-04T01:43:31.2407868Z [  21% ] ^[[90m^[[1mupdate_scripts_classes^[[22m | ^[[39m^[[0m
Godot gates (analyzer)	Import the project	2026-10-04T01:43:31.2408425Z [  21% ] ^[[90m^[[1mupdate_scripts_classes^[[22m | ^[[39m^[[0m
Godot gates (analyzer)	Import the project	2026-10-04T01:43:31.2408978Z [  21% ] ^[[90m^[[1mupdate_scripts_classes^[[22m | ^[[39m^[[0m
Godot gates (analyzer)	Import the project	2026-10-04T01:43:31.2409545Z [  21% ] ^[[90m^[[1mupdate_scripts_classes^[[22m | ^[[39m^[[0m
Godot gates (analyzer)	Import the project	2026-10-04T01:43:31.2410114Z [  21% ] ^[[90m^[[1mupdate_scripts_classes^[[22m | ^[[39m^[[0m
Godot gates (analyzer)	Import the project	2026-10-04T01:43:31.2410677Z [  21% ] ^[[90m^[[1mupdate_scripts_classes^[[22m | ^[[39m^[[0m
Godot gates (analyzer)	Import the project	2026-10-04T01:43:31.2411242Z [  21% ] ^[[90m^[[1mupdate_scripts_classes^[[22m | ^[[39m^[[0m
Godot gates (analyzer)	Import the project	2026-10-04T01:43:31.2411815Z [  21% ] ^[[90m^[[1mupdate_scripts_classes^[[22m | ^[[39m^[[0m
Godot gates (analyzer)	Import the project	2026-10-04T01:43:31.2412382Z [  21% ] ^[[90m^[[1mupdate_scripts_classes^[[22m | ^[[39m^[[0m
Godot gates (analyzer)	Import the project	2026-10-04T01:43:31.2412940Z [  21% ] ^[[90m^[[1mupdate_scripts_classes^[[22m | ^[[39m^[[0m
Godot gates (analyzer)	Import the project	2026-10-04T01:43:31.2413498Z [  21% ] ^[[90m^[[1mupdate_scripts_classes^[[22m | ^[[39m^[[0m
Godot gates (analyzer)	Import the project	2026-10-04T01:43:31.2414068Z [  22% ] ^[[90m^[[1mupdate_scripts_classes^[[22m | ^[[39m^[[0m
Godot gates (analyzer)	Import the project	2026-10-04T01:43:31.2414626Z [  22% ] ^[[90m^[[1mupdate_scripts_classes^[[22m | ^[[39m^[[0m
Godot gates (analyzer)	Import the project	2026-10-04T01:43:31.2415182Z [  22% ] ^[[90m^[[1mupdate_scripts_classes^[[22m | ^[[39m^[[0m
Godot gates (analyzer)	Import the project	2026-10-04T01:43:31.2415740Z [  22% ] ^[[90m^[[1mupdate_scripts_classes^[[22m | ^[[39m^[[0m
Godot gates (analyzer)	Import the project	2026-10-04T01:43:31.2416314Z [  22% ] ^[[90m^[[1mupdate_scripts_classes^[[22m | ^[[39m^[[0m
Godot gates (analyzer)	Import the project	2026-10-04T01:43:31.2417262Z [  22% ] ^[[90m^[[1mupdate_scripts_classes^[[22m | ^[[39m^[[0m
Godot gates (analyzer)	Import the project	2026-10-04T01:43:31.2417975Z [  22% ] ^[[90m^[[1mupdate_scripts_classes^[[22m | ^[[39m^[[0m
Godot gates (analyzer)	Import the project	2026-10-04T01:43:31.2418537Z [  22% ] ^[[90m^[[1mupdate_scripts_classes^[[22m | ^[[39m^[[0m
Godot gates (analyzer)	Import the project	2026-10-04T01:43:31.2419113Z [  22% ] ^[[90m^[[1mupdate_scripts_classes^[[22m | ^[[39m^[[0m
Godot gates (analyzer)	Import the project	2026-10-04T01:43:31.2419669Z [  22% ] ^[[90m^[[1mupdate_scripts_classes^[[22m | ^[[39m^[[0m
Godot gates (analyzer)	Import the project	2026-10-04T01:43:31.2420223Z [  22% ] ^[[90m^[[1mupdate_scripts_classes^[[22m | ^[[39m^[[0m
Godot gates (analyzer)	Import the project	2026-10-04T01:43:31.2420785Z [  22% ] ^[[90m^[[1mupdate_scripts_classes^[[22m | ^[[39m^[[0m
Godot gates (analyzer)	Import the project	2026-10-04T01:43:31.2421347Z [  23% ] ^[[90m^[[1mupdate_scripts_classes^[[22m | ^[[39m^[[0m
Godot gates (analyzer)	Import the project	2026-10-04T01:43:31.2421905Z [  23% ] ^[[90m^[[1mupdate_scripts_classes^[[22m | ^[[39m^[[0m
Godot gates (analyzer)	Import the project	2026-10-04T01:43:31.2422470Z [  23% ] ^[[90m^[[1mupdate_scripts_classes^[[22m | ^[[39m^[[0m
Godot gates (analyzer)	Import the project	2026-10-04T01:43:31.2423038Z [  23% ] ^[[90m^[[1mupdate_scripts_classes^[[22m | ^[[39m^[[0m
Godot gates (analyzer)	Import the project	2026-10-04T01:43:31.2423608Z [  23% ] ^[[90m^[[1mupdate_scripts_classes^[[22m | ^[[39m^[[0m
Godot gates (analyzer)	Import the project	2026-10-04T01:43:31.2424169Z [  23% ] ^[[90m^[[1mupdate_scripts_classes^[[22m | ^[[39m^[[0m
Godot gates (analyzer)	Import the project	2026-10-04T01:43:31.2424733Z [  23% ] ^[[90m^[[1mupdate_scripts_classes^[[22m | ^[[39m^[[0m
Godot gates (analyzer)	Import the project	2026-10-04T01:43:31.2425295Z [  23% ] ^[[90m^[[1mupdate_scripts_classes^[[22m | ^[[39m^[[0m
Godot gates (analyzer)	Import the project	2026-10-04T01:43:31.2425861Z [  23% ] ^[[90m^[[1mupdate_scripts_classes^[[22m | ^[[39m^[[0m
Godot gates (analyzer)	Import the project	2026-10-04T01:43:31.2426415Z [  23% ] ^[[90m^[[1mupdate_scripts_classes^[[22m | ^[[39m^[[0m
Godot gates (analyzer)	Import the project	2026-10-04T01:43:31.2427107Z [  23% ] ^[[90m^[[1mupdate_scripts_classes^[[22m | ^[[39m^[[0m
Godot gates (analyzer)	Import the project	2026-10-04T01:43:31.2427664Z [  24% ] ^[[90m^[[1mupdate_scripts_classes^[[22m | ^[[39m^[[0m
Godot gates (analyzer)	Import the project	2026-10-04T01:43:31.2428227Z [  24% ] ^[[90m^[[1mupdate_scripts_classes^[[22m | ^[[39m^[[0m
Godot gates (analyzer)	Import the project	2026-10-04T01:43:31.2428787Z [  24% ] ^[[90m^[[1mupdate_scripts_classes^[[22m | ^[[39m^[[0m
Godot gates (analyzer)	Import the project	2026-10-04T01:43:31.2429342Z [  24% ] ^[[90m^[[1mupdate_scripts_classes^[[22m | ^[[39m^[[0m
Godot gates (analyzer)	Import the project	2026-10-04T01:43:31.2429898Z [  24% ] ^[[90m^[[1mupdate_scripts_classes^[[22m | ^[[39m^[[0m
Godot gates (analyzer)	Import the project	2026-10-04T01:43:31.2430487Z [  24% ] ^[[90m^[[1mupdate_scripts_classes^[[22m | ^[[39m^[[0m
Godot gates (analyzer)	Import the project	2026-10-04T01:43:31.2431040Z [  24% ] ^[[90m^[[1mupdate_scripts_classes^[[22m | ^[[39m^[[0m
Godot gates (analyzer)	Import the project	2026-10-04T01:43:31.2431609Z [  24% ] ^[[90m^[[1mupdate_scripts_classes^[[22m | ^[[39m^[[0m
Godot gates (analyzer)	Import the project	2026-10-04T01:43:31.2432171Z [  24% ] ^[[90m^[[1mupdate_scripts_classes^[[22m | ^[[39m^[[0m
Godot gates (analyzer)	Import the project	2026-10-04T01:43:31.2432742Z [  24% ] ^[[90m^[[1mupdate_scripts_classes^[[22m | ^[[39m^[[0m
Godot gates (analyzer)	Import the project	2026-10-04T01:43:31.2433300Z [  24% ] ^[[90m^[[1mupdate_scripts_classes^[[22m | ^[[39m^[[0m
Godot gates (analyzer)	Import the project	2026-10-04T01:43:31.2433867Z [  24% ] ^[[90m^[[1mupdate_scripts_classes^[[22m | ^[[39m^[[0m
Godot gates (analyzer)	Import the project	2026-10-04T01:43:31.2434427Z [  25% ] ^[[90m^[[1mupdate_scripts_classes^[[22m | ^[[39m^[[0m
Godot gates (analyzer)	Import the project	2026-10-04T01:43:31.2434993Z [  25% ] ^[[90m^[[1mupdate_scripts_classes^[[22m | ^[[39m^[[0m
Godot gates (analyzer)	Import the project	2026-10-04T01:43:31.2435547Z [  25% ] ^[[90m^[[1mupdate_scripts_classes^[[22m | ^[[39m^[[0m
Godot gates (analyzer)	Import the project	2026-10-04T01:43:31.2436106Z [  25% ] ^[[90m^[[1mupdate_scripts_classes^[[22m | ^[[39m^[[0m
Godot gates (analyzer)	Import the project	2026-10-04T01:43:31.2436664Z [  25% ] ^[[90m^[[1mupdate_scripts_classes^[[22m | ^[[39m^[[0m
Godot gates (analyzer)	Import the project	2026-10-04T01:43:31.2437354Z [  25% ] ^[[90m^[[1mupdate_scripts_classes^[[22m | ^[[39m^[[0m
Godot gates (analyzer)	Import the project	2026-10-04T01:43:31.2437914Z [  25% ] ^[[90m^[[1mupdate_scripts_classes^[[22m | ^[[39m^[[0m
Godot gates (analyzer)	Import the project	2026-10-04T01:43:31.2438538Z [  25% ] ^[[90m^[[1mupdate_scripts_classes^[[22m | ^[[39m^[[0m
Godot gates (analyzer)	Import the project	2026-10-04T01:43:31.2439100Z [  25% ] ^[[90m^[[1mupdate_scripts_classes^[[22m | ^[[39m^[[0m
Godot gates (analyzer)	Import the project	2026-10-04T01:43:31.2439722Z [  25% ] ^[[90m^[[1mupdate_scripts_classes^[[22m | ^[[39m^[[0m
Godot gates (analyzer)	Import the project	2026-10-04T01:43:31.2440293Z [  25% ] ^[[90m^[[1mupdate_scripts_classes^[[22m | ^[[39m^[[0m
Godot gates (analyzer)	Import the project	2026-10-04T01:43:31.2440854Z [  25% ] ^[[90m^[[1mupdate_scripts_classes^[[22m | ^[[39m^[[0m
Godot gates (analyzer)	Import the project	2026-10-04T01:43:31.2441415Z [  26% ] ^[[90m^[[1mupdate_scripts_classes^[[22m | ^[[39m^[[0m
Godot gates (analyzer)	Import the project	2026-10-04T01:43:31.2442011Z [  26% ] ^[[90m^[[1mupdate_scripts_classes^[[22m | ^[[39m^[[0m
Godot gates (analyzer)	Import the project	2026-10-04T01:43:31.2442571Z [  26% ] ^[[90m^[[1mupdate_scripts_classes^[[22m | ^[[39m^[[0m
Godot gates (analyzer)	Import the project	2026-10-04T01:43:31.2443129Z [  26% ] ^[[90m^[[1mupdate_scripts_classes^[[22m | ^[[39m^[[0m
Godot gates (analyzer)	Import the project	2026-10-04T01:43:31.2443692Z [  26% ] ^[[90m^[[1mupdate_scripts_classes^[[22m | ^[[39m^[[0m
Godot gates (analyzer)	Import the project	2026-10-04T01:43:31.2444479Z [  26% ] ^[[90m^[[1mupdate_scripts_classes^[[22m | ^[[39m^[[0m
Godot gates (analyzer)	Import the project	2026-10-04T01:43:31.2445192Z [  26% ] ^[[90m^[[1mupdate_scripts_classes^[[22m | ^[[39m^[[0m
Godot gates (analyzer)	Import the project	2026-10-04T01:43:31.2445754Z [  26% ] ^[[90m^[[1mupdate_scripts_classes^[[22m | ^[[39m^[[0m
Godot gates (analyzer)	Import the project	2026-10-04T01:43:31.2446313Z [  26% ] ^[[90m^[[1mupdate_scripts_classes^[[22m | ^[[39m^[[0m
Godot gates (analyzer)	Import the project	2026-10-04T01:43:31.2446882Z [  26% ] ^[[90m^[[1mupdate_scripts_classes^[[22m | ^[[39m^[[0m
Godot gates (analyzer)	Import the project	2026-10-04T01:43:31.2447583Z [  26% ] ^[[90m^[[1mupdate_scripts_classes^[[22m | ^[[39m^[[0m
Godot gates (analyzer)	Import the project	2026-10-04T01:43:31.2448162Z [  26% ] ^[[90m^[[1mupdate_scripts_classes^[[22m | ^[[39m^[[0m
Godot gates (analyzer)	Import the project	2026-10-04T01:43:31.2448719Z [  27% ] ^[[90m^[[1mupdate_scripts_classes^[[22m | ^[[39m^[[0m
Godot gates (analyzer)	Import the project	2026-10-04T01:43:31.2449294Z [  27% ] ^[[90m^[[1mupdate_scripts_classes^[[22m | ^[[39m^[[0m
Godot gates (analyzer)	Import the project	2026-10-04T01:43:31.2449878Z [  27% ] ^[[90m^[[1mupdate_scripts_classes^[[22m | ^[[39m^[[0m
Godot gates (analyzer)	Import the project	2026-10-04T01:43:31.2450437Z [  27% ] ^[[90m^[[1mupdate_scripts_classes^[[22m | ^[[39m^[[0m
Godot gates (analyzer)	Import the project	2026-10-04T01:43:31.2451004Z [  27% ] ^[[90m^[[1mupdate_scripts_classes^[[22m | ^[[39m^[[0m
Godot gates (analyzer)	Import the project	2026-10-04T01:43:31.2451571Z [  27% ] ^[[90m^[[1mupdate_scripts_classes^[[22m | ^[[39m^[[0m
Godot gates (analyzer)	Import the project	2026-10-04T01:43:31.2452151Z [  27% ] ^[[90m^[[1mupdate_scripts_classes^[[22m | ^[[39m^[[0m
Godot gates (analyzer)	Import the project	2026-10-04T01:43:31.2452704Z [  27% ] ^[[90m^[[1mupdate_scripts_classes^[[22m | ^[[39m^[[0m
Godot gates (analyzer)	Import the project	2026-10-04T01:43:31.2453261Z [  27% ] ^[[90m^[[1mupdate_scripts_classes^[[22m | ^[[39m^[[0m
Godot gates (analyzer)	Import the project	2026-10-04T01:43:31.2453829Z [  27% ] ^[[90m^[[1mupdate_scripts_classes^[[22m | ^[[39m^[[0m
Godot gates (analyzer)	Import the project	2026-10-04T01:43:31.2454390Z [  27% ] ^[[90m^[[1mupdate_scripts_classes^[[22m | ^[[39m^[[0m
Godot gates (analyzer)	Import the project	2026-10-04T01:43:31.2454947Z [  28% ] ^[[90m^[[1mupdate_scripts_classes^[[22m | ^[[39m^[[0m
Godot gates (analyzer)	Import the project	2026-10-04T01:43:31.2455497Z [  28% ] ^[[90m^[[1mupdate_scripts_classes^[[22m | ^[[39m^[[0m
Godot gates (analyzer)	Import the project	2026-10-04T01:43:31.2456062Z [  28% ] ^[[90m^[[1mupdate_scripts_classes^[[22m | ^[[39m^[[0m
Godot gates (analyzer)	Import the project	2026-10-04T01:43:31.2456624Z [  28% ] ^[[90m^[[1mupdate_scripts_classes^[[22m | ^[[39m^[[0m
Godot gates (analyzer)	Import the project	2026-10-04T01:43:31.2457319Z [  28% ] ^[[90m^[[1mupdate_scripts_classes^[[22m | ^[[39m^[[0m
Godot gates (analyzer)	Import the project	2026-10-04T01:43:31.2457888Z [  28% ] ^[[90m^[[1mupdate_scripts_classes^[[22m | ^[[39m^[[0m
Godot gates (analyzer)	Import the project	2026-10-04T01:43:31.2458472Z [  28% ] ^[[90m^[[1mupdate_scripts_classes^[[22m | ^[[39m^[[0m
Godot gates (analyzer)	Import the project	2026-10-04T01:43:31.2459039Z [  28% ] ^[[90m^[[1mupdate_scripts_classes^[[22m | ^[[39m^[[0m
Godot gates (analyzer)	Import the project	2026-10-04T01:43:31.2459595Z [  28% ] ^[[90m^[[1mupdate_scripts_classes^[[22m | ^[[39m^[[0m
Godot gates (analyzer)	Import the project	2026-10-04T01:43:31.2460153Z [  28% ] ^[[90m^[[1mupdate_scripts_classes^[[22m | ^[[39m^[[0m
Godot gates (analyzer)	Import the project	2026-10-04T01:43:31.2460722Z [  28% ] ^[[90m^[[1mupdate_scripts_classes^[[22m | ^[[39m^[[0m
Godot gates (analyzer)	Import the project	2026-10-04T01:43:31.2461287Z [  28% ] ^[[90m^[[1mupdate_scripts_classes^[[22m | ^[[39m^[[0m
Godot gates (analyzer)	Import the project	2026-10-04T01:43:31.2461858Z [  29% ] ^[[90m^[[1mupdate_scripts_classes^[[22m | ^[[39m^[[0m
Godot gates (analyzer)	Import the project	2026-10-04T01:43:31.2462431Z [  29% ] ^[[90m^[[1mupdate_scripts_classes^[[22m | ^[[39m^[[0m
Godot gates (analyzer)	Import the project	2026-10-04T01:43:31.2462988Z [  29% ] ^[[90m^[[1mupdate_scripts_classes^[[22m | ^[[39m^[[0m
Godot gates (analyzer)	Import the project	2026-10-04T01:43:31.2463548Z [  29% ] ^[[90m^[[1mupdate_scripts_classes^[[22m | ^[[39m^[[0m
Godot gates (analyzer)	Import the project	2026-10-04T01:43:31.2464117Z [  29% ] ^[[90m^[[1mupdate_scripts_classes^[[22m | ^[[39m^[[0m
Godot gates (analyzer)	Import the project	2026-10-04T01:43:31.2464694Z [  29% ] ^[[90m^[[1mupdate_scripts_classes^[[22m | ^[[39m^[[0m
Godot gates (analyzer)	Import the project	2026-10-04T01:43:31.2465249Z [  29% ] ^[[90m^[[1mupdate_scripts_classes^[[22m | ^[[39m^[[0m
Godot gates (analyzer)	Import the project	2026-10-04T01:43:31.2465813Z [  29% ] ^[[90m^[[1mupdate_scripts_classes^[[22m | ^[[39m^[[0m
Godot gates (analyzer)	Import the project	2026-10-04T01:43:31.2466371Z [  29% ] ^[[90m^[[1mupdate_scripts_classes^[[22m | ^[[39m^[[0m
Godot gates (analyzer)	Import the project	2026-10-04T01:43:31.2467062Z [  29% ] ^[[90m^[[1mupdate_scripts_classes^[[22m | ^[[39m^[[0m
Godot gates (analyzer)	Import the project	2026-10-04T01:43:31.2467622Z [  29% ] ^[[90m^[[1mupdate_scripts_classes^[[22m | ^[[39m^[[0m
Godot gates (analyzer)	Import the project	2026-10-04T01:43:31.2468182Z [  29% ] ^[[90m^[[1mupdate_scripts_classes^[[22m | ^[[39m^[[0m
Godot gates (analyzer)	Import the project	2026-10-04T01:43:31.2468740Z [  30% ] ^[[90m^[[1mupdate_scripts_classes^[[22m | ^[[39m^[[0m
Godot gates (analyzer)	Import the project	2026-10-04T01:43:31.2469306Z [  30% ] ^[[90m^[[1mupdate_scripts_classes^[[22m | ^[[39m^[[0m
Godot gates (analyzer)	Import the project	2026-10-04T01:43:31.2469861Z [  30% ] ^[[90m^[[1mupdate_scripts_classes^[[22m | ^[[39m^[[0m
Godot gates (analyzer)	Import the project	2026-10-04T01:43:31.2470419Z [  30% ] ^[[90m^[[1mupdate_scripts_classes^[[22m | ^[[39m^[[0m
Godot gates (analyzer)	Import the project	2026-10-04T01:43:31.2470977Z [  30% ] ^[[90m^[[1mupdate_scripts_classes^[[22m | ^[[39m^[[0m
Godot gates (analyzer)	Import the project	2026-10-04T01:43:31.2471724Z [  30% ] ^[[90m^[[1mupdate_scripts_classes^[[22m | ^[[39m^[[0m
Godot gates (analyzer)	Import the project	2026-10-04T01:43:31.2472289Z [  30% ] ^[[90m^[[1mupdate_scripts_classes^[[22m | ^[[39m^[[0m
Godot gates (analyzer)	Import the project	2026-10-04T01:43:31.2473085Z [  30% ] ^[[90m^[[1mupdate_scripts_classes^[[22m | ^[[39m^[[0m
Godot gates (analyzer)	Import the project	2026-10-04T01:43:31.2473652Z [  30% ] ^[[90m^[[1mupdate_scripts_classes^[[22m | ^[[39m^[[0m
Godot gates (analyzer)	Import the project	2026-10-04T01:43:31.2474221Z [  30% ] ^[[90m^[[1mupdate_scripts_classes^[[22m | ^[[39m^[[0m
Godot gates (analyzer)	Import the project	2026-10-04T01:43:31.2474784Z [  30% ] ^[[90m^[[1mupdate_scripts_classes^[[22m | ^[[39m^[[0m
Godot gates (analyzer)	Import the project	2026-10-04T01:43:31.2475343Z [  30% ] ^[[90m^[[1mupdate_scripts_classes^[[22m | ^[[39m^[[0m
Godot gates (analyzer)	Import the project	2026-10-04T01:43:31.2475901Z [  31% ] ^[[90m^[[1mupdate_scripts_classes^[[22m | ^[[39m^[[0m
Godot gates (analyzer)	Import the project	2026-10-04T01:43:31.2476468Z [  31% ] ^[[90m^[[1mupdate_scripts_classes^[[22m | ^[[39m^[[0m
Godot gates (analyzer)	Import the project	2026-10-04T01:43:31.2477154Z [  31% ] ^[[90m^[[1mupdate_scripts_classes^[[22m | ^[[39m^[[0m
Godot gates (analyzer)	Import the project	2026-10-04T01:43:31.2477722Z [  31% ] ^[[90m^[[1mupdate_scripts_classes^[[22m | ^[[39m^[[0m
Godot gates (analyzer)	Import the project	2026-10-04T01:43:31.2478273Z [  31% ] ^[[90m^[[1mupdate_scripts_classes^[[22m | ^[[39m^[[0m
Godot gates (analyzer)	Import the project	2026-10-04T01:43:31.2478840Z [  31% ] ^[[90m^[[1mupdate_scripts_classes^[[22m | ^[[39m^[[0m
Godot gates (analyzer)	Import the project	2026-10-04T01:43:31.2479415Z [  31% ] ^[[90m^[[1mupdate_scripts_classes^[[22m | ^[[39m^[[0m
Godot gates (analyzer)	Import the project	2026-10-04T01:43:31.2479973Z [  31% ] ^[[90m^[[1mupdate_scripts_classes^[[22m | ^[[39m^[[0m
Godot gates (analyzer)	Import the project	2026-10-04T01:43:31.2480525Z [  31% ] ^[[90m^[[1mupdate_scripts_classes^[[22m | ^[[39m^[[0m
Godot gates (analyzer)	Import the project	2026-10-04T01:43:31.2481093Z [  31% ] ^[[90m^[[1mupdate_scripts_classes^[[22m | ^[[39m^[[0m
Godot gates (analyzer)	Import the project	2026-10-04T01:43:31.2481651Z [  31% ] ^[[90m^[[1mupdate_scripts_classes^[[22m | ^[[39m^[[0m
Godot gates (analyzer)	Import the project	2026-10-04T01:43:31.2482208Z [  32% ] ^[[90m^[[1mupdate_scripts_classes^[[22m | ^[[39m^[[0m
Godot gates (analyzer)	Import the project	2026-10-04T01:43:31.2482775Z [  32% ] ^[[90m^[[1mupdate_scripts_classes^[[22m | ^[[39m^[[0m
Godot gates (analyzer)	Import the project	2026-10-04T01:43:31.2483339Z [  32% ] ^[[90m^[[1mupdate_scripts_classes^[[22m | ^[[39m^[[0m
Godot gates (analyzer)	Import the project	2026-10-04T01:43:31.2483899Z [  32% ] ^[[90m^[[1mupdate_scripts_classes^[[22m | ^[[39m^[[0m
Godot gates (analyzer)	Import the project	2026-10-04T01:43:31.2484459Z [  32% ] ^[[90m^[[1mupdate_scripts_classes^[[22m | ^[[39m^[[0m
Godot gates (analyzer)	Import the project	2026-10-04T01:43:31.2485022Z [  32% ] ^[[90m^[[1mupdate_scripts_classes^[[22m | ^[[39m^[[0m
Godot gates (analyzer)	Import the project	2026-10-04T01:43:31.2485589Z [  32% ] ^[[90m^[[1mupdate_scripts_classes^[[22m | ^[[39m^[[0m
Godot gates (analyzer)	Import the project	2026-10-04T01:43:31.2486155Z [  32% ] ^[[90m^[[1mupdate_scripts_classes^[[22m | ^[[39m^[[0m
Godot gates (analyzer)	Import the project	2026-10-04T01:43:31.2486712Z [  32% ] ^[[90m^[[1mupdate_scripts_classes^[[22m | ^[[39m^[[0m
Godot gates (analyzer)	Import the project	2026-10-04T01:43:31.2487433Z [  32% ] ^[[90m^[[1mupdate_scripts_classes^[[22m | ^[[39m^[[0m
Godot gates (analyzer)	Import the project	2026-10-04T01:43:31.2487995Z [  32% ] ^[[90m^[[1mupdate_scripts_classes^[[22m | ^[[39m^[[0m
Godot gates (analyzer)	Import the project	2026-10-04T01:43:31.2488553Z [  32% ] ^[[90m^[[1mupdate_scripts_classes^[[22m | ^[[39m^[[0m
Godot gates (analyzer)	Import the project	2026-10-04T01:43:31.2489257Z [  33% ] ^[[90m^[[1mupdate_scripts_classes^[[22m | ^[[39m^[[0m
Godot gates (analyzer)	Import the project	2026-10-04T01:43:31.2489817Z [  33% ] ^[[90m^[[1mupdate_scripts_classes^[[22m | ^[[39m^[[0m
Godot gates (analyzer)	Import the project	2026-10-04T01:43:31.2490382Z [  33% ] ^[[90m^[[1mupdate_scripts_classes^[[22m | ^[[39m^[[0m
Godot gates (analyzer)	Import the project	2026-10-04T01:43:31.2490938Z [  33% ] ^[[90m^[[1mupdate_scripts_classes^[[22m | ^[[39m^[[0m
Godot gates (analyzer)	Import the project	2026-10-04T01:43:31.2491491Z [  33% ] ^[[90m^[[1mupdate_scripts_classes^[[22m | ^[[39m^[[0m
Godot gates (analyzer)	Import the project	2026-10-04T01:43:31.2492051Z [  33% ] ^[[90m^[[1mupdate_scripts_classes^[[22m | ^[[39m^[[0m
Godot gates (analyzer)	Import the project	2026-10-04T01:43:31.2492618Z [  33% ] ^[[90m^[[1mupdate_scripts_classes^[[22m | ^[[39m^[[0m
Godot gates (analyzer)	Import the project	2026-10-04T01:43:31.2493178Z [  33% ] ^[[90m^[[1mupdate_scripts_classes^[[22m | ^[[39m^[[0m
Godot gates (analyzer)	Import the project	2026-10-04T01:43:31.2493724Z [  33% ] ^[[90m^[[1mupdate_scripts_classes^[[22m | ^[[39m^[[0m
Godot gates (analyzer)	Import the project	2026-10-04T01:43:31.2494276Z [  33% ] ^[[90m^[[1mupdate_scripts_classes^[[22m | ^[[39m^[[0m
Godot gates (analyzer)	Import the project	2026-10-04T01:43:31.2494838Z [  33% ] ^[[90m^[[1mupdate_scripts_classes^[[22m | ^[[39m^[[0m
Godot gates (analyzer)	Import the project	2026-10-04T01:43:31.2495393Z [  33% ] ^[[90m^[[1mupdate_scripts_classes^[[22m | ^[[39m^[[0m
Godot gates (analyzer)	Import the project	2026-10-04T01:43:31.2495943Z [  34% ] ^[[90m^[[1mupdate_scripts_classes^[[22m | ^[[39m^[[0m
Godot gates (analyzer)	Import the project	2026-10-04T01:43:31.2496501Z [  34% ] ^[[90m^[[1mupdate_scripts_classes^[[22m | ^[[39m^[[0m
Godot gates (analyzer)	Import the project	2026-10-04T01:43:31.2497194Z [  34% ] ^[[90m^[[1mupdate_scripts_classes^[[22m | ^[[39m^[[0m
Godot gates (analyzer)	Import the project	2026-10-04T01:43:31.2497760Z [  34% ] ^[[90m^[[1mupdate_scripts_classes^[[22m | ^[[39m^[[0m
Godot gates (analyzer)	Import the project	2026-10-04T01:43:31.2498320Z [  34% ] ^[[90m^[[1mupdate_scripts_classes^[[22m | ^[[39m^[[0m
Godot gates (analyzer)	Import the project	2026-10-04T01:43:31.2499065Z [  34% ] ^[[90m^[[1mupdate_scripts_classes^[[22m | ^[[39m^[[0m
Godot gates (analyzer)	Import the project	2026-10-04T01:43:31.2499632Z [  34% ] ^[[90m^[[1mupdate_scripts_classes^[[22m | ^[[39m^[[0m
Godot gates (analyzer)	Import the project	2026-10-04T01:43:31.2500341Z [  34% ] ^[[90m^[[1mupdate_scripts_classes^[[22m | ^[[39m^[[0m
Godot gates (analyzer)	Import the project	2026-10-04T01:43:31.2500897Z [  34% ] ^[[90m^[[1mupdate_scripts_classes^[[22m | ^[[39m^[[0m
Godot gates (analyzer)	Import the project	2026-10-04T01:43:31.2501461Z [  34% ] ^[[90m^[[1mupdate_scripts_classes^[[22m | ^[[39m^[[0m
Godot gates (analyzer)	Import the project	2026-10-04T01:43:31.2502028Z [  34% ] ^[[90m^[[1mupdate_scripts_classes^[[22m | ^[[39m^[[0m
Godot gates (analyzer)	Import the project	2026-10-04T01:43:31.2502590Z [  34% ] ^[[90m^[[1mupdate_scripts_classes^[[22m | ^[[39m^[[0m
Godot gates (analyzer)	Import the project	2026-10-04T01:43:31.2503150Z [  35% ] ^[[90m^[[1mupdate_scripts_classes^[[22m | ^[[39m^[[0m
Godot gates (analyzer)	Import the project	2026-10-04T01:43:31.2503702Z [  35% ] ^[[90m^[[1mupdate_scripts_classes^[[22m | ^[[39m^[[0m
Godot gates (analyzer)	Import the project	2026-10-04T01:43:31.2504264Z [  35% ] ^[[90m^[[1mupdate_scripts_classes^[[22m | ^[[39m^[[0m
Godot gates (analyzer)	Import the project	2026-10-04T01:43:31.2504856Z [  35% ] ^[[90m^[[1mupdate_scripts_classes^[[22m | ^[[39m^[[0m
Godot gates (analyzer)	Import the project	2026-10-04T01:43:31.2505409Z [  35% ] ^[[90m^[[1mupdate_scripts_classes^[[22m | ^[[39m^[[0m
Godot gates (analyzer)	Import the project	2026-10-04T01:43:31.2505975Z [  35% ] ^[[90m^[[1mupdate_scripts_classes^[[22m | ^[[39m^[[0m
Godot gates (analyzer)	Import the project	2026-10-04T01:43:31.2506549Z [  35% ] ^[[90m^[[1mupdate_scripts_classes^[[22m | ^[[39m^[[0m
Godot gates (analyzer)	Import the project	2026-10-04T01:43:31.2507253Z [  35% ] ^[[90m^[[1mupdate_scripts_classes^[[22m | ^[[39m^[[0m
Godot gates (analyzer)	Import the project	2026-10-04T01:43:31.2507822Z [  35% ] ^[[90m^[[1mupdate_scripts_classes^[[22m | ^[[39m^[[0m
Godot gates (analyzer)	Import the project	2026-10-04T01:43:31.2508386Z [  35% ] ^[[90m^[[1mupdate_scripts_classes^[[22m | ^[[39m^[[0m
Godot gates (analyzer)	Import the project	2026-10-04T01:43:31.2508955Z [  35% ] ^[[90m^[[1mupdate_scripts_classes^[[22m | ^[[39m^[[0m
Godot gates (analyzer)	Import the project	2026-10-04T01:43:31.2509516Z [  36% ] ^[[90m^[[1mupdate_scripts_classes^[[22m | ^[[39m^[[0m
Godot gates (analyzer)	Import the project	2026-10-04T01:43:31.2510077Z [  36% ] ^[[90m^[[1mupdate_scripts_classes^[[22m | ^[[39m^[[0m
Godot gates (analyzer)	Import the project	2026-10-04T01:43:31.2510629Z [  36% ] ^[[90m^[[1mupdate_scripts_classes^[[22m | ^[[39m^[[0m
Godot gates (analyzer)	Import the project	2026-10-04T01:43:31.2511196Z [  36% ] ^[[90m^[[1mupdate_scripts_classes^[[22m | ^[[39m^[[0m
Godot gates (analyzer)	Import the project	2026-10-04T01:43:31.2511748Z [  36% ] ^[[90m^[[1mupdate_scripts_classes^[[22m | ^[[39m^[[0m
Godot gates (analyzer)	Import the project	2026-10-04T01:43:31.2512316Z [  36% ] ^[[90m^[[1mupdate_scripts_classes^[[22m | ^[[39m^[[0m
Godot gates (analyzer)	Import the project	2026-10-04T01:43:31.2512879Z [  36% ] ^[[90m^[[1mupdate_scripts_classes^[[22m | ^[[39m^[[0m
Godot gates (analyzer)	Import the project	2026-10-04T01:43:31.2513462Z [  36% ] ^[[90m^[[1mupdate_scripts_classes^[[22m | ^[[39m^[[0m
Godot gates (analyzer)	Import the project	2026-10-04T01:43:31.2514022Z [  36% ] ^[[90m^[[1mupdate_scripts_classes^[[22m | ^[[39m^[[0m
Godot gates (analyzer)	Import the project	2026-10-04T01:43:31.2514585Z [  36% ] ^[[90m^[[1mupdate_scripts_classes^[[22m | ^[[39m^[[0m
Godot gates (analyzer)	Import the project	2026-10-04T01:43:31.2515144Z [  36% ] ^[[90m^[[1mupdate_scripts_classes^[[22m | ^[[39m^[[0m
Godot gates (analyzer)	Import the project	2026-10-04T01:43:31.2515710Z [  36% ] ^[[90m^[[1mupdate_scripts_classes^[[22m | ^[[39m^[[0m
Godot gates (analyzer)	Import the project	2026-10-04T01:43:31.2516267Z [  37% ] ^[[90m^[[1mupdate_scripts_classes^[[22m | ^[[39m^[[0m
Godot gates (analyzer)	Import the project	2026-10-04T01:43:31.2516821Z [  37% ] ^[[90m^[[1mupdate_scripts_classes^[[22m | ^[[39m^[[0m
Godot gates (analyzer)	Import the project	2026-10-04T01:43:31.2517514Z [  37% ] ^[[90m^[[1mupdate_scripts_classes^[[22m | ^[[39m^[[0m
Godot gates (analyzer)	Import the project	2026-10-04T01:43:31.2518091Z [  37% ] ^[[90m^[[1mupdate_scripts_classes^[[22m | ^[[39m^[[0m
Godot gates (analyzer)	Import the project	2026-10-04T01:43:31.2518648Z [  37% ] ^[[90m^[[1mupdate_scripts_classes^[[22m | ^[[39m^[[0m
Godot gates (analyzer)	Import the project	2026-10-04T01:43:31.2519216Z [  37% ] ^[[90m^[[1mupdate_scripts_classes^[[22m | ^[[39m^[[0m
Godot gates (analyzer)	Import the project	2026-10-04T01:43:31.2519774Z [  37% ] ^[[90m^[[1mupdate_scripts_classes^[[22m | ^[[39m^[[0m
Godot gates (analyzer)	Import the project	2026-10-04T01:43:31.2520344Z [  37% ] ^[[90m^[[1mupdate_scripts_classes^[[22m | ^[[39m^[[0m
Godot gates (analyzer)	Import the project	2026-10-04T01:43:31.2520905Z [  37% ] ^[[90m^[[1mupdate_scripts_classes^[[22m | ^[[39m^[[0m
Godot gates (analyzer)	Import the project	2026-10-04T01:43:31.2521461Z [  37% ] ^[[90m^[[1mupdate_scripts_classes^[[22m | ^[[39m^[[0m
Godot gates (analyzer)	Import the project	2026-10-04T01:43:31.2522027Z [  37% ] ^[[90m^[[1mupdate_scripts_classes^[[22m | ^[[39m^[[0m
Godot gates (analyzer)	Import the project	2026-10-04T01:43:31.2522586Z [  37% ] ^[[90m^[[1mupdate_scripts_classes^[[22m | ^[[39m^[[0m
Godot gates (analyzer)	Import the project	2026-10-04T01:43:31.2523140Z [  38% ] ^[[90m^[[1mupdate_scripts_classes^[[22m | ^[[39m^[[0m
Godot gates (analyzer)	Import the project	2026-10-04T01:43:31.2523777Z [  38% ] ^[[90m^[[1mupdate_scripts_classes^[[22m | ^[[39m^[[0m
Godot gates (analyzer)	Import the project	2026-10-04T01:43:31.2524355Z [  38% ] ^[[90m^[[1mupdate_scripts_classes^[[22m | ^[[39m^[[0m
Godot gates (analyzer)	Import the project	2026-10-04T01:43:31.2524918Z [  38% ] ^[[90m^[[1mupdate_scripts_classes^[[22m | ^[[39m^[[0m
Godot gates (analyzer)	Import the project	2026-10-04T01:43:31.2525477Z [  38% ] ^[[90m^[[1mupdate_scripts_classes^[[22m | ^[[39m^[[0m
Godot gates (analyzer)	Import the project	2026-10-04T01:43:31.2526252Z [  38% ] ^[[90m^[[1mupdate_scripts_classes^[[22m | ^[[39m^[[0m
Godot gates (analyzer)	Import the project	2026-10-04T01:43:31.2526828Z [  38% ] ^[[90m^[[1mupdate_scripts_classes^[[22m | ^[[39m^[[0m
Godot gates (analyzer)	Import the project	2026-10-04T01:43:31.2527672Z [  38% ] ^[[90m^[[1mupdate_scripts_classes^[[22m | ^[[39m^[[0m
Godot gates (analyzer)	Import the project	2026-10-04T01:43:31.2528245Z [  38% ] ^[[90m^[[1mupdate_scripts_classes^[[22m | ^[[39m^[[0m
Godot gates (analyzer)	Import the project	2026-10-04T01:43:31.2528800Z [  38% ] ^[[90m^[[1mupdate_scripts_classes^[[22m | ^[[39m^[[0m
Godot gates (analyzer)	Import the project	2026-10-04T01:43:31.2529373Z [  38% ] ^[[90m^[[1mupdate_scripts_classes^[[22m | ^[[39m^[[0m
Godot gates (analyzer)	Import the project	2026-10-04T01:43:31.2529929Z [  38% ] ^[[90m^[[1mupdate_scripts_classes^[[22m | ^[[39m^[[0m
Godot gates (analyzer)	Import the project	2026-10-04T01:43:31.2530484Z [  39% ] ^[[90m^[[1mupdate_scripts_classes^[[22m | ^[[39m^[[0m
Godot gates (analyzer)	Import the project	2026-10-04T01:43:31.2531035Z [  39% ] ^[[90m^[[1mupdate_scripts_classes^[[22m | ^[[39m^[[0m
Godot gates (analyzer)	Import the project	2026-10-04T01:43:31.2531602Z [  39% ] ^[[90m^[[1mupdate_scripts_classes^[[22m | ^[[39m^[[0m
Godot gates (analyzer)	Import the project	2026-10-04T01:43:31.2532154Z [  39% ] ^[[90m^[[1mupdate_scripts_classes^[[22m | ^[[39m^[[0m
Godot gates (analyzer)	Import the project	2026-10-04T01:43:31.2532706Z [  39% ] ^[[90m^[[1mupdate_scripts_classes^[[22m | ^[[39m^[[0m
Godot gates (analyzer)	Import the project	2026-10-04T01:43:31.2533266Z [  39% ] ^[[90m^[[1mupdate_scripts_classes^[[22m | ^[[39m^[[0m
Godot gates (analyzer)	Import the project	2026-10-04T01:43:31.2533838Z [  39% ] ^[[90m^[[1mupdate_scripts_classes^[[22m | ^[[39m^[[0m
Godot gates (analyzer)	Import the project	2026-10-04T01:43:31.2534403Z [  39% ] ^[[90m^[[1mupdate_scripts_classes^[[22m | ^[[39m^[[0m
Godot gates (analyzer)	Import the project	2026-10-04T01:43:31.2534960Z [  39% ] ^[[90m^[[1mupdate_scripts_classes^[[22m | ^[[39m^[[0m
Godot gates (analyzer)	Import the project	2026-10-04T01:43:31.2535513Z [  39% ] ^[[90m^[[1mupdate_scripts_classes^[[22m | ^[[39m^[[0m
Godot gates (analyzer)	Import the project	2026-10-04T01:43:31.2536074Z [  39% ] ^[[90m^[[1mupdate_scripts_classes^[[22m | ^[[39m^[[0m
Godot gates (analyzer)	Import the project	2026-10-04T01:43:31.2536629Z [  40% ] ^[[90m^[[1mupdate_scripts_classes^[[22m | ^[[39m^[[0m
Godot gates (analyzer)	Import the project	2026-10-04T01:43:31.2537305Z [  40% ] ^[[90m^[[1mupdate_scripts_classes^[[22m | ^[[39m^[[0m
Godot gates (analyzer)	Import the project	2026-10-04T01:43:31.2537866Z [  40% ] ^[[90m^[[1mupdate_scripts_classes^[[22m | ^[[39m^[[0m
Godot gates (analyzer)	Import the project	2026-10-04T01:43:31.2538483Z [  40% ] ^[[90m^[[1mupdate_scripts_classes^[[22m | ^[[39m^[[0m
Godot gates (analyzer)	Import the project	2026-10-04T01:43:31.2539038Z [  40% ] ^[[90m^[[1mupdate_scripts_classes^[[22m | ^[[39m^[[0m
Godot gates (analyzer)	Import the project	2026-10-04T01:43:31.2539600Z [  40% ] ^[[90m^[[1mupdate_scripts_classes^[[22m | ^[[39m^[[0m
Godot gates (analyzer)	Import the project	2026-10-04T01:43:31.2540158Z [  40% ] ^[[90m^[[1mupdate_scripts_classes^[[22m | ^[[39m^[[0m
Godot gates (analyzer)	Import the project	2026-10-04T01:43:31.2540728Z [  40% ] ^[[90m^[[1mupdate_scripts_classes^[[22m | ^[[39m^[[0m
Godot gates (analyzer)	Import the project	2026-10-04T01:43:31.2541160Z [  40% ] ^[[90m^[[1mupdate_scripts_classes^[[22m | ^[[39m^[[0m
Godot gates (analyzer)	Import the project	2026-10-04T01:43:31.2541516Z [  40% ] ^[[90m^[[1mupdate_scripts_classes^[[22m | ^[[39m^[[0m
Godot gates (analyzer)	Import the project	2026-10-04T01:43:31.2541869Z [  40% ] ^[[90m^[[1mupdate_scripts_classes^[[22m | ^[[39m^[[0m
Godot gates (analyzer)	Import the project	2026-10-04T01:43:31.2542225Z [  40% ] ^[[90m^[[1mupdate_scripts_classes^[[22m | ^[[39m^[[0m
Godot gates (analyzer)	Import the project	2026-10-04T01:43:31.2542579Z [  41% ] ^[[90m^[[1mupdate_scripts_classes^[[22m | ^[[39m^[[0m
Godot gates (analyzer)	Import the project	2026-10-04T01:43:31.2542927Z [  41% ] ^[[90m^[[1mupdate_scripts_classes^[[22m | ^[[39m^[[0m
Godot gates (analyzer)	Import the project	2026-10-04T01:43:31.2543278Z [  41% ] ^[[90m^[[1mupdate_scripts_classes^[[22m | ^[[39m^[[0m
Godot gates (analyzer)	Import the project	2026-10-04T01:43:31.2543634Z [  41% ] ^[[90m^[[1mupdate_scripts_classes^[[22m | ^[[39m^[[0m
Godot gates (analyzer)	Import the project	2026-10-04T01:43:31.2543984Z [  41% ] ^[[90m^[[1mupdate_scripts_classes^[[22m | ^[[39m^[[0m
Godot gates (analyzer)	Import the project	2026-10-04T01:43:31.2544340Z [  41% ] ^[[90m^[[1mupdate_scripts_classes^[[22m | ^[[39m^[[0m
Godot gates (analyzer)	Import the project	2026-10-04T01:43:31.2544695Z [  41% ] ^[[90m^[[1mupdate_scripts_classes^[[22m | ^[[39m^[[0m
Godot gates (analyzer)	Import the project	2026-10-04T01:43:31.2545057Z [  41% ] ^[[90m^[[1mupdate_scripts_classes^[[22m | ^[[39m^[[0m
Godot gates (analyzer)	Import the project	2026-10-04T01:43:31.2545405Z [  41% ] ^[[90m^[[1mupdate_scripts_classes^[[22m | ^[[39m^[[0m
Godot gates (analyzer)	Import the project	2026-10-04T01:43:31.2545753Z [  41% ] ^[[90m^[[1mupdate_scripts_classes^[[22m | ^[[39m^[[0m
Godot gates (analyzer)	Import the project	2026-10-04T01:43:31.2546103Z [  41% ] ^[[90m^[[1mupdate_scripts_classes^[[22m | ^[[39m^[[0m
Godot gates (analyzer)	Import the project	2026-10-04T01:43:31.2546456Z [  41% ] ^[[90m^[[1mupdate_scripts_classes^[[22m | ^[[39m^[[0m
Godot gates (analyzer)	Import the project	2026-10-04T01:43:31.2547089Z [  42% ] ^[[90m^[[1mupdate_scripts_classes^[[22m | ^[[39m^[[0m
Godot gates (analyzer)	Import the project	2026-10-04T01:43:31.2547661Z [  42% ] ^[[90m^[[1mupdate_scripts_classes^[[22m | ^[[39m^[[0m
Godot gates (analyzer)	Import the project	2026-10-04T01:43:31.2548233Z [  42% ] ^[[90m^[[1mupdate_scripts_classes^[[22m | ^[[39m^[[0m
Godot gates (analyzer)	Import the project	2026-10-04T01:43:31.2548816Z [  42% ] ^[[90m^[[1mupdate_scripts_classes^[[22m | ^[[39m^[[0m
Godot gates (analyzer)	Import the project	2026-10-04T01:43:31.2549382Z [  42% ] ^[[90m^[[1mupdate_scripts_classes^[[22m | ^[[39m^[[0m
Godot gates (analyzer)	Import the project	2026-10-04T01:43:31.2550131Z [  42% ] ^[[90m^[[1mupdate_scripts_classes^[[22m | ^[[39m^[[0m
Godot gates (analyzer)	Import the project	2026-10-04T01:43:31.2550695Z [  42% ] ^[[90m^[[1mupdate_scripts_classes^[[22m | ^[[39m^[[0m
Godot gates (analyzer)	Import the project	2026-10-04T01:43:31.2551412Z [  42% ] ^[[90m^[[1mupdate_scripts_classes^[[22m | ^[[39m^[[0m
Godot gates (analyzer)	Import the project	2026-10-04T01:43:31.2551972Z [  42% ] ^[[90m^[[1mupdate_scripts_classes^[[22m | ^[[39m^[[0m
Godot gates (analyzer)	Import the project	2026-10-04T01:43:31.2552533Z [  42% ] ^[[90m^[[1mupdate_scripts_classes^[[22m | ^[[39m^[[0m
Godot gates (analyzer)	Import the project	2026-10-04T01:43:31.2553094Z [  42% ] ^[[90m^[[1mupdate_scripts_classes^[[22m | ^[[39m^[[0m
Godot gates (analyzer)	Import the project	2026-10-04T01:43:31.2553663Z [  42% ] ^[[90m^[[1mupdate_scripts_classes^[[22m | ^[[39m^[[0m
Godot gates (analyzer)	Import the project	2026-10-04T01:43:31.2554226Z [  43% ] ^[[90m^[[1mupdate_scripts_classes^[[22m | ^[[39m^[[0m
Godot gates (analyzer)	Import the project	2026-10-04T01:43:31.2554783Z [  43% ] ^[[90m^[[1mupdate_scripts_classes^[[22m | ^[[39m^[[0m
Godot gates (analyzer)	Import the project	2026-10-04T01:43:31.2555343Z [  43% ] ^[[90m^[[1mupdate_scripts_classes^[[22m | ^[[39m^[[0m
Godot gates (analyzer)	Import the project	2026-10-04T01:43:31.2555905Z [  43% ] ^[[90m^[[1mupdate_scripts_classes^[[22m | ^[[39m^[[0m
Godot gates (analyzer)	Import the project	2026-10-04T01:43:31.2556463Z [  43% ] ^[[90m^[[1mupdate_scripts_classes^[[22m | ^[[39m^[[0m
Godot gates (analyzer)	Import the project	2026-10-04T01:43:31.2557175Z [  43% ] ^[[90m^[[1mupdate_scripts_classes^[[22m | ^[[39m^[[0m
Godot gates (analyzer)	Import the project	2026-10-04T01:43:31.2557741Z [  43% ] ^[[90m^[[1mupdate_scripts_classes^[[22m | ^[[39m^[[0m
Godot gates (analyzer)	Import the project	2026-10-04T01:43:31.2558317Z [  43% ] ^[[90m^[[1mupdate_scripts_classes^[[22m | ^[[39m^[[0m
Godot gates (analyzer)	Import the project	2026-10-04T01:43:31.2558883Z [  43% ] ^[[90m^[[1mupdate_scripts_classes^[[22m | ^[[39m^[[0m
Godot gates (analyzer)	Import the project	2026-10-04T01:43:31.2559438Z [  43% ] ^[[90m^[[1mupdate_scripts_classes^[[22m | ^[[39m^[[0m
Godot gates (analyzer)	Import the project	2026-10-04T01:43:31.2559996Z [  43% ] ^[[90m^[[1mupdate_scripts_classes^[[22m | ^[[39m^[[0m
Godot gates (analyzer)	Import the project	2026-10-04T01:43:31.2560569Z [  44% ] ^[[90m^[[1mupdate_scripts_classes^[[22m | ^[[39m^[[0m
Godot gates (analyzer)	Import the project	2026-10-04T01:43:31.2561130Z [  44% ] ^[[90m^[[1mupdate_scripts_classes^[[22m | ^[[39m^[[0m
Godot gates (analyzer)	Import the project	2026-10-04T01:43:31.2561693Z [  44% ] ^[[90m^[[1mupdate_scripts_classes^[[22m | ^[[39m^[[0m
Godot gates (analyzer)	Import the project	2026-10-04T01:43:31.2562258Z [  44% ] ^[[90m^[[1mupdate_scripts_classes^[[22m | ^[[39m^[[0m
Godot gates (analyzer)	Import the project	2026-10-04T01:43:31.2562836Z [  44% ] ^[[90m^[[1mupdate_scripts_classes^[[22m | ^[[39m^[[0m
Godot gates (analyzer)	Import the project	2026-10-04T01:43:31.2563394Z [  44% ] ^[[90m^[[1mupdate_scripts_classes^[[22m | ^[[39m^[[0m
Godot gates (analyzer)	Import the project	2026-10-04T01:43:31.2563965Z [  44% ] ^[[90m^[[1mupdate_scripts_classes^[[22m | ^[[39m^[[0m
Godot gates (analyzer)	Import the project	2026-10-04T01:43:31.2564537Z [  44% ] ^[[90m^[[1mupdate_scripts_classes^[[22m | ^[[39m^[[0m
Godot gates (analyzer)	Import the project	2026-10-04T01:43:31.2565106Z [  44% ] ^[[90m^[[1mupdate_scripts_classes^[[22m | ^[[39m^[[0m
Godot gates (analyzer)	Import the project	2026-10-04T01:43:31.2565669Z [  44% ] ^[[90m^[[1mupdate_scripts_classes^[[22m | ^[[39m^[[0m
Godot gates (analyzer)	Import the project	2026-10-04T01:43:31.2566225Z [  44% ] ^[[90m^[[1mupdate_scripts_classes^[[22m | ^[[39m^[[0m
Godot gates (analyzer)	Import the project	2026-10-04T01:43:31.2566780Z [  44% ] ^[[90m^[[1mupdate_scripts_classes^[[22m | ^[[39m^[[0m
Godot gates (analyzer)	Import the project	2026-10-04T01:43:31.2567479Z [  45% ] ^[[90m^[[1mupdate_scripts_classes^[[22m | ^[[39m^[[0m
Godot gates (analyzer)	Import the project	2026-10-04T01:43:31.2568047Z [  45% ] ^[[90m^[[1mupdate_scripts_classes^[[22m | ^[[39m^[[0m
Godot gates (analyzer)	Import the project	2026-10-04T01:43:31.2568617Z [  45% ] ^[[90m^[[1mupdate_scripts_classes^[[22m | ^[[39m^[[0m
Godot gates (analyzer)	Import the project	2026-10-04T01:43:31.2569384Z [  45% ] ^[[90m^[[1mupdate_scripts_classes^[[22m | ^[[39m^[[0m
Godot gates (analyzer)	Import the project	2026-10-04T01:43:31.2570094Z [  45% ] ^[[90m^[[1mupdate_scripts_classes^[[22m | ^[[39m^[[0m
Godot gates (analyzer)	Import the project	2026-10-04T01:43:31.2571123Z [  45% ] ^[[90m^[[1mupdate_scripts_classes^[[22m | ^[[39m^[[0m
Godot gates (analyzer)	Import the project	2026-10-04T01:43:31.2571885Z [  45% ] ^[[90m^[[1mupdate_scripts_classes^[[22m | ^[[39m^[[0m
Godot gates (analyzer)	Import the project	2026-10-04T01:43:31.2572729Z [  45% ] ^[[90m^[[1mupdate_scripts_classes^[[22m | Component^[[39m^[[0m
Godot gates (analyzer)	Import the project	2026-10-04T01:43:31.2573595Z [  45% ] ^[[90m^[[1mupdate_scripts_classes^[[22m | HealthComponent^[[39m^[[0m
Godot gates (analyzer)	Import the project	2026-10-04T01:43:31.2574613Z [  45% ] ^[[90m^[[1mupdate_scripts_classes^[[22m | PositionComponent^[[39m^[[0m
Godot gates (analyzer)	Import the project	2026-10-04T01:43:31.2575496Z [  45% ] ^[[90m^[[1mupdate_scripts_classes^[[22m | ^[[39m^[[0m
Godot gates (analyzer)	Import the project	2026-10-04T01:43:31.2576226Z [  45% ] ^[[90m^[[1mupdate_scripts_classes^[[22m | ^[[39m^[[0m
Godot gates (analyzer)	Import the project	2026-10-04T01:43:31.2577126Z [  46% ] ^[[90m^[[1mupdate_scripts_classes^[[22m | ^[[39m^[[0m
Godot gates (analyzer)	Import the project	2026-10-04T01:43:31.2577885Z [  46% ] ^[[90m^[[1mupdate_scripts_classes^[[22m | ^[[39m^[[0m
Godot gates (analyzer)	Import the project	2026-10-04T01:43:31.2578627Z [  46% ] ^[[90m^[[1mupdate_scripts_classes^[[22m | ^[[39m^[[0m
Godot gates (analyzer)	Import the project	2026-10-04T01:43:31.2579392Z [  46% ] ^[[90m^[[1mupdate_scripts_classes^[[22m | ^[[39m^[[0m
Godot gates (analyzer)	Import the project	2026-10-04T01:43:31.2580100Z [  46% ] ^[[90m^[[1mupdate_scripts_classes^[[22m | ^[[39m^[[0m
Godot gates (analyzer)	Import the project	2026-10-04T01:43:31.2581123Z [  46% ] ^[[90m^[[1mupdate_scripts_classes^[[22m | ^[[39m^[[0m
Godot gates (analyzer)	Import the project	2026-10-04T01:43:31.2599038Z [  46% ] ^[[90m^[[1mupdate_scripts_classes^[[22m | ^[[39m^[[0m
Godot gates (analyzer)	Import the project	2026-10-04T01:43:31.2599967Z [  46% ] ^[[90m^[[1mupdate_scripts_classes^[[22m | ^[[39m^[[0m
Godot gates (analyzer)	Import the project	2026-10-04T01:43:31.2600663Z [  46% ] ^[[90m^[[1mupdate_scripts_classes^[[22m | ^[[39m^[[0m
Godot gates (analyzer)	Import the project	2026-10-04T01:43:31.2601098Z [  46% ] ^[[90m^[[1mupdate_scripts_classes^[[22m | ^[[39m^[[0m
Godot gates (analyzer)	Import the project	2026-10-04T01:43:31.2601461Z [  46% ] ^[[90m^[[1mupdate_scripts_classes^[[22m | ^[[39m^[[0m
Godot gates (analyzer)	Import the project	2026-10-04T01:43:31.2601813Z [  46% ] ^[[90m^[[1mupdate_scripts_classes^[[22m | ^[[39m^[[0m
Godot gates (analyzer)	Import the project	2026-10-04T01:43:31.2602172Z [  47% ] ^[[90m^[[1mupdate_scripts_classes^[[22m | ^[[39m^[[0m
Godot gates (analyzer)	Import the project	2026-10-04T01:43:31.2602555Z [  47% ] ^[[90m^[[1mupdate_scripts_classes^[[22m | ^[[39m^[[0m
Godot gates (analyzer)	Import the project	2026-10-04T01:43:31.2603056Z [  47% ] ^[[90m^[[1mupdate_scripts_classes^[[22m | ^[[39m^[[0m
Godot gates (analyzer)	Import the project	2026-10-04T01:43:31.2603412Z [  47% ] ^[[90m^[[1mupdate_scripts_classes^[[22m | ^[[39m^[[0m
Godot gates (analyzer)	Import the project	2026-10-04T01:43:31.2603781Z [  47% ] ^[[90m^[[1mupdate_scripts_classes^[[22m | ^[[39m^[[0m
Godot gates (analyzer)	Import the project	2026-10-04T01:43:31.2604137Z [  47% ] ^[[90m^[[1mupdate_scripts_classes^[[22m | ^[[39m^[[0m
Godot gates (analyzer)	Import the project	2026-10-04T01:43:31.2604503Z [  47% ] ^[[90m^[[1mupdate_scripts_classes^[[22m | ^[[39m^[[0m
Godot gates (analyzer)	Import the project	2026-10-04T01:43:31.2604851Z [  47% ] ^[[90m^[[1mupdate_scripts_classes^[[22m | ^[[39m^[[0m
Godot gates (analyzer)	Import the project	2026-10-04T01:43:31.2605205Z [  47% ] ^[[90m^[[1mupdate_scripts_classes^[[22m | ^[[39m^[[0m
Godot gates (analyzer)	Import the project	2026-10-04T01:43:31.2605558Z [  47% ] ^[[90m^[[1mupdate_scripts_classes^[[22m | ^[[39m^[[0m
Godot gates (analyzer)	Import the project	2026-10-04T01:43:31.2605918Z [  47% ] ^[[90m^[[1mupdate_scripts_classes^[[22m | ^[[39m^[[0m
Godot gates (analyzer)	Import the project	2026-10-04T01:43:31.2606272Z [  48% ] ^[[90m^[[1mupdate_scripts_classes^[[22m | ^[[39m^[[0m
Godot gates (analyzer)	Import the project	2026-10-04T01:43:31.2606629Z [  48% ] ^[[90m^[[1mupdate_scripts_classes^[[22m | ^[[39m^[[0m
Godot gates (analyzer)	Import the project	2026-10-04T01:43:31.2607128Z [  48% ] ^[[90m^[[1mupdate_scripts_classes^[[22m | ^[[39m^[[0m
Godot gates (analyzer)	Import the project	2026-10-04T01:43:31.2607519Z [  48% ] ^[[90m^[[1mupdate_scripts_classes^[[22m | ^[[39m^[[0m
Godot gates (analyzer)	Import the project	2026-10-04T01:43:31.2607877Z [  48% ] ^[[90m^[[1mupdate_scripts_classes^[[22m | ^[[39m^[[0m
Godot gates (analyzer)	Import the project	2026-10-04T01:43:31.2608234Z [  48% ] ^[[90m^[[1mupdate_scripts_classes^[[22m | ^[[39m^[[0m
Godot gates (analyzer)	Import the project	2026-10-04T01:43:31.2608584Z [  48% ] ^[[90m^[[1mupdate_scripts_classes^[[22m | ^[[39m^[[0m
Godot gates (analyzer)	Import the project	2026-10-04T01:43:31.2608944Z [  48% ] ^[[90m^[[1mupdate_scripts_classes^[[22m | ^[[39m^[[0m
Godot gates (analyzer)	Import the project	2026-10-04T01:43:31.2609371Z [  48% ] ^[[90m^[[1mupdate_scripts_classes^[[22m | ^[[39m^[[0m
Godot gates (analyzer)	Import the project	2026-10-04T01:43:31.2609807Z [  48% ] ^[[90m^[[1mupdate_scripts_classes^[[22m | ^[[39m^[[0m
Godot gates (analyzer)	Import the project	2026-10-04T01:43:31.2610328Z [  48% ] ^[[90m^[[1mupdate_scripts_classes^[[22m | ^[[39m^[[0m
Godot gates (analyzer)	Import the project	2026-10-04T01:43:31.2610721Z [  48% ] ^[[90m^[[1mupdate_scripts_classes^[[22m | ^[[39m^[[0m
Godot gates (analyzer)	Import the project	2026-10-04T01:43:31.2611079Z [  49% ] ^[[90m^[[1mupdate_scripts_classes^[[22m | ^[[39m^[[0m
Godot gates (analyzer)	Import the project	2026-10-04T01:43:31.2611432Z [  49% ] ^[[90m^[[1mupdate_scripts_classes^[[22m | ^[[39m^[[0m
Godot gates (analyzer)	Import the project	2026-10-04T01:43:31.2611779Z [  49% ] ^[[90m^[[1mupdate_scripts_classes^[[22m | ^[[39m^[[0m
Godot gates (analyzer)	Import the project	2026-10-04T01:43:31.2612142Z [  49% ] ^[[90m^[[1mupdate_scripts_classes^[[22m | ^[[39m^[[0m
Godot gates (analyzer)	Import the project	2026-10-04T01:43:31.2612560Z [  49% ] ^[[90m^[[1mupdate_scripts_classes^[[22m | ^[[39m^[[0m
Godot gates (analyzer)	Import the project	2026-10-04T01:43:31.2612975Z [  49% ] ^[[90m^[[1mupdate_scripts_classes^[[22m | ^[[39m^[[0m
Godot gates (analyzer)	Import the project	2026-10-04T01:43:31.2613329Z [  49% ] ^[[90m^[[1mupdate_scripts_classes^[[22m | ^[[39m^[[0m
Godot gates (analyzer)	Import the project	2026-10-04T01:43:31.2613695Z [  49% ] ^[[90m^[[1mupdate_scripts_classes^[[22m | ^[[39m^[[0m
Godot gates (analyzer)	Import the project	2026-10-04T01:43:31.2614046Z [  49% ] ^[[90m^[[1mupdate_scripts_classes^[[22m | ^[[39m^[[0m
Godot gates (analyzer)	Import the project	2026-10-04T01:43:31.2614395Z [  49% ] ^[[90m^[[1mupdate_scripts_classes^[[22m | ^[[39m^[[0m
Godot gates (analyzer)	Import the project	2026-10-04T01:43:31.2614832Z [  49% ] ^[[90m^[[1mupdate_scripts_classes^[[22m | ^[[39m^[[0m
Godot gates (analyzer)	Import the project	2026-10-04T01:43:31.2615250Z [  49% ] ^[[90m^[[1mupdate_scripts_classes^[[22m | ^[[39m^[[0m
Godot gates (analyzer)	Import the project	2026-10-04T01:43:31.2615600Z [  50% ] ^[[90m^[[1mupdate_scripts_classes^[[22m | ^[[39m^[[0m
Godot gates (analyzer)	Import the project	2026-10-04T01:43:31.2615949Z [  50% ] ^[[90m^[[1mupdate_scripts_classes^[[22m | ^[[39m^[[0m
Godot gates (analyzer)	Import the project	2026-10-04T01:43:31.2616306Z [  50% ] ^[[90m^[[1mupdate_scripts_classes^[[22m | ^[[39m^[[0m
Godot gates (analyzer)	Import the project	2026-10-04T01:43:31.2616662Z [  50% ] ^[[90m^[[1mupdate_scripts_classes^[[22m | ^[[39m^[[0m
Godot gates (analyzer)	Import the project	2026-10-04T01:43:31.2617254Z [  50% ] ^[[90m^[[1mupdate_scripts_classes^[[22m | ^[[39m^[[0m
Godot gates (analyzer)	Import the project	2026-10-04T01:43:31.2617895Z [  50% ] ^[[90m^[[1mupdate_scripts_classes^[[22m | ^[[39m^[[0m
Godot gates (analyzer)	Import the project	2026-10-04T01:43:31.2618429Z [  50% ] ^[[90m^[[1mupdate_scripts_classes^[[22m | ^[[39m^[[0m
Godot gates (analyzer)	Import the project	2026-10-04T01:43:31.2618790Z [  50% ] ^[[90m^[[1mupdate_scripts_classes^[[22m | ^[[39m^[[0m
Godot gates (analyzer)	Import the project	2026-10-04T01:43:31.2619142Z [  50% ] ^[[90m^[[1mupdate_scripts_classes^[[22m | ^[[39m^[[0m
Godot gates (analyzer)	Import the project	2026-10-04T01:43:31.2619612Z [  50% ] ^[[90m^[[1mupdate_scripts_classes^[[22m | ^[[39m^[[0m
Godot gates (analyzer)	Import the project	2026-10-04T01:43:31.2619973Z [  50% ] ^[[90m^[[1mupdate_scripts_classes^[[22m | ^[[39m^[[0m
Godot gates (analyzer)	Import the project	2026-10-04T01:43:31.2620335Z [  50% ] ^[[90m^[[1mupdate_scripts_classes^[[22m | ^[[39m^[[0m
Godot gates (analyzer)	Import the project	2026-10-04T01:43:31.2620688Z [  51% ] ^[[90m^[[1mupdate_scripts_classes^[[22m | ^[[39m^[[0m
Godot gates (analyzer)	Import the project	2026-10-04T01:43:31.2621035Z [  51% ] ^[[90m^[[1mupdate_scripts_classes^[[22m | ^[[39m^[[0m
Godot gates (analyzer)	Import the project	2026-10-04T01:43:31.2621391Z [  51% ] ^[[90m^[[1mupdate_scripts_classes^[[22m | ^[[39m^[[0m
Godot gates (analyzer)	Import the project	2026-10-04T01:43:31.2621876Z [  51% ] ^[[90m^[[1mupdate_scripts_classes^[[22m | ^[[39m^[[0m
Godot gates (analyzer)	Import the project	2026-10-04T01:43:31.2622243Z [  51% ] ^[[90m^[[1mupdate_scripts_classes^[[22m | ^[[39m^[[0m
Godot gates (analyzer)	Import the project	2026-10-04T01:43:31.2622593Z [  51% ] ^[[90m^[[1mupdate_scripts_classes^[[22m | ^[[39m^[[0m
Godot gates (analyzer)	Import the project	2026-10-04T01:43:31.2622951Z [  51% ] ^[[90m^[[1mupdate_scripts_classes^[[22m | ^[[39m^[[0m
Godot gates (analyzer)	Import the project	2026-10-04T01:43:31.2623308Z [  51% ] ^[[90m^[[1mupdate_scripts_classes^[[22m | ^[[39m^[[0m
Godot gates (analyzer)	Import the project	2026-10-04T01:43:31.2623660Z [  51% ] ^[[90m^[[1mupdate_scripts_classes^[[22m | ^[[39m^[[0m
Godot gates (analyzer)	Import the project	2026-10-04T01:43:31.2624135Z [  51% ] ^[[90m^[[1mupdate_scripts_classes^[[22m | ^[[39m^[[0m
Godot gates (analyzer)	Import the project	2026-10-04T01:43:31.2624485Z [  51% ] ^[[90m^[[1mupdate_scripts_classes^[[22m | ^[[39m^[[0m
Godot gates (analyzer)	Import the project	2026-10-04T01:43:31.2624839Z [  52% ] ^[[90m^[[1mupdate_scripts_classes^[[22m | ^[[39m^[[0m
Godot gates (analyzer)	Import the project	2026-10-04T01:43:31.2625184Z [  52% ] ^[[90m^[[1mupdate_scripts_classes^[[22m | ^[[39m^[[0m
Godot gates (analyzer)	Import the project	2026-10-04T01:43:31.2625525Z [  52% ] ^[[90m^[[1mupdate_scripts_classes^[[22m | ^[[39m^[[0m
Godot gates (analyzer)	Import the project	2026-10-04T01:43:31.2625870Z [  52% ] ^[[90m^[[1mupdate_scripts_classes^[[22m | ^[[39m^[[0m
Godot gates (analyzer)	Import the project	2026-10-04T01:43:31.2626337Z [  52% ] ^[[90m^[[1mupdate_scripts_classes^[[22m | ^[[39m^[[0m
Godot gates (analyzer)	Import the project	2026-10-04T01:43:31.2626709Z [  52% ] ^[[90m^[[1mupdate_scripts_classes^[[22m | ^[[39m^[[0m
Godot gates (analyzer)	Import the project	2026-10-04T01:43:31.2627188Z [  52% ] ^[[90m^[[1mupdate_scripts_classes^[[22m | ^[[39m^[[0m
Godot gates (analyzer)	Import the project	2026-10-04T01:43:31.2627545Z [  52% ] ^[[90m^[[1mupdate_scripts_classes^[[22m | ^[[39m^[[0m
Godot gates (analyzer)	Import the project	2026-10-04T01:43:31.2627903Z [  52% ] ^[[90m^[[1mupdate_scripts_classes^[[22m | ^[[39m^[[0m
Godot gates (analyzer)	Import the project	2026-10-04T01:43:31.2628251Z [  52% ] ^[[90m^[[1mupdate_scripts_classes^[[22m | ^[[39m^[[0m
Godot gates (analyzer)	Import the project	2026-10-04T01:43:31.2628632Z [  52% ] ^[[90m^[[1mupdate_scripts_classes^[[22m | ^[[39m^[[0m
Godot gates (analyzer)	Import the project	2026-10-04T01:43:31.2629073Z [  52% ] ^[[90m^[[1mupdate_scripts_classes^[[22m | ^[[39m^[[0m
Godot gates (analyzer)	Import the project	2026-10-04T01:43:31.2629436Z [  53% ] ^[[90m^[[1mupdate_scripts_classes^[[22m | ^[[39m^[[0m
Godot gates (analyzer)	Import the project	2026-10-04T01:43:31.2629787Z [  53% ] ^[[90m^[[1mupdate_scripts_classes^[[22m | ^[[39m^[[0m
Godot gates (analyzer)	Import the project	2026-10-04T01:43:31.2630134Z [  53% ] ^[[90m^[[1mupdate_scripts_classes^[[22m | ^[[39m^[[0m
Godot gates (analyzer)	Import the project	2026-10-04T01:43:31.2630481Z [  53% ] ^[[90m^[[1mupdate_scripts_classes^[[22m | ^[[39m^[[0m
Godot gates (analyzer)	Import the project	2026-10-04T01:43:31.2630835Z [  53% ] ^[[90m^[[1mupdate_scripts_classes^[[22m | ^[[39m^[[0m
Godot gates (analyzer)	Import the project	2026-10-04T01:43:31.2631306Z [  53% ] ^[[90m^[[1mupdate_scripts_classes^[[22m | ^[[39m^[[0m
Godot gates (analyzer)	Import the project	2026-10-04T01:43:31.2631662Z [  53% ] ^[[90m^[[1mupdate_scripts_classes^[[22m | ^[[39m^[[0m
Godot gates (analyzer)	Import the project	2026-10-04T01:43:31.2632021Z [  53% ] ^[[90m^[[1mupdate_scripts_classes^[[22m | ^[[39m^[[0m
Godot gates (analyzer)	Import the project	2026-10-04T01:43:31.2632373Z [  53% ] ^[[90m^[[1mupdate_scripts_classes^[[22m | ^[[39m^[[0m
Godot gates (analyzer)	Import the project	2026-10-04T01:43:31.2632718Z [  53% ] ^[[90m^[[1mupdate_scripts_classes^[[22m | ^[[39m^[[0m
Godot gates (analyzer)	Import the project	2026-10-04T01:43:31.2633061Z [  53% ] ^[[90m^[[1mupdate_scripts_classes^[[22m | ^[[39m^[[0m
Godot gates (analyzer)	Import the project	2026-10-04T01:43:31.2633525Z [  53% ] ^[[90m^[[1mupdate_scripts_classes^[[22m | ^[[39m^[[0m
Godot gates (analyzer)	Import the project	2026-10-04T01:43:31.2633882Z [  54% ] ^[[90m^[[1mupdate_scripts_classes^[[22m | ^[[39m^[[0m
Godot gates (analyzer)	Import the project	2026-10-04T01:43:31.2634237Z [  54% ] ^[[90m^[[1mupdate_scripts_classes^[[22m | ^[[39m^[[0m
Godot gates (analyzer)	Import the project	2026-10-04T01:43:31.2634583Z [  54% ] ^[[90m^[[1mupdate_scripts_classes^[[22m | ^[[39m^[[0m
Godot gates (analyzer)	Import the project	2026-10-04T01:43:31.2634934Z [  54% ] ^[[90m^[[1mupdate_scripts_classes^[[22m | ^[[39m^[[0m
Godot gates (analyzer)	Import the project	2026-10-04T01:43:31.2635287Z [  54% ] ^[[90m^[[1mupdate_scripts_classes^[[22m | ^[[39m^[[0m
Godot gates (analyzer)	Import the project	2026-10-04T01:43:31.2635906Z [  54% ] ^[[90m^[[1mupdate_scripts_classes^[[22m | ^[[39m^[[0m
Godot gates (analyzer)	Import the project	2026-10-04T01:43:31.2636258Z [  54% ] ^[[90m^[[1mupdate_scripts_classes^[[22m | ^[[39m^[[0m
Godot gates (analyzer)	Import the project	2026-10-04T01:43:31.2636753Z [  54% ] ^[[90m^[[1mupdate_scripts_classes^[[22m | ^[[39m^[[0m
Godot gates (analyzer)	Import the project	2026-10-04T01:43:31.2637326Z [  54% ] ^[[90m^[[1mupdate_scripts_classes^[[22m | ^[[39m^[[0m
Godot gates (analyzer)	Import the project	2026-10-04T01:43:31.2637678Z [  54% ] ^[[90m^[[1mupdate_scripts_classes^[[22m | ^[[39m^[[0m
Godot gates (analyzer)	Import the project	2026-10-04T01:43:31.2638143Z [  54% ] ^[[90m^[[1mupdate_scripts_classes^[[22m | ^[[39m^[[0m
Godot gates (analyzer)	Import the project	2026-10-04T01:43:31.2638519Z [  54% ] ^[[90m^[[1mupdate_scripts_classes^[[22m | ^[[39m^[[0m
Godot gates (analyzer)	Import the project	2026-10-04T01:43:31.2638878Z [  55% ] ^[[90m^[[1mupdate_scripts_classes^[[22m | ^[[39m^[[0m
Godot gates (analyzer)	Import the project	2026-10-04T01:43:31.2639222Z [  55% ] ^[[90m^[[1mupdate_scripts_classes^[[22m | ^[[39m^[[0m
Godot gates (analyzer)	Import the project	2026-10-04T01:43:31.2639576Z [  55% ] ^[[90m^[[1mupdate_scripts_classes^[[22m | ^[[39m^[[0m
Godot gates (analyzer)	Import the project	2026-10-04T01:43:31.2639928Z [  55% ] ^[[90m^[[1mupdate_scripts_classes^[[22m | ^[[39m^[[0m
Godot gates (analyzer)	Import the project	2026-10-04T01:43:31.2640396Z [  55% ] ^[[90m^[[1mupdate_scripts_classes^[[22m | ^[[39m^[[0m
Godot gates (analyzer)	Import the project	2026-10-04T01:43:31.2640777Z [  55% ] ^[[90m^[[1mupdate_scripts_classes^[[22m | ^[[39m^[[0m
Godot gates (analyzer)	Import the project	2026-10-04T01:43:31.2641136Z [  55% ] ^[[90m^[[1mupdate_scripts_classes^[[22m | ^[[39m^[[0m
Godot gates (analyzer)	Import the project	2026-10-04T01:43:31.2641486Z [  55% ] ^[[90m^[[1mupdate_scripts_classes^[[22m | ^[[39m^[[0m
Godot gates (analyzer)	Import the project	2026-10-04T01:43:31.2641844Z [  55% ] ^[[90m^[[1mupdate_scripts_classes^[[22m | ^[[39m^[[0m
Godot gates (analyzer)	Import the project	2026-10-04T01:43:31.2642195Z [  55% ] ^[[90m^[[1mupdate_scripts_classes^[[22m | ^[[39m^[[0m
Godot gates (analyzer)	Import the project	2026-10-04T01:43:31.2642667Z [  55% ] ^[[90m^[[1mupdate_scripts_classes^[[22m | ^[[39m^[[0m
Godot gates (analyzer)	Import the project	2026-10-04T01:43:31.2643036Z [  56% ] ^[[90m^[[1mupdate_scripts_classes^[[22m | ^[[39m^[[0m
Godot gates (analyzer)	Import the project	2026-10-04T01:43:31.2643396Z [  56% ] ^[[90m^[[1mupdate_scripts_classes^[[22m | ^[[39m^[[0m
Godot gates (analyzer)	Import the project	2026-10-04T01:43:31.2643744Z [  56% ] ^[[90m^[[1mupdate_scripts_classes^[[22m | ^[[39m^[[0m
Godot gates (analyzer)	Import the project	2026-10-04T01:43:31.2644097Z [  56% ] ^[[90m^[[1mupdate_scripts_classes^[[22m | ^[[39m^[[0m
Godot gates (analyzer)	Import the project	2026-10-04T01:43:31.2644444Z [  56% ] ^[[90m^[[1mupdate_scripts_classes^[[22m | ^[[39m^[[0m
Godot gates (analyzer)	Import the project	2026-10-04T01:43:31.2644926Z [  56% ] ^[[90m^[[1mupdate_scripts_classes^[[22m | ^[[39m^[[0m
Godot gates (analyzer)	Import the project	2026-10-04T01:43:31.2645280Z [  56% ] ^[[90m^[[1mupdate_scripts_classes^[[22m | ^[[39m^[[0m
Godot gates (analyzer)	Import the project	2026-10-04T01:43:31.2645637Z [  56% ] ^[[90m^[[1mupdate_scripts_classes^[[22m | ^[[39m^[[0m
Godot gates (analyzer)	Import the project	2026-10-04T01:43:31.2645990Z [  56% ] ^[[90m^[[1mupdate_scripts_classes^[[22m | ^[[39m^[[0m
Godot gates (analyzer)	Import the project	2026-10-04T01:43:31.2646351Z [  56% ] ^[[90m^[[1mupdate_scripts_classes^[[22m | ^[[39m^[[0m
Godot gates (analyzer)	Import the project	2026-10-04T01:43:31.2646699Z [  56% ] ^[[90m^[[1mupdate_scripts_classes^[[22m | ^[[39m^[[0m
Godot gates (analyzer)	Import the project	2026-10-04T01:43:31.2647232Z [  56% ] ^[[90m^[[1mupdate_scripts_classes^[[22m | ^[[39m^[[0m
Godot gates (analyzer)	Import the project	2026-10-04T01:43:31.2647596Z [  57% ] ^[[90m^[[1mupdate_scripts_classes^[[22m | ^[[39m^[[0m
Godot gates (analyzer)	Import the project	2026-10-04T01:43:31.2647972Z [  57% ] ^[[90m^[[1mupdate_scripts_classes^[[22m | ^[[39m^[[0m
Godot gates (analyzer)	Import the project	2026-10-04T01:43:31.2648321Z [  57% ] ^[[90m^[[1mupdate_scripts_classes^[[22m | ^[[39m^[[0m
Godot gates (analyzer)	Import the project	2026-10-04T01:43:31.2648669Z [  57% ] ^[[90m^[[1mupdate_scripts_classes^[[22m | ^[[39m^[[0m
Godot gates (analyzer)	Import the project	2026-10-04T01:43:31.2649015Z [  57% ] ^[[90m^[[1mupdate_scripts_classes^[[22m | ^[[39m^[[0m
Godot gates (analyzer)	Import the project	2026-10-04T01:43:31.2649435Z [  57% ] ^[[90m^[[1mupdate_scripts_classes^[[22m | ^[[39m^[[0m
Godot gates (analyzer)	Import the project	2026-10-04T01:43:31.2649836Z [  57% ] ^[[90m^[[1mupdate_scripts_classes^[[22m | ^[[39m^[[0m
Godot gates (analyzer)	Import the project	2026-10-04T01:43:31.2650197Z [  57% ] ^[[90m^[[1mupdate_scripts_classes^[[22m | ^[[39m^[[0m
Godot gates (analyzer)	Import the project	2026-10-04T01:43:31.2650552Z [  57% ] ^[[90m^[[1mupdate_scripts_classes^[[22m | ^[[39m^[[0m
Godot gates (analyzer)	Import the project	2026-10-04T01:43:31.2650903Z [  57% ] ^[[90m^[[1mupdate_scripts_classes^[[22m | ^[[39m^[[0m
Godot gates (analyzer)	Import the project	2026-10-04T01:43:31.2651247Z [  57% ] ^[[90m^[[1mupdate_scripts_classes^[[22m | ^[[39m^[[0m
Godot gates (analyzer)	Import the project	2026-10-04T01:43:31.2651679Z [  57% ] ^[[90m^[[1mupdate_scripts_classes^[[22m | ^[[39m^[[0m
Godot gates (analyzer)	Import the project	2026-10-04T01:43:31.2652038Z [  58% ] ^[[90m^[[1mupdate_scripts_classes^[[22m | ^[[39m^[[0m
Godot gates (analyzer)	Import the project	2026-10-04T01:43:31.2652400Z [  58% ] ^[[90m^[[1mupdate_scripts_classes^[[22m | ^[[39m^[[0m
Godot gates (analyzer)	Import the project	2026-10-04T01:43:31.2652750Z [  58% ] ^[[90m^[[1mupdate_scripts_classes^[[22m | ^[[39m^[[0m
Godot gates (analyzer)	Import the project	2026-10-04T01:43:31.2653105Z [  58% ] ^[[90m^[[1mupdate_scripts_classes^[[22m | ^[[39m^[[0m
Godot gates (analyzer)	Import the project	2026-10-04T01:43:31.2653451Z [  58% ] ^[[90m^[[1mupdate_scripts_classes^[[22m | ^[[39m^[[0m
Godot gates (analyzer)	Import the project	2026-10-04T01:43:31.2654048Z [  58% ] ^[[90m^[[1mupdate_scripts_classes^[[22m | ^[[39m^[[0m
Godot gates (analyzer)	Import the project	2026-10-04T01:43:31.2654397Z [  58% ] ^[[90m^[[1mupdate_scripts_classes^[[22m | ^[[39m^[[0m
Godot gates (analyzer)	Import the project	2026-10-04T01:43:31.2654903Z [  58% ] ^[[90m^[[1mupdate_scripts_classes^[[22m | ^[[39m^[[0m
Godot gates (analyzer)	Import the project	2026-10-04T01:43:31.2655255Z [  58% ] ^[[90m^[[1mupdate_scripts_classes^[[22m | ^[[39m^[[0m
Godot gates (analyzer)	Import the project	2026-10-04T01:43:31.2655606Z [  58% ] ^[[90m^[[1mupdate_scripts_classes^[[22m | ^[[39m^[[0m
Godot gates (analyzer)	Import the project	2026-10-04T01:43:31.2655998Z [  58% ] ^[[90m^[[1mupdate_scripts_classes^[[22m | ^[[39m^[[0m
Godot gates (analyzer)	Import the project	2026-10-04T01:43:31.2656405Z [  58% ] ^[[90m^[[1mupdate_scripts_classes^[[22m | ^[[39m^[[0m
Godot gates (analyzer)	Import the project	2026-10-04T01:43:31.2656760Z [  59% ] ^[[90m^[[1mupdate_scripts_classes^[[22m | ^[[39m^[[0m
Godot gates (analyzer)	Import the project	2026-10-04T01:43:31.2657324Z [  59% ] ^[[90m^[[1mupdate_scripts_classes^[[22m | ^[[39m^[[0m
Godot gates (analyzer)	Import the project	2026-10-04T01:43:31.2657677Z [  59% ] ^[[90m^[[1mupdate_scripts_classes^[[22m | ^[[39m^[[0m
Godot gates (analyzer)	Import the project	2026-10-04T01:43:31.2658032Z [  59% ] ^[[90m^[[1mupdate_scripts_classes^[[22m | ^[[39m^[[0m
Godot gates (analyzer)	Import the project	2026-10-04T01:43:31.2658421Z [  59% ] ^[[90m^[[1mupdate_scripts_classes^[[22m | ^[[39m^[[0m
Godot gates (analyzer)	Import the project	2026-10-04T01:43:31.2658857Z [  59% ] ^[[90m^[[1mupdate_scripts_classes^[[22m | ^[[39m^[[0m
Godot gates (analyzer)	Import the project	2026-10-04T01:43:31.2659222Z [  59% ] ^[[90m^[[1mupdate_scripts_classes^[[22m | ^[[39m^[[0m
Godot gates (analyzer)	Import the project	2026-10-04T01:43:31.2659574Z [  59% ] ^[[90m^[[1mupdate_scripts_classes^[[22m | ^[[39m^[[0m
Godot gates (analyzer)	Import the project	2026-10-04T01:43:31.2659924Z [  59% ] ^[[90m^[[1mupdate_scripts_classes^[[22m | ^[[39m^[[0m
Godot gates (analyzer)	Import the project	2026-10-04T01:43:31.2660318Z [  59% ] ^[[90m^[[1mupdate_scripts_classes^[[22m | PerfTimer^[[39m^[[0m
Godot gates (analyzer)	Import the project	2026-10-04T01:43:31.2660757Z [  59% ] ^[[90m^[[1mupdate_scripts_classes^[[22m | ^[[39m^[[0m
Godot gates (analyzer)	Import the project	2026-10-04T01:43:31.2661223Z [  60% ] ^[[90m^[[1mupdate_scripts_classes^[[22m | ^[[39m^[[0m
Godot gates (analyzer)	Import the project	2026-10-04T01:43:31.2661582Z [  60% ] ^[[90m^[[1mupdate_scripts_classes^[[22m | ^[[39m^[[0m
Godot gates (analyzer)	Import the project	2026-10-04T01:43:31.2661937Z [  60% ] ^[[90m^[[1mupdate_scripts_classes^[[22m | ^[[39m^[[0m
Godot gates (analyzer)	Import the project	2026-10-04T01:43:31.2662286Z [  60% ] ^[[90m^[[1mupdate_scripts_classes^[[22m | ^[[39m^[[0m
Godot gates (analyzer)	Import the project	2026-10-04T01:43:31.2662639Z [  60% ] ^[[90m^[[1mupdate_scripts_classes^[[22m | ^[[39m^[[0m
Godot gates (analyzer)	Import the project	2026-10-04T01:43:31.2663047Z [  60% ] ^[[90m^[[1mupdate_scripts_classes^[[22m | ^[[39m^[[0m
Godot gates (analyzer)	Import the project	2026-10-04T01:43:31.2663494Z [  60% ] ^[[90m^[[1mupdate_scripts_classes^[[22m | ^[[39m^[[0m
Godot gates (analyzer)	Import the project	2026-10-04T01:43:31.2663858Z [  60% ] ^[[90m^[[1mupdate_scripts_classes^[[22m | ^[[39m^[[0m
Godot gates (analyzer)	Import the project	2026-10-04T01:43:31.2664212Z [  60% ] ^[[90m^[[1mupdate_scripts_classes^[[22m | ^[[39m^[[0m
Godot gates (analyzer)	Import the project	2026-10-04T01:43:31.2664562Z [  60% ] ^[[90m^[[1mupdate_scripts_classes^[[22m | ^[[39m^[[0m
Godot gates (analyzer)	Import the project	2026-10-04T01:43:31.2664916Z [  60% ] ^[[90m^[[1mupdate_scripts_classes^[[22m | ^[[39m^[[0m
Godot gates (analyzer)	Import the project	2026-10-04T01:43:31.2665335Z [  60% ] ^[[90m^[[1mupdate_scripts_classes^[[22m | ^[[39m^[[0m
Godot gates (analyzer)	Import the project	2026-10-04T01:43:31.2665735Z [  61% ] ^[[90m^[[1mupdate_scripts_classes^[[22m | ^[[39m^[[0m
Godot gates (analyzer)	Import the project	2026-10-04T01:43:31.2666086Z [  61% ] ^[[90m^[[1mupdate_scripts_classes^[[22m | ^[[39m^[[0m
Godot gates (analyzer)	Import the project	2026-10-04T01:43:31.2666430Z [  61% ] ^[[90m^[[1mupdate_scripts_classes^[[22m | ^[[39m^[[0m
Godot gates (analyzer)	Import the project	2026-10-04T01:43:31.2666776Z [  61% ] ^[[90m^[[1mupdate_scripts_classes^[[22m | ^[[39m^[[0m
Godot gates (analyzer)	Import the project	2026-10-04T01:43:31.2667277Z [  61% ] ^[[90m^[[1mupdate_scripts_classes^[[22m | ^[[39m^[[0m
Godot gates (analyzer)	Import the project	2026-10-04T01:43:31.2667671Z [  61% ] ^[[90m^[[1mupdate_scripts_classes^[[22m | ^[[39m^[[0m
Godot gates (analyzer)	Import the project	2026-10-04T01:43:31.2668102Z [  61% ] ^[[90m^[[1mupdate_scripts_classes^[[22m | ^[[39m^[[0m
Godot gates (analyzer)	Import the project	2026-10-04T01:43:31.2668460Z [  61% ] ^[[90m^[[1mupdate_scripts_classes^[[22m | ^[[39m^[[0m
Godot gates (analyzer)	Import the project	2026-10-04T01:43:31.2668817Z [  61% ] ^[[90m^[[1mupdate_scripts_classes^[[22m | ^[[39m^[[0m
Godot gates (analyzer)	Import the project	2026-10-04T01:43:31.2669169Z [  61% ] ^[[90m^[[1mupdate_scripts_classes^[[22m | ^[[39m^[[0m
Godot gates (analyzer)	Import the project	2026-10-04T01:43:31.2669519Z [  61% ] ^[[90m^[[1mupdate_scripts_classes^[[22m | ^[[39m^[[0m
Godot gates (analyzer)	Import the project	2026-10-04T01:43:31.2669871Z [  61% ] ^[[90m^[[1mupdate_scripts_classes^[[22m | ^[[39m^[[0m
Godot gates (analyzer)	Import the project	2026-10-04T01:43:31.2670357Z [  62% ] ^[[90m^[[1mupdate_scripts_classes^[[22m | ^[[39m^[[0m
Godot gates (analyzer)	Import the project	2026-10-04T01:43:31.2670722Z [  62% ] ^[[90m^[[1mupdate_scripts_classes^[[22m | ^[[39m^[[0m
Godot gates (analyzer)	Import the project	2026-10-04T01:43:31.2671074Z [  62% ] ^[[90m^[[1mupdate_scripts_classes^[[22m | ^[[39m^[[0m
Godot gates (analyzer)	Import the project	2026-10-04T01:43:31.2671421Z [  62% ] ^[[90m^[[1mupdate_scripts_classes^[[22m | ^[[39m^[[0m
Godot gates (analyzer)	Import the project	2026-10-04T01:43:31.2671776Z [  62% ] ^[[90m^[[1mupdate_scripts_classes^[[22m | ^[[39m^[[0m
Godot gates (analyzer)	Import the project	2026-10-04T01:43:31.2672407Z [  62% ] ^[[90m^[[1mupdate_scripts_classes^[[22m | ^[[39m^[[0m
Godot gates (analyzer)	Import the project	2026-10-04T01:43:31.2672765Z [  62% ] ^[[90m^[[1mupdate_scripts_classes^[[22m | ^[[39m^[[0m
Godot gates (analyzer)	Import the project	2026-10-04T01:43:31.2673237Z [  62% ] ^[[90m^[[1mupdate_scripts_classes^[[22m | ^[[39m^[[0m
Godot gates (analyzer)	Import the project	2026-10-04T01:43:31.2673594Z [  62% ] ^[[90m^[[1mupdate_scripts_classes^[[22m | ^[[39m^[[0m
Godot gates (analyzer)	Import the project	2026-10-04T01:43:31.2673946Z [  62% ] ^[[90m^[[1mupdate_scripts_classes^[[22m | ^[[39m^[[0m
Godot gates (analyzer)	Import the project	2026-10-04T01:43:31.2674292Z [  62% ] ^[[90m^[[1mupdate_scripts_classes^[[22m | ^[[39m^[[0m
Godot gates (analyzer)	Import the project	2026-10-04T01:43:31.2674762Z [  62% ] ^[[90m^[[1mupdate_scripts_classes^[[22m | ^[[39m^[[0m
Godot gates (analyzer)	Import the project	2026-10-04T01:43:31.2675122Z [  63% ] ^[[90m^[[1mupdate_scripts_classes^[[22m | ^[[39m^[[0m
Godot gates (analyzer)	Import the project	2026-10-04T01:43:31.2675480Z [  63% ] ^[[90m^[[1mupdate_scripts_classes^[[22m | ^[[39m^[[0m
Godot gates (analyzer)	Import the project	2026-10-04T01:43:31.2675835Z [  63% ] ^[[90m^[[1mupdate_scripts_classes^[[22m | ^[[39m^[[0m
Godot gates (analyzer)	Import the project	2026-10-04T01:43:31.2676185Z [  63% ] ^[[90m^[[1mupdate_scripts_classes^[[22m | ^[[39m^[[0m
Godot gates (analyzer)	Import the project	2026-10-04T01:43:31.2676540Z [  63% ] ^[[90m^[[1mupdate_scripts_classes^[[22m | ^[[39m^[[0m
Godot gates (analyzer)	Import the project	2026-10-04T01:43:31.2677200Z [  63% ] ^[[90m^[[1mupdate_scripts_classes^[[22m | ^[[39m^[[0m
Godot gates (analyzer)	Import the project	2026-10-04T01:43:31.2677582Z [  63% ] ^[[90m^[[1mupdate_scripts_classes^[[22m | ^[[39m^[[0m
Godot gates (analyzer)	Import the project	2026-10-04T01:43:31.2677938Z [  63% ] ^[[90m^[[1mupdate_scripts_classes^[[22m | ^[[39m^[[0m
Godot gates (analyzer)	Import the project	2026-10-04T01:43:31.2678302Z [  63% ] ^[[90m^[[1mupdate_scripts_classes^[[22m | ^[[39m^[[0m
Godot gates (analyzer)	Import the project	2026-10-04T01:43:31.2678655Z [  63% ] ^[[90m^[[1mupdate_scripts_classes^[[22m | ^[[39m^[[0m
Godot gates (analyzer)	Import the project	2026-10-04T01:43:31.2679044Z [  63% ] ^[[90m^[[1mupdate_scripts_classes^[[22m | ^[[39m^[[0m
Godot gates (analyzer)	Import the project	2026-10-04T01:43:31.2679482Z [  64% ] ^[[90m^[[1mupdate_scripts_classes^[[22m | ^[[39m^[[0m
Godot gates (analyzer)	Import the project	2026-10-04T01:43:31.2679843Z [  64% ] ^[[90m^[[1mupdate_scripts_classes^[[22m | ^[[39m^[[0m
Godot gates (analyzer)	Import the project	2026-10-04T01:43:31.2680191Z [  64% ] ^[[90m^[[1mupdate_scripts_classes^[[22m | ^[[39m^[[0m
Godot gates (analyzer)	Import the project	2026-10-04T01:43:31.2680532Z [  64% ] ^[[90m^[[1mupdate_scripts_classes^[[22m | ^[[39m^[[0m
Godot gates (analyzer)	Import the project	2026-10-04T01:43:31.2680882Z [  64% ] ^[[90m^[[1mupdate_scripts_classes^[[22m | ^[[39m^[[0m
Godot gates (analyzer)	Import the project	2026-10-04T01:43:31.2681252Z [  64% ] ^[[90m^[[1mupdate_scripts_classes^[[22m | ^[[39m^[[0m
Godot gates (analyzer)	Import the project	2026-10-04T01:43:31.2681716Z [  64% ] ^[[90m^[[1mupdate_scripts_classes^[[22m | ^[[39m^[[0m
Godot gates (analyzer)	Import the project	2026-10-04T01:43:31.2682074Z [  64% ] ^[[90m^[[1mupdate_scripts_classes^[[22m | ^[[39m^[[0m
Godot gates (analyzer)	Import the project	2026-10-04T01:43:31.2682425Z [  64% ] ^[[90m^[[1mupdate_scripts_classes^[[22m | ^[[39m^[[0m
Godot gates (analyzer)	Import the project	2026-10-04T01:43:31.2682788Z [  64% ] ^[[90m^[[1mupdate_scripts_classes^[[22m | ^[[39m^[[0m
Godot gates (analyzer)	Import the project	2026-10-04T01:43:31.2683136Z [  64% ] ^[[90m^[[1mupdate_scripts_classes^[[22m | ^[[39m^[[0m
Godot gates (analyzer)	Import the project	2026-10-04T01:43:31.2683483Z [  64% ] ^[[90m^[[1mupdate_scripts_classes^[[22m | ^[[39m^[[0m
Godot gates (analyzer)	Import the project	2026-10-04T01:43:31.2683945Z [  65% ] ^[[90m^[[1mupdate_scripts_classes^[[22m | ^[[39m^[[0m
Godot gates (analyzer)	Import the project	2026-10-04T01:43:31.2684384Z [  65% ] ^[[90m^[[1mupdate_scripts_classes^[[22m | ^[[39m^[[0m
Godot gates (analyzer)	Import the project	2026-10-04T01:43:31.2684823Z [  65% ] ^[[90m^[[1mupdate_scripts_classes^[[22m | ^[[39m^[[0m
Godot gates (analyzer)	Import the project	2026-10-04T01:43:31.2685175Z [  65% ] ^[[90m^[[1mupdate_scripts_classes^[[22m | ^[[39m^[[0m
Godot gates (analyzer)	Import the project	2026-10-04T01:43:31.2685526Z [  65% ] ^[[90m^[[1mupdate_scripts_classes^[[22m | ^[[39m^[[0m
Godot gates (analyzer)	Import the project	2026-10-04T01:43:31.2685900Z [  65% ] ^[[90m^[[1mupdate_scripts_classes^[[22m | ^[[39m^[[0m
Godot gates (analyzer)	Import the project	2026-10-04T01:43:31.2686372Z [  65% ] ^[[90m^[[1mupdate_scripts_classes^[[22m | ^[[39m^[[0m
Godot gates (analyzer)	Import the project	2026-10-04T01:43:31.2686730Z [  65% ] ^[[90m^[[1mupdate_scripts_classes^[[22m | ^[[39m^[[0m
Godot gates (analyzer)	Import the project	2026-10-04T01:43:31.2687188Z [  65% ] ^[[90m^[[1mupdate_scripts_classes^[[22m | ^[[39m^[[0m
Godot gates (analyzer)	Import the project	2026-10-04T01:43:31.2687549Z [  65% ] ^[[90m^[[1mupdate_scripts_classes^[[22m | ^[[39m^[[0m
Godot gates (analyzer)	Import the project	2026-10-04T01:43:31.2687903Z [  65% ] ^[[90m^[[1mupdate_scripts_classes^[[22m | ^[[39m^[[0m
Godot gates (analyzer)	Import the project	2026-10-04T01:43:31.2688253Z [  65% ] ^[[90m^[[1mupdate_scripts_classes^[[22m | ^[[39m^[[0m
Godot gates (analyzer)	Import the project	2026-10-04T01:43:31.2688704Z [  66% ] ^[[90m^[[1mupdate_scripts_classes^[[22m | ^[[39m^[[0m
Godot gates (analyzer)	Import the project	2026-10-04T01:43:31.2689069Z [  66% ] ^[[90m^[[1mupdate_scripts_classes^[[22m | ^[[39m^[[0m
Godot gates (analyzer)	Import the project	2026-10-04T01:43:31.2689605Z [  66% ] ^[[90m^[[1mupdate_scripts_classes^[[22m | ^[[39m^[[0m
Godot gates (analyzer)	Import the project	2026-10-04T01:43:31.2690016Z [  66% ] ^[[90m^[[1mupdate_scripts_classes^[[22m | ^[[39m^[[0m
Godot gates (analyzer)	Import the project	2026-10-04T01:43:31.2690369Z [  66% ] ^[[90m^[[1mupdate_scripts_classes^[[22m | ^[[39m^[[0m
Godot gates (analyzer)	Import the project	2026-10-04T01:43:31.2690984Z [  66% ] ^[[90m^[[1mupdate_scripts_classes^[[22m | ^[[39m^[[0m
Godot gates (analyzer)	Import the project	2026-10-04T01:43:31.2691340Z [  66% ] ^[[90m^[[1mupdate_scripts_classes^[[22m | ^[[39m^[[0m
Godot gates (analyzer)	Import the project	2026-10-04T01:43:31.2691816Z [  66% ] ^[[90m^[[1mupdate_scripts_classes^[[22m | ^[[39m^[[0m
Godot gates (analyzer)	Import the project	2026-10-04T01:43:31.2692165Z [  66% ] ^[[90m^[[1mupdate_scripts_classes^[[22m | ^[[39m^[[0m
Godot gates (analyzer)	Import the project	2026-10-04T01:43:31.2692524Z [  66% ] ^[[90m^[[1mupdate_scripts_classes^[[22m | ^[[39m^[[0m
Godot gates (analyzer)	Import the project	2026-10-04T01:43:31.2692918Z [  66% ] ^[[90m^[[1mupdate_scripts_classes^[[22m | ^[[39m^[[0m
Godot gates (analyzer)	Import the project	2026-10-04T01:43:31.2693321Z [  66% ] ^[[90m^[[1mupdate_scripts_classes^[[22m | ^[[39m^[[0m
Godot gates (analyzer)	Import the project	2026-10-04T01:43:31.2693669Z [  67% ] ^[[90m^[[1mupdate_scripts_classes^[[22m | ^[[39m^[[0m
Godot gates (analyzer)	Import the project	2026-10-04T01:43:31.2694028Z [  67% ] ^[[90m^[[1mupdate_scripts_classes^[[22m | ^[[39m^[[0m
Godot gates (analyzer)	Import the project	2026-10-04T01:43:31.2694374Z [  67% ] ^[[90m^[[1mupdate_scripts_classes^[[22m | ^[[39m^[[0m
Godot gates (analyzer)	Import the project	2026-10-04T01:43:31.2694725Z [  67% ] ^[[90m^[[1mupdate_scripts_classes^[[22m | ^[[39m^[[0m
Godot gates (analyzer)	Import the project	2026-10-04T01:43:31.2695133Z [  67% ] ^[[90m^[[1mupdate_scripts_classes^[[22m | ^[[39m^[[0m
Godot gates (analyzer)	Import the project	2026-10-04T01:43:31.2695940Z [  67% ] ^[[90m^[[1mupdate_scripts_classes^[[22m | ^[[39m^[[0m
Godot gates (analyzer)	Import the project	2026-10-04T01:43:31.2696312Z [  67% ] ^[[90m^[[1mupdate_scripts_classes^[[22m | ^[[39m^[[0m
Godot gates (analyzer)	Import the project	2026-10-04T01:43:31.2696662Z [  67% ] ^[[90m^[[1mupdate_scripts_classes^[[22m | ^[[39m^[[0m
Godot gates (analyzer)	Import the project	2026-10-04T01:43:31.2697217Z [  67% ] ^[[90m^[[1mupdate_scripts_classes^[[22m | ^[[39m^[[0m
Godot gates (analyzer)	Import the project	2026-10-04T01:43:31.2697769Z [  67% ] ^[[90m^[[1mupdate_scripts_classes^[[22m | ^[[39m^[[0m
Godot gates (analyzer)	Import the project	2026-10-04T01:43:31.2698329Z [  67% ] ^[[90m^[[1mupdate_scripts_classes^[[22m | ^[[39m^[[0m
Godot gates (analyzer)	Import the project	2026-10-04T01:43:31.2698861Z [  68% ] ^[[90m^[[1mupdate_scripts_classes^[[22m | ^[[39m^[[0m
Godot gates (analyzer)	Import the project	2026-10-04T01:43:31.2699219Z [  68% ] ^[[90m^[[1mupdate_scripts_classes^[[22m | ^[[39m^[[0m
Godot gates (analyzer)	Import the project	2026-10-04T01:43:31.2699696Z [  68% ] ^[[90m^[[1mupdate_scripts_classes^[[22m | ^[[39m^[[0m
Godot gates (analyzer)	Import the project	2026-10-04T01:43:31.2700211Z [  68% ] ^[[90m^[[1mupdate_scripts_classes^[[22m | ^[[39m^[[0m
Godot gates (analyzer)	Import the project	2026-10-04T01:43:31.2700567Z [  68% ] ^[[90m^[[1mupdate_scripts_classes^[[22m | ^[[39m^[[0m
Godot gates (analyzer)	Import the project	2026-10-04T01:43:31.2700930Z [  68% ] ^[[90m^[[1mupdate_scripts_classes^[[22m | ^[[39m^[[0m
Godot gates (analyzer)	Import the project	2026-10-04T01:43:31.2701294Z [  68% ] ^[[90m^[[1mupdate_scripts_classes^[[22m | ^[[39m^[[0m
Godot gates (analyzer)	Import the project	2026-10-04T01:43:31.2701709Z [  68% ] ^[[90m^[[1mupdate_scripts_classes^[[22m | ^[[39m^[[0m
Godot gates (analyzer)	Import the project	2026-10-04T01:43:31.2702253Z [  68% ] ^[[90m^[[1mupdate_scripts_classes^[[22m | ^[[39m^[[0m
Godot gates (analyzer)	Import the project	2026-10-04T01:43:31.2702612Z [  68% ] ^[[90m^[[1mupdate_scripts_classes^[[22m | ^[[39m^[[0m
Godot gates (analyzer)	Import the project	2026-10-04T01:43:31.2702971Z [  68% ] ^[[90m^[[1mupdate_scripts_classes^[[22m | ^[[39m^[[0m
Godot gates (analyzer)	Import the project	2026-10-04T01:43:31.2703322Z [  68% ] ^[[90m^[[1mupdate_scripts_classes^[[22m | ^[[39m^[[0m
Godot gates (analyzer)	Import the project	2026-10-04T01:43:31.2703671Z [  69% ] ^[[90m^[[1mupdate_scripts_classes^[[22m | ^[[39m^[[0m
Godot gates (analyzer)	Import the project	2026-10-04T01:43:31.2704211Z [  69% ] ^[[90m^[[1mupdate_scripts_classes^[[22m | ^[[39m^[[0m
Godot gates (analyzer)	Import the project	2026-10-04T01:43:31.2704618Z [  69% ] ^[[90m^[[1mupdate_scripts_classes^[[22m | ^[[39m^[[0m
Godot gates (analyzer)	Import the project	2026-10-04T01:43:31.2704973Z [  69% ] ^[[90m^[[1mupdate_scripts_classes^[[22m | ^[[39m^[[0m
Godot gates (analyzer)	Import the project	2026-10-04T01:43:31.2705324Z [  69% ] ^[[90m^[[1mupdate_scripts_classes^[[22m | ^[[39m^[[0m
Godot gates (analyzer)	Import the project	2026-10-04T01:43:31.2705681Z [  69% ] ^[[90m^[[1mupdate_scripts_classes^[[22m | ^[[39m^[[0m
Godot gates (analyzer)	Import the project	2026-10-04T01:43:31.2706134Z [  69% ] ^[[90m^[[1mupdate_scripts_classes^[[22m | ^[[39m^[[0m
Godot gates (analyzer)	Import the project	2026-10-04T01:43:31.2706643Z [  69% ] ^[[90m^[[1mupdate_scripts_classes^[[22m | ^[[39m^[[0m
Godot gates (analyzer)	Import the project	2026-10-04T01:43:31.2707201Z [  69% ] ^[[90m^[[1mupdate_scripts_classes^[[22m | ^[[39m^[[0m
Godot gates (analyzer)	Import the project	2026-10-04T01:43:31.2707571Z [  69% ] ^[[90m^[[1mupdate_scripts_classes^[[22m | ^[[39m^[[0m
Godot gates (analyzer)	Import the project	2026-10-04T01:43:31.2707923Z [  69% ] ^[[90m^[[1mupdate_scripts_classes^[[22m | ^[[39m^[[0m
Godot gates (analyzer)	Import the project	2026-10-04T01:43:31.2708274Z [  69% ] ^[[90m^[[1mupdate_scripts_classes^[[22m | ^[[39m^[[0m
Godot gates (analyzer)	Import the project	2026-10-04T01:43:31.2708806Z [  70% ] ^[[90m^[[1mupdate_scripts_classes^[[22m | ^[[39m^[[0m
Godot gates (analyzer)	Import the project	2026-10-04T01:43:31.2709247Z [  70% ] ^[[90m^[[1mupdate_scripts_classes^[[22m | ^[[39m^[[0m
Godot gates (analyzer)	Import the project	2026-10-04T01:43:31.2709601Z [  70% ] ^[[90m^[[1mupdate_scripts_classes^[[22m | ^[[39m^[[0m
Godot gates (analyzer)	Import the project	2026-10-04T01:43:31.2709947Z [  70% ] ^[[90m^[[1mupdate_scripts_classes^[[22m | ^[[39m^[[0m
Godot gates (analyzer)	Import the project	2026-10-04T01:43:31.2710294Z [  70% ] ^[[90m^[[1mupdate_scripts_classes^[[22m | ^[[39m^[[0m
Godot gates (analyzer)	Import the project	2026-10-04T01:43:31.2711090Z [  70% ] ^[[90m^[[1mupdate_scripts_classes^[[22m | ^[[39m^[[0m
Godot gates (analyzer)	Import the project	2026-10-04T01:43:31.2711446Z [  70% ] ^[[90m^[[1mupdate_scripts_classes^[[22m | ^[[39m^[[0m
Godot gates (analyzer)	Import the project	2026-10-04T01:43:31.2711927Z [  70% ] ^[[90m^[[1mupdate_scripts_classes^[[22m | ^[[39m^[[0m
Godot gates (analyzer)	Import the project	2026-10-04T01:43:31.2712280Z [  70% ] ^[[90m^[[1mupdate_scripts_classes^[[22m | ^[[39m^[[0m
Godot gates (analyzer)	Import the project	2026-10-04T01:43:31.2712709Z [  70% ] ^[[90m^[[1mupdate_scripts_classes^[[22m | ^[[39m^[[0m
Godot gates (analyzer)	Import the project	2026-10-04T01:43:31.2713254Z [  70% ] ^[[90m^[[1mupdate_scripts_classes^[[22m | ^[[39m^[[0m
Godot gates (analyzer)	Import the project	2026-10-04T01:43:31.2713617Z [  70% ] ^[[90m^[[1mupdate_scripts_classes^[[22m | ^[[39m^[[0m
Godot gates (analyzer)	Import the project	2026-10-04T01:43:31.2713969Z [  71% ] ^[[90m^[[1mupdate_scripts_classes^[[22m | ^[[39m^[[0m
Godot gates (analyzer)	Import the project	2026-10-04T01:43:31.2714330Z [  71% ] ^[[90m^[[1mupdate_scripts_classes^[[22m | ^[[39m^[[0m
Godot gates (analyzer)	Import the project	2026-10-04T01:43:31.2714679Z [  71% ] ^[[90m^[[1mupdate_scripts_classes^[[22m | ^[[39m^[[0m
Godot gates (analyzer)	Import the project	2026-10-04T01:43:31.2715240Z [  71% ] ^[[90m^[[1mupdate_scripts_classes^[[22m | ^[[39m^[[0m
Godot gates (analyzer)	Import the project	2026-10-04T01:43:31.2715625Z [  71% ] ^[[90m^[[1mupdate_scripts_classes^[[22m | ^[[39m^[[0m
Godot gates (analyzer)	Import the project	2026-10-04T01:43:31.2715995Z [  71% ] ^[[90m^[[1mupdate_scripts_classes^[[22m | ^[[39m^[[0m
Godot gates (analyzer)	Import the project	2026-10-04T01:43:31.2716346Z [  71% ] ^[[90m^[[1mupdate_scripts_classes^[[22m | ^[[39m^[[0m
Godot gates (analyzer)	Import the project	2026-10-04T01:43:31.2716705Z [  71% ] ^[[90m^[[1mupdate_scripts_classes^[[22m | ^[[39m^[[0m
Godot gates (analyzer)	Import the project	2026-10-04T01:43:31.2717309Z [  71% ] ^[[90m^[[1mupdate_scripts_classes^[[22m | ^[[39m^[[0m
Godot gates (analyzer)	Import the project	2026-10-04T01:43:31.2717709Z [  71% ] ^[[90m^[[1mupdate_scripts_classes^[[22m | ^[[39m^[[0m
Godot gates (analyzer)	Import the project	2026-10-04T01:43:31.2718056Z [  71% ] ^[[90m^[[1mupdate_scripts_classes^[[22m | ^[[39m^[[0m
Godot gates (analyzer)	Import the project	2026-10-04T01:43:31.2718408Z [  72% ] ^[[90m^[[1mupdate_scripts_classes^[[22m | ^[[39m^[[0m
Godot gates (analyzer)	Import the project	2026-10-04T01:43:31.2718756Z [  72% ] ^[[90m^[[1mupdate_scripts_classes^[[22m | ^[[39m^[[0m
Godot gates (analyzer)	Import the project	2026-10-04T01:43:31.2719110Z [  72% ] ^[[90m^[[1mupdate_scripts_classes^[[22m | ^[[39m^[[0m
Godot gates (analyzer)	Import the project	2026-10-04T01:43:31.2719570Z [  72% ] ^[[90m^[[1mupdate_scripts_classes^[[22m | ^[[39m^[[0m
Godot gates (analyzer)	Import the project	2026-10-04T01:43:31.2720025Z [  72% ] ^[[90m^[[1mupdate_scripts_classes^[[22m | ^[[39m^[[0m
Godot gates (analyzer)	Import the project	2026-10-04T01:43:31.2720377Z [  72% ] ^[[90m^[[1mupdate_scripts_classes^[[22m | ^[[39m^[[0m
Godot gates (analyzer)	Import the project	2026-10-04T01:43:31.2720742Z [  72% ] ^[[90m^[[1mupdate_scripts_classes^[[22m | ^[[39m^[[0m
Godot gates (analyzer)	Import the project	2026-10-04T01:43:31.2721099Z [  72% ] ^[[90m^[[1mupdate_scripts_classes^[[22m | ^[[39m^[[0m
Godot gates (analyzer)	Import the project	2026-10-04T01:43:31.2721487Z [  72% ] ^[[90m^[[1mupdate_scripts_classes^[[22m | ^[[39m^[[0m
Godot gates (analyzer)	Import the project	2026-10-04T01:43:31.2722000Z [  72% ] ^[[90m^[[1mupdate_scripts_classes^[[22m | ^[[39m^[[0m
Godot gates (analyzer)	Import the project	2026-10-04T01:43:31.2722365Z [  72% ] ^[[90m^[[1mupdate_scripts_classes^[[22m | ^[[39m^[[0m
Godot gates (analyzer)	Import the project	2026-10-04T01:43:31.2722718Z [  72% ] ^[[90m^[[1mupdate_scripts_classes^[[22m | ^[[39m^[[0m
Godot gates (analyzer)	Import the project	2026-10-04T01:43:31.2723067Z [  73% ] ^[[90m^[[1mupdate_scripts_classes^[[22m | ^[[39m^[[0m
Godot gates (analyzer)	Import the project	2026-10-04T01:43:31.2723419Z [  73% ] ^[[90m^[[1mupdate_scripts_classes^[[22m | ^[[39m^[[0m
Godot gates (analyzer)	Import the project	2026-10-04T01:43:31.2723873Z [  73% ] ^[[90m^[[1mupdate_scripts_classes^[[22m | ^[[39m^[[0m
Godot gates (analyzer)	Import the project	2026-10-04T01:43:31.2724306Z [  73% ] ^[[90m^[[1mupdate_scripts_classes^[[22m | ^[[39m^[[0m
Godot gates (analyzer)	Import the project	2026-10-04T01:43:31.2724657Z [  73% ] ^[[90m^[[1mupdate_scripts_classes^[[22m | ^[[39m^[[0m
Godot gates (analyzer)	Import the project	2026-10-04T01:43:31.2725014Z [  73% ] ^[[90m^[[1mupdate_scripts_classes^[[22m | ^[[39m^[[0m
Godot gates (analyzer)	Import the project	2026-10-04T01:43:31.2725371Z [  73% ] ^[[90m^[[1mupdate_scripts_classes^[[22m | ^[[39m^[[0m
Godot gates (analyzer)	Import the project	2026-10-04T01:43:31.2725731Z [  73% ] ^[[90m^[[1mupdate_scripts_classes^[[22m | ^[[39m^[[0m
Godot gates (analyzer)	Import the project	2026-10-04T01:43:31.2726192Z [  73% ] ^[[90m^[[1mupdate_scripts_classes^[[22m | ^[[39m^[[0m
Godot gates (analyzer)	Import the project	2026-10-04T01:43:31.2726632Z [  73% ] ^[[90m^[[1mupdate_scripts_classes^[[22m | ^[[39m^[[0m
Godot gates (analyzer)	Import the project	2026-10-04T01:43:31.2727223Z [  73% ] ^[[90m^[[1mupdate_scripts_classes^[[22m | ^[[39m^[[0m
Godot gates (analyzer)	Import the project	2026-10-04T01:43:31.2727580Z [  73% ] ^[[90m^[[1mupdate_scripts_classes^[[22m | ^[[39m^[[0m
Godot gates (analyzer)	Import the project	2026-10-04T01:43:31.2727932Z [  74% ] ^[[90m^[[1mupdate_scripts_classes^[[22m | ^[[39m^[[0m
Godot gates (analyzer)	Import the project	2026-10-04T01:43:31.2728380Z [  74% ] ^[[90m^[[1mupdate_scripts_classes^[[22m | ^[[39m^[[0m
Godot gates (analyzer)	Import the project	2026-10-04T01:43:31.2728833Z [  74% ] ^[[90m^[[1mupdate_scripts_classes^[[22m | ^[[39m^[[0m
Godot gates (analyzer)	Import the project	2026-10-04T01:43:31.2729187Z [  74% ] ^[[90m^[[1mupdate_scripts_classes^[[22m | ^[[39m^[[0m
Godot gates (analyzer)	Import the project	2026-10-04T01:43:31.2729532Z [  74% ] ^[[90m^[[1mupdate_scripts_classes^[[22m | ^[[39m^[[0m
Godot gates (analyzer)	Import the project	2026-10-04T01:43:31.2730089Z [  74% ] ^[[90m^[[1mupdate_scripts_classes^[[22m | ^[[39m^[[0m
Godot gates (analyzer)	Import the project	2026-10-04T01:43:31.2730521Z [  74% ] ^[[90m^[[1mupdate_scripts_classes^[[22m | ^[[39m^[[0m
Godot gates (analyzer)	Import the project	2026-10-04T01:43:31.2731116Z [  74% ] ^[[90m^[[1mupdate_scripts_classes^[[22m | ^[[39m^[[0m
Godot gates (analyzer)	Import the project	2026-10-04T01:43:31.2731472Z [  74% ] ^[[90m^[[1mupdate_scripts_classes^[[22m | ^[[39m^[[0m
Godot gates (analyzer)	Import the project	2026-10-04T01:43:31.2731822Z [  74% ] ^[[90m^[[1mupdate_scripts_classes^[[22m | ^[[39m^[[0m
Godot gates (analyzer)	Import the project	2026-10-04T01:43:31.2732178Z [  74% ] ^[[90m^[[1mupdate_scripts_classes^[[22m | ^[[39m^[[0m
Godot gates (analyzer)	Import the project	2026-10-04T01:43:31.2732525Z [  74% ] ^[[90m^[[1mupdate_scripts_classes^[[22m | ^[[39m^[[0m
Godot gates (analyzer)	Import the project	2026-10-04T01:43:31.2733064Z [  75% ] ^[[90m^[[1mupdate_scripts_classes^[[22m | ^[[39m^[[0m
Godot gates (analyzer)	Import the project	2026-10-04T01:43:31.2733421Z [  75% ] ^[[90m^[[1mupdate_scripts_classes^[[22m | ^[[39m^[[0m
Godot gates (analyzer)	Import the project	2026-10-04T01:43:31.2733782Z [  75% ] ^[[90m^[[1mupdate_scripts_classes^[[22m | ^[[39m^[[0m
Godot gates (analyzer)	Import the project	2026-10-04T01:43:31.2734130Z [  75% ] ^[[90m^[[1mupdate_scripts_classes^[[22m | ^[[39m^[[0m
Godot gates (analyzer)	Import the project	2026-10-04T01:43:31.2734480Z [  75% ] ^[[90m^[[1mupdate_scripts_classes^[[22m | ^[[39m^[[0m
Godot gates (analyzer)	Import the project	2026-10-04T01:43:31.2734923Z [  75% ] ^[[90m^[[1mupdate_scripts_classes^[[22m | ^[[39m^[[0m
Godot gates (analyzer)	Import the project	2026-10-04T01:43:31.2735379Z [  75% ] ^[[90m^[[1mupdate_scripts_classes^[[22m | ^[[39m^[[0m
Godot gates (analyzer)	Import the project	2026-10-04T01:43:31.2735740Z [  75% ] ^[[90m^[[1mupdate_scripts_classes^[[22m | ^[[39m^[[0m
Godot gates (analyzer)	Import the project	2026-10-04T01:43:31.2736092Z [  75% ] ^[[90m^[[1mupdate_scripts_classes^[[22m | ^[[39m^[[0m
Godot gates (analyzer)	Import the project	2026-10-04T01:43:31.2736440Z [  75% ] ^[[90m^[[1mupdate_scripts_classes^[[22m | ^[[39m^[[0m
Godot gates (analyzer)	Import the project	2026-10-04T01:43:31.2736798Z [  75% ] ^[[90m^[[1mupdate_scripts_classes^[[22m | ^[[39m^[[0m
Godot gates (analyzer)	Import the project	2026-10-04T01:43:31.2737622Z [  76% ] ^[[90m^[[1mupdate_scripts_classes^[[22m | ^[[39m^[[0m
Godot gates (analyzer)	Import the project	2026-10-04T01:43:31.2737990Z [  76% ] ^[[90m^[[1mupdate_scripts_classes^[[22m | ^[[39m^[[0m
Godot gates (analyzer)	Import the project	2026-10-04T01:43:31.2738381Z [  76% ] ^[[90m^[[1mupdate_scripts_classes^[[22m | ^[[39m^[[0m
Godot gates (analyzer)	Import the project	2026-10-04T01:43:31.2738750Z [  76% ] ^[[90m^[[1mupdate_scripts_classes^[[22m | ^[[39m^[[0m
Godot gates (analyzer)	Import the project	2026-10-04T01:43:31.2739114Z [  76% ] ^[[90m^[[1mupdate_scripts_classes^[[22m | ^[[39m^[[0m
Godot gates (analyzer)	Import the project	2026-10-04T01:43:31.2739598Z [  76% ] ^[[90m^[[1mupdate_scripts_classes^[[22m | ^[[39m^[[0m
Godot gates (analyzer)	Import the project	2026-10-04T01:43:31.2740074Z [  76% ] ^[[90m^[[1mupdate_scripts_classes^[[22m | ^[[39m^[[0m
Godot gates (analyzer)	Import the project	2026-10-04T01:43:31.2740448Z [  76% ] ^[[90m^[[1mupdate_scripts_classes^[[22m | ^[[39m^[[0m
Godot gates (analyzer)	Import the project	2026-10-04T01:43:31.2740794Z [  76% ] ^[[90m^[[1mupdate_scripts_classes^[[22m | ^[[39m^[[0m
Godot gates (analyzer)	Import the project	2026-10-04T01:43:31.2741146Z [  76% ] ^[[90m^[[1mupdate_scripts_classes^[[22m | ^[[39m^[[0m
Godot gates (analyzer)	Import the project	2026-10-04T01:43:31.2741530Z [  76% ] ^[[90m^[[1mupdate_scripts_classes^[[22m | ^[[39m^[[0m
Godot gates (analyzer)	Import the project	2026-10-04T01:43:31.2742107Z [  76% ] ^[[90m^[[1mupdate_scripts_classes^[[22m | ^[[39m^[[0m
Godot gates (analyzer)	Import the project	2026-10-04T01:43:31.2742464Z [  77% ] ^[[90m^[[1mupdate_scripts_classes^[[22m | ^[[39m^[[0m
Godot gates (analyzer)	Import the project	2026-10-04T01:43:31.2742819Z [  77% ] ^[[90m^[[1mupdate_scripts_classes^[[22m | ^[[39m^[[0m
Godot gates (analyzer)	Import the project	2026-10-04T01:43:31.2743172Z [  77% ] ^[[90m^[[1mupdate_scripts_classes^[[22m | ^[[39m^[[0m
Godot gates (analyzer)	Import the project	2026-10-04T01:43:31.2743529Z [  77% ] ^[[90m^[[1mupdate_scripts_classes^[[22m | ^[[39m^[[0m
Godot gates (analyzer)	Import the project	2026-10-04T01:43:31.2744010Z [  77% ] ^[[90m^[[1mupdate_scripts_classes^[[22m | ^[[39m^[[0m
Godot gates (analyzer)	Import the project	2026-10-04T01:43:31.2744483Z [  77% ] ^[[90m^[[1mupdate_scripts_classes^[[22m | ^[[39m^[[0m
Godot gates (analyzer)	Import the project	2026-10-04T01:43:31.2744835Z [  77% ] ^[[90m^[[1mupdate_scripts_classes^[[22m | ^[[39m^[[0m
Godot gates (analyzer)	Import the project	2026-10-04T01:43:31.2745203Z [  77% ] ^[[90m^[[1mupdate_scripts_classes^[[22m | ^[[39m^[[0m
Godot gates (analyzer)	Import the project	2026-10-04T01:43:31.2745573Z [  77% ] ^[[90m^[[1mupdate_scripts_classes^[[22m | ^[[39m^[[0m
Godot gates (analyzer)	Import the project	2026-10-04T01:43:31.2746057Z [  77% ] ^[[90m^[[1mupdate_scripts_classes^[[22m | ^[[39m^[[0m
Godot gates (analyzer)	Import the project	2026-10-04T01:43:31.2746560Z [  77% ] ^[[90m^[[1mupdate_scripts_classes^[[22m | ^[[39m^[[0m
Godot gates (analyzer)	Import the project	2026-10-04T01:43:31.2747104Z [  77% ] ^[[90m^[[1mupdate_scripts_classes^[[22m | ^[[39m^[[0m
Godot gates (analyzer)	Import the project	2026-10-04T01:43:31.2747469Z [  78% ] ^[[90m^[[1mupdate_scripts_classes^[[22m | ^[[39m^[[0m
Godot gates (analyzer)	Import the project	2026-10-04T01:43:31.2747830Z [  78% ] ^[[90m^[[1mupdate_scripts_classes^[[22m | ^[[39m^[[0m
Godot gates (analyzer)	Import the project	2026-10-04T01:43:31.2748183Z [  78% ] ^[[90m^[[1mupdate_scripts_classes^[[22m | ^[[39m^[[0m
Godot gates (analyzer)	Import the project	2026-10-04T01:43:31.2748715Z [  78% ] ^[[90m^[[1mupdate_scripts_classes^[[22m | ^[[39m^[[0m
Godot gates (analyzer)	Import the project	2026-10-04T01:43:31.2749114Z [  78% ] ^[[90m^[[1mupdate_scripts_classes^[[22m | ^[[39m^[[0m
Godot gates (analyzer)	Import the project	2026-10-04T01:43:31.2749634Z [  78% ] ^[[90m^[[1mupdate_scripts_classes^[[22m | ^[[39m^[[0m
Godot gates (analyzer)	Import the project	2026-10-04T01:43:31.2749984Z [  78% ] ^[[90m^[[1mupdate_scripts_classes^[[22m | ^[[39m^[[0m
Godot gates (analyzer)	Import the project	2026-10-04T01:43:31.2750503Z [  78% ] ^[[90m^[[1mupdate_scripts_classes^[[22m | ^[[39m^[[0m
Godot gates (analyzer)	Import the project	2026-10-04T01:43:31.2751037Z [  78% ] ^[[90m^[[1mupdate_scripts_classes^[[22m | ^[[39m^[[0m
Godot gates (analyzer)	Import the project	2026-10-04T01:43:31.2751403Z [  78% ] ^[[90m^[[1mupdate_scripts_classes^[[22m | ^[[39m^[[0m
Godot gates (analyzer)	Import the project	2026-10-04T01:43:31.2751753Z [  78% ] ^[[90m^[[1mupdate_scripts_classes^[[22m | ^[[39m^[[0m
Godot gates (analyzer)	Import the project	2026-10-04T01:43:31.2752109Z [  78% ] ^[[90m^[[1mupdate_scripts_classes^[[22m | ^[[39m^[[0m
Godot gates (analyzer)	Import the project	2026-10-04T01:43:31.2752463Z [  79% ] ^[[90m^[[1mupdate_scripts_classes^[[22m | ^[[39m^[[0m
Godot gates (analyzer)	Import the project	2026-10-04T01:43:31.2752923Z [  79% ] ^[[90m^[[1mupdate_scripts_classes^[[22m | ^[[39m^[[0m
Godot gates (analyzer)	Import the project	2026-10-04T01:43:31.2753363Z [  79% ] ^[[90m^[[1mupdate_scripts_classes^[[22m | ^[[39m^[[0m
Godot gates (analyzer)	Import the project	2026-10-04T01:43:31.2753726Z [  79% ] ^[[90m^[[1mupdate_scripts_classes^[[22m | ^[[39m^[[0m
Godot gates (analyzer)	Import the project	2026-10-04T01:43:31.2754075Z [  79% ] ^[[90m^[[1mupdate_scripts_classes^[[22m | ^[[39m^[[0m
Godot gates (analyzer)	Import the project	2026-10-04T01:43:31.2754440Z [  79% ] ^[[90m^[[1mupdate_scripts_classes^[[22m | ^[[39m^[[0m
Godot gates (analyzer)	Import the project	2026-10-04T01:43:31.2754797Z [  79% ] ^[[90m^[[1mupdate_scripts_classes^[[22m | ^[[39m^[[0m
Godot gates (analyzer)	Import the project	2026-10-04T01:43:31.2755320Z [  79% ] ^[[90m^[[1mupdate_scripts_classes^[[22m | ^[[39m^[[0m
Godot gates (analyzer)	Import the project	2026-10-04T01:43:31.2755716Z [  79% ] ^[[90m^[[1mupdate_scripts_classes^[[22m | ^[[39m^[[0m
Godot gates (analyzer)	Import the project	2026-10-04T01:43:31.2756068Z [  79% ] ^[[90m^[[1mupdate_scripts_classes^[[22m | ^[[39m^[[0m
Godot gates (analyzer)	Import the project	2026-10-04T01:43:31.2756572Z [  79% ] ^[[90m^[[1mupdate_scripts_classes^[[22m | ^[[39m^[[0m
Godot gates (analyzer)	Import the project	2026-10-04T01:43:31.2757069Z [  80% ] ^[[90m^[[1mupdate_scripts_classes^[[22m | ^[[39m^[[0m
Godot gates (analyzer)	Import the project	2026-10-04T01:43:31.2757543Z [  80% ] ^[[90m^[[1mupdate_scripts_classes^[[22m | ^[[39m^[[0m
Godot gates (analyzer)	Import the project	2026-10-04T01:43:31.2757989Z [  80% ] ^[[90m^[[1mupdate_scripts_classes^[[22m | ^[[39m^[[0m
Godot gates (analyzer)	Import the project	2026-10-04T01:43:31.2758347Z [  80% ] ^[[90m^[[1mupdate_scripts_classes^[[22m | ^[[39m^[[0m
Godot gates (analyzer)	Import the project	2026-10-04T01:43:31.2758711Z [  80% ] ^[[90m^[[1mupdate_scripts_classes^[[22m | ^[[39m^[[0m
Godot gates (analyzer)	Import the project	2026-10-04T01:43:31.2759063Z [  80% ] ^[[90m^[[1mupdate_scripts_classes^[[22m | ^[[39m^[[0m
Godot gates (analyzer)	Import the project	2026-10-04T01:43:31.2759432Z [  80% ] ^[[90m^[[1mupdate_scripts_classes^[[22m | ^[[39m^[[0m
Godot gates (analyzer)	Import the project	2026-10-04T01:43:31.2759999Z [  80% ] ^[[90m^[[1mupdate_scripts_classes^[[22m | ^[[39m^[[0m
Godot gates (analyzer)	Import the project	2026-10-04T01:43:31.2760381Z [  80% ] ^[[90m^[[1mupdate_scripts_classes^[[22m | ^[[39m^[[0m
Godot gates (analyzer)	Import the project	2026-10-04T01:43:31.2760733Z [  80% ] ^[[90m^[[1mupdate_scripts_classes^[[22m | ^[[39m^[[0m
Godot gates (analyzer)	Import the project	2026-10-04T01:43:31.2761083Z [  80% ] ^[[90m^[[1mupdate_scripts_classes^[[22m | ^[[39m^[[0m
Godot gates (analyzer)	Import the project	2026-10-04T01:43:31.2761439Z [  80% ] ^[[90m^[[1mupdate_scripts_classes^[[22m | ^[[39m^[[0m
Godot gates (analyzer)	Import the project	2026-10-04T01:43:31.2761883Z [  81% ] ^[[90m^[[1mupdate_scripts_classes^[[22m | ^[[39m^[[0m
Godot gates (analyzer)	Import the project	2026-10-04T01:43:31.2762346Z [  81% ] ^[[90m^[[1mupdate_scripts_classes^[[22m | ^[[39m^[[0m
Godot gates (analyzer)	Import the project	2026-10-04T01:43:31.2762697Z [  81% ] ^[[90m^[[1mupdate_scripts_classes^[[22m | ^[[39m^[[0m
Godot gates (analyzer)	Import the project	2026-10-04T01:43:31.2763055Z [  81% ] ^[[90m^[[1mupdate_scripts_classes^[[22m | ^[[39m^[[0m
Godot gates (analyzer)	Import the project	2026-10-04T01:43:31.2763415Z [  81% ] ^[[90m^[[1mupdate_scripts_classes^[[22m | ^[[39m^[[0m
Godot gates (analyzer)	Import the project	2026-10-04T01:43:31.2763775Z [  81% ] ^[[90m^[[1mupdate_scripts_classes^[[22m | ^[[39m^[[0m
Godot gates (analyzer)	Import the project	2026-10-04T01:43:31.2764244Z [  81% ] ^[[90m^[[1mupdate_scripts_classes^[[22m | ^[[39m^[[0m
Godot gates (analyzer)	Import the project	2026-10-04T01:43:31.2764704Z [  81% ] ^[[90m^[[1mupdate_scripts_classes^[[22m | ^[[39m^[[0m
Godot gates (analyzer)	Import the project	2026-10-04T01:43:31.2765157Z [  81% ] ^[[90m^[[1mupdate_scripts_classes^[[22m | ^[[39m^[[0m
Godot gates (analyzer)	Import the project	2026-10-04T01:43:31.2765513Z [  81% ] ^[[90m^[[1mupdate_scripts_classes^[[22m | ^[[39m^[[0m
Godot gates (analyzer)	Import the project	2026-10-04T01:43:31.2765867Z [  81% ] ^[[90m^[[1mupdate_scripts_classes^[[22m | ^[[39m^[[0m
Godot gates (analyzer)	Import the project	2026-10-04T01:43:31.2766338Z [  81% ] ^[[90m^[[1mupdate_scripts_classes^[[22m | ^[[39m^[[0m
Godot gates (analyzer)	Import the project	2026-10-04T01:43:31.2766780Z [  82% ] ^[[90m^[[1mupdate_scripts_classes^[[22m | ^[[39m^[[0m
Godot gates (analyzer)	Import the project	2026-10-04T01:43:31.2767384Z [  82% ] ^[[90m^[[1mupdate_scripts_classes^[[22m | ^[[39m^[[0m
Godot gates (analyzer)	Import the project	2026-10-04T01:43:31.2767865Z [  82% ] ^[[90m^[[1mupdate_scripts_classes^[[22m | ^[[39m^[[0m
Godot gates (analyzer)	Import the project	2026-10-04T01:43:31.2768226Z [  82% ] ^[[90m^[[1mupdate_scripts_classes^[[22m | ^[[39m^[[0m
Godot gates (analyzer)	Import the project	2026-10-04T01:43:31.2768731Z [  82% ] ^[[90m^[[1mupdate_scripts_classes^[[22m | ^[[39m^[[0m
Godot gates (analyzer)	Import the project	2026-10-04T01:43:31.2769415Z [  82% ] ^[[90m^[[1mupdate_scripts_classes^[[22m | ^[[39m^[[0m
Godot gates (analyzer)	Import the project	2026-10-04T01:43:31.2769782Z [  82% ] ^[[90m^[[1mupdate_scripts_classes^[[22m | ^[[39m^[[0m
Godot gates (analyzer)	Import the project	2026-10-04T01:43:31.2770269Z [  82% ] ^[[90m^[[1mupdate_scripts_classes^[[22m | ^[[39m^[[0m
Godot gates (analyzer)	Import the project	2026-10-04T01:43:31.2770682Z [  82% ] ^[[90m^[[1mupdate_scripts_classes^[[22m | ^[[39m^[[0m
Godot gates (analyzer)	Import the project	2026-10-04T01:43:31.2771239Z [  82% ] ^[[90m^[[1mupdate_scripts_classes^[[22m | ^[[39m^[[0m
Godot gates (analyzer)	Import the project	2026-10-04T01:43:31.2771603Z [  82% ] ^[[90m^[[1mupdate_scripts_classes^[[22m | ^[[39m^[[0m
Godot gates (analyzer)	Import the project	2026-10-04T01:43:31.2771966Z [  82% ] ^[[90m^[[1mupdate_scripts_classes^[[22m | ^[[39m^[[0m
Godot gates (analyzer)	Import the project	2026-10-04T01:43:31.2772322Z [  83% ] ^[[90m^[[1mupdate_scripts_classes^[[22m | ^[[39m^[[0m
Godot gates (analyzer)	Import the project	2026-10-04T01:43:31.2772676Z [  83% ] ^[[90m^[[1mupdate_scripts_classes^[[22m | ^[[39m^[[0m
Godot gates (analyzer)	Import the project	2026-10-04T01:43:31.2773211Z [  83% ] ^[[90m^[[1mupdate_scripts_classes^[[22m | ^[[39m^[[0m
Godot gates (analyzer)	Import the project	2026-10-04T01:43:31.2773630Z [  83% ] ^[[90m^[[1mupdate_scripts_classes^[[22m | ^[[39m^[[0m
Godot gates (analyzer)	Import the project	2026-10-04T01:43:31.2773987Z [  83% ] ^[[90m^[[1mupdate_scripts_classes^[[22m | ^[[39m^[[0m
Godot gates (analyzer)	Import the project	2026-10-04T01:43:31.2774349Z [  83% ] ^[[90m^[[1mupdate_scripts_classes^[[22m | ^[[39m^[[0m
Godot gates (analyzer)	Import the project	2026-10-04T01:43:31.2774702Z [  83% ] ^[[90m^[[1mupdate_scripts_classes^[[22m | ^[[39m^[[0m
Godot gates (analyzer)	Import the project	2026-10-04T01:43:31.2775174Z [  83% ] ^[[90m^[[1mupdate_scripts_classes^[[22m | ^[[39m^[[0m
Godot gates (analyzer)	Import the project	2026-10-04T01:43:31.2775738Z [  83% ] ^[[90m^[[1mupdate_scripts_classes^[[22m | ^[[39m^[[0m
Godot gates (analyzer)	Import the project	2026-10-04T01:43:31.2776096Z [  83% ] ^[[90m^[[1mupdate_scripts_classes^[[22m | ^[[39m^[[0m
Godot gates (analyzer)	Import the project	2026-10-04T01:43:31.2776447Z [  83% ] ^[[90m^[[1mupdate_scripts_classes^[[22m | ^[[39m^[[0m
Godot gates (analyzer)	Import the project	2026-10-04T01:43:31.2776807Z [  84% ] ^[[90m^[[1mupdate_scripts_classes^[[22m | ^[[39m^[[0m
Godot gates (analyzer)	Import the project	2026-10-04T01:43:31.2777685Z [  84% ] ^[[90m^[[1mupdate_scripts_classes^[[22m | ^[[39m^[[0m
Godot gates (analyzer)	Import the project	2026-10-04T01:43:31.2778207Z [  84% ] ^[[90m^[[1mupdate_scripts_classes^[[22m | ^[[39m^[[0m
Godot gates (analyzer)	Import the project	2026-10-04T01:43:31.2778569Z [  84% ] ^[[90m^[[1mupdate_scripts_classes^[[22m | ^[[39m^[[0m
Godot gates (analyzer)	Import the project	2026-10-04T01:43:31.2778937Z [  84% ] ^[[90m^[[1mupdate_scripts_classes^[[22m | ^[[39m^[[0m
Godot gates (analyzer)	Import the project	2026-10-04T01:43:31.2779293Z [  84% ] ^[[90m^[[1mupdate_scripts_classes^[[22m | ^[[39m^[[0m
Godot gates (analyzer)	Import the project	2026-10-04T01:43:31.2779660Z [  84% ] ^[[90m^[[1mupdate_scripts_classes^[[22m | ^[[39m^[[0m
Godot gates (analyzer)	Import the project	2026-10-04T01:43:31.2780064Z [  84% ] ^[[90m^[[1mupdate_scripts_classes^[[22m | ^[[39m^[[0m
Godot gates (analyzer)	Import the project	2026-10-04T01:43:31.2780507Z [  84% ] ^[[90m^[[1mupdate_scripts_classes^[[22m | ^[[39m^[[0m
Godot gates (analyzer)	Import the project	2026-10-04T01:43:31.2780861Z [  84% ] ^[[90m^[[1mupdate_scripts_classes^[[22m | ^[[39m^[[0m
Godot gates (analyzer)	Import the project	2026-10-04T01:43:31.2781217Z [  84% ] ^[[90m^[[1mupdate_scripts_classes^[[22m | ^[[39m^[[0m
Godot gates (analyzer)	Import the project	2026-10-04T01:43:31.2781569Z [  84% ] ^[[90m^[[1mupdate_scripts_classes^[[22m | ^[[39m^[[0m
Godot gates (analyzer)	Import the project	2026-10-04T01:43:31.2781932Z [  85% ] ^[[90m^[[1mupdate_scripts_classes^[[22m | ^[[39m^[[0m
Godot gates (analyzer)	Import the project	2026-10-04T01:43:31.2782327Z [  85% ] ^[[90m^[[1mupdate_scripts_classes^[[22m | ^[[39m^[[0m
Godot gates (analyzer)	Import the project	2026-10-04T01:43:31.2782769Z [  85% ] ^[[90m^[[1mupdate_scripts_classes^[[22m | ^[[39m^[[0m
Godot gates (analyzer)	Import the project	2026-10-04T01:43:31.2783120Z [  85% ] ^[[90m^[[1mupdate_scripts_classes^[[22m | ^[[39m^[[0m
Godot gates (analyzer)	Import the project	2026-10-04T01:43:31.2783480Z [  85% ] ^[[90m^[[1mupdate_scripts_classes^[[22m | ^[[39m^[[0m
Godot gates (analyzer)	Import the project	2026-10-04T01:43:31.2783829Z [  85% ] ^[[90m^[[1mupdate_scripts_classes^[[22m | ^[[39m^[[0m
Godot gates (analyzer)	Import the project	2026-10-04T01:43:31.2784188Z [  85% ] ^[[90m^[[1mupdate_scripts_classes^[[22m | ^[[39m^[[0m
Godot gates (analyzer)	Import the project	2026-10-04T01:43:31.2784603Z [  85% ] ^[[90m^[[1mupdate_scripts_classes^[[22m | ^[[39m^[[0m
Godot gates (analyzer)	Import the project	2026-10-04T01:43:31.2785021Z [  85% ] ^[[90m^[[1mupdate_scripts_classes^[[22m | ^[[39m^[[0m
Godot gates (analyzer)	Import the project	2026-10-04T01:43:31.2785375Z [  85% ] ^[[90m^[[1mupdate_scripts_classes^[[22m | ^[[39m^[[0m
Godot gates (analyzer)	Import the project	2026-10-04T01:43:31.2785728Z [  85% ] ^[[90m^[[1mupdate_scripts_classes^[[22m | ^[[39m^[[0m
Godot gates (analyzer)	Import the project	2026-10-04T01:43:31.2786079Z [  85% ] ^[[90m^[[1mupdate_scripts_classes^[[22m | ^[[39m^[[0m
Godot gates (analyzer)	Import the project	2026-10-04T01:43:31.2786445Z [  86% ] ^[[90m^[[1mupdate_scripts_classes^[[22m | ^[[39m^[[0m
Godot gates (analyzer)	Import the project	2026-10-04T01:43:31.2786906Z [  86% ] ^[[90m^[[1mupdate_scripts_classes^[[22m | ^[[39m^[[0m
Godot gates (analyzer)	Import the project	2026-10-04T01:43:31.2787451Z [  86% ] ^[[90m^[[1mupdate_scripts_classes^[[22m | ^[[39m^[[0m
Godot gates (analyzer)	Import the project	2026-10-04T01:43:31.2787803Z [  86% ] ^[[90m^[[1mupdate_scripts_classes^[[22m | ^[[39m^[[0m
Godot gates (analyzer)	Import the project	2026-10-04T01:43:31.2788166Z [  86% ] ^[[90m^[[1mupdate_scripts_classes^[[22m | ^[[39m^[[0m
Godot gates (analyzer)	Import the project	2026-10-04T01:43:31.2788750Z [  86% ] ^[[90m^[[1mupdate_scripts_classes^[[22m | ^[[39m^[[0m
Godot gates (analyzer)	Import the project	2026-10-04T01:43:31.2789199Z [  86% ] ^[[90m^[[1mupdate_scripts_classes^[[22m | ^[[39m^[[0m
Godot gates (analyzer)	Import the project	2026-10-04T01:43:31.2789706Z [  86% ] ^[[90m^[[1mupdate_scripts_classes^[[22m | ^[[39m^[[0m
Godot gates (analyzer)	Import the project	2026-10-04T01:43:31.2790069Z [  86% ] ^[[90m^[[1mupdate_scripts_classes^[[22m | ^[[39m^[[0m
Godot gates (analyzer)	Import the project	2026-10-04T01:43:31.2790640Z [  86% ] ^[[90m^[[1mupdate_scripts_classes^[[22m | ^[[39m^[[0m
Godot gates (analyzer)	Import the project	2026-10-04T01:43:31.2791001Z [  86% ] ^[[90m^[[1mupdate_scripts_classes^[[22m | ^[[39m^[[0m
Godot gates (analyzer)	Import the project	2026-10-04T01:43:31.2791470Z [  86% ] ^[[90m^[[1mupdate_scripts_classes^[[22m | ^[[39m^[[0m
Godot gates (analyzer)	Import the project	2026-10-04T01:43:31.2791844Z [  87% ] ^[[90m^[[1mupdate_scripts_classes^[[22m | ^[[39m^[[0m
Godot gates (analyzer)	Import the project	2026-10-04T01:43:31.2792004Z [  87% ] ^[[90m^[[1mupdate_scripts_classes^[[22m | ^[[39m^[[0m
Godot gates (analyzer)	Import the project	2026-10-04T01:43:31.2792168Z [  87% ] ^[[90m^[[1mupdate_scripts_classes^[[22m | ^[[39m^[[0m
Godot gates (analyzer)	Import the project	2026-10-04T01:43:31.2792331Z [  87% ] ^[[90m^[[1mupdate_scripts_classes^[[22m | ^[[39m^[[0m
Godot gates (analyzer)	Import the project	2026-10-04T01:43:31.2792487Z [  87% ] ^[[90m^[[1mupdate_scripts_classes^[[22m | ^[[39m^[[0m
Godot gates (analyzer)	Import the project	2026-10-04T01:43:31.2792654Z [  87% ] ^[[90m^[[1mupdate_scripts_classes^[[22m | ^[[39m^[[0m
Godot gates (analyzer)	Import the project	2026-10-04T01:43:31.2792816Z [  87% ] ^[[90m^[[1mupdate_scripts_classes^[[22m | ^[[39m^[[0m
Godot gates (analyzer)	Import the project	2026-10-04T01:43:31.2792977Z [  87% ] ^[[90m^[[1mupdate_scripts_classes^[[22m | ^[[39m^[[0m
Godot gates (analyzer)	Import the project	2026-10-04T01:43:31.2793139Z [  87% ] ^[[90m^[[1mupdate_scripts_classes^[[22m | ^[[39m^[[0m
Godot gates (analyzer)	Import the project	2026-10-04T01:43:31.2793297Z [  87% ] ^[[90m^[[1mupdate_scripts_classes^[[22m | ^[[39m^[[0m
Godot gates (analyzer)	Import the project	2026-10-04T01:43:31.2793556Z [  87% ] ^[[90m^[[1mupdate_scripts_classes^[[22m | ^[[39m^[[0m
Godot gates (analyzer)	Import the project	2026-10-04T01:43:31.2793745Z [  88% ] ^[[90m^[[1mupdate_scripts_classes^[[22m | ^[[39m^[[0m
Godot gates (analyzer)	Import the project	2026-10-04T01:43:31.2793906Z [  88% ] ^[[90m^[[1mupdate_scripts_classes^[[22m | ^[[39m^[[0m
Godot gates (analyzer)	Import the project	2026-10-04T01:43:31.2794071Z [  88% ] ^[[90m^[[1mupdate_scripts_classes^[[22m | ^[[39m^[[0m
Godot gates (analyzer)	Import the project	2026-10-04T01:43:31.2794234Z [  88% ] ^[[90m^[[1mupdate_scripts_classes^[[22m | ^[[39m^[[0m
Godot gates (analyzer)	Import the project	2026-10-04T01:43:31.2794388Z [  88% ] ^[[90m^[[1mupdate_scripts_classes^[[22m | ^[[39m^[[0m
Godot gates (analyzer)	Import the project	2026-10-04T01:43:31.2794550Z [  88% ] ^[[90m^[[1mupdate_scripts_classes^[[22m | ^[[39m^[[0m
Godot gates (analyzer)	Import the project	2026-10-04T01:43:31.2794725Z [  88% ] ^[[90m^[[1mupdate_scripts_classes^[[22m | ^[[39m^[[0m
Godot gates (analyzer)	Import the project	2026-10-04T01:43:31.2794882Z [  88% ] ^[[90m^[[1mupdate_scripts_classes^[[22m | ^[[39m^[[0m
Godot gates (analyzer)	Import the project	2026-10-04T01:43:31.2795051Z [  88% ] ^[[90m^[[1mupdate_scripts_classes^[[22m | ^[[39m^[[0m
Godot gates (analyzer)	Import the project	2026-10-04T01:43:31.2795215Z [  88% ] ^[[90m^[[1mupdate_scripts_classes^[[22m | ^[[39m^[[0m
Godot gates (analyzer)	Import the project	2026-10-04T01:43:31.2795371Z [  88% ] ^[[90m^[[1mupdate_scripts_classes^[[22m | ^[[39m^[[0m
Godot gates (analyzer)	Import the project	2026-10-04T01:43:31.2795536Z [  88% ] ^[[90m^[[1mupdate_scripts_classes^[[22m | ^[[39m^[[0m
Godot gates (analyzer)	Import the project	2026-10-04T01:43:31.2795810Z [  89% ] ^[[90m^[[1mupdate_scripts_classes^[[22m | ^[[39m^[[0m
Godot gates (analyzer)	Import the project	2026-10-04T01:43:31.2795969Z [  89% ] ^[[90m^[[1mupdate_scripts_classes^[[22m | ^[[39m^[[0m
Godot gates (analyzer)	Import the project	2026-10-04T01:43:31.2796135Z [  89% ] ^[[90m^[[1mupdate_scripts_classes^[[22m | ^[[39m^[[0m
Godot gates (analyzer)	Import the project	2026-10-04T01:43:31.2796293Z [  89% ] ^[[90m^[[1mupdate_scripts_classes^[[22m | ^[[39m^[[0m
Godot gates (analyzer)	Import the project	2026-10-04T01:43:31.2796459Z [  89% ] ^[[90m^[[1mupdate_scripts_classes^[[22m | ^[[39m^[[0m
Godot gates (analyzer)	Import the project	2026-10-04T01:43:31.2796620Z [  89% ] ^[[90m^[[1mupdate_scripts_classes^[[22m | ^[[39m^[[0m
Godot gates (analyzer)	Import the project	2026-10-04T01:43:31.2796781Z [  89% ] ^[[90m^[[1mupdate_scripts_classes^[[22m | ^[[39m^[[0m
Godot gates (analyzer)	Import the project	2026-10-04T01:43:31.2797055Z [  89% ] ^[[90m^[[1mupdate_scripts_classes^[[22m | ^[[39m^[[0m
Godot gates (analyzer)	Import the project	2026-10-04T01:43:31.2797219Z [  89% ] ^[[90m^[[1mupdate_scripts_classes^[[22m | ^[[39m^[[0m
Godot gates (analyzer)	Import the project	2026-10-04T01:43:31.2797375Z [  89% ] ^[[90m^[[1mupdate_scripts_classes^[[22m | ^[[39m^[[0m
Godot gates (analyzer)	Import the project	2026-10-04T01:43:31.2797540Z [  89% ] ^[[90m^[[1mupdate_scripts_classes^[[22m | ^[[39m^[[0m
Godot gates (analyzer)	Import the project	2026-10-04T01:43:31.2797705Z [  89% ] ^[[90m^[[1mupdate_scripts_classes^[[22m | ^[[39m^[[0m
Godot gates (analyzer)	Import the project	2026-10-04T01:43:31.2797860Z [  90% ] ^[[90m^[[1mupdate_scripts_classes^[[22m | ^[[39m^[[0m
Godot gates (analyzer)	Import the project	2026-10-04T01:43:31.2798087Z [  90% ] ^[[90m^[[1mupdate_scripts_classes^[[22m | ^[[39m^[[0m
Godot gates (analyzer)	Import the project	2026-10-04T01:43:31.2798317Z [  90% ] ^[[90m^[[1mupdate_scripts_classes^[[22m | ^[[39m^[[0m
Godot gates (analyzer)	Import the project	2026-10-04T01:43:31.2798484Z [  90% ] ^[[90m^[[1mupdate_scripts_classes^[[22m | ^[[39m^[[0m
Godot gates (analyzer)	Import the project	2026-10-04T01:43:31.2798650Z [  90% ] ^[[90m^[[1mupdate_scripts_classes^[[22m | ^[[39m^[[0m
Godot gates (analyzer)	Import the project	2026-10-04T01:43:31.2798961Z [  90% ] ^[[90m^[[1mupdate_scripts_classes^[[22m | ^[[39m^[[0m
Godot gates (analyzer)	Import the project	2026-10-04T01:43:31.2799126Z [  90% ] ^[[90m^[[1mupdate_scripts_classes^[[22m | ^[[39m^[[0m
Godot gates (analyzer)	Import the project	2026-10-04T01:43:31.2799480Z [  90% ] ^[[90m^[[1mupdate_scripts_classes^[[22m | ^[[39m^[[0m
Godot gates (analyzer)	Import the project	2026-10-04T01:43:31.2799654Z [  90% ] ^[[90m^[[1mupdate_scripts_classes^[[22m | ^[[39m^[[0m
Godot gates (analyzer)	Import the project	2026-10-04T01:43:31.2799819Z [  90% ] ^[[90m^[[1mupdate_scripts_classes^[[22m | ^[[39m^[[0m
Godot gates (analyzer)	Import the project	2026-10-04T01:43:31.2799984Z [  90% ] ^[[90m^[[1mupdate_scripts_classes^[[22m | ^[[39m^[[0m
Godot gates (analyzer)	Import the project	2026-10-04T01:43:31.2800141Z [  90% ] ^[[90m^[[1mupdate_scripts_classes^[[22m | ^[[39m^[[0m
Godot gates (analyzer)	Import the project	2026-10-04T01:43:31.2800365Z [  91% ] ^[[90m^[[1mupdate_scripts_classes^[[22m | ^[[39m^[[0m
Godot gates (analyzer)	Import the project	2026-10-04T01:43:31.2800597Z [  91% ] ^[[90m^[[1mupdate_scripts_classes^[[22m | ^[[39m^[[0m
Godot gates (analyzer)	Import the project	2026-10-04T01:43:31.2800758Z [  91% ] ^[[90m^[[1mupdate_scripts_classes^[[22m | ^[[39m^[[0m
Godot gates (analyzer)	Import the project	2026-10-04T01:43:31.2800921Z [  91% ] ^[[90m^[[1mupdate_scripts_classes^[[22m | ^[[39m^[[0m
Godot gates (analyzer)	Import the project	2026-10-04T01:43:31.2801085Z [  91% ] ^[[90m^[[1mupdate_scripts_classes^[[22m | ^[[39m^[[0m
Godot gates (analyzer)	Import the project	2026-10-04T01:43:31.2801249Z [  91% ] ^[[90m^[[1mupdate_scripts_classes^[[22m | ^[[39m^[[0m
Godot gates (analyzer)	Import the project	2026-10-04T01:43:31.2801413Z [  91% ] ^[[90m^[[1mupdate_scripts_classes^[[22m | ^[[39m^[[0m
Godot gates (analyzer)	Import the project	2026-10-04T01:43:31.2801572Z [  91% ] ^[[90m^[[1mupdate_scripts_classes^[[22m | ^[[39m^[[0m
Godot gates (analyzer)	Import the project	2026-10-04T01:43:31.2801735Z [  91% ] ^[[90m^[[1mupdate_scripts_classes^[[22m | ^[[39m^[[0m
Godot gates (analyzer)	Import the project	2026-10-04T01:43:31.2801900Z [  91% ] ^[[90m^[[1mupdate_scripts_classes^[[22m | ^[[39m^[[0m
Godot gates (analyzer)	Import the project	2026-10-04T01:43:31.2802054Z [  91% ] ^[[90m^[[1mupdate_scripts_classes^[[22m | ^[[39m^[[0m
Godot gates (analyzer)	Import the project	2026-10-04T01:43:31.2802221Z [  92% ] ^[[90m^[[1mupdate_scripts_classes^[[22m | ^[[39m^[[0m
Godot gates (analyzer)	Import the project	2026-10-04T01:43:31.2802383Z [  92% ] ^[[90m^[[1mupdate_scripts_classes^[[22m | ^[[39m^[[0m
Godot gates (analyzer)	Import the project	2026-10-04T01:43:31.2802618Z [  92% ] ^[[90m^[[1mupdate_scripts_classes^[[22m | ^[[39m^[[0m
Godot gates (analyzer)	Import the project	2026-10-04T01:43:31.2802824Z [  92% ] ^[[90m^[[1mupdate_scripts_classes^[[22m | ^[[39m^[[0m
Godot gates (analyzer)	Import the project	2026-10-04T01:43:31.2802989Z [  92% ] ^[[90m^[[1mupdate_scripts_classes^[[22m | ^[[39m^[[0m
Godot gates (analyzer)	Import the project	2026-10-04T01:43:31.2803147Z [  92% ] ^[[90m^[[1mupdate_scripts_classes^[[22m | ^[[39m^[[0m
Godot gates (analyzer)	Import the project	2026-10-04T01:43:31.2803319Z [  92% ] ^[[90m^[[1mupdate_scripts_classes^[[22m | ^[[39m^[[0m
Godot gates (analyzer)	Import the project	2026-10-04T01:43:31.2803483Z [  92% ] ^[[90m^[[1mupdate_scripts_classes^[[22m | ^[[39m^[[0m
Godot gates (analyzer)	Import the project	2026-10-04T01:43:31.2803642Z [  92% ] ^[[90m^[[1mupdate_scripts_classes^[[22m | ^[[39m^[[0m
Godot gates (analyzer)	Import the project	2026-10-04T01:43:31.2803807Z [  92% ] ^[[90m^[[1mupdate_scripts_classes^[[22m | ^[[39m^[[0m
Godot gates (analyzer)	Import the project	2026-10-04T01:43:31.2803965Z [  92% ] ^[[90m^[[1mupdate_scripts_classes^[[22m | ^[[39m^[[0m
Godot gates (analyzer)	Import the project	2026-10-04T01:43:31.2804135Z [  92% ] ^[[90m^[[1mupdate_scripts_classes^[[22m | ^[[39m^[[0m
Godot gates (analyzer)	Import the project	2026-10-04T01:43:31.2804300Z [  93% ] ^[[90m^[[1mupdate_scripts_classes^[[22m | ^[[39m^[[0m
Godot gates (analyzer)	Import the project	2026-10-04T01:43:31.2804455Z [  93% ] ^[[90m^[[1mupdate_scripts_classes^[[22m | ^[[39m^[[0m
Godot gates (analyzer)	Import the project	2026-10-04T01:43:31.2804618Z [  93% ] ^[[90m^[[1mupdate_scripts_classes^[[22m | ^[[39m^[[0m
Godot gates (analyzer)	Import the project	2026-10-04T01:43:31.2804891Z [  93% ] ^[[90m^[[1mupdate_scripts_classes^[[22m | ^[[39m^[[0m
Godot gates (analyzer)	Import the project	2026-10-04T01:43:31.2805051Z [  93% ] ^[[90m^[[1mupdate_scripts_classes^[[22m | ^[[39m^[[0m
Godot gates (analyzer)	Import the project	2026-10-04T01:43:31.2805214Z [  93% ] ^[[90m^[[1mupdate_scripts_classes^[[22m | ^[[39m^[[0m
Godot gates (analyzer)	Import the project	2026-10-04T01:43:31.2805382Z [  93% ] ^[[90m^[[1mupdate_scripts_classes^[[22m | ^[[39m^[[0m
Godot gates (analyzer)	Import the project	2026-10-04T01:43:31.2805545Z [  93% ] ^[[90m^[[1mupdate_scripts_classes^[[22m | ^[[39m^[[0m
Godot gates (analyzer)	Import the project	2026-10-04T01:43:31.2805715Z [  93% ] ^[[90m^[[1mupdate_scripts_classes^[[22m | ^[[39m^[[0m
Godot gates (analyzer)	Import the project	2026-10-04T01:43:31.2805879Z [  93% ] ^[[90m^[[1mupdate_scripts_classes^[[22m | ^[[39m^[[0m
Godot gates (analyzer)	Import the project	2026-10-04T01:43:31.2806033Z [  93% ] ^[[90m^[[1mupdate_scripts_classes^[[22m | ^[[39m^[[0m
Godot gates (analyzer)	Import the project	2026-10-04T01:43:31.2806197Z [  93% ] ^[[90m^[[1mupdate_scripts_classes^[[22m | ^[[39m^[[0m
Godot gates (analyzer)	Import the project	2026-10-04T01:43:31.2806354Z [  94% ] ^[[90m^[[1mupdate_scripts_classes^[[22m | ^[[39m^[[0m
Godot gates (analyzer)	Import the project	2026-10-04T01:43:31.2806518Z [  94% ] ^[[90m^[[1mupdate_scripts_classes^[[22m | ^[[39m^[[0m
Godot gates (analyzer)	Import the project	2026-10-04T01:43:31.2806678Z [  94% ] ^[[90m^[[1mupdate_scripts_classes^[[22m | ^[[39m^[[0m
Godot gates (analyzer)	Import the project	2026-10-04T01:43:31.2806883Z [  94% ] ^[[90m^[[1mupdate_scripts_classes^[[22m | ^[[39m^[[0m
Godot gates (analyzer)	Import the project	2026-10-04T01:43:31.2807242Z [  94% ] ^[[90m^[[1mupdate_scripts_classes^[[22m | ^[[39m^[[0m
Godot gates (analyzer)	Import the project	2026-10-04T01:43:31.2807547Z [  94% ] ^[[90m^[[1mupdate_scripts_classes^[[22m | ^[[39m^[[0m
Godot gates (analyzer)	Import the project	2026-10-04T01:43:31.2807704Z [  94% ] ^[[90m^[[1mupdate_scripts_classes^[[22m | ^[[39m^[[0m
Godot gates (analyzer)	Import the project	2026-10-04T01:43:31.2807979Z [  94% ] ^[[90m^[[1mupdate_scripts_classes^[[22m | ^[[39m^[[0m
Godot gates (analyzer)	Import the project	2026-10-04T01:43:31.2808140Z [  94% ] ^[[90m^[[1mupdate_scripts_classes^[[22m | ^[[39m^[[0m
Godot gates (analyzer)	Import the project	2026-10-04T01:43:31.2808297Z [  94% ] ^[[90m^[[1mupdate_scripts_classes^[[22m | ^[[39m^[[0m
Godot gates (analyzer)	Import the project	2026-10-04T01:43:31.2808458Z [  94% ] ^[[90m^[[1mupdate_scripts_classes^[[22m | ^[[39m^[[0m
Godot gates (analyzer)	Import the project	2026-10-04T01:43:31.2808624Z [  94% ] ^[[90m^[[1mupdate_scripts_classes^[[22m | ^[[39m^[[0m
Godot gates (analyzer)	Import the project	2026-10-04T01:43:31.2808780Z [  95% ] ^[[90m^[[1mupdate_scripts_classes^[[22m | ^[[39m^[[0m
Godot gates (analyzer)	Import the project	2026-10-04T01:43:31.2808944Z [  95% ] ^[[90m^[[1mupdate_scripts_classes^[[22m | ^[[39m^[[0m
Godot gates (analyzer)	Import the project	2026-10-04T01:43:31.2809108Z [  95% ] ^[[90m^[[1mupdate_scripts_classes^[[22m | ^[[39m^[[0m
Godot gates (analyzer)	Import the project	2026-10-04T01:43:31.2809359Z [  95% ] ^[[90m^[[1mupdate_scripts_classes^[[22m | ^[[39m^[[0m
Godot gates (analyzer)	Import the project	2026-10-04T01:43:31.2809550Z [  95% ] ^[[90m^[[1mupdate_scripts_classes^[[22m | ^[[39m^[[0m
Godot gates (analyzer)	Import the project	2026-10-04T01:43:31.2809714Z [  95% ] ^[[90m^[[1mupdate_scripts_classes^[[22m | ^[[39m^[[0m
Godot gates (analyzer)	Import the project	2026-10-04T01:43:31.2809878Z [  95% ] ^[[90m^[[1mupdate_scripts_classes^[[22m | ^[[39m^[[0m
Godot gates (analyzer)	Import the project	2026-10-04T01:43:31.2810045Z [  95% ] ^[[90m^[[1mupdate_scripts_classes^[[22m | ^[[39m^[[0m
Godot gates (analyzer)	Import the project	2026-10-04T01:43:31.2810200Z [  95% ] ^[[90m^[[1mupdate_scripts_classes^[[22m | ^[[39m^[[0m
Godot gates (analyzer)	Import the project	2026-10-04T01:43:31.2810363Z [  95% ] ^[[90m^[[1mupdate_scripts_classes^[[22m | ^[[39m^[[0m
Godot gates (analyzer)	Import the project	2026-10-04T01:43:31.2810527Z [  95% ] ^[[90m^[[1mupdate_scripts_classes^[[22m | ^[[39m^[[0m
Godot gates (analyzer)	Import the project	2026-10-04T01:43:31.2810686Z [  96% ] ^[[90m^[[1mupdate_scripts_classes^[[22m | ^[[39m^[[0m
Godot gates (analyzer)	Import the project	2026-10-04T01:43:31.2810851Z [  96% ] ^[[90m^[[1mupdate_scripts_classes^[[22m | ^[[39m^[[0m
Godot gates (analyzer)	Import the project	2026-10-04T01:43:31.2811016Z [  96% ] ^[[90m^[[1mupdate_scripts_classes^[[22m | ^[[39m^[[0m
Godot gates (analyzer)	Import the project	2026-10-04T01:43:31.2811174Z [  96% ] ^[[90m^[[1mupdate_scripts_classes^[[22m | ^[[39m^[[0m
Godot gates (analyzer)	Import the project	2026-10-04T01:43:31.2811376Z [  96% ] ^[[90m^[[1mupdate_scripts_classes^[[22m | ^[[39m^[[0m
Godot gates (analyzer)	Import the project	2026-10-04T01:43:31.2811619Z [  96% ] ^[[90m^[[1mupdate_scripts_classes^[[22m | ^[[39m^[[0m
Godot gates (analyzer)	Import the project	2026-10-04T01:43:31.2811779Z [  96% ] ^[[90m^[[1mupdate_scripts_classes^[[22m | ^[[39m^[[0m
Godot gates (analyzer)	Import the project	2026-10-04T01:43:31.2811942Z [  96% ] ^[[90m^[[1mupdate_scripts_classes^[[22m | ^[[39m^[[0m
Godot gates (analyzer)	Import the project	2026-10-04T01:43:31.2812104Z [  96% ] ^[[90m^[[1mupdate_scripts_classes^[[22m | ^[[39m^[[0m
Godot gates (analyzer)	Import the project	2026-10-04T01:43:31.2812268Z [  96% ] ^[[90m^[[1mupdate_scripts_classes^[[22m | ^[[39m^[[0m
Godot gates (analyzer)	Import the project	2026-10-04T01:43:31.2812432Z [  96% ] ^[[90m^[[1mupdate_scripts_classes^[[22m | ^[[39m^[[0m
Godot gates (analyzer)	Import the project	2026-10-04T01:43:31.2812588Z [  96% ] ^[[90m^[[1mupdate_scripts_classes^[[22m | ^[[39m^[[0m
Godot gates (analyzer)	Import the project	2026-10-04T01:43:31.2812752Z [  97% ] ^[[90m^[[1mupdate_scripts_classes^[[22m | ^[[39m^[[0m
Godot gates (analyzer)	Import the project	2026-10-04T01:43:31.2812914Z [  97% ] ^[[90m^[[1mupdate_scripts_classes^[[22m | ^[[39m^[[0m
Godot gates (analyzer)	Import the project	2026-10-04T01:43:31.2813072Z [  97% ] ^[[90m^[[1mupdate_scripts_classes^[[22m | ^[[39m^[[0m
Godot gates (analyzer)	Import the project	2026-10-04T01:43:31.2813238Z [  97% ] ^[[90m^[[1mupdate_scripts_classes^[[22m | ^[[39m^[[0m
Godot gates (analyzer)	Import the project	2026-10-04T01:43:31.2813401Z [  97% ] ^[[90m^[[1mupdate_scripts_classes^[[22m | ^[[39m^[[0m
Godot gates (analyzer)	Import the project	2026-10-04T01:43:31.2813556Z [  97% ] ^[[90m^[[1mupdate_scripts_classes^[[22m | ^[[39m^[[0m
Godot gates (analyzer)	Import the project	2026-10-04T01:43:31.2813843Z [  97% ] ^[[90m^[[1mupdate_scripts_classes^[[22m | ^[[39m^[[0m
Godot gates (analyzer)	Import the project	2026-10-04T01:43:31.2814011Z [  97% ] ^[[90m^[[1mupdate_scripts_classes^[[22m | ^[[39m^[[0m
Godot gates (analyzer)	Import the project	2026-10-04T01:43:31.2814173Z [  97% ] ^[[90m^[[1mupdate_scripts_classes^[[22m | ^[[39m^[[0m
Godot gates (analyzer)	Import the project	2026-10-04T01:43:31.2814336Z [  97% ] ^[[90m^[[1mupdate_scripts_classes^[[22m | ^[[39m^[[0m
Godot gates (analyzer)	Import the project	2026-10-04T01:43:31.2814490Z [  97% ] ^[[90m^[[1mupdate_scripts_classes^[[22m | ^[[39m^[[0m
Godot gates (analyzer)	Import the project	2026-10-04T01:43:31.2814655Z [  97% ] ^[[90m^[[1mupdate_scripts_classes^[[22m | ^[[39m^[[0m
Godot gates (analyzer)	Import the project	2026-10-04T01:43:31.2814822Z [  98% ] ^[[90m^[[1mupdate_scripts_classes^[[22m | ^[[39m^[[0m
Godot gates (analyzer)	Import the project	2026-10-04T01:43:31.2814979Z [  98% ] ^[[90m^[[1mupdate_scripts_classes^[[22m | ^[[39m^[[0m
Godot gates (analyzer)	Import the project	2026-10-04T01:43:31.2815144Z [  98% ] ^[[90m^[[1mupdate_scripts_classes^[[22m | ^[[39m^[[0m
Godot gates (analyzer)	Import the project	2026-10-04T01:43:31.2815309Z [  98% ] ^[[90m^[[1mupdate_scripts_classes^[[22m | ^[[39m^[[0m
Godot gates (analyzer)	Import the project	2026-10-04T01:43:31.2815463Z [  98% ] ^[[90m^[[1mupdate_scripts_classes^[[22m | ^[[39m^[[0m
Godot gates (analyzer)	Import the project	2026-10-04T01:43:31.2815626Z [  98% ] ^[[90m^[[1mupdate_scripts_classes^[[22m | ^[[39m^[[0m
Godot gates (analyzer)	Import the project	2026-10-04T01:43:31.2815978Z [  98% ] ^[[90m^[[1mupdate_scripts_classes^[[22m | ^[[39m^[[0m
Godot gates (analyzer)	Import the project	2026-10-04T01:43:31.2816248Z [  98% ] ^[[90m^[[1mupdate_scripts_classes^[[22m | ^[[39m^[[0m
Godot gates (analyzer)	Import the project	2026-10-04T01:43:31.2816416Z [  98% ] ^[[90m^[[1mupdate_scripts_classes^[[22m | ^[[39m^[[0m
Godot gates (analyzer)	Import the project	2026-10-04T01:43:31.2816579Z [  98% ] ^[[90m^[[1mupdate_scripts_classes^[[22m | ^[[39m^[[0m
Godot gates (analyzer)	Import the project	2026-10-04T01:43:31.2816735Z [  98% ] ^[[90m^[[1mupdate_scripts_classes^[[22m | ^[[39m^[[0m
Godot gates (analyzer)	Import the project	2026-10-04T01:43:31.2816900Z [  98% ] ^[[90m^[[1mupdate_scripts_classes^[[22m | ^[[39m^[[0m
Godot gates (analyzer)	Import the project	2026-10-04T01:43:31.2817193Z [  99% ] ^[[90m^[[1mupdate_scripts_classes^[[22m | ^[[39m^[[0m
Godot gates (analyzer)	Import the project	2026-10-04T01:43:31.2817359Z [  99% ] ^[[90m^[[1mupdate_scripts_classes^[[22m | ^[[39m^[[0m
Godot gates (analyzer)	Import the project	2026-10-04T01:43:31.2817522Z [  99% ] ^[[90m^[[1mupdate_scripts_classes^[[22m | ^[[39m^[[0m
Godot gates (analyzer)	Import the project	2026-10-04T01:43:31.2817679Z [  99% ] ^[[90m^[[1mupdate_scripts_classes^[[22m | ^[[39m^[[0m
Godot gates (analyzer)	Import the project	2026-10-04T01:43:31.2817843Z [  99% ] ^[[90m^[[1mupdate_scripts_classes^[[22m | ^[[39m^[[0m
Godot gates (analyzer)	Import the project	2026-10-04T01:43:31.2818016Z [  99% ] ^[[90m^[[1mupdate_scripts_classes^[[22m | ^[[39m^[[0m
Godot gates (analyzer)	Import the project	2026-10-04T01:43:31.2818172Z [  99% ] ^[[90m^[[1mupdate_scripts_classes^[[22m | ^[[39m^[[0m
Godot gates (analyzer)	Import the project	2026-10-04T01:43:31.2818397Z [  99% ] ^[[90m^[[1mupdate_scripts_classes^[[22m | ^[[39m^[[0m
Godot gates (analyzer)	Import the project	2026-10-04T01:43:31.2818629Z [  99% ] ^[[90m^[[1mupdate_scripts_classes^[[22m | ^[[39m^[[0m
Godot gates (analyzer)	Import the project	2026-10-04T01:43:31.2818786Z [  99% ] ^[[90m^[[1mupdate_scripts_classes^[[22m | ^[[39m^[[0m
Godot gates (analyzer)	Import the project	2026-10-04T01:43:31.2818963Z ^[[92m[ DONE ]^[[39m ^[[1mupdate_scripts_classes^[[22m
Godot gates (analyzer)	Import the project	2026-10-04T01:43:31.2819065Z ^[[0m
Godot gates (analyzer)	Import the project	2026-10-04T01:43:31.2819377Z [   0% ] ^[[90m^[[1m_update_scan_actions^[[22m | Started Scanning actions... (801 steps)^[[39m^[[0m
Godot gates (analyzer)	Import the project	2026-10-04T01:43:31.2819619Z [   0% ] ^[[90m^[[1m_update_scan_actions^[[22m | elevation_front.png^[[39m^[[0m
Godot gates (analyzer)	Import the project	2026-10-04T01:43:31.2819928Z [   0% ] ^[[90m^[[1m_update_scan_actions^[[22m | rts_orbit_008m_pitch35_yaw225_work_contact.png^[[39m^[[0m
Godot gates (analyzer)	Import the project	2026-10-04T01:43:31.2820196Z [   0% ] ^[[90m^[[1m_update_scan_actions^[[22m | rts_orbit_008m_pitch48_yaw225.png^[[39m^[[0m
Godot gates (analyzer)	Import the project	2026-10-04T01:43:31.2820454Z [   0% ] ^[[90m^[[1m_update_scan_actions^[[22m | rts_orbit_040m_pitch48_yaw045.png^[[39m^[[0m
Godot gates (analyzer)	Import the project	2026-10-04T01:43:31.2820804Z [   0% ] ^[[90m^[[1m_update_scan_actions^[[22m | rts_orbit_040m_pitch65_yaw045.png^[[39m^[[0m
Godot gates (analyzer)	Import the project	2026-10-04T01:43:31.2821062Z [   0% ] ^[[90m^[[1m_update_scan_actions^[[22m | rts_orbit_120m_pitch48_yaw045.png^[[39m^[[0m
Godot gates (analyzer)	Import the project	2026-10-04T01:43:31.2821321Z [   0% ] ^[[90m^[[1m_update_scan_actions^[[22m | species_mouse_body_a_lod0.glb^[[39m^[[0m
Godot gates (analyzer)	Import the project	2026-10-04T01:43:31.2821631Z [   0% ] ^[[90m^[[1m_update_scan_actions^[[22m | mouse_keeper.carry_heavy_object_walk.plain.png^[[39m^[[0m
Godot gates (analyzer)	Import the project	2026-10-04T01:43:31.2821935Z [   0% ] ^[[90m^[[1m_update_scan_actions^[[22m | mouse_keeper.carry_heavy_object_walk.plain.png^[[39m^[[0m
Godot gates (analyzer)	Import the project	2026-10-04T01:43:31.2822233Z [   1% ] ^[[90m^[[1m_update_scan_actions^[[22m | mouse_keeper.carry_heavy_object_walk.plain.png^[[39m^[[0m
Godot gates (analyzer)	Import the project	2026-10-04T01:43:31.2822568Z [   1% ] ^[[90m^[[1m_update_scan_actions^[[22m | badger_quarryman.carry_heavy_object_walk.plain.png^[[39m^[[0m
Godot gates (analyzer)	Import the project	2026-10-04T01:43:31.2823050Z [   1% ] ^[[90m^[[1m_update_scan_actions^[[22m | badger_quarryman.carry_heavy_object_walk.standard_bore.png^[[39m^[[0m
Godot gates (analyzer)	Import the project	2026-10-04T01:43:31.2823411Z [   1% ] ^[[90m^[[1m_update_scan_actions^[[22m | badger_quarryman.cautious_crouch_walk_forward.plain.png^[[39m^[[0m
Godot gates (analyzer)	Import the project	2026-10-04T01:43:31.2823799Z [   1% ] ^[[90m^[[1m_update_scan_actions^[[22m | badger_quarryman.cautious_crouch_walk_forward.standard_bore.png^[[39m^[[0m
Godot gates (analyzer)	Import the project	2026-10-04T01:43:31.2824116Z [   1% ] ^[[90m^[[1m_update_scan_actions^[[22m | badger_quarryman.heavy_hammer_swing.plain.png^[[39m^[[0m
Godot gates (analyzer)	Import the project	2026-10-04T01:43:31.2824382Z [   1% ] ^[[90m^[[1m_update_scan_actions^[[22m | badger_quarryman.idle.plain.png^[[39m^[[0m
Godot gates (analyzer)	Import the project	2026-10-04T01:43:31.2824631Z [   1% ] ^[[90m^[[1m_update_scan_actions^[[22m | badger_quarryman.walk.plain.png^[[39m^[[0m
Godot gates (analyzer)	Import the project	2026-10-04T01:43:31.2824971Z [   2% ] ^[[90m^[[1m_update_scan_actions^[[22m | badger_quarryman.walk.ramp_down.png^[[39m^[[0m
Godot gates (analyzer)	Import the project	2026-10-04T01:43:31.2825292Z [   2% ] ^[[90m^[[1m_update_scan_actions^[[22m | badger_quarryman.walk.ramp_up.png^[[39m^[[0m
Godot gates (analyzer)	Import the project	2026-10-04T01:43:31.2825589Z [   2% ] ^[[90m^[[1m_update_scan_actions^[[22m | mole_digger.carry_heavy_object_walk.plain.png^[[39m^[[0m
Godot gates (analyzer)	Import the project	2026-10-04T01:43:31.2826077Z [   2% ] ^[[90m^[[1m_update_scan_actions^[[22m | mole_digger.carry_heavy_object_walk.standard_bore.png^[[39m^[[0m
Godot gates (analyzer)	Import the project	2026-10-04T01:43:31.2826513Z [   2% ] ^[[90m^[[1m_update_scan_actions^[[22m | mole_digger.cautious_crouch_walk_forward.plain.png^[[39m^[[0m
Godot gates (analyzer)	Import the project	2026-10-04T01:43:31.2826859Z [   2% ] ^[[90m^[[1m_update_scan_actions^[[22m | mole_digger.cautious_crouch_walk_forward.standard_bore.png^[[39m^[[0m
Godot gates (analyzer)	Import the project	2026-10-04T01:43:31.2827368Z [   2% ] ^[[90m^[[1m_update_scan_actions^[[22m | mole_digger.heavy_hammer_swing.plain.png^[[39m^[[0m
Godot gates (analyzer)	Import the project	2026-10-04T01:43:31.2827641Z [   2% ] ^[[90m^[[1m_update_scan_actions^[[22m | mole_digger.idle.plain.png^[[39m^[[0m
Godot gates (analyzer)	Import the project	2026-10-04T01:43:31.2827876Z [   3% ] ^[[90m^[[1m_update_scan_actions^[[22m | mole_digger.walk.plain.png^[[39m^[[0m
Godot gates (analyzer)	Import the project	2026-10-04T01:43:31.2828131Z [   3% ] ^[[90m^[[1m_update_scan_actions^[[22m | mole_digger.walk.ramp_down.png^[[39m^[[0m
Godot gates (analyzer)	Import the project	2026-10-04T01:43:31.2828382Z [   3% ] ^[[90m^[[1m_update_scan_actions^[[22m | mole_digger.walk.ramp_up.png^[[39m^[[0m
Godot gates (analyzer)	Import the project	2026-10-04T01:43:31.2828693Z [   3% ] ^[[90m^[[1m_update_scan_actions^[[22m | mouse_keeper.carry_heavy_object_walk.plain.png^[[39m^[[0m
Godot gates (analyzer)	Import the project	2026-10-04T01:43:31.2829043Z [   3% ] ^[[90m^[[1m_update_scan_actions^[[22m | mouse_keeper.carry_heavy_object_walk.standard_bore.png^[[39m^[[0m
Godot gates (analyzer)	Import the project	2026-10-04T01:43:31.2829412Z [   3% ] ^[[90m^[[1m_update_scan_actions^[[22m | mouse_keeper.cautious_crouch_walk_forward.plain.png^[[39m^[[0m
Godot gates (analyzer)	Import the project	2026-10-04T01:43:31.2829843Z [   3% ] ^[[90m^[[1m_update_scan_actions^[[22m | mouse_keeper.cautious_crouch_walk_forward.standard_bore.png^[[39m^[[0m
Godot gates (analyzer)	Import the project	2026-10-04T01:43:31.2830096Z [   3% ] ^[[90m^[[1m_update_scan_actions^[[22m | mouse_keeper.idle.plain.png^[[39m^[[0m
Godot gates (analyzer)	Import the project	2026-10-04T01:43:31.2830337Z [   4% ] ^[[90m^[[1m_update_scan_actions^[[22m | mouse_keeper.walk.plain.png^[[39m^[[0m
Godot gates (analyzer)	Import the project	2026-10-04T01:43:31.2830585Z [   4% ] ^[[90m^[[1m_update_scan_actions^[[22m | mouse_keeper.walk.ramp_down.png^[[39m^[[0m
Godot gates (analyzer)	Import the project	2026-10-04T01:43:31.2830836Z [   4% ] ^[[90m^[[1m_update_scan_actions^[[22m | mouse_keeper.walk.ramp_up.png^[[39m^[[0m
Godot gates (analyzer)	Import the project	2026-10-04T01:43:31.2831168Z [   4% ] ^[[90m^[[1m_update_scan_actions^[[22m | otter_boatwright.carry_heavy_object_walk.plain.png^[[39m^[[0m
Godot gates (analyzer)	Import the project	2026-10-04T01:43:31.2831521Z [   4% ] ^[[90m^[[1m_update_scan_actions^[[22m | otter_boatwright.carry_heavy_object_walk.standard_bore.png^[[39m^[[0m
Godot gates (analyzer)	Import the project	2026-10-04T01:43:31.2831983Z [   4% ] ^[[90m^[[1m_update_scan_actions^[[22m | otter_boatwright.cautious_crouch_walk_forward.plain.png^[[39m^[[0m
Godot gates (analyzer)	Import the project	2026-10-04T01:43:31.2832365Z [   4% ] ^[[90m^[[1m_update_scan_actions^[[22m | otter_boatwright.cautious_crouch_walk_forward.standard_bore.png^[[39m^[[0m
Godot gates (analyzer)	Import the project	2026-10-04T01:43:31.2832627Z [   4% ] ^[[90m^[[1m_update_scan_actions^[[22m | otter_boatwright.idle.plain.png^[[39m^[[0m
Godot gates (analyzer)	Import the project	2026-10-04T01:43:31.2832883Z [   5% ] ^[[90m^[[1m_update_scan_actions^[[22m | otter_boatwright.walk.plain.png^[[39m^[[0m
Godot gates (analyzer)	Import the project	2026-10-04T01:43:31.2833158Z [   5% ] ^[[90m^[[1m_update_scan_actions^[[22m | otter_boatwright.walk.ramp_down.png^[[39m^[[0m
Godot gates (analyzer)	Import the project	2026-10-04T01:43:31.2833416Z [   5% ] ^[[90m^[[1m_update_scan_actions^[[22m | otter_boatwright.walk.ramp_up.png^[[39m^[[0m
Godot gates (analyzer)	Import the project	2026-10-04T01:43:31.2833752Z [   5% ] ^[[90m^[[1m_update_scan_actions^[[22m | squirrel_gatherer.carry_heavy_object_walk.plain.png^[[39m^[[0m
Godot gates (analyzer)	Import the project	2026-10-04T01:43:31.2834231Z [   5% ] ^[[90m^[[1m_update_scan_actions^[[22m | squirrel_gatherer.carry_heavy_object_walk.standard_bore.png^[[39m^[[0m
Godot gates (analyzer)	Import the project	2026-10-04T01:43:31.2834584Z [   5% ] ^[[90m^[[1m_update_scan_actions^[[22m | squirrel_gatherer.cautious_crouch_walk_forward.plain.png^[[39m^[[0m
Godot gates (analyzer)	Import the project	2026-10-04T01:43:31.2834966Z [   5% ] ^[[90m^[[1m_update_scan_actions^[[22m | squirrel_gatherer.cautious_crouch_walk_forward.standard_bore.png^[[39m^[[0m
Godot gates (analyzer)	Import the project	2026-10-04T01:43:31.2835231Z [   5% ] ^[[90m^[[1m_update_scan_actions^[[22m | squirrel_gatherer.idle.plain.png^[[39m^[[0m
Godot gates (analyzer)	Import the project	2026-10-04T01:43:31.2835478Z [   6% ] ^[[90m^[[1m_update_scan_actions^[[22m | squirrel_gatherer.walk.plain.png^[[39m^[[0m
Godot gates (analyzer)	Import the project	2026-10-04T01:43:31.2835755Z [   6% ] ^[[90m^[[1m_update_scan_actions^[[22m | squirrel_gatherer.walk.ramp_down.png^[[39m^[[0m
Godot gates (analyzer)	Import the project	2026-10-04T01:43:31.2836021Z [   6% ] ^[[90m^[[1m_update_scan_actions^[[22m | squirrel_gatherer.walk.ramp_up.png^[[39m^[[0m
Godot gates (analyzer)	Import the project	2026-10-04T01:43:31.2836595Z [   6% ] ^[[90m^[[1m_update_scan_actions^[[22m | badger_quarryman.carry_heavy_object_walk.plain.png^[[39m^[[0m
Godot gates (analyzer)	Import the project	2026-10-04T01:43:31.2837243Z [   6% ] ^[[90m^[[1m_update_scan_actions^[[22m | badger_quarryman.carry_heavy_object_walk.standard_bore.png^[[39m^[[0m
Godot gates (analyzer)	Import the project	2026-10-04T01:43:31.2837591Z [   6% ] ^[[90m^[[1m_update_scan_actions^[[22m | badger_quarryman.cautious_crouch_walk_forward.plain.png^[[39m^[[0m
Godot gates (analyzer)	Import the project	2026-10-04T01:43:31.2837960Z [   6% ] ^[[90m^[[1m_update_scan_actions^[[22m | badger_quarryman.cautious_crouch_walk_forward.standard_bore.png^[[39m^[[0m
Godot gates (analyzer)	Import the project	2026-10-04T01:43:31.2838273Z [   6% ] ^[[90m^[[1m_update_scan_actions^[[22m | badger_quarryman.heavy_hammer_swing.plain.png^[[39m^[[0m
Godot gates (analyzer)	Import the project	2026-10-04T01:43:31.2838647Z [   7% ] ^[[90m^[[1m_update_scan_actions^[[22m | badger_quarryman.idle.plain.png^[[39m^[[0m
Godot gates (analyzer)	Import the project	2026-10-04T01:43:31.2838918Z [   7% ] ^[[90m^[[1m_update_scan_actions^[[22m | badger_quarryman.walk.plain.png^[[39m^[[0m
Godot gates (analyzer)	Import the project	2026-10-04T01:43:31.2839193Z [   7% ] ^[[90m^[[1m_update_scan_actions^[[22m | badger_quarryman.walk.ramp_down.png^[[39m^[[0m
Godot gates (analyzer)	Import the project	2026-10-04T01:43:31.2839458Z [   7% ] ^[[90m^[[1m_update_scan_actions^[[22m | badger_quarryman.walk.ramp_up.png^[[39m^[[0m
Godot gates (analyzer)	Import the project	2026-10-04T01:43:31.2839757Z [   7% ] ^[[90m^[[1m_update_scan_actions^[[22m | mole_digger.carry_heavy_object_walk.plain.png^[[39m^[[0m
Godot gates (analyzer)	Import the project	2026-10-04T01:43:31.2840090Z [   7% ] ^[[90m^[[1m_update_scan_actions^[[22m | mole_digger.carry_heavy_object_walk.standard_bore.png^[[39m^[[0m
Godot gates (analyzer)	Import the project	2026-10-04T01:43:31.2840410Z [   7% ] ^[[90m^[[1m_update_scan_actions^[[22m | mole_digger.cautious_crouch_walk_forward.plain.png^[[39m^[[0m
Godot gates (analyzer)	Import the project	2026-10-04T01:43:31.2840854Z [   7% ] ^[[90m^[[1m_update_scan_actions^[[22m | mole_digger.cautious_crouch_walk_forward.standard_bore.png^[[39m^[[0m
Godot gates (analyzer)	Import the project	2026-10-04T01:43:31.2841151Z [   8% ] ^[[90m^[[1m_update_scan_actions^[[22m | mole_digger.heavy_hammer_swing.plain.png^[[39m^[[0m
Godot gates (analyzer)	Import the project	2026-10-04T01:43:31.2841402Z [   8% ] ^[[90m^[[1m_update_scan_actions^[[22m | mole_digger.idle.plain.png^[[39m^[[0m
Godot gates (analyzer)	Import the project	2026-10-04T01:43:31.2841643Z [   8% ] ^[[90m^[[1m_update_scan_actions^[[22m | mole_digger.walk.plain.png^[[39m^[[0m
Godot gates (analyzer)	Import the project	2026-10-04T01:43:31.2841894Z [   8% ] ^[[90m^[[1m_update_scan_actions^[[22m | mole_digger.walk.ramp_down.png^[[39m^[[0m
Godot gates (analyzer)	Import the project	2026-10-04T01:43:31.2842147Z [   8% ] ^[[90m^[[1m_update_scan_actions^[[22m | mole_digger.walk.ramp_up.png^[[39m^[[0m
Godot gates (analyzer)	Import the project	2026-10-04T01:43:31.2842448Z [   8% ] ^[[90m^[[1m_update_scan_actions^[[22m | mouse_keeper.carry_heavy_object_walk.plain.png^[[39m^[[0m
Godot gates (analyzer)	Import the project	2026-10-04T01:43:31.2842834Z [   8% ] ^[[90m^[[1m_update_scan_actions^[[22m | mouse_keeper.carry_heavy_object_walk.standard_bore.png^[[39m^[[0m
Godot gates (analyzer)	Import the project	2026-10-04T01:43:31.2843227Z [   8% ] ^[[90m^[[1m_update_scan_actions^[[22m | mouse_keeper.cautious_crouch_walk_forward.plain.png^[[39m^[[0m
Godot gates (analyzer)	Import the project	2026-10-04T01:43:31.2843576Z [   9% ] ^[[90m^[[1m_update_scan_actions^[[22m | mouse_keeper.cautious_crouch_walk_forward.standard_bore.png^[[39m^[[0m
Godot gates (analyzer)	Import the project	2026-10-04T01:43:31.2843825Z [   9% ] ^[[90m^[[1m_update_scan_actions^[[22m | mouse_keeper.idle.plain.png^[[39m^[[0m
Godot gates (analyzer)	Import the project	2026-10-04T01:43:31.2844064Z [   9% ] ^[[90m^[[1m_update_scan_actions^[[22m | mouse_keeper.walk.plain.png^[[39m^[[0m
Godot gates (analyzer)	Import the project	2026-10-04T01:43:31.2844312Z [   9% ] ^[[90m^[[1m_update_scan_actions^[[22m | mouse_keeper.walk.ramp_down.png^[[39m^[[0m
Godot gates (analyzer)	Import the project	2026-10-04T01:43:31.2844575Z [   9% ] ^[[90m^[[1m_update_scan_actions^[[22m | mouse_keeper.walk.ramp_up.png^[[39m^[[0m
Godot gates (analyzer)	Import the project	2026-10-04T01:43:31.2844903Z [   9% ] ^[[90m^[[1m_update_scan_actions^[[22m | otter_boatwright.carry_heavy_object_walk.plain.png^[[39m^[[0m
Godot gates (analyzer)	Import the project	2026-10-04T01:43:31.2845388Z [   9% ] ^[[90m^[[1m_update_scan_actions^[[22m | otter_boatwright.carry_heavy_object_walk.standard_bore.png^[[39m^[[0m
Godot gates (analyzer)	Import the project	2026-10-04T01:43:31.2845739Z [   9% ] ^[[90m^[[1m_update_scan_actions^[[22m | otter_boatwright.cautious_crouch_walk_forward.plain.png^[[39m^[[0m
Godot gates (analyzer)	Import the project	2026-10-04T01:43:31.2846118Z [  10% ] ^[[90m^[[1m_update_scan_actions^[[22m | otter_boatwright.cautious_crouch_walk_forward.standard_bore.png^[[39m^[[0m
Godot gates (analyzer)	Import the project	2026-10-04T01:43:31.2846367Z [  10% ] ^[[90m^[[1m_update_scan_actions^[[22m | otter_boatwright.idle.plain.png^[[39m^[[0m
Godot gates (analyzer)	Import the project	2026-10-04T01:43:31.2846618Z [  10% ] ^[[90m^[[1m_update_scan_actions^[[22m | otter_boatwright.walk.plain.png^[[39m^[[0m
Godot gates (analyzer)	Import the project	2026-10-04T01:43:31.2847252Z [  10% ] ^[[90m^[[1m_update_scan_actions^[[22m | otter_boatwright.walk.ramp_down.png^[[39m^[[0m
Godot gates (analyzer)	Import the project	2026-10-04T01:43:31.2847826Z [  10% ] ^[[90m^[[1m_update_scan_actions^[[22m | otter_boatwright.walk.ramp_up.png^[[39m^[[0m
Godot gates (analyzer)	Import the project	2026-10-04T01:43:31.2848368Z [  10% ] ^[[90m^[[1m_update_scan_actions^[[22m | squirrel_gatherer.carry_heavy_object_walk.plain.png^[[39m^[[0m
Godot gates (analyzer)	Import the project	2026-10-04T01:43:31.2848760Z [  10% ] ^[[90m^[[1m_update_scan_actions^[[22m | squirrel_gatherer.carry_heavy_object_walk.standard_bore.png^[[39m^[[0m
Godot gates (analyzer)	Import the project	2026-10-04T01:43:31.2849113Z [  10% ] ^[[90m^[[1m_update_scan_actions^[[22m | squirrel_gatherer.cautious_crouch_walk_forward.plain.png^[[39m^[[0m
Godot gates (analyzer)	Import the project	2026-10-04T01:43:31.2849558Z [  11% ] ^[[90m^[[1m_update_scan_actions^[[22m | squirrel_gatherer.cautious_crouch_walk_forward.standard_bore.png^[[39m^[[0m
Godot gates (analyzer)	Import the project	2026-10-04T01:43:31.2849985Z [  11% ] ^[[90m^[[1m_update_scan_actions^[[22m | squirrel_gatherer.idle.plain.png^[[39m^[[0m
Godot gates (analyzer)	Import the project	2026-10-04T01:43:31.2850405Z [  11% ] ^[[90m^[[1m_update_scan_actions^[[22m | squirrel_gatherer.walk.plain.png^[[39m^[[0m
Godot gates (analyzer)	Import the project	2026-10-04T01:43:31.2850833Z [  11% ] ^[[90m^[[1m_update_scan_actions^[[22m | squirrel_gatherer.walk.ramp_down.png^[[39m^[[0m
Godot gates (analyzer)	Import the project	2026-10-04T01:43:31.2851112Z [  11% ] ^[[90m^[[1m_update_scan_actions^[[22m | squirrel_gatherer.walk.ramp_up.png^[[39m^[[0m
Godot gates (analyzer)	Import the project	2026-10-04T01:43:31.2851440Z [  11% ] ^[[90m^[[1m_update_scan_actions^[[22m | badger_quarryman.carry_heavy_object_walk.plain.png^[[39m^[[0m
Godot gates (analyzer)	Import the project	2026-10-04T01:43:31.2851976Z [  11% ] ^[[90m^[[1m_update_scan_actions^[[22m | badger_quarryman.carry_heavy_object_walk.standard_bore.png^[[39m^[[0m
Godot gates (analyzer)	Import the project	2026-10-04T01:43:31.2852555Z [  11% ] ^[[90m^[[1m_update_scan_actions^[[22m | badger_quarryman.cautious_crouch_walk_forward.plain.png^[[39m^[[0m
Godot gates (analyzer)	Import the project	2026-10-04T01:43:31.2853030Z [  12% ] ^[[90m^[[1m_update_scan_actions^[[22m | badger_quarryman.cautious_crouch_walk_forward.standard_bore.png^[[39m^[[0m
Godot gates (analyzer)	Import the project	2026-10-04T01:43:31.2853345Z [  12% ] ^[[90m^[[1m_update_scan_actions^[[22m | badger_quarryman.heavy_hammer_swing.plain.png^[[39m^[[0m
Godot gates (analyzer)	Import the project	2026-10-04T01:43:31.2853613Z [  12% ] ^[[90m^[[1m_update_scan_actions^[[22m | badger_quarryman.idle.plain.png^[[39m^[[0m
Godot gates (analyzer)	Import the project	2026-10-04T01:43:31.2854040Z [  12% ] ^[[90m^[[1m_update_scan_actions^[[22m | badger_quarryman.walk.plain.png^[[39m^[[0m
Godot gates (analyzer)	Import the project	2026-10-04T01:43:31.2854483Z [  12% ] ^[[90m^[[1m_update_scan_actions^[[22m | badger_quarryman.walk.ramp_down.png^[[39m^[[0m
Godot gates (analyzer)	Import the project	2026-10-04T01:43:31.2854895Z [  12% ] ^[[90m^[[1m_update_scan_actions^[[22m | badger_quarryman.walk.ramp_up.png^[[39m^[[0m
Godot gates (analyzer)	Import the project	2026-10-04T01:43:31.2855203Z [  12% ] ^[[90m^[[1m_update_scan_actions^[[22m | mole_digger.carry_heavy_object_walk.plain.png^[[39m^[[0m
Godot gates (analyzer)	Import the project	2026-10-04T01:43:31.2855577Z [  12% ] ^[[90m^[[1m_update_scan_actions^[[22m | mole_digger.carry_heavy_object_walk.standard_bore.png^[[39m^[[0m
Godot gates (analyzer)	Import the project	2026-10-04T01:43:31.2856021Z [  13% ] ^[[90m^[[1m_update_scan_actions^[[22m | mole_digger.cautious_crouch_walk_forward.plain.png^[[39m^[[0m
Godot gates (analyzer)	Import the project	2026-10-04T01:43:31.2856582Z [  13% ] ^[[90m^[[1m_update_scan_actions^[[22m | mole_digger.cautious_crouch_walk_forward.standard_bore.png^[[39m^[[0m
Godot gates (analyzer)	Import the project	2026-10-04T01:43:31.2857174Z [  13% ] ^[[90m^[[1m_update_scan_actions^[[22m | mole_digger.heavy_hammer_swing.plain.png^[[39m^[[0m
Godot gates (analyzer)	Import the project	2026-10-04T01:43:31.2857428Z [  13% ] ^[[90m^[[1m_update_scan_actions^[[22m | mole_digger.idle.plain.png^[[39m^[[0m
Godot gates (analyzer)	Import the project	2026-10-04T01:43:31.2857662Z [  13% ] ^[[90m^[[1m_update_scan_actions^[[22m | mole_digger.walk.plain.png^[[39m^[[0m
Godot gates (analyzer)	Import the project	2026-10-04T01:43:31.2857918Z [  13% ] ^[[90m^[[1m_update_scan_actions^[[22m | mole_digger.walk.ramp_down.png^[[39m^[[0m
Godot gates (analyzer)	Import the project	2026-10-04T01:43:31.2858298Z [  13% ] ^[[90m^[[1m_update_scan_actions^[[22m | mole_digger.walk.ramp_up.png^[[39m^[[0m
Godot gates (analyzer)	Import the project	2026-10-04T01:43:31.2858790Z [  13% ] ^[[90m^[[1m_update_scan_actions^[[22m | mouse_keeper.carry_heavy_object_walk.plain.png^[[39m^[[0m
Godot gates (analyzer)	Import the project	2026-10-04T01:43:31.2859315Z [  14% ] ^[[90m^[[1m_update_scan_actions^[[22m | mouse_keeper.carry_heavy_object_walk.standard_bore.png^[[39m^[[0m
Godot gates (analyzer)	Import the project	2026-10-04T01:43:31.2859650Z [  14% ] ^[[90m^[[1m_update_scan_actions^[[22m | mouse_keeper.cautious_crouch_walk_forward.plain.png^[[39m^[[0m
Godot gates (analyzer)	Import the project	2026-10-04T01:43:31.2860001Z [  14% ] ^[[90m^[[1m_update_scan_actions^[[22m | mouse_keeper.cautious_crouch_walk_forward.standard_bore.png^[[39m^[[0m
Godot gates (analyzer)	Import the project	2026-10-04T01:43:31.2860736Z [  14% ] ^[[90m^[[1m_update_scan_actions^[[22m | mouse_keeper.idle.plain.png^[[39m^[[0m
Godot gates (analyzer)	Import the project	2026-10-04T01:43:31.2861357Z [  14% ] ^[[90m^[[1m_update_scan_actions^[[22m | mouse_keeper.walk.plain.png^[[39m^[[0m
Godot gates (analyzer)	Import the project	2026-10-04T01:43:31.2861926Z [  14% ] ^[[90m^[[1m_update_scan_actions^[[22m | mouse_keeper.walk.ramp_down.png^[[39m^[[0m
Godot gates (analyzer)	Import the project	2026-10-04T01:43:31.2862414Z [  14% ] ^[[90m^[[1m_update_scan_actions^[[22m | mouse_keeper.walk.ramp_up.png^[[39m^[[0m
Godot gates (analyzer)	Import the project	2026-10-04T01:43:31.2862994Z [  14% ] ^[[90m^[[1m_update_scan_actions^[[22m | otter_boatwright.carry_heavy_object_walk.plain.png^[[39m^[[0m
Godot gates (analyzer)	Import the project	2026-10-04T01:43:31.2863579Z [  15% ] ^[[90m^[[1m_update_scan_actions^[[22m | otter_boatwright.carry_heavy_object_walk.standard_bore.png^[[39m^[[0m
Godot gates (analyzer)	Import the project	2026-10-04T01:43:31.2863995Z [  15% ] ^[[90m^[[1m_update_scan_actions^[[22m | otter_boatwright.cautious_crouch_walk_forward.plain.png^[[39m^[[0m
Godot gates (analyzer)	Import the project	2026-10-04T01:43:31.2864660Z [  15% ] ^[[90m^[[1m_update_scan_actions^[[22m | otter_boatwright.cautious_crouch_walk_forward.standard_bore.png^[[39m^[[0m
Godot gates (analyzer)	Import the project	2026-10-04T01:43:31.2865220Z [  15% ] ^[[90m^[[1m_update_scan_actions^[[22m | otter_boatwright.idle.plain.png^[[39m^[[0m
Godot gates (analyzer)	Import the project	2026-10-04T01:43:31.2865622Z [  15% ] ^[[90m^[[1m_update_scan_actions^[[22m | otter_boatwright.walk.plain.png^[[39m^[[0m
Godot gates (analyzer)	Import the project	2026-10-04T01:43:31.2865932Z [  15% ] ^[[90m^[[1m_update_scan_actions^[[22m | otter_boatwright.walk.ramp_down.png^[[39m^[[0m
Godot gates (analyzer)	Import the project	2026-10-04T01:43:31.2866365Z [  15% ] ^[[90m^[[1m_update_scan_actions^[[22m | otter_boatwright.walk.ramp_up.png^[[39m^[[0m
Godot gates (analyzer)	Import the project	2026-10-04T01:43:31.2867286Z [  15% ] ^[[90m^[[1m_update_scan_actions^[[22m | squirrel_gatherer.carry_heavy_object_walk.plain.png^[[39m^[[0m
Godot gates (analyzer)	Import the project	2026-10-04T01:43:31.2867808Z [  16% ] ^[[90m^[[1m_update_scan_actions^[[22m | squirrel_gatherer.carry_heavy_object_walk.standard_bore.png^[[39m^[[0m
Godot gates (analyzer)	Import the project	2026-10-04T01:43:31.2868252Z [  16% ] ^[[90m^[[1m_update_scan_actions^[[22m | squirrel_gatherer.cautious_crouch_walk_forward.plain.png^[[39m^[[0m
Godot gates (analyzer)	Import the project	2026-10-04T01:43:31.2868833Z [  16% ] ^[[90m^[[1m_update_scan_actions^[[22m | squirrel_gatherer.cautious_crouch_walk_forward.standard_bore.png^[[39m^[[0m
Godot gates (analyzer)	Import the project	2026-10-04T01:43:31.2869279Z [  16% ] ^[[90m^[[1m_update_scan_actions^[[22m | squirrel_gatherer.idle.plain.png^[[39m^[[0m
Godot gates (analyzer)	Import the project	2026-10-04T01:43:31.2869869Z [  16% ] ^[[90m^[[1m_update_scan_actions^[[22m | squirrel_gatherer.walk.plain.png^[[39m^[[0m
Godot gates (analyzer)	Import the project	2026-10-04T01:43:31.2870227Z [  16% ] ^[[90m^[[1m_update_scan_actions^[[22m | squirrel_gatherer.walk.ramp_down.png^[[39m^[[0m
Godot gates (analyzer)	Import the project	2026-10-04T01:43:31.2870529Z [  16% ] ^[[90m^[[1m_update_scan_actions^[[22m | squirrel_gatherer.walk.ramp_up.png^[[39m^[[0m
Godot gates (analyzer)	Import the project	2026-10-04T01:43:31.2871237Z [  16% ] ^[[90m^[[1m_update_scan_actions^[[22m | badger_quarryman.carry_heavy_object_walk.plain.png^[[39m^[[0m
Godot gates (analyzer)	Import the project	2026-10-04T01:43:31.2871926Z [  17% ] ^[[90m^[[1m_update_scan_actions^[[22m | badger_quarryman.carry_heavy_object_walk.standard_bore.png^[[39m^[[0m
Godot gates (analyzer)	Import the project	2026-10-04T01:43:31.2872316Z [  17% ] ^[[90m^[[1m_update_scan_actions^[[22m | badger_quarryman.cautious_crouch_walk_forward.plain.png^[[39m^[[0m
Godot gates (analyzer)	Import the project	2026-10-04T01:43:31.2887651Z [  17% ] ^[[90m^[[1m_update_scan_actions^[[22m | badger_quarryman.cautious_crouch_walk_forward.standard_bore.png^[[39m^[[0m
Godot gates (analyzer)	Import the project	2026-10-04T01:43:31.2888185Z [  17% ] ^[[90m^[[1m_update_scan_actions^[[22m | badger_quarryman.heavy_hammer_swing.plain.png^[[39m^[[0m
Godot gates (analyzer)	Import the project	2026-10-04T01:43:31.2888615Z [  17% ] ^[[90m^[[1m_update_scan_actions^[[22m | badger_quarryman.idle.plain.png^[[39m^[[0m
Godot gates (analyzer)	Import the project	2026-10-04T01:43:31.2889027Z [  17% ] ^[[90m^[[1m_update_scan_actions^[[22m | badger_quarryman.walk.plain.png^[[39m^[[0m
Godot gates (analyzer)	Import the project	2026-10-04T01:43:31.2889384Z [  17% ] ^[[90m^[[1m_update_scan_actions^[[22m | badger_quarryman.walk.ramp_down.png^[[39m^[[0m
Godot gates (analyzer)	Import the project	2026-10-04T01:43:31.2889647Z [  17% ] ^[[90m^[[1m_update_scan_actions^[[22m | badger_quarryman.walk.ramp_up.png^[[39m^[[0m
Godot gates (analyzer)	Import the project	2026-10-04T01:43:31.2889970Z [  18% ] ^[[90m^[[1m_update_scan_actions^[[22m | mole_digger.carry_heavy_object_walk.plain.png^[[39m^[[0m
Godot gates (analyzer)	Import the project	2026-10-04T01:43:31.2890327Z [  18% ] ^[[90m^[[1m_update_scan_actions^[[22m | mole_digger.carry_heavy_object_walk.standard_bore.png^[[39m^[[0m
Godot gates (analyzer)	Import the project	2026-10-04T01:43:31.2890674Z [  18% ] ^[[90m^[[1m_update_scan_actions^[[22m | mole_digger.cautious_crouch_walk_forward.plain.png^[[39m^[[0m
Godot gates (analyzer)	Import the project	2026-10-04T01:43:31.2891258Z [  18% ] ^[[90m^[[1m_update_scan_actions^[[22m | mole_digger.cautious_crouch_walk_forward.standard_bore.png^[[39m^[[0m
Godot gates (analyzer)	Import the project	2026-10-04T01:43:31.2891705Z [  18% ] ^[[90m^[[1m_update_scan_actions^[[22m | mole_digger.heavy_hammer_swing.plain.png^[[39m^[[0m
Godot gates (analyzer)	Import the project	2026-10-04T01:43:31.2891968Z [  18% ] ^[[90m^[[1m_update_scan_actions^[[22m | mole_digger.idle.plain.png^[[39m^[[0m
Godot gates (analyzer)	Import the project	2026-10-04T01:43:31.2892207Z [  18% ] ^[[90m^[[1m_update_scan_actions^[[22m | mole_digger.walk.plain.png^[[39m^[[0m
Godot gates (analyzer)	Import the project	2026-10-04T01:43:31.2892473Z [  18% ] ^[[90m^[[1m_update_scan_actions^[[22m | mole_digger.walk.ramp_down.png^[[39m^[[0m
Godot gates (analyzer)	Import the project	2026-10-04T01:43:31.2892717Z [  19% ] ^[[90m^[[1m_update_scan_actions^[[22m | mole_digger.walk.ramp_up.png^[[39m^[[0m
Godot gates (analyzer)	Import the project	2026-10-04T01:43:31.2893035Z [  19% ] ^[[90m^[[1m_update_scan_actions^[[22m | mouse_keeper.carry_heavy_object_walk.plain.png^[[39m^[[0m
Godot gates (analyzer)	Import the project	2026-10-04T01:43:31.2893376Z [  19% ] ^[[90m^[[1m_update_scan_actions^[[22m | mouse_keeper.carry_heavy_object_walk.standard_bore.png^[[39m^[[0m
Godot gates (analyzer)	Import the project	2026-10-04T01:43:31.2898015Z [  19% ] ^[[90m^[[1m_update_scan_actions^[[22m | mouse_keeper.cautious_crouch_walk_forward.plain.png^[[39m^[[0m
Godot gates (analyzer)	Import the project	2026-10-04T01:43:31.2918061Z [  19% ] ^[[90m^[[1m_update_scan_actions^[[22m | mouse_keeper.cautious_crouch_walk_forward.standard_bore.png^[[39m^[[0m
Godot gates (analyzer)	Import the project	2026-10-04T01:43:31.2938238Z [  19% ] ^[[90m^[[1m_update_scan_actions^[[22m | mouse_keeper.idle.plain.png^[[39m^[[0m
Godot gates (analyzer)	Import the project	2026-10-04T01:43:31.2938724Z [  19% ] ^[[90m^[[1m_update_scan_actions^[[22m | mouse_keeper.walk.plain.png^[[39m^[[0m
Godot gates (analyzer)	Import the project	2026-10-04T01:43:31.2939161Z [  19% ] ^[[90m^[[1m_update_scan_actions^[[22m | mouse_keeper.walk.ramp_down.png^[[39m^[[0m
Godot gates (analyzer)	Import the project	2026-10-04T01:43:31.2939567Z [  20% ] ^[[90m^[[1m_update_scan_actions^[[22m | mouse_keeper.walk.ramp_up.png^[[39m^[[0m
Godot gates (analyzer)	Import the project	2026-10-04T01:43:31.2940116Z [  20% ] ^[[90m^[[1m_update_scan_actions^[[22m | otter_boatwright.carry_heavy_object_walk.plain.png^[[39m^[[0m
Godot gates (analyzer)	Import the project	2026-10-04T01:43:31.2940686Z [  20% ] ^[[90m^[[1m_update_scan_actions^[[22m | otter_boatwright.carry_heavy_object_walk.standard_bore.png^[[39m^[[0m
Godot gates (analyzer)	Import the project	2026-10-04T01:43:31.2941289Z [  20% ] ^[[90m^[[1m_update_scan_actions^[[22m | otter_boatwright.cautious_crouch_walk_forward.plain.png^[[39m^[[0m
Godot gates (analyzer)	Import the project	2026-10-04T01:43:31.2941925Z [  20% ] ^[[90m^[[1m_update_scan_actions^[[22m | otter_boatwright.cautious_crouch_walk_forward.standard_bore.png^[[39m^[[0m
Godot gates (analyzer)	Import the project	2026-10-04T01:43:31.2942331Z [  20% ] ^[[90m^[[1m_update_scan_actions^[[22m | otter_boatwright.idle.plain.png^[[39m^[[0m
Godot gates (analyzer)	Import the project	2026-10-04T01:43:31.2942757Z [  20% ] ^[[90m^[[1m_update_scan_actions^[[22m | otter_boatwright.walk.plain.png^[[39m^[[0m
Godot gates (analyzer)	Import the project	2026-10-04T01:43:31.2943185Z [  20% ] ^[[90m^[[1m_update_scan_actions^[[22m | otter_boatwright.walk.ramp_down.png^[[39m^[[0m
Godot gates (analyzer)	Import the project	2026-10-04T01:43:31.2943615Z [  21% ] ^[[90m^[[1m_update_scan_actions^[[22m | otter_boatwright.walk.ramp_up.png^[[39m^[[0m
Godot gates (analyzer)	Import the project	2026-10-04T01:43:31.2944153Z [  21% ] ^[[90m^[[1m_update_scan_actions^[[22m | squirrel_gatherer.carry_heavy_object_walk.plain.png^[[39m^[[0m
Godot gates (analyzer)	Import the project	2026-10-04T01:43:31.2944736Z [  21% ] ^[[90m^[[1m_update_scan_actions^[[22m | squirrel_gatherer.carry_heavy_object_walk.standard_bore.png^[[39m^[[0m
Godot gates (analyzer)	Import the project	2026-10-04T01:43:31.2945303Z [  21% ] ^[[90m^[[1m_update_scan_actions^[[22m | squirrel_gatherer.cautious_crouch_walk_forward.plain.png^[[39m^[[0m
Godot gates (analyzer)	Import the project	2026-10-04T01:43:31.2945940Z [  21% ] ^[[90m^[[1m_update_scan_actions^[[22m | squirrel_gatherer.cautious_crouch_walk_forward.standard_bore.png^[[39m^[[0m
Godot gates (analyzer)	Import the project	2026-10-04T01:43:31.2946351Z [  21% ] ^[[90m^[[1m_update_scan_actions^[[22m | squirrel_gatherer.idle.plain.png^[[39m^[[0m
Godot gates (analyzer)	Import the project	2026-10-04T01:43:31.2946747Z [  21% ] ^[[90m^[[1m_update_scan_actions^[[22m | squirrel_gatherer.walk.plain.png^[[39m^[[0m
Godot gates (analyzer)	Import the project	2026-10-04T01:43:31.2947409Z [  21% ] ^[[90m^[[1m_update_scan_actions^[[22m | squirrel_gatherer.walk.ramp_down.png^[[39m^[[0m
Godot gates (analyzer)	Import the project	2026-10-04T01:43:31.2947847Z [  22% ] ^[[90m^[[1m_update_scan_actions^[[22m | squirrel_gatherer.walk.ramp_up.png^[[39m^[[0m
Godot gates (analyzer)	Import the project	2026-10-04T01:43:31.2948361Z [  22% ] ^[[90m^[[1m_update_scan_actions^[[22m | badger_quarryman.carry_heavy_object_walk.plain.png^[[39m^[[0m
Godot gates (analyzer)	Import the project	2026-10-04T01:43:31.2948951Z [  22% ] ^[[90m^[[1m_update_scan_actions^[[22m | badger_quarryman.carry_heavy_object_walk.standard_bore.png^[[39m^[[0m
Godot gates (analyzer)	Import the project	2026-10-04T01:43:31.2949918Z [  22% ] ^[[90m^[[1m_update_scan_actions^[[22m | badger_quarryman.cautious_crouch_walk_forward.plain.held_pick.png^[[39m^[[0m
Godot gates (analyzer)	Import the project	2026-10-04T01:43:31.2950644Z [  22% ] ^[[90m^[[1m_update_scan_actions^[[22m | badger_quarryman.cautious_crouch_walk_forward.plain.png^[[39m^[[0m
Godot gates (analyzer)	Import the project	2026-10-04T01:43:31.2951332Z [  22% ] ^[[90m^[[1m_update_scan_actions^[[22m | badger_quarryman.cautious_crouch_walk_forward.standard_bore.held_pick.png^[[39m^[[0m
Godot gates (analyzer)	Import the project	2026-10-04T01:43:31.2951943Z [  22% ] ^[[90m^[[1m_update_scan_actions^[[22m | badger_quarryman.cautious_crouch_walk_forward.standard_bore.png^[[39m^[[0m
Godot gates (analyzer)	Import the project	2026-10-04T01:43:31.2952422Z [  22% ] ^[[90m^[[1m_update_scan_actions^[[22m | badger_quarryman.heavy_hammer_swing.plain.png^[[39m^[[0m
Godot gates (analyzer)	Import the project	2026-10-04T01:43:31.2952915Z [  23% ] ^[[90m^[[1m_update_scan_actions^[[22m | badger_quarryman.idle.plain.held_pick.png^[[39m^[[0m
Godot gates (analyzer)	Import the project	2026-10-04T01:43:31.2953321Z [  23% ] ^[[90m^[[1m_update_scan_actions^[[22m | badger_quarryman.idle.plain.png^[[39m^[[0m
Godot gates (analyzer)	Import the project	2026-10-04T01:43:31.2953786Z [  23% ] ^[[90m^[[1m_update_scan_actions^[[22m | badger_quarryman.walk.plain.held_pick.png^[[39m^[[0m
Godot gates (analyzer)	Import the project	2026-10-04T01:43:31.2954210Z [  23% ] ^[[90m^[[1m_update_scan_actions^[[22m | badger_quarryman.walk.plain.png^[[39m^[[0m
Godot gates (analyzer)	Import the project	2026-10-04T01:43:31.2954704Z [  23% ] ^[[90m^[[1m_update_scan_actions^[[22m | badger_quarryman.walk.ramp_down.held_pick.png^[[39m^[[0m
Godot gates (analyzer)	Import the project	2026-10-04T01:43:31.2955148Z [  23% ] ^[[90m^[[1m_update_scan_actions^[[22m | badger_quarryman.walk.ramp_down.png^[[39m^[[0m
Godot gates (analyzer)	Import the project	2026-10-04T01:43:31.2955643Z [  23% ] ^[[90m^[[1m_update_scan_actions^[[22m | badger_quarryman.walk.ramp_up.held_pick.png^[[39m^[[0m
Godot gates (analyzer)	Import the project	2026-10-04T01:43:31.2956079Z [  23% ] ^[[90m^[[1m_update_scan_actions^[[22m | badger_quarryman.walk.ramp_up.png^[[39m^[[0m
Godot gates (analyzer)	Import the project	2026-10-04T01:43:31.2956581Z [  24% ] ^[[90m^[[1m_update_scan_actions^[[22m | mole_digger.carry_heavy_object_walk.plain.png^[[39m^[[0m
Godot gates (analyzer)	Import the project	2026-10-04T01:43:31.2957290Z [  24% ] ^[[90m^[[1m_update_scan_actions^[[22m | mole_digger.carry_heavy_object_walk.standard_bore.png^[[39m^[[0m
Godot gates (analyzer)	Import the project	2026-10-04T01:43:31.2957950Z [  24% ] ^[[90m^[[1m_update_scan_actions^[[22m | mole_digger.cautious_crouch_walk_forward.plain.held_pick.png^[[39m^[[0m
Godot gates (analyzer)	Import the project	2026-10-04T01:43:31.2958502Z [  24% ] ^[[90m^[[1m_update_scan_actions^[[22m | mole_digger.cautious_crouch_walk_forward.plain.png^[[39m^[[0m
Godot gates (analyzer)	Import the project	2026-10-04T01:43:31.2959157Z [  24% ] ^[[90m^[[1m_update_scan_actions^[[22m | mole_digger.cautious_crouch_walk_forward.standard_bore.held_pick.png^[[39m^[[0m
Godot gates (analyzer)	Import the project	2026-10-04T01:43:31.2959729Z [  24% ] ^[[90m^[[1m_update_scan_actions^[[22m | mole_digger.cautious_crouch_walk_forward.standard_bore.png^[[39m^[[0m
Godot gates (analyzer)	Import the project	2026-10-04T01:43:31.2960203Z [  24% ] ^[[90m^[[1m_update_scan_actions^[[22m | mole_digger.heavy_hammer_swing.plain.png^[[39m^[[0m
Godot gates (analyzer)	Import the project	2026-10-04T01:43:31.2960667Z [  24% ] ^[[90m^[[1m_update_scan_actions^[[22m | mole_digger.idle.plain.held_pick.png^[[39m^[[0m
Godot gates (analyzer)	Import the project	2026-10-04T01:43:31.2961052Z [  25% ] ^[[90m^[[1m_update_scan_actions^[[22m | mole_digger.idle.plain.png^[[39m^[[0m
Godot gates (analyzer)	Import the project	2026-10-04T01:43:31.2961494Z [  25% ] ^[[90m^[[1m_update_scan_actions^[[22m | mole_digger.walk.plain.held_pick.png^[[39m^[[0m
Godot gates (analyzer)	Import the project	2026-10-04T01:43:31.2961876Z [  25% ] ^[[90m^[[1m_update_scan_actions^[[22m | mole_digger.walk.plain.png^[[39m^[[0m
Godot gates (analyzer)	Import the project	2026-10-04T01:43:31.2962344Z [  25% ] ^[[90m^[[1m_update_scan_actions^[[22m | mole_digger.walk.ramp_down.held_pick.png^[[39m^[[0m
Godot gates (analyzer)	Import the project	2026-10-04T01:43:31.2962734Z [  25% ] ^[[90m^[[1m_update_scan_actions^[[22m | mole_digger.walk.ramp_down.png^[[39m^[[0m
Godot gates (analyzer)	Import the project	2026-10-04T01:43:31.2963189Z [  25% ] ^[[90m^[[1m_update_scan_actions^[[22m | mole_digger.walk.ramp_up.held_pick.png^[[39m^[[0m
Godot gates (analyzer)	Import the project	2026-10-04T01:43:31.2963595Z [  25% ] ^[[90m^[[1m_update_scan_actions^[[22m | mole_digger.walk.ramp_up.png^[[39m^[[0m
Godot gates (analyzer)	Import the project	2026-10-04T01:43:31.2964086Z [  25% ] ^[[90m^[[1m_update_scan_actions^[[22m | mouse_keeper.carry_heavy_object_walk.plain.png^[[39m^[[0m
Godot gates (analyzer)	Import the project	2026-10-04T01:43:31.2964645Z [  26% ] ^[[90m^[[1m_update_scan_actions^[[22m | mouse_keeper.carry_heavy_object_walk.standard_bore.png^[[39m^[[0m
Godot gates (analyzer)	Import the project	2026-10-04T01:43:31.2965161Z [  26% ] ^[[90m^[[1m_update_scan_actions^[[22m | mouse_keeper.cautious_crouch_walk_forward.plain.png^[[39m^[[0m
Godot gates (analyzer)	Import the project	2026-10-04T01:43:31.2965939Z [  26% ] ^[[90m^[[1m_update_scan_actions^[[22m | mouse_keeper.cautious_crouch_walk_forward.standard_bore.png^[[39m^[[0m
Godot gates (analyzer)	Import the project	2026-10-04T01:43:31.2966485Z [  26% ] ^[[90m^[[1m_update_scan_actions^[[22m | mouse_keeper.idle.plain.png^[[39m^[[0m
Godot gates (analyzer)	Import the project	2026-10-04T01:43:31.2966874Z [  26% ] ^[[90m^[[1m_update_scan_actions^[[22m | mouse_keeper.walk.plain.png^[[39m^[[0m
Godot gates (analyzer)	Import the project	2026-10-04T01:43:31.2967470Z [  26% ] ^[[90m^[[1m_update_scan_actions^[[22m | mouse_keeper.walk.ramp_down.png^[[39m^[[0m
Godot gates (analyzer)	Import the project	2026-10-04T01:43:31.2967876Z [  26% ] ^[[90m^[[1m_update_scan_actions^[[22m | mouse_keeper.walk.ramp_up.png^[[39m^[[0m
Godot gates (analyzer)	Import the project	2026-10-04T01:43:31.2968397Z [  26% ] ^[[90m^[[1m_update_scan_actions^[[22m | otter_boatwright.carry_heavy_object_walk.plain.png^[[39m^[[0m
Godot gates (analyzer)	Import the project	2026-10-04T01:43:31.2968965Z [  27% ] ^[[90m^[[1m_update_scan_actions^[[22m | otter_boatwright.carry_heavy_object_walk.standard_bore.png^[[39m^[[0m
Godot gates (analyzer)	Import the project	2026-10-04T01:43:31.2969550Z [  27% ] ^[[90m^[[1m_update_scan_actions^[[22m | otter_boatwright.cautious_crouch_walk_forward.plain.png^[[39m^[[0m
Godot gates (analyzer)	Import the project	2026-10-04T01:43:31.2970190Z [  27% ] ^[[90m^[[1m_update_scan_actions^[[22m | otter_boatwright.cautious_crouch_walk_forward.standard_bore.png^[[39m^[[0m
Godot gates (analyzer)	Import the project	2026-10-04T01:43:31.2970608Z [  27% ] ^[[90m^[[1m_update_scan_actions^[[22m | otter_boatwright.idle.plain.png^[[39m^[[0m
Godot gates (analyzer)	Import the project	2026-10-04T01:43:31.2971008Z [  27% ] ^[[90m^[[1m_update_scan_actions^[[22m | otter_boatwright.walk.plain.png^[[39m^[[0m
Godot gates (analyzer)	Import the project	2026-10-04T01:43:31.2971432Z [  27% ] ^[[90m^[[1m_update_scan_actions^[[22m | otter_boatwright.walk.ramp_down.png^[[39m^[[0m
Godot gates (analyzer)	Import the project	2026-10-04T01:43:31.2971849Z [  27% ] ^[[90m^[[1m_update_scan_actions^[[22m | otter_boatwright.walk.ramp_up.png^[[39m^[[0m
Godot gates (analyzer)	Import the project	2026-10-04T01:43:31.2972386Z [  27% ] ^[[90m^[[1m_update_scan_actions^[[22m | squirrel_gatherer.carry_heavy_object_walk.plain.png^[[39m^[[0m
Godot gates (analyzer)	Import the project	2026-10-04T01:43:31.2972986Z [  28% ] ^[[90m^[[1m_update_scan_actions^[[22m | squirrel_gatherer.carry_heavy_object_walk.standard_bore.png^[[39m^[[0m
Godot gates (analyzer)	Import the project	2026-10-04T01:43:31.2973547Z [  28% ] ^[[90m^[[1m_update_scan_actions^[[22m | squirrel_gatherer.cautious_crouch_walk_forward.plain.png^[[39m^[[0m
Godot gates (analyzer)	Import the project	2026-10-04T01:43:31.2974189Z [  28% ] ^[[90m^[[1m_update_scan_actions^[[22m | squirrel_gatherer.cautious_crouch_walk_forward.standard_bore.png^[[39m^[[0m
Godot gates (analyzer)	Import the project	2026-10-04T01:43:31.2974628Z [  28% ] ^[[90m^[[1m_update_scan_actions^[[22m | squirrel_gatherer.idle.plain.png^[[39m^[[0m
Godot gates (analyzer)	Import the project	2026-10-04T01:43:31.2975026Z [  28% ] ^[[90m^[[1m_update_scan_actions^[[22m | squirrel_gatherer.walk.plain.png^[[39m^[[0m
Godot gates (analyzer)	Import the project	2026-10-04T01:43:31.2975479Z [  28% ] ^[[90m^[[1m_update_scan_actions^[[22m | squirrel_gatherer.walk.ramp_down.png^[[39m^[[0m
Godot gates (analyzer)	Import the project	2026-10-04T01:43:31.2975902Z [  28% ] ^[[90m^[[1m_update_scan_actions^[[22m | squirrel_gatherer.walk.ramp_up.png^[[39m^[[0m
Godot gates (analyzer)	Import the project	2026-10-04T01:43:31.2976243Z [  28% ] ^[[90m^[[1m_update_scan_actions^[[22m | native-world.png^[[39m^[[0m
Godot gates (analyzer)	Import the project	2026-10-04T01:43:31.2976562Z [  29% ] ^[[90m^[[1m_update_scan_actions^[[22m | native-world.png^[[39m^[[0m
Godot gates (analyzer)	Import the project	2026-10-04T01:43:31.2977133Z [  29% ] ^[[90m^[[1m_update_scan_actions^[[22m | opposite-000-source030.png^[[39m^[[0m
Godot gates (analyzer)	Import the project	2026-10-04T01:43:31.2977515Z [  29% ] ^[[90m^[[1m_update_scan_actions^[[22m | opposite-003-source033.png^[[39m^[[0m
Godot gates (analyzer)	Import the project	2026-10-04T01:43:31.2977916Z [  29% ] ^[[90m^[[1m_update_scan_actions^[[22m | opposite-006-source036.png^[[39m^[[0m
Godot gates (analyzer)	Import the project	2026-10-04T01:43:31.2978302Z [  29% ] ^[[90m^[[1m_update_scan_actions^[[22m | opposite-009-source039.png^[[39m^[[0m
Godot gates (analyzer)	Import the project	2026-10-04T01:43:31.2978687Z [  29% ] ^[[90m^[[1m_update_scan_actions^[[22m | opposite-012-source042.png^[[39m^[[0m
Godot gates (analyzer)	Import the project	2026-10-04T01:43:31.2979058Z [  29% ] ^[[90m^[[1m_update_scan_actions^[[22m | opposite-015-source041.png^[[39m^[[0m
Godot gates (analyzer)	Import the project	2026-10-04T01:43:31.2979448Z [  29% ] ^[[90m^[[1m_update_scan_actions^[[22m | opposite-018-source038.png^[[39m^[[0m
Godot gates (analyzer)	Import the project	2026-10-04T01:43:31.2979811Z [  30% ] ^[[90m^[[1m_update_scan_actions^[[22m | opposite-021-source035.png^[[39m^[[0m
Godot gates (analyzer)	Import the project	2026-10-04T01:43:31.2980209Z [  30% ] ^[[90m^[[1m_update_scan_actions^[[22m | opposite-024-source032.png^[[39m^[[0m
Godot gates (analyzer)	Import the project	2026-10-04T01:43:31.2980567Z [  30% ] ^[[90m^[[1m_update_scan_actions^[[22m | opposite-entry-00.png^[[39m^[[0m
Godot gates (analyzer)	Import the project	2026-10-04T01:43:31.2980926Z [  30% ] ^[[90m^[[1m_update_scan_actions^[[22m | opposite-entry-06.png^[[39m^[[0m
Godot gates (analyzer)	Import the project	2026-10-04T01:43:31.2981496Z [  30% ] ^[[90m^[[1m_update_scan_actions^[[22m | opposite-entry-12.png^[[39m^[[0m
Godot gates (analyzer)	Import the project	2026-10-04T01:43:31.2987965Z [  30% ] ^[[90m^[[1m_update_scan_actions^[[22m | opposite-entry-18.png^[[39m^[[0m
Godot gates (analyzer)	Import the project	2026-10-04T01:43:31.2998134Z [  30% ] ^[[90m^[[1m_update_scan_actions^[[22m | opposite-entry-24.png^[[39m^[[0m
Godot gates (analyzer)	Import the project	2026-10-04T01:43:31.2998526Z [  30% ] ^[[90m^[[1m_update_scan_actions^[[22m | opposite-entry-30.png^[[39m^[[0m
Godot gates (analyzer)	Import the project	2026-10-04T01:43:31.2998884Z [  31% ] ^[[90m^[[1m_update_scan_actions^[[22m | opposite-entry-36.png^[[39m^[[0m
Godot gates (analyzer)	Import the project	2026-10-04T01:43:31.2999229Z [  31% ] ^[[90m^[[1m_update_scan_actions^[[22m | opposite-entry-42.png^[[39m^[[0m
Godot gates (analyzer)	Import the project	2026-10-04T01:43:31.2999578Z [  31% ] ^[[90m^[[1m_update_scan_actions^[[22m | opposite-entry-48.png^[[39m^[[0m
Godot gates (analyzer)	Import the project	2026-10-04T01:43:31.2999926Z [  31% ] ^[[90m^[[1m_update_scan_actions^[[22m | opposite-entry-54.png^[[39m^[[0m
Godot gates (analyzer)	Import the project	2026-10-04T01:43:31.3000266Z [  31% ] ^[[90m^[[1m_update_scan_actions^[[22m | opposite-entry-60.png^[[39m^[[0m
Godot gates (analyzer)	Import the project	2026-10-04T01:43:31.3000655Z [  31% ] ^[[90m^[[1m_update_scan_actions^[[22m | opposite-recovery-00.png^[[39m^[[0m
Godot gates (analyzer)	Import the project	2026-10-04T01:43:31.3001050Z [  31% ] ^[[90m^[[1m_update_scan_actions^[[22m | opposite-recovery-06.png^[[39m^[[0m
Godot gates (analyzer)	Import the project	2026-10-04T01:43:31.3001425Z [  31% ] ^[[90m^[[1m_update_scan_actions^[[22m | opposite-recovery-12.png^[[39m^[[0m
Godot gates (analyzer)	Import the project	2026-10-04T01:43:31.3001797Z [  32% ] ^[[90m^[[1m_update_scan_actions^[[22m | opposite-recovery-18.png^[[39m^[[0m
Godot gates (analyzer)	Import the project	2026-10-04T01:43:31.3002180Z [  32% ] ^[[90m^[[1m_update_scan_actions^[[22m | opposite-recovery-24.png^[[39m^[[0m
Godot gates (analyzer)	Import the project	2026-10-04T01:43:31.3002536Z [  32% ] ^[[90m^[[1m_update_scan_actions^[[22m | opposite-recovery-30.png^[[39m^[[0m
Godot gates (analyzer)	Import the project	2026-10-04T01:43:31.3002912Z [  32% ] ^[[90m^[[1m_update_scan_actions^[[22m | opposite-recovery-36.png^[[39m^[[0m
Godot gates (analyzer)	Import the project	2026-10-04T01:43:31.3003284Z [  32% ] ^[[90m^[[1m_update_scan_actions^[[22m | opposite-recovery-42.png^[[39m^[[0m
Godot gates (analyzer)	Import the project	2026-10-04T01:43:31.3003644Z [  32% ] ^[[90m^[[1m_update_scan_actions^[[22m | opposite-recovery-48.png^[[39m^[[0m
Godot gates (analyzer)	Import the project	2026-10-04T01:43:31.3004016Z [  32% ] ^[[90m^[[1m_update_scan_actions^[[22m | opposite-recovery-54.png^[[39m^[[0m
Godot gates (analyzer)	Import the project	2026-10-04T01:43:31.3004390Z [  32% ] ^[[90m^[[1m_update_scan_actions^[[22m | opposite-recovery-60.png^[[39m^[[0m
Godot gates (analyzer)	Import the project	2026-10-04T01:43:31.3004734Z [  33% ] ^[[90m^[[1m_update_scan_actions^[[22m | rts-000-source030.png^[[39m^[[0m
Godot gates (analyzer)	Import the project	2026-10-04T01:43:31.3005087Z [  33% ] ^[[90m^[[1m_update_scan_actions^[[22m | rts-003-source033.png^[[39m^[[0m
Godot gates (analyzer)	Import the project	2026-10-04T01:43:31.3005427Z [  33% ] ^[[90m^[[1m_update_scan_actions^[[22m | rts-006-source036.png^[[39m^[[0m
Godot gates (analyzer)	Import the project	2026-10-04T01:43:31.3005759Z [  33% ] ^[[90m^[[1m_update_scan_actions^[[22m | rts-009-source039.png^[[39m^[[0m
Godot gates (analyzer)	Import the project	2026-10-04T01:43:31.3006100Z [  33% ] ^[[90m^[[1m_update_scan_actions^[[22m | rts-012-source042.png^[[39m^[[0m
Godot gates (analyzer)	Import the project	2026-10-04T01:43:31.3006444Z [  33% ] ^[[90m^[[1m_update_scan_actions^[[22m | rts-015-source041.png^[[39m^[[0m
Godot gates (analyzer)	Import the project	2026-10-04T01:43:31.3006778Z [  33% ] ^[[90m^[[1m_update_scan_actions^[[22m | rts-018-source038.png^[[39m^[[0m
Godot gates (analyzer)	Import the project	2026-10-04T01:43:31.3007254Z [  33% ] ^[[90m^[[1m_update_scan_actions^[[22m | rts-021-source035.png^[[39m^[[0m
Godot gates (analyzer)	Import the project	2026-10-04T01:43:31.3007592Z [  34% ] ^[[90m^[[1m_update_scan_actions^[[22m | rts-024-source032.png^[[39m^[[0m
Godot gates (analyzer)	Import the project	2026-10-04T01:43:31.3007928Z [  34% ] ^[[90m^[[1m_update_scan_actions^[[22m | rts-entry-00.png^[[39m^[[0m
Godot gates (analyzer)	Import the project	2026-10-04T01:43:31.3008248Z [  34% ] ^[[90m^[[1m_update_scan_actions^[[22m | rts-entry-06.png^[[39m^[[0m
Godot gates (analyzer)	Import the project	2026-10-04T01:43:31.3008555Z [  34% ] ^[[90m^[[1m_update_scan_actions^[[22m | rts-entry-12.png^[[39m^[[0m
Godot gates (analyzer)	Import the project	2026-10-04T01:43:31.3008870Z [  34% ] ^[[90m^[[1m_update_scan_actions^[[22m | rts-entry-18.png^[[39m^[[0m
Godot gates (analyzer)	Import the project	2026-10-04T01:43:31.3009250Z [  34% ] ^[[90m^[[1m_update_scan_actions^[[22m | rts-entry-24.png^[[39m^[[0m
Godot gates (analyzer)	Import the project	2026-10-04T01:43:31.3009566Z [  34% ] ^[[90m^[[1m_update_scan_actions^[[22m | rts-entry-30.png^[[39m^[[0m
Godot gates (analyzer)	Import the project	2026-10-04T01:43:31.3009884Z [  34% ] ^[[90m^[[1m_update_scan_actions^[[22m | rts-entry-36.png^[[39m^[[0m
Godot gates (analyzer)	Import the project	2026-10-04T01:43:31.3010201Z [  35% ] ^[[90m^[[1m_update_scan_actions^[[22m | rts-entry-42.png^[[39m^[[0m
Godot gates (analyzer)	Import the project	2026-10-04T01:43:31.3010507Z [  35% ] ^[[90m^[[1m_update_scan_actions^[[22m | rts-entry-48.png^[[39m^[[0m
Godot gates (analyzer)	Import the project	2026-10-04T01:43:31.3010835Z [  35% ] ^[[90m^[[1m_update_scan_actions^[[22m | rts-entry-54.png^[[39m^[[0m
Godot gates (analyzer)	Import the project	2026-10-04T01:43:31.3011383Z [  35% ] ^[[90m^[[1m_update_scan_actions^[[22m | rts-entry-60.png^[[39m^[[0m
Godot gates (analyzer)	Import the project	2026-10-04T01:43:31.3011868Z [  35% ] ^[[90m^[[1m_update_scan_actions^[[22m | rts-recovery-00.png^[[39m^[[0m
Godot gates (analyzer)	Import the project	2026-10-04T01:43:31.3012208Z [  35% ] ^[[90m^[[1m_update_scan_actions^[[22m | rts-recovery-06.png^[[39m^[[0m
Godot gates (analyzer)	Import the project	2026-10-04T01:43:31.3012543Z [  35% ] ^[[90m^[[1m_update_scan_actions^[[22m | rts-recovery-12.png^[[39m^[[0m
Godot gates (analyzer)	Import the project	2026-10-04T01:43:31.3012871Z [  35% ] ^[[90m^[[1m_update_scan_actions^[[22m | rts-recovery-18.png^[[39m^[[0m
Godot gates (analyzer)	Import the project	2026-10-04T01:43:31.3013212Z [  36% ] ^[[90m^[[1m_update_scan_actions^[[22m | rts-recovery-24.png^[[39m^[[0m
Godot gates (analyzer)	Import the project	2026-10-04T01:43:31.3013560Z [  36% ] ^[[90m^[[1m_update_scan_actions^[[22m | rts-recovery-30.png^[[39m^[[0m
Godot gates (analyzer)	Import the project	2026-10-04T01:43:31.3013888Z [  36% ] ^[[90m^[[1m_update_scan_actions^[[22m | rts-recovery-36.png^[[39m^[[0m
Godot gates (analyzer)	Import the project	2026-10-04T01:43:31.3014231Z [  36% ] ^[[90m^[[1m_update_scan_actions^[[22m | rts-recovery-42.png^[[39m^[[0m
Godot gates (analyzer)	Import the project	2026-10-04T01:43:31.3014577Z [  36% ] ^[[90m^[[1m_update_scan_actions^[[22m | rts-recovery-48.png^[[39m^[[0m
Godot gates (analyzer)	Import the project	2026-10-04T01:43:31.3014915Z [  36% ] ^[[90m^[[1m_update_scan_actions^[[22m | rts-recovery-54.png^[[39m^[[0m
Godot gates (analyzer)	Import the project	2026-10-04T01:43:31.3015258Z [  36% ] ^[[90m^[[1m_update_scan_actions^[[22m | rts-recovery-60.png^[[39m^[[0m
Godot gates (analyzer)	Import the project	2026-10-04T01:43:31.3015623Z [  36% ] ^[[90m^[[1m_update_scan_actions^[[22m | side-000-source030.png^[[39m^[[0m
Godot gates (analyzer)	Import the project	2026-10-04T01:43:31.3015968Z [  37% ] ^[[90m^[[1m_update_scan_actions^[[22m | side-003-source033.png^[[39m^[[0m
Godot gates (analyzer)	Import the project	2026-10-04T01:43:31.3016323Z [  37% ] ^[[90m^[[1m_update_scan_actions^[[22m | side-006-source036.png^[[39m^[[0m
Godot gates (analyzer)	Import the project	2026-10-04T01:43:31.3016672Z [  37% ] ^[[90m^[[1m_update_scan_actions^[[22m | side-009-source039.png^[[39m^[[0m
Godot gates (analyzer)	Import the project	2026-10-04T01:43:31.3017143Z [  37% ] ^[[90m^[[1m_update_scan_actions^[[22m | side-012-source042.png^[[39m^[[0m
Godot gates (analyzer)	Import the project	2026-10-04T01:43:31.3017502Z [  37% ] ^[[90m^[[1m_update_scan_actions^[[22m | side-015-source041.png^[[39m^[[0m
Godot gates (analyzer)	Import the project	2026-10-04T01:43:31.3017856Z [  37% ] ^[[90m^[[1m_update_scan_actions^[[22m | side-018-source038.png^[[39m^[[0m
Godot gates (analyzer)	Import the project	2026-10-04T01:43:31.3018204Z [  37% ] ^[[90m^[[1m_update_scan_actions^[[22m | side-021-source035.png^[[39m^[[0m
Godot gates (analyzer)	Import the project	2026-10-04T01:43:31.3018751Z [  37% ] ^[[90m^[[1m_update_scan_actions^[[22m | side-024-source032.png^[[39m^[[0m
Godot gates (analyzer)	Import the project	2026-10-04T01:43:31.3019392Z [  38% ] ^[[90m^[[1m_update_scan_actions^[[22m | side-entry-00.png^[[39m^[[0m
Godot gates (analyzer)	Import the project	2026-10-04T01:43:31.3020122Z [  38% ] ^[[90m^[[1m_update_scan_actions^[[22m | side-entry-06.png^[[39m^[[0m
Godot gates (analyzer)	Import the project	2026-10-04T01:43:31.3020669Z [  38% ] ^[[90m^[[1m_update_scan_actions^[[22m | side-entry-12.png^[[39m^[[0m
Godot gates (analyzer)	Import the project	2026-10-04T01:43:31.3021341Z [  38% ] ^[[90m^[[1m_update_scan_actions^[[22m | side-entry-18.png^[[39m^[[0m
Godot gates (analyzer)	Import the project	2026-10-04T01:43:31.3022014Z [  38% ] ^[[90m^[[1m_update_scan_actions^[[22m | side-entry-24.png^[[39m^[[0m
Godot gates (analyzer)	Import the project	2026-10-04T01:43:31.3022658Z [  38% ] ^[[90m^[[1m_update_scan_actions^[[22m | side-entry-30.png^[[39m^[[0m
Godot gates (analyzer)	Import the project	2026-10-04T01:43:31.3023261Z [  38% ] ^[[90m^[[1m_update_scan_actions^[[22m | side-entry-36.png^[[39m^[[0m
Godot gates (analyzer)	Import the project	2026-10-04T01:43:31.3023909Z [  38% ] ^[[90m^[[1m_update_scan_actions^[[22m | side-entry-42.png^[[39m^[[0m
Godot gates (analyzer)	Import the project	2026-10-04T01:43:31.3024556Z [  39% ] ^[[90m^[[1m_update_scan_actions^[[22m | side-entry-48.png^[[39m^[[0m
Godot gates (analyzer)	Import the project	2026-10-04T01:43:31.3025199Z [  39% ] ^[[90m^[[1m_update_scan_actions^[[22m | side-entry-54.png^[[39m^[[0m
Godot gates (analyzer)	Import the project	2026-10-04T01:43:31.3026720Z [  39% ] ^[[90m^[[1m_update_scan_actions^[[22m | side-entry-60.png^[[39m^[[0m
Godot gates (analyzer)	Import the project	2026-10-04T01:43:31.3027639Z [  39% ] ^[[90m^[[1m_update_scan_actions^[[22m | side-recovery-00.png^[[39m^[[0m
Godot gates (analyzer)	Import the project	2026-10-04T01:43:31.3028279Z [  39% ] ^[[90m^[[1m_update_scan_actions^[[22m | side-recovery-06.png^[[39m^[[0m
Godot gates (analyzer)	Import the project	2026-10-04T01:43:31.3028910Z [  39% ] ^[[90m^[[1m_update_scan_actions^[[22m | side-recovery-12.png^[[39m^[[0m
Godot gates (analyzer)	Import the project	2026-10-04T01:43:31.3029561Z [  39% ] ^[[90m^[[1m_update_scan_actions^[[22m | side-recovery-18.png^[[39m^[[0m
Godot gates (analyzer)	Import the project	2026-10-04T01:43:31.3030164Z [  39% ] ^[[90m^[[1m_update_scan_actions^[[22m | side-recovery-24.png^[[39m^[[0m
Godot gates (analyzer)	Import the project	2026-10-04T01:43:31.3030800Z [  40% ] ^[[90m^[[1m_update_scan_actions^[[22m | side-recovery-30.png^[[39m^[[0m
Godot gates (analyzer)	Import the project	2026-10-04T01:43:31.3031442Z [  40% ] ^[[90m^[[1m_update_scan_actions^[[22m | side-recovery-36.png^[[39m^[[0m
Godot gates (analyzer)	Import the project	2026-10-04T01:43:31.3032076Z [  40% ] ^[[90m^[[1m_update_scan_actions^[[22m | side-recovery-42.png^[[39m^[[0m
Godot gates (analyzer)	Import the project	2026-10-04T01:43:31.3032741Z [  40% ] ^[[90m^[[1m_update_scan_actions^[[22m | side-recovery-48.png^[[39m^[[0m
Godot gates (analyzer)	Import the project	2026-10-04T01:43:31.3037846Z [  40% ] ^[[90m^[[1m_update_scan_actions^[[22m | side-recovery-54.png^[[39m^[[0m
Godot gates (analyzer)	Import the project	2026-10-04T01:43:31.3057709Z [  40% ] ^[[90m^[[1m_update_scan_actions^[[22m | side-recovery-60.png^[[39m^[[0m
Godot gates (analyzer)	Import the project	2026-10-04T01:43:31.3067981Z [  40% ] ^[[90m^[[1m_update_scan_actions^[[22m | heavy_hammer_swing-000.png^[[39m^[[0m
Godot gates (analyzer)	Import the project	2026-10-04T01:43:31.3068339Z [  40% ] ^[[90m^[[1m_update_scan_actions^[[22m | heavy_hammer_swing-006.png^[[39m^[[0m
Godot gates (analyzer)	Import the project	2026-10-04T01:43:31.3068575Z [  41% ] ^[[90m^[[1m_update_scan_actions^[[22m | heavy_hammer_swing-012.png^[[39m^[[0m
Godot gates (analyzer)	Import the project	2026-10-04T01:43:31.3068853Z [  41% ] ^[[90m^[[1m_update_scan_actions^[[22m | heavy_hammer_swing-018.png^[[39m^[[0m
Godot gates (analyzer)	Import the project	2026-10-04T01:43:31.3069177Z [  41% ] ^[[90m^[[1m_update_scan_actions^[[22m | heavy_hammer_swing-024.png^[[39m^[[0m
Godot gates (analyzer)	Import the project	2026-10-04T01:43:31.3069410Z [  41% ] ^[[90m^[[1m_update_scan_actions^[[22m | heavy_hammer_swing-030.png^[[39m^[[0m
Godot gates (analyzer)	Import the project	2026-10-04T01:43:31.3069761Z [  41% ] ^[[90m^[[1m_update_scan_actions^[[22m | heavy_hammer_swing-036.png^[[39m^[[0m
Godot gates (analyzer)	Import the project	2026-10-04T01:43:31.3070002Z [  41% ] ^[[90m^[[1m_update_scan_actions^[[22m | heavy_hammer_swing-042.png^[[39m^[[0m
Godot gates (analyzer)	Import the project	2026-10-04T01:43:31.3070286Z [  41% ] ^[[90m^[[1m_update_scan_actions^[[22m | heavy_hammer_swing-048.png^[[39m^[[0m
Godot gates (analyzer)	Import the project	2026-10-04T01:43:31.3070567Z [  41% ] ^[[90m^[[1m_update_scan_actions^[[22m | heavy_hammer_swing-054.png^[[39m^[[0m
Godot gates (analyzer)	Import the project	2026-10-04T01:43:31.3070795Z [  42% ] ^[[90m^[[1m_update_scan_actions^[[22m | heavy_hammer_swing-057.png^[[39m^[[0m
Godot gates (analyzer)	Import the project	2026-10-04T01:43:31.3071074Z [  42% ] ^[[90m^[[1m_update_scan_actions^[[22m | idle-000.png^[[39m^[[0m
Godot gates (analyzer)	Import the project	2026-10-04T01:43:31.3071299Z [  42% ] ^[[90m^[[1m_update_scan_actions^[[22m | idle-006.png^[[39m^[[0m
Godot gates (analyzer)	Import the project	2026-10-04T01:43:31.3071485Z [  42% ] ^[[90m^[[1m_update_scan_actions^[[22m | idle-012.png^[[39m^[[0m
Godot gates (analyzer)	Import the project	2026-10-04T01:43:31.3071734Z [  42% ] ^[[90m^[[1m_update_scan_actions^[[22m | idle-018.png^[[39m^[[0m
Godot gates (analyzer)	Import the project	2026-10-04T01:43:31.3071978Z [  42% ] ^[[90m^[[1m_update_scan_actions^[[22m | idle-024.png^[[39m^[[0m
Godot gates (analyzer)	Import the project	2026-10-04T01:43:31.3072184Z [  42% ] ^[[90m^[[1m_update_scan_actions^[[22m | idle-030.png^[[39m^[[0m
Godot gates (analyzer)	Import the project	2026-10-04T01:43:31.3072459Z [  42% ] ^[[90m^[[1m_update_scan_actions^[[22m | idle-036.png^[[39m^[[0m
Godot gates (analyzer)	Import the project	2026-10-04T01:43:31.3072670Z [  43% ] ^[[90m^[[1m_update_scan_actions^[[22m | idle-042.png^[[39m^[[0m
Godot gates (analyzer)	Import the project	2026-10-04T01:43:31.3072859Z [  43% ] ^[[90m^[[1m_update_scan_actions^[[22m | idle-048.png^[[39m^[[0m
Godot gates (analyzer)	Import the project	2026-10-04T01:43:31.3073102Z [  43% ] ^[[90m^[[1m_update_scan_actions^[[22m | idle-054.png^[[39m^[[0m
Godot gates (analyzer)	Import the project	2026-10-04T01:43:31.3073335Z [  43% ] ^[[90m^[[1m_update_scan_actions^[[22m | idle-060.png^[[39m^[[0m
Godot gates (analyzer)	Import the project	2026-10-04T01:43:31.3073526Z [  43% ] ^[[90m^[[1m_update_scan_actions^[[22m | idle-066.png^[[39m^[[0m
Godot gates (analyzer)	Import the project	2026-10-04T01:43:31.3073759Z [  43% ] ^[[90m^[[1m_update_scan_actions^[[22m | idle-072.png^[[39m^[[0m
Godot gates (analyzer)	Import the project	2026-10-04T01:43:31.3073999Z [  43% ] ^[[90m^[[1m_update_scan_actions^[[22m | idle-078.png^[[39m^[[0m
Godot gates (analyzer)	Import the project	2026-10-04T01:43:31.3074185Z [  43% ] ^[[90m^[[1m_update_scan_actions^[[22m | idle-084.png^[[39m^[[0m
Godot gates (analyzer)	Import the project	2026-10-04T01:43:31.3074396Z [  44% ] ^[[90m^[[1m_update_scan_actions^[[22m | idle-090.png^[[39m^[[0m
Godot gates (analyzer)	Import the project	2026-10-04T01:43:31.3074670Z [  44% ] ^[[90m^[[1m_update_scan_actions^[[22m | idle-096.png^[[39m^[[0m
Godot gates (analyzer)	Import the project	2026-10-04T01:43:31.3074863Z [  44% ] ^[[90m^[[1m_update_scan_actions^[[22m | idle-102.png^[[39m^[[0m
Godot gates (analyzer)	Import the project	2026-10-04T01:43:31.3075089Z [  44% ] ^[[90m^[[1m_update_scan_actions^[[22m | idle-108.png^[[39m^[[0m
Godot gates (analyzer)	Import the project	2026-10-04T01:43:31.3075338Z [  44% ] ^[[90m^[[1m_update_scan_actions^[[22m | idle-114.png^[[39m^[[0m
Godot gates (analyzer)	Import the project	2026-10-04T01:43:31.3075527Z [  44% ] ^[[90m^[[1m_update_scan_actions^[[22m | idle-120.png^[[39m^[[0m
Godot gates (analyzer)	Import the project	2026-10-04T01:43:31.3075767Z [  44% ] ^[[90m^[[1m_update_scan_actions^[[22m | idle-121.png^[[39m^[[0m
Godot gates (analyzer)	Import the project	2026-10-04T01:43:31.3076007Z [  44% ] ^[[90m^[[1m_update_scan_actions^[[22m | walk-000.png^[[39m^[[0m
Godot gates (analyzer)	Import the project	2026-10-04T01:43:31.3076196Z [  45% ] ^[[90m^[[1m_update_scan_actions^[[22m | walk-006.png^[[39m^[[0m
Godot gates (analyzer)	Import the project	2026-10-04T01:43:31.3076438Z [  45% ] ^[[90m^[[1m_update_scan_actions^[[22m | walk-012.png^[[39m^[[0m
Godot gates (analyzer)	Import the project	2026-10-04T01:43:31.3076678Z [  45% ] ^[[90m^[[1m_update_scan_actions^[[22m | walk-018.png^[[39m^[[0m
Godot gates (analyzer)	Import the project	2026-10-04T01:43:31.3077281Z [  45% ] ^[[90m^[[1m_update_scan_actions^[[22m | walk-024.png^[[39m^[[0m
Godot gates (analyzer)	Import the project	2026-10-04T01:43:31.3077624Z [  45% ] ^[[90m^[[1m_update_scan_actions^[[22m | walk-030.png^[[39m^[[0m
Godot gates (analyzer)	Import the project	2026-10-04T01:43:31.3077863Z [  45% ] ^[[90m^[[1m_update_scan_actions^[[22m | walk-033.png^[[39m^[[0m
Godot gates (analyzer)	Import the project	2026-10-04T01:43:31.3078161Z [  45% ] ^[[90m^[[1m_update_scan_actions^[[22m | heavy_hammer_swing-000.png^[[39m^[[0m
Godot gates (analyzer)	Import the project	2026-10-04T01:43:31.3078397Z [  45% ] ^[[90m^[[1m_update_scan_actions^[[22m | heavy_hammer_swing-006.png^[[39m^[[0m
Godot gates (analyzer)	Import the project	2026-10-04T01:43:31.3078746Z [  46% ] ^[[90m^[[1m_update_scan_actions^[[22m | heavy_hammer_swing-012.png^[[39m^[[0m
Godot gates (analyzer)	Import the project	2026-10-04T01:43:31.3078973Z [  46% ] ^[[90m^[[1m_update_scan_actions^[[22m | heavy_hammer_swing-018.png^[[39m^[[0m
Godot gates (analyzer)	Import the project	2026-10-04T01:43:31.3079288Z [  46% ] ^[[90m^[[1m_update_scan_actions^[[22m | heavy_hammer_swing-024.png^[[39m^[[0m
Godot gates (analyzer)	Import the project	2026-10-04T01:43:31.3079555Z [  46% ] ^[[90m^[[1m_update_scan_actions^[[22m | heavy_hammer_swing-030.png^[[39m^[[0m
Godot gates (analyzer)	Import the project	2026-10-04T01:43:31.3079787Z [  46% ] ^[[90m^[[1m_update_scan_actions^[[22m | heavy_hammer_swing-036.png^[[39m^[[0m
Godot gates (analyzer)	Import the project	2026-10-04T01:43:31.3080017Z [  46% ] ^[[90m^[[1m_update_scan_actions^[[22m | heavy_hammer_swing-042.png^[[39m^[[0m
Godot gates (analyzer)	Import the project	2026-10-04T01:43:31.3080254Z [  46% ] ^[[90m^[[1m_update_scan_actions^[[22m | heavy_hammer_swing-048.png^[[39m^[[0m
Godot gates (analyzer)	Import the project	2026-10-04T01:43:31.3080477Z [  46% ] ^[[90m^[[1m_update_scan_actions^[[22m | heavy_hammer_swing-054.png^[[39m^[[0m
Godot gates (analyzer)	Import the project	2026-10-04T01:43:31.3080710Z [  47% ] ^[[90m^[[1m_update_scan_actions^[[22m | heavy_hammer_swing-057.png^[[39m^[[0m
Godot gates (analyzer)	Import the project	2026-10-04T01:43:31.3080902Z [  47% ] ^[[90m^[[1m_update_scan_actions^[[22m | idle-000.png^[[39m^[[0m
Godot gates (analyzer)	Import the project	2026-10-04T01:43:31.3081082Z [  47% ] ^[[90m^[[1m_update_scan_actions^[[22m | idle-006.png^[[39m^[[0m
Godot gates (analyzer)	Import the project	2026-10-04T01:43:31.3081271Z [  47% ] ^[[90m^[[1m_update_scan_actions^[[22m | idle-012.png^[[39m^[[0m
Godot gates (analyzer)	Import the project	2026-10-04T01:43:31.3081459Z [  47% ] ^[[90m^[[1m_update_scan_actions^[[22m | idle-018.png^[[39m^[[0m
Godot gates (analyzer)	Import the project	2026-10-04T01:43:31.3081662Z [  47% ] ^[[90m^[[1m_update_scan_actions^[[22m | idle-024.png^[[39m^[[0m
Godot gates (analyzer)	Import the project	2026-10-04T01:43:31.3081847Z [  47% ] ^[[90m^[[1m_update_scan_actions^[[22m | idle-030.png^[[39m^[[0m
Godot gates (analyzer)	Import the project	2026-10-04T01:43:31.3082038Z [  47% ] ^[[90m^[[1m_update_scan_actions^[[22m | idle-036.png^[[39m^[[0m
Godot gates (analyzer)	Import the project	2026-10-04T01:43:31.3082236Z [  48% ] ^[[90m^[[1m_update_scan_actions^[[22m | idle-042.png^[[39m^[[0m
Godot gates (analyzer)	Import the project	2026-10-04T01:43:31.3082526Z [  48% ] ^[[90m^[[1m_update_scan_actions^[[22m | idle-048.png^[[39m^[[0m
Godot gates (analyzer)	Import the project	2026-10-04T01:43:31.3082715Z [  48% ] ^[[90m^[[1m_update_scan_actions^[[22m | idle-054.png^[[39m^[[0m
Godot gates (analyzer)	Import the project	2026-10-04T01:43:31.3082900Z [  48% ] ^[[90m^[[1m_update_scan_actions^[[22m | idle-060.png^[[39m^[[0m
Godot gates (analyzer)	Import the project	2026-10-04T01:43:31.3083196Z [  48% ] ^[[90m^[[1m_update_scan_actions^[[22m | idle-066.png^[[39m^[[0m
Godot gates (analyzer)	Import the project	2026-10-04T01:43:31.3083384Z [  48% ] ^[[90m^[[1m_update_scan_actions^[[22m | idle-072.png^[[39m^[[0m
Godot gates (analyzer)	Import the project	2026-10-04T01:43:31.3083577Z [  48% ] ^[[90m^[[1m_update_scan_actions^[[22m | idle-078.png^[[39m^[[0m
Godot gates (analyzer)	Import the project	2026-10-04T01:43:31.3083869Z [  48% ] ^[[90m^[[1m_update_scan_actions^[[22m | idle-084.png^[[39m^[[0m
Godot gates (analyzer)	Import the project	2026-10-04T01:43:31.3084070Z [  49% ] ^[[90m^[[1m_update_scan_actions^[[22m | idle-090.png^[[39m^[[0m
Godot gates (analyzer)	Import the project	2026-10-04T01:43:31.3084309Z [  49% ] ^[[90m^[[1m_update_scan_actions^[[22m | idle-096.png^[[39m^[[0m
Godot gates (analyzer)	Import the project	2026-10-04T01:43:31.3084569Z [  49% ] ^[[90m^[[1m_update_scan_actions^[[22m | idle-102.png^[[39m^[[0m
Godot gates (analyzer)	Import the project	2026-10-04T01:43:31.3084761Z [  49% ] ^[[90m^[[1m_update_scan_actions^[[22m | idle-108.png^[[39m^[[0m
Godot gates (analyzer)	Import the project	2026-10-04T01:43:31.3084948Z [  49% ] ^[[90m^[[1m_update_scan_actions^[[22m | idle-114.png^[[39m^[[0m
Godot gates (analyzer)	Import the project	2026-10-04T01:43:31.3085238Z [  49% ] ^[[90m^[[1m_update_scan_actions^[[22m | idle-120.png^[[39m^[[0m
Godot gates (analyzer)	Import the project	2026-10-04T01:43:31.3085429Z [  49% ] ^[[90m^[[1m_update_scan_actions^[[22m | idle-121.png^[[39m^[[0m
Godot gates (analyzer)	Import the project	2026-10-04T01:43:31.3085616Z [  49% ] ^[[90m^[[1m_update_scan_actions^[[22m | walk-000.png^[[39m^[[0m
Godot gates (analyzer)	Import the project	2026-10-04T01:43:31.3085894Z [  50% ] ^[[90m^[[1m_update_scan_actions^[[22m | walk-006.png^[[39m^[[0m
Godot gates (analyzer)	Import the project	2026-10-04T01:43:31.3086093Z [  50% ] ^[[90m^[[1m_update_scan_actions^[[22m | walk-012.png^[[39m^[[0m
Godot gates (analyzer)	Import the project	2026-10-04T01:43:31.3086272Z [  50% ] ^[[90m^[[1m_update_scan_actions^[[22m | walk-018.png^[[39m^[[0m
Godot gates (analyzer)	Import the project	2026-10-04T01:43:31.3086721Z [  50% ] ^[[90m^[[1m_update_scan_actions^[[22m | walk-024.png^[[39m^[[0m
Godot gates (analyzer)	Import the project	2026-10-04T01:43:31.3086910Z [  50% ] ^[[90m^[[1m_update_scan_actions^[[22m | walk-030.png^[[39m^[[0m
Godot gates (analyzer)	Import the project	2026-10-04T01:43:31.3087537Z [  50% ] ^[[90m^[[1m_update_scan_actions^[[22m | walk-033.png^[[39m^[[0m
Godot gates (analyzer)	Import the project	2026-10-04T01:43:31.3087789Z [  50% ] ^[[90m^[[1m_update_scan_actions^[[22m | heavy_hammer_swing-000.png^[[39m^[[0m
Godot gates (analyzer)	Import the project	2026-10-04T01:43:31.3088079Z [  50% ] ^[[90m^[[1m_update_scan_actions^[[22m | heavy_hammer_swing-006.png^[[39m^[[0m
Godot gates (analyzer)	Import the project	2026-10-04T01:43:31.3088358Z [  50% ] ^[[90m^[[1m_update_scan_actions^[[22m | heavy_hammer_swing-012.png^[[39m^[[0m
Godot gates (analyzer)	Import the project	2026-10-04T01:43:31.3088591Z [  51% ] ^[[90m^[[1m_update_scan_actions^[[22m | heavy_hammer_swing-018.png^[[39m^[[0m
Godot gates (analyzer)	Import the project	2026-10-04T01:43:31.3088932Z [  51% ] ^[[90m^[[1m_update_scan_actions^[[22m | heavy_hammer_swing-024.png^[[39m^[[0m
Godot gates (analyzer)	Import the project	2026-10-04T01:43:31.3089166Z [  51% ] ^[[90m^[[1m_update_scan_actions^[[22m | heavy_hammer_swing-030.png^[[39m^[[0m
Godot gates (analyzer)	Import the project	2026-10-04T01:43:31.3089402Z [  51% ] ^[[90m^[[1m_update_scan_actions^[[22m | heavy_hammer_swing-036.png^[[39m^[[0m
Godot gates (analyzer)	Import the project	2026-10-04T01:43:31.3089757Z [  51% ] ^[[90m^[[1m_update_scan_actions^[[22m | heavy_hammer_swing-042.png^[[39m^[[0m
Godot gates (analyzer)	Import the project	2026-10-04T01:43:31.3089986Z [  51% ] ^[[90m^[[1m_update_scan_actions^[[22m | heavy_hammer_swing-048.png^[[39m^[[0m
Godot gates (analyzer)	Import the project	2026-10-04T01:43:31.3090328Z [  51% ] ^[[90m^[[1m_update_scan_actions^[[22m | heavy_hammer_swing-054.png^[[39m^[[0m
Godot gates (analyzer)	Import the project	2026-10-04T01:43:31.3090564Z [  51% ] ^[[90m^[[1m_update_scan_actions^[[22m | heavy_hammer_swing-057.png^[[39m^[[0m
Godot gates (analyzer)	Import the project	2026-10-04T01:43:31.3090751Z [  52% ] ^[[90m^[[1m_update_scan_actions^[[22m | idle-000.png^[[39m^[[0m
Godot gates (analyzer)	Import the project	2026-10-04T01:43:31.3091064Z [  52% ] ^[[90m^[[1m_update_scan_actions^[[22m | idle-006.png^[[39m^[[0m
Godot gates (analyzer)	Import the project	2026-10-04T01:43:31.3091253Z [  52% ] ^[[90m^[[1m_update_scan_actions^[[22m | idle-012.png^[[39m^[[0m
Godot gates (analyzer)	Import the project	2026-10-04T01:43:31.3091464Z [  52% ] ^[[90m^[[1m_update_scan_actions^[[22m | idle-018.png^[[39m^[[0m
Godot gates (analyzer)	Import the project	2026-10-04T01:43:31.3091805Z [  52% ] ^[[90m^[[1m_update_scan_actions^[[22m | idle-024.png^[[39m^[[0m
Godot gates (analyzer)	Import the project	2026-10-04T01:43:31.3092463Z [  52% ] ^[[90m^[[1m_update_scan_actions^[[22m | idle-030.png^[[39m^[[0m
Godot gates (analyzer)	Import the project	2026-10-04T01:43:31.3093150Z [  52% ] ^[[90m^[[1m_update_scan_actions^[[22m | idle-036.png^[[39m^[[0m
Godot gates (analyzer)	Import the project	2026-10-04T01:43:31.3093862Z [  52% ] ^[[90m^[[1m_update_scan_actions^[[22m | idle-042.png^[[39m^[[0m
Godot gates (analyzer)	Import the project	2026-10-04T01:43:31.3094575Z [  53% ] ^[[90m^[[1m_update_scan_actions^[[22m | idle-048.png^[[39m^[[0m
Godot gates (analyzer)	Import the project	2026-10-04T01:43:31.3095269Z [  53% ] ^[[90m^[[1m_update_scan_actions^[[22m | idle-054.png^[[39m^[[0m
Godot gates (analyzer)	Import the project	2026-10-04T01:43:31.3096006Z [  53% ] ^[[90m^[[1m_update_scan_actions^[[22m | idle-060.png^[[39m^[[0m
Godot gates (analyzer)	Import the project	2026-10-04T01:43:31.3096686Z [  53% ] ^[[90m^[[1m_update_scan_actions^[[22m | idle-066.png^[[39m^[[0m
Godot gates (analyzer)	Import the project	2026-10-04T01:43:31.3097508Z [  53% ] ^[[90m^[[1m_update_scan_actions^[[22m | idle-072.png^[[39m^[[0m
Godot gates (analyzer)	Import the project	2026-10-04T01:43:31.3098523Z [  53% ] ^[[90m^[[1m_update_scan_actions^[[22m | idle-078.png^[[39m^[[0m
Godot gates (analyzer)	Import the project	2026-10-04T01:43:31.3098952Z [  53% ] ^[[90m^[[1m_update_scan_actions^[[22m | idle-084.png^[[39m^[[0m
Godot gates (analyzer)	Import the project	2026-10-04T01:43:31.3099700Z [  53% ] ^[[90m^[[1m_update_scan_actions^[[22m | idle-090.png^[[39m^[[0m
Godot gates (analyzer)	Import the project	2026-10-04T01:43:31.3100404Z [  54% ] ^[[90m^[[1m_update_scan_actions^[[22m | idle-096.png^[[39m^[[0m
Godot gates (analyzer)	Import the project	2026-10-04T01:43:31.3117815Z [  54% ] ^[[90m^[[1m_update_scan_actions^[[22m | idle-102.png^[[39m^[[0m
Godot gates (analyzer)	Import the project	2026-10-04T01:43:31.3118179Z [  54% ] ^[[90m^[[1m_update_scan_actions^[[22m | idle-108.png^[[39m^[[0m
Godot gates (analyzer)	Import the project	2026-10-04T01:43:31.3118479Z [  54% ] ^[[90m^[[1m_update_scan_actions^[[22m | idle-114.png^[[39m^[[0m
Godot gates (analyzer)	Import the project	2026-10-04T01:43:31.3118765Z [  54% ] ^[[90m^[[1m_update_scan_actions^[[22m | idle-120.png^[[39m^[[0m
Godot gates (analyzer)	Import the project	2026-10-04T01:43:31.3119054Z [  54% ] ^[[90m^[[1m_update_scan_actions^[[22m | idle-121.png^[[39m^[[0m
Godot gates (analyzer)	Import the project	2026-10-04T01:43:31.3119359Z [  54% ] ^[[90m^[[1m_update_scan_actions^[[22m | walk-000.png^[[39m^[[0m
Godot gates (analyzer)	Import the project	2026-10-04T01:43:31.3119645Z [  54% ] ^[[90m^[[1m_update_scan_actions^[[22m | walk-006.png^[[39m^[[0m
Godot gates (analyzer)	Import the project	2026-10-04T01:43:31.3119946Z [  55% ] ^[[90m^[[1m_update_scan_actions^[[22m | walk-012.png^[[39m^[[0m
Godot gates (analyzer)	Import the project	2026-10-04T01:43:31.3120251Z [  55% ] ^[[90m^[[1m_update_scan_actions^[[22m | walk-018.png^[[39m^[[0m
Godot gates (analyzer)	Import the project	2026-10-04T01:43:31.3120539Z [  55% ] ^[[90m^[[1m_update_scan_actions^[[22m | walk-024.png^[[39m^[[0m
Godot gates (analyzer)	Import the project	2026-10-04T01:43:31.3121098Z [  55% ] ^[[90m^[[1m_update_scan_actions^[[22m | walk-030.png^[[39m^[[0m
Godot gates (analyzer)	Import the project	2026-10-04T01:43:31.3121549Z [  55% ] ^[[90m^[[1m_update_scan_actions^[[22m | walk-033.png^[[39m^[[0m
Godot gates (analyzer)	Import the project	2026-10-04T01:43:31.3121935Z [  55% ] ^[[90m^[[1m_update_scan_actions^[[22m | heavy_hammer_swing-000.png^[[39m^[[0m
Godot gates (analyzer)	Import the project	2026-10-04T01:43:31.3122317Z [  55% ] ^[[90m^[[1m_update_scan_actions^[[22m | heavy_hammer_swing-006.png^[[39m^[[0m
Godot gates (analyzer)	Import the project	2026-10-04T01:43:31.3122682Z [  55% ] ^[[90m^[[1m_update_scan_actions^[[22m | heavy_hammer_swing-012.png^[[39m^[[0m
Godot gates (analyzer)	Import the project	2026-10-04T01:43:31.3123049Z [  56% ] ^[[90m^[[1m_update_scan_actions^[[22m | heavy_hammer_swing-018.png^[[39m^[[0m
Godot gates (analyzer)	Import the project	2026-10-04T01:43:31.3123420Z [  56% ] ^[[90m^[[1m_update_scan_actions^[[22m | heavy_hammer_swing-024.png^[[39m^[[0m
Godot gates (analyzer)	Import the project	2026-10-04T01:43:31.3123774Z [  56% ] ^[[90m^[[1m_update_scan_actions^[[22m | heavy_hammer_swing-030.png^[[39m^[[0m
Godot gates (analyzer)	Import the project	2026-10-04T01:43:31.3124123Z [  56% ] ^[[90m^[[1m_update_scan_actions^[[22m | heavy_hammer_swing-036.png^[[39m^[[0m
Godot gates (analyzer)	Import the project	2026-10-04T01:43:31.3124472Z [  56% ] ^[[90m^[[1m_update_scan_actions^[[22m | heavy_hammer_swing-042.png^[[39m^[[0m
Godot gates (analyzer)	Import the project	2026-10-04T01:43:31.3124821Z [  56% ] ^[[90m^[[1m_update_scan_actions^[[22m | heavy_hammer_swing-048.png^[[39m^[[0m
Godot gates (analyzer)	Import the project	2026-10-04T01:43:31.3125202Z [  56% ] ^[[90m^[[1m_update_scan_actions^[[22m | heavy_hammer_swing-054.png^[[39m^[[0m
Godot gates (analyzer)	Import the project	2026-10-04T01:43:31.3125553Z [  56% ] ^[[90m^[[1m_update_scan_actions^[[22m | heavy_hammer_swing-057.png^[[39m^[[0m
Godot gates (analyzer)	Import the project	2026-10-04T01:43:31.3125836Z [  57% ] ^[[90m^[[1m_update_scan_actions^[[22m | idle-000.png^[[39m^[[0m
Godot gates (analyzer)	Import the project	2026-10-04T01:43:31.3126129Z [  57% ] ^[[90m^[[1m_update_scan_actions^[[22m | idle-006.png^[[39m^[[0m
Godot gates (analyzer)	Import the project	2026-10-04T01:43:31.3126433Z [  57% ] ^[[90m^[[1m_update_scan_actions^[[22m | idle-012.png^[[39m^[[0m
Godot gates (analyzer)	Import the project	2026-10-04T01:43:31.3126721Z [  57% ] ^[[90m^[[1m_update_scan_actions^[[22m | idle-018.png^[[39m^[[0m
Godot gates (analyzer)	Import the project	2026-10-04T01:43:31.3127193Z [  57% ] ^[[90m^[[1m_update_scan_actions^[[22m | idle-024.png^[[39m^[[0m
Godot gates (analyzer)	Import the project	2026-10-04T01:43:31.3127494Z [  57% ] ^[[90m^[[1m_update_scan_actions^[[22m | idle-030.png^[[39m^[[0m
Godot gates (analyzer)	Import the project	2026-10-04T01:43:31.3127777Z [  57% ] ^[[90m^[[1m_update_scan_actions^[[22m | idle-036.png^[[39m^[[0m
Godot gates (analyzer)	Import the project	2026-10-04T01:43:31.3147953Z [  57% ] ^[[90m^[[1m_update_scan_actions^[[22m | idle-042.png^[[39m^[[0m
Godot gates (analyzer)	Import the project	2026-10-04T01:43:31.3148291Z [  58% ] ^[[90m^[[1m_update_scan_actions^[[22m | idle-048.png^[[39m^[[0m
Godot gates (analyzer)	Import the project	2026-10-04T01:43:31.3148580Z [  58% ] ^[[90m^[[1m_update_scan_actions^[[22m | idle-054.png^[[39m^[[0m
Godot gates (analyzer)	Import the project	2026-10-04T01:43:31.3148873Z [  58% ] ^[[90m^[[1m_update_scan_actions^[[22m | idle-060.png^[[39m^[[0m
Godot gates (analyzer)	Import the project	2026-10-04T01:43:31.3149167Z [  58% ] ^[[90m^[[1m_update_scan_actions^[[22m | idle-066.png^[[39m^[[0m
Godot gates (analyzer)	Import the project	2026-10-04T01:43:31.3149451Z [  58% ] ^[[90m^[[1m_update_scan_actions^[[22m | idle-072.png^[[39m^[[0m
Godot gates (analyzer)	Import the project	2026-10-04T01:43:31.3149747Z [  58% ] ^[[90m^[[1m_update_scan_actions^[[22m | idle-078.png^[[39m^[[0m
Godot gates (analyzer)	Import the project	2026-10-04T01:43:31.3150042Z [  58% ] ^[[90m^[[1m_update_scan_actions^[[22m | idle-084.png^[[39m^[[0m
Godot gates (analyzer)	Import the project	2026-10-04T01:43:31.3150329Z [  58% ] ^[[90m^[[1m_update_scan_actions^[[22m | idle-090.png^[[39m^[[0m
Godot gates (analyzer)	Import the project	2026-10-04T01:43:31.3150621Z [  59% ] ^[[90m^[[1m_update_scan_actions^[[22m | idle-096.png^[[39m^[[0m
Godot gates (analyzer)	Import the project	2026-10-04T01:43:31.3150926Z [  59% ] ^[[90m^[[1m_update_scan_actions^[[22m | idle-102.png^[[39m^[[0m
Godot gates (analyzer)	Import the project	2026-10-04T01:43:31.3151212Z [  59% ] ^[[90m^[[1m_update_scan_actions^[[22m | idle-108.png^[[39m^[[0m
Godot gates (analyzer)	Import the project	2026-10-04T01:43:31.3151509Z [  59% ] ^[[90m^[[1m_update_scan_actions^[[22m | idle-114.png^[[39m^[[0m
Godot gates (analyzer)	Import the project	2026-10-04T01:43:31.3151794Z [  59% ] ^[[90m^[[1m_update_scan_actions^[[22m | idle-120.png^[[39m^[[0m
Godot gates (analyzer)	Import the project	2026-10-04T01:43:31.3152089Z [  59% ] ^[[90m^[[1m_update_scan_actions^[[22m | idle-121.png^[[39m^[[0m
Godot gates (analyzer)	Import the project	2026-10-04T01:43:31.3152380Z [  59% ] ^[[90m^[[1m_update_scan_actions^[[22m | walk-000.png^[[39m^[[0m
Godot gates (analyzer)	Import the project	2026-10-04T01:43:31.3152664Z [  59% ] ^[[90m^[[1m_update_scan_actions^[[22m | walk-006.png^[[39m^[[0m
Godot gates (analyzer)	Import the project	2026-10-04T01:43:31.3152955Z [  60% ] ^[[90m^[[1m_update_scan_actions^[[22m | walk-012.png^[[39m^[[0m
Godot gates (analyzer)	Import the project	2026-10-04T01:43:31.3153264Z [  60% ] ^[[90m^[[1m_update_scan_actions^[[22m | walk-018.png^[[39m^[[0m
Godot gates (analyzer)	Import the project	2026-10-04T01:43:31.3153556Z [  60% ] ^[[90m^[[1m_update_scan_actions^[[22m | walk-024.png^[[39m^[[0m
Godot gates (analyzer)	Import the project	2026-10-04T01:43:31.3154073Z [  60% ] ^[[90m^[[1m_update_scan_actions^[[22m | walk-030.png^[[39m^[[0m
Godot gates (analyzer)	Import the project	2026-10-04T01:43:31.3154370Z [  60% ] ^[[90m^[[1m_update_scan_actions^[[22m | walk-033.png^[[39m^[[0m
Godot gates (analyzer)	Import the project	2026-10-04T01:43:31.3154896Z [  60% ] ^[[90m^[[1m_update_scan_actions^[[22m | heavy_hammer_swing-000.png^[[39m^[[0m
Godot gates (analyzer)	Import the project	2026-10-04T01:43:31.3155270Z [  60% ] ^[[90m^[[1m_update_scan_actions^[[22m | heavy_hammer_swing-006.png^[[39m^[[0m
Godot gates (analyzer)	Import the project	2026-10-04T01:43:31.3155640Z [  60% ] ^[[90m^[[1m_update_scan_actions^[[22m | heavy_hammer_swing-012.png^[[39m^[[0m
Godot gates (analyzer)	Import the project	2026-10-04T01:43:31.3156002Z [  61% ] ^[[90m^[[1m_update_scan_actions^[[22m | heavy_hammer_swing-018.png^[[39m^[[0m
Godot gates (analyzer)	Import the project	2026-10-04T01:43:31.3156366Z [  61% ] ^[[90m^[[1m_update_scan_actions^[[22m | heavy_hammer_swing-024.png^[[39m^[[0m
Godot gates (analyzer)	Import the project	2026-10-04T01:43:31.3156733Z [  61% ] ^[[90m^[[1m_update_scan_actions^[[22m | heavy_hammer_swing-030.png^[[39m^[[0m
Godot gates (analyzer)	Import the project	2026-10-04T01:43:31.3157243Z [  61% ] ^[[90m^[[1m_update_scan_actions^[[22m | heavy_hammer_swing-036.png^[[39m^[[0m
Godot gates (analyzer)	Import the project	2026-10-04T01:43:31.3157624Z [  61% ] ^[[90m^[[1m_update_scan_actions^[[22m | heavy_hammer_swing-042.png^[[39m^[[0m
Godot gates (analyzer)	Import the project	2026-10-04T01:43:31.3158006Z [  61% ] ^[[90m^[[1m_update_scan_actions^[[22m | heavy_hammer_swing-048.png^[[39m^[[0m
Godot gates (analyzer)	Import the project	2026-10-04T01:43:31.3158377Z [  61% ] ^[[90m^[[1m_update_scan_actions^[[22m | heavy_hammer_swing-054.png^[[39m^[[0m
Godot gates (analyzer)	Import the project	2026-10-04T01:43:31.3158755Z [  61% ] ^[[90m^[[1m_update_scan_actions^[[22m | heavy_hammer_swing-057.png^[[39m^[[0m
Godot gates (analyzer)	Import the project	2026-10-04T01:43:31.3159063Z [  62% ] ^[[90m^[[1m_update_scan_actions^[[22m | idle-000.png^[[39m^[[0m
Godot gates (analyzer)	Import the project	2026-10-04T01:43:31.3159351Z [  62% ] ^[[90m^[[1m_update_scan_actions^[[22m | idle-006.png^[[39m^[[0m
Godot gates (analyzer)	Import the project	2026-10-04T01:43:31.3159650Z [  62% ] ^[[90m^[[1m_update_scan_actions^[[22m | idle-012.png^[[39m^[[0m
Godot gates (analyzer)	Import the project	2026-10-04T01:43:31.3159942Z [  62% ] ^[[90m^[[1m_update_scan_actions^[[22m | idle-018.png^[[39m^[[0m
Godot gates (analyzer)	Import the project	2026-10-04T01:43:31.3160230Z [  62% ] ^[[90m^[[1m_update_scan_actions^[[22m | idle-024.png^[[39m^[[0m
Godot gates (analyzer)	Import the project	2026-10-04T01:43:31.3160525Z [  62% ] ^[[90m^[[1m_update_scan_actions^[[22m | idle-030.png^[[39m^[[0m
Godot gates (analyzer)	Import the project	2026-10-04T01:43:31.3160817Z [  62% ] ^[[90m^[[1m_update_scan_actions^[[22m | idle-036.png^[[39m^[[0m
Godot gates (analyzer)	Import the project	2026-10-04T01:43:31.3161110Z [  62% ] ^[[90m^[[1m_update_scan_actions^[[22m | idle-042.png^[[39m^[[0m
Godot gates (analyzer)	Import the project	2026-10-04T01:43:31.3161407Z [  63% ] ^[[90m^[[1m_update_scan_actions^[[22m | idle-048.png^[[39m^[[0m
Godot gates (analyzer)	Import the project	2026-10-04T01:43:31.3161705Z [  63% ] ^[[90m^[[1m_update_scan_actions^[[22m | idle-054.png^[[39m^[[0m
Godot gates (analyzer)	Import the project	2026-10-04T01:43:31.3162002Z [  63% ] ^[[90m^[[1m_update_scan_actions^[[22m | idle-060.png^[[39m^[[0m
Godot gates (analyzer)	Import the project	2026-10-04T01:43:31.3162296Z [  63% ] ^[[90m^[[1m_update_scan_actions^[[22m | idle-066.png^[[39m^[[0m
Godot gates (analyzer)	Import the project	2026-10-04T01:43:31.3162584Z [  63% ] ^[[90m^[[1m_update_scan_actions^[[22m | idle-072.png^[[39m^[[0m
Godot gates (analyzer)	Import the project	2026-10-04T01:43:31.3162881Z [  63% ] ^[[90m^[[1m_update_scan_actions^[[22m | idle-078.png^[[39m^[[0m
Godot gates (analyzer)	Import the project	2026-10-04T01:43:31.3163179Z [  63% ] ^[[90m^[[1m_update_scan_actions^[[22m | idle-084.png^[[39m^[[0m
Godot gates (analyzer)	Import the project	2026-10-04T01:43:31.3163466Z [  63% ] ^[[90m^[[1m_update_scan_actions^[[22m | idle-090.png^[[39m^[[0m
Godot gates (analyzer)	Import the project	2026-10-04T01:43:31.3163762Z [  64% ] ^[[90m^[[1m_update_scan_actions^[[22m | idle-096.png^[[39m^[[0m
Godot gates (analyzer)	Import the project	2026-10-04T01:43:31.3164054Z [  64% ] ^[[90m^[[1m_update_scan_actions^[[22m | idle-102.png^[[39m^[[0m
Godot gates (analyzer)	Import the project	2026-10-04T01:43:31.3164348Z [  64% ] ^[[90m^[[1m_update_scan_actions^[[22m | idle-108.png^[[39m^[[0m
Godot gates (analyzer)	Import the project	2026-10-04T01:43:31.3164653Z [  64% ] ^[[90m^[[1m_update_scan_actions^[[22m | idle-114.png^[[39m^[[0m
Godot gates (analyzer)	Import the project	2026-10-04T01:43:31.3164945Z [  64% ] ^[[90m^[[1m_update_scan_actions^[[22m | idle-120.png^[[39m^[[0m
Godot gates (analyzer)	Import the project	2026-10-04T01:43:31.3165234Z [  64% ] ^[[90m^[[1m_update_scan_actions^[[22m | idle-121.png^[[39m^[[0m
Godot gates (analyzer)	Import the project	2026-10-04T01:43:31.3165540Z [  64% ] ^[[90m^[[1m_update_scan_actions^[[22m | walk-000.png^[[39m^[[0m
Godot gates (analyzer)	Import the project	2026-10-04T01:43:31.3165832Z [  64% ] ^[[90m^[[1m_update_scan_actions^[[22m | walk-006.png^[[39m^[[0m
Godot gates (analyzer)	Import the project	2026-10-04T01:43:31.3166114Z [  65% ] ^[[90m^[[1m_update_scan_actions^[[22m | walk-012.png^[[39m^[[0m
Godot gates (analyzer)	Import the project	2026-10-04T01:43:31.3166413Z [  65% ] ^[[90m^[[1m_update_scan_actions^[[22m | walk-018.png^[[39m^[[0m
Godot gates (analyzer)	Import the project	2026-10-04T01:43:31.3166706Z [  65% ] ^[[90m^[[1m_update_scan_actions^[[22m | walk-024.png^[[39m^[[0m
Godot gates (analyzer)	Import the project	2026-10-04T01:43:31.3167118Z [  65% ] ^[[90m^[[1m_update_scan_actions^[[22m | walk-030.png^[[39m^[[0m
Godot gates (analyzer)	Import the project	2026-10-04T01:43:31.3167602Z [  65% ] ^[[90m^[[1m_update_scan_actions^[[22m | walk-033.png^[[39m^[[0m
Godot gates (analyzer)	Import the project	2026-10-04T01:43:31.3167887Z [  65% ] ^[[90m^[[1m_update_scan_actions^[[22m | blend-0.png^[[39m^[[0m
Godot gates (analyzer)	Import the project	2026-10-04T01:43:31.3168317Z [  65% ] ^[[90m^[[1m_update_scan_actions^[[22m | blend-1.png^[[39m^[[0m
Godot gates (analyzer)	Import the project	2026-10-04T01:43:31.3168608Z [  65% ] ^[[90m^[[1m_update_scan_actions^[[22m | blend-6.png^[[39m^[[0m
Godot gates (analyzer)	Import the project	2026-10-04T01:43:31.3168912Z [  66% ] ^[[90m^[[1m_update_scan_actions^[[22m | crouch-00.png^[[39m^[[0m
Godot gates (analyzer)	Import the project	2026-10-04T01:43:31.3169226Z [  66% ] ^[[90m^[[1m_update_scan_actions^[[22m | crouch-12.png^[[39m^[[0m
Godot gates (analyzer)	Import the project	2026-10-04T01:43:31.3169535Z [  66% ] ^[[90m^[[1m_update_scan_actions^[[22m | crouch-24.png^[[39m^[[0m
Godot gates (analyzer)	Import the project	2026-10-04T01:43:31.3169829Z [  66% ] ^[[90m^[[1m_update_scan_actions^[[22m | crouch-36.png^[[39m^[[0m
Godot gates (analyzer)	Import the project	2026-10-04T01:43:31.3170130Z [  66% ] ^[[90m^[[1m_update_scan_actions^[[22m | crouch-48.png^[[39m^[[0m
Godot gates (analyzer)	Import the project	2026-10-04T01:43:31.3170429Z [  66% ] ^[[90m^[[1m_update_scan_actions^[[22m | crouch-60.png^[[39m^[[0m
Godot gates (analyzer)	Import the project	2026-10-04T01:43:31.3170722Z [  66% ] ^[[90m^[[1m_update_scan_actions^[[22m | hammer-00.png^[[39m^[[0m
Godot gates (analyzer)	Import the project	2026-10-04T01:43:31.3171030Z [  66% ] ^[[90m^[[1m_update_scan_actions^[[22m | hammer-12.png^[[39m^[[0m
Godot gates (analyzer)	Import the project	2026-10-04T01:43:31.3171343Z [  67% ] ^[[90m^[[1m_update_scan_actions^[[22m | hammer-24.png^[[39m^[[0m
Godot gates (analyzer)	Import the project	2026-10-04T01:43:31.3171636Z [  67% ] ^[[90m^[[1m_update_scan_actions^[[22m | hammer-36.png^[[39m^[[0m
Godot gates (analyzer)	Import the project	2026-10-04T01:43:31.3171949Z [  67% ] ^[[90m^[[1m_update_scan_actions^[[22m | hammer-48.png^[[39m^[[0m
Godot gates (analyzer)	Import the project	2026-10-04T01:43:31.3172254Z [  67% ] ^[[90m^[[1m_update_scan_actions^[[22m | hammer-60.png^[[39m^[[0m
Godot gates (analyzer)	Import the project	2026-10-04T01:43:31.3172546Z [  67% ] ^[[90m^[[1m_update_scan_actions^[[22m | hammer-72.png^[[39m^[[0m
Godot gates (analyzer)	Import the project	2026-10-04T01:43:31.3172848Z [  67% ] ^[[90m^[[1m_update_scan_actions^[[22m | hammer-84.png^[[39m^[[0m
Godot gates (analyzer)	Import the project	2026-10-04T01:43:31.3173148Z [  67% ] ^[[90m^[[1m_update_scan_actions^[[22m | hammer-96.png^[[39m^[[0m
Godot gates (analyzer)	Import the project	2026-10-04T01:43:31.3173453Z [  67% ] ^[[90m^[[1m_update_scan_actions^[[22m | hammer-108.png^[[39m^[[0m
Godot gates (analyzer)	Import the project	2026-10-04T01:43:31.3173758Z [  68% ] ^[[90m^[[1m_update_scan_actions^[[22m | idle-00.png^[[39m^[[0m
Godot gates (analyzer)	Import the project	2026-10-04T01:43:31.3174057Z [  68% ] ^[[90m^[[1m_update_scan_actions^[[22m | idle-12.png^[[39m^[[0m
Godot gates (analyzer)	Import the project	2026-10-04T01:43:31.3174342Z [  68% ] ^[[90m^[[1m_update_scan_actions^[[22m | idle-24.png^[[39m^[[0m
Godot gates (analyzer)	Import the project	2026-10-04T01:43:31.3174644Z [  68% ] ^[[90m^[[1m_update_scan_actions^[[22m | idle-36.png^[[39m^[[0m
Godot gates (analyzer)	Import the project	2026-10-04T01:43:31.3174932Z [  68% ] ^[[90m^[[1m_update_scan_actions^[[22m | idle-48.png^[[39m^[[0m
Godot gates (analyzer)	Import the project	2026-10-04T01:43:31.3175214Z [  68% ] ^[[90m^[[1m_update_scan_actions^[[22m | idle-60.png^[[39m^[[0m
Godot gates (analyzer)	Import the project	2026-10-04T01:43:31.3175503Z [  68% ] ^[[90m^[[1m_update_scan_actions^[[22m | idle-72.png^[[39m^[[0m
Godot gates (analyzer)	Import the project	2026-10-04T01:43:31.3175798Z [  68% ] ^[[90m^[[1m_update_scan_actions^[[22m | idle-84.png^[[39m^[[0m
Godot gates (analyzer)	Import the project	2026-10-04T01:43:31.3176079Z [  69% ] ^[[90m^[[1m_update_scan_actions^[[22m | idle-96.png^[[39m^[[0m
Godot gates (analyzer)	Import the project	2026-10-04T01:43:31.3176633Z [  69% ] ^[[90m^[[1m_update_scan_actions^[[22m | idle-108.png^[[39m^[[0m
Godot gates (analyzer)	Import the project	2026-10-04T01:43:31.3177376Z [  69% ] ^[[90m^[[1m_update_scan_actions^[[22m | idle-120.png^[[39m^[[0m
Godot gates (analyzer)	Import the project	2026-10-04T01:43:31.3178230Z [  69% ] ^[[90m^[[1m_update_scan_actions^[[22m | idle-132.png^[[39m^[[0m
Godot gates (analyzer)	Import the project	2026-10-04T01:43:31.3198228Z [  69% ] ^[[90m^[[1m_update_scan_actions^[[22m | idle-144.png^[[39m^[[0m
Godot gates (analyzer)	Import the project	2026-10-04T01:43:31.3198571Z [  69% ] ^[[90m^[[1m_update_scan_actions^[[22m | idle-156.png^[[39m^[[0m
Godot gates (analyzer)	Import the project	2026-10-04T01:43:31.3198824Z [  69% ] ^[[90m^[[1m_update_scan_actions^[[22m | idle-168.png^[[39m^[[0m
Godot gates (analyzer)	Import the project	2026-10-04T01:43:31.3199086Z [  69% ] ^[[90m^[[1m_update_scan_actions^[[22m | idle-180.png^[[39m^[[0m
Godot gates (analyzer)	Import the project	2026-10-04T01:43:31.3199379Z [  70% ] ^[[90m^[[1m_update_scan_actions^[[22m | idle-192.png^[[39m^[[0m
Godot gates (analyzer)	Import the project	2026-10-04T01:43:31.3199672Z [  70% ] ^[[90m^[[1m_update_scan_actions^[[22m | idle-204.png^[[39m^[[0m
Godot gates (analyzer)	Import the project	2026-10-04T01:43:31.3199971Z [  70% ] ^[[90m^[[1m_update_scan_actions^[[22m | idle-216.png^[[39m^[[0m
Godot gates (analyzer)	Import the project	2026-10-04T01:43:31.3200296Z [  70% ] ^[[90m^[[1m_update_scan_actions^[[22m | idle-228.png^[[39m^[[0m
Godot gates (analyzer)	Import the project	2026-10-04T01:43:31.3200615Z [  70% ] ^[[90m^[[1m_update_scan_actions^[[22m | idle-240.png^[[39m^[[0m
Godot gates (analyzer)	Import the project	2026-10-04T01:43:31.3200927Z [  70% ] ^[[90m^[[1m_update_scan_actions^[[22m | walk-00.png^[[39m^[[0m
Godot gates (analyzer)	Import the project	2026-10-04T01:43:31.3201543Z [  70% ] ^[[90m^[[1m_update_scan_actions^[[22m | walk-12.png^[[39m^[[0m
Godot gates (analyzer)	Import the project	2026-10-04T01:43:31.3201852Z [  70% ] ^[[90m^[[1m_update_scan_actions^[[22m | walk-24.png^[[39m^[[0m
Godot gates (analyzer)	Import the project	2026-10-04T01:43:31.3202321Z [  71% ] ^[[90m^[[1m_update_scan_actions^[[22m | walk-36.png^[[39m^[[0m
Godot gates (analyzer)	Import the project	2026-10-04T01:43:31.3202618Z [  71% ] ^[[90m^[[1m_update_scan_actions^[[22m | walk-48.png^[[39m^[[0m
Godot gates (analyzer)	Import the project	2026-10-04T01:43:31.3202911Z [  71% ] ^[[90m^[[1m_update_scan_actions^[[22m | walk-60.png^[[39m^[[0m
Godot gates (analyzer)	Import the project	2026-10-04T01:43:31.3203217Z [  71% ] ^[[90m^[[1m_update_scan_actions^[[22m | blend-0.png^[[39m^[[0m
Godot gates (analyzer)	Import the project	2026-10-04T01:43:31.3203508Z [  71% ] ^[[90m^[[1m_update_scan_actions^[[22m | blend-1.png^[[39m^[[0m
Godot gates (analyzer)	Import the project	2026-10-04T01:43:31.3203797Z [  71% ] ^[[90m^[[1m_update_scan_actions^[[22m | blend-6.png^[[39m^[[0m
Godot gates (analyzer)	Import the project	2026-10-04T01:43:31.3204115Z [  71% ] ^[[90m^[[1m_update_scan_actions^[[22m | crouch-00.png^[[39m^[[0m
Godot gates (analyzer)	Import the project	2026-10-04T01:43:31.3204411Z [  71% ] ^[[90m^[[1m_update_scan_actions^[[22m | crouch-12.png^[[39m^[[0m
Godot gates (analyzer)	Import the project	2026-10-04T01:43:31.3204713Z [  72% ] ^[[90m^[[1m_update_scan_actions^[[22m | crouch-24.png^[[39m^[[0m
Godot gates (analyzer)	Import the project	2026-10-04T01:43:31.3205020Z [  72% ] ^[[90m^[[1m_update_scan_actions^[[22m | crouch-36.png^[[39m^[[0m
Godot gates (analyzer)	Import the project	2026-10-04T01:43:31.3205337Z [  72% ] ^[[90m^[[1m_update_scan_actions^[[22m | crouch-48.png^[[39m^[[0m
Godot gates (analyzer)	Import the project	2026-10-04T01:43:31.3205637Z [  72% ] ^[[90m^[[1m_update_scan_actions^[[22m | crouch-60.png^[[39m^[[0m
Godot gates (analyzer)	Import the project	2026-10-04T01:43:31.3205946Z [  72% ] ^[[90m^[[1m_update_scan_actions^[[22m | hammer-00.png^[[39m^[[0m
Godot gates (analyzer)	Import the project	2026-10-04T01:43:31.3206262Z [  72% ] ^[[90m^[[1m_update_scan_actions^[[22m | hammer-12.png^[[39m^[[0m
Godot gates (analyzer)	Import the project	2026-10-04T01:43:31.3206564Z [  72% ] ^[[90m^[[1m_update_scan_actions^[[22m | hammer-24.png^[[39m^[[0m
Godot gates (analyzer)	Import the project	2026-10-04T01:43:31.3206877Z [  72% ] ^[[90m^[[1m_update_scan_actions^[[22m | hammer-36.png^[[39m^[[0m
Godot gates (analyzer)	Import the project	2026-10-04T01:43:31.3207370Z [  73% ] ^[[90m^[[1m_update_scan_actions^[[22m | hammer-48.png^[[39m^[[0m
Godot gates (analyzer)	Import the project	2026-10-04T01:43:31.3207670Z [  73% ] ^[[90m^[[1m_update_scan_actions^[[22m | hammer-60.png^[[39m^[[0m
Godot gates (analyzer)	Import the project	2026-10-04T01:43:31.3207976Z [  73% ] ^[[90m^[[1m_update_scan_actions^[[22m | hammer-72.png^[[39m^[[0m
Godot gates (analyzer)	Import the project	2026-10-04T01:43:31.3208287Z [  73% ] ^[[90m^[[1m_update_scan_actions^[[22m | hammer-84.png^[[39m^[[0m
Godot gates (analyzer)	Import the project	2026-10-04T01:43:31.3208590Z [  73% ] ^[[90m^[[1m_update_scan_actions^[[22m | hammer-96.png^[[39m^[[0m
Godot gates (analyzer)	Import the project	2026-10-04T01:43:31.3208934Z [  73% ] ^[[90m^[[1m_update_scan_actions^[[22m | hammer-108.png^[[39m^[[0m
Godot gates (analyzer)	Import the project	2026-10-04T01:43:31.3209246Z [  73% ] ^[[90m^[[1m_update_scan_actions^[[22m | idle-00.png^[[39m^[[0m
Godot gates (analyzer)	Import the project	2026-10-04T01:43:31.3209548Z [  73% ] ^[[90m^[[1m_update_scan_actions^[[22m | idle-12.png^[[39m^[[0m
Godot gates (analyzer)	Import the project	2026-10-04T01:43:31.3209850Z [  74% ] ^[[90m^[[1m_update_scan_actions^[[22m | idle-24.png^[[39m^[[0m
Godot gates (analyzer)	Import the project	2026-10-04T01:43:31.3210142Z [  74% ] ^[[90m^[[1m_update_scan_actions^[[22m | idle-36.png^[[39m^[[0m
Godot gates (analyzer)	Import the project	2026-10-04T01:43:31.3210439Z [  74% ] ^[[90m^[[1m_update_scan_actions^[[22m | idle-48.png^[[39m^[[0m
Godot gates (analyzer)	Import the project	2026-10-04T01:43:31.3210738Z [  74% ] ^[[90m^[[1m_update_scan_actions^[[22m | idle-60.png^[[39m^[[0m
Godot gates (analyzer)	Import the project	2026-10-04T01:43:31.3211026Z [  74% ] ^[[90m^[[1m_update_scan_actions^[[22m | idle-72.png^[[39m^[[0m
Godot gates (analyzer)	Import the project	2026-10-04T01:43:31.3211328Z [  74% ] ^[[90m^[[1m_update_scan_actions^[[22m | idle-84.png^[[39m^[[0m
Godot gates (analyzer)	Import the project	2026-10-04T01:43:31.3211638Z [  74% ] ^[[90m^[[1m_update_scan_actions^[[22m | idle-96.png^[[39m^[[0m
Godot gates (analyzer)	Import the project	2026-10-04T01:43:31.3211933Z [  74% ] ^[[90m^[[1m_update_scan_actions^[[22m | idle-108.png^[[39m^[[0m
Godot gates (analyzer)	Import the project	2026-10-04T01:43:31.3212248Z [  75% ] ^[[90m^[[1m_update_scan_actions^[[22m | idle-120.png^[[39m^[[0m
Godot gates (analyzer)	Import the project	2026-10-04T01:43:31.3217897Z [  75% ] ^[[90m^[[1m_update_scan_actions^[[22m | idle-132.png^[[39m^[[0m
Godot gates (analyzer)	Import the project	2026-10-04T01:43:31.3228030Z [  75% ] ^[[90m^[[1m_update_scan_actions^[[22m | idle-144.png^[[39m^[[0m
Godot gates (analyzer)	Import the project	2026-10-04T01:43:31.3228348Z [  75% ] ^[[90m^[[1m_update_scan_actions^[[22m | idle-156.png^[[39m^[[0m
Godot gates (analyzer)	Import the project	2026-10-04T01:43:31.3228647Z [  75% ] ^[[90m^[[1m_update_scan_actions^[[22m | idle-168.png^[[39m^[[0m
Godot gates (analyzer)	Import the project	2026-10-04T01:43:31.3228937Z [  75% ] ^[[90m^[[1m_update_scan_actions^[[22m | idle-180.png^[[39m^[[0m
Godot gates (analyzer)	Import the project	2026-10-04T01:43:31.3229234Z [  75% ] ^[[90m^[[1m_update_scan_actions^[[22m | idle-192.png^[[39m^[[0m
Godot gates (analyzer)	Import the project	2026-10-04T01:43:31.3229533Z [  75% ] ^[[90m^[[1m_update_scan_actions^[[22m | idle-204.png^[[39m^[[0m
Godot gates (analyzer)	Import the project	2026-10-04T01:43:31.3229820Z [  76% ] ^[[90m^[[1m_update_scan_actions^[[22m | idle-216.png^[[39m^[[0m
Godot gates (analyzer)	Import the project	2026-10-04T01:43:31.3230332Z [  76% ] ^[[90m^[[1m_update_scan_actions^[[22m | idle-228.png^[[39m^[[0m
Godot gates (analyzer)	Import the project	2026-10-04T01:43:31.3230784Z [  76% ] ^[[90m^[[1m_update_scan_actions^[[22m | idle-240.png^[[39m^[[0m
Godot gates (analyzer)	Import the project	2026-10-04T01:43:31.3231079Z [  76% ] ^[[90m^[[1m_update_scan_actions^[[22m | walk-00.png^[[39m^[[0m
Godot gates (analyzer)	Import the project	2026-10-04T01:43:31.3231374Z [  76% ] ^[[90m^[[1m_update_scan_actions^[[22m | walk-12.png^[[39m^[[0m
Godot gates (analyzer)	Import the project	2026-10-04T01:43:31.3231661Z [  76% ] ^[[90m^[[1m_update_scan_actions^[[22m | walk-24.png^[[39m^[[0m
Godot gates (analyzer)	Import the project	2026-10-04T01:43:31.3231937Z [  76% ] ^[[90m^[[1m_update_scan_actions^[[22m | walk-36.png^[[39m^[[0m
Godot gates (analyzer)	Import the project	2026-10-04T01:43:31.3232124Z [  76% ] ^[[90m^[[1m_update_scan_actions^[[22m | walk-48.png^[[39m^[[0m
Godot gates (analyzer)	Import the project	2026-10-04T01:43:31.3232304Z [  77% ] ^[[90m^[[1m_update_scan_actions^[[22m | walk-60.png^[[39m^[[0m
Godot gates (analyzer)	Import the project	2026-10-04T01:43:31.3232580Z [  77% ] ^[[90m^[[1m_update_scan_actions^[[22m | heavy_hammer_swing-000.png^[[39m^[[0m
Godot gates (analyzer)	Import the project	2026-10-04T01:43:31.3232826Z [  77% ] ^[[90m^[[1m_update_scan_actions^[[22m | heavy_hammer_swing-006.png^[[39m^[[0m
Godot gates (analyzer)	Import the project	2026-10-04T01:43:31.3233076Z [  77% ] ^[[90m^[[1m_update_scan_actions^[[22m | heavy_hammer_swing-012.png^[[39m^[[0m
Godot gates (analyzer)	Import the project	2026-10-04T01:43:31.3233304Z [  77% ] ^[[90m^[[1m_update_scan_actions^[[22m | heavy_hammer_swing-018.png^[[39m^[[0m
Godot gates (analyzer)	Import the project	2026-10-04T01:43:31.3233531Z [  77% ] ^[[90m^[[1m_update_scan_actions^[[22m | heavy_hammer_swing-024.png^[[39m^[[0m
Godot gates (analyzer)	Import the project	2026-10-04T01:43:31.3233761Z [  77% ] ^[[90m^[[1m_update_scan_actions^[[22m | heavy_hammer_swing-030.png^[[39m^[[0m
Godot gates (analyzer)	Import the project	2026-10-04T01:43:31.3233992Z [  77% ] ^[[90m^[[1m_update_scan_actions^[[22m | heavy_hammer_swing-036.png^[[39m^[[0m
Godot gates (analyzer)	Import the project	2026-10-04T01:43:31.3234222Z [  78% ] ^[[90m^[[1m_update_scan_actions^[[22m | heavy_hammer_swing-042.png^[[39m^[[0m
Godot gates (analyzer)	Import the project	2026-10-04T01:43:31.3234443Z [  78% ] ^[[90m^[[1m_update_scan_actions^[[22m | heavy_hammer_swing-048.png^[[39m^[[0m
Godot gates (analyzer)	Import the project	2026-10-04T01:43:31.3234678Z [  78% ] ^[[90m^[[1m_update_scan_actions^[[22m | heavy_hammer_swing-054.png^[[39m^[[0m
Godot gates (analyzer)	Import the project	2026-10-04T01:43:31.3234905Z [  78% ] ^[[90m^[[1m_update_scan_actions^[[22m | heavy_hammer_swing-057.png^[[39m^[[0m
Godot gates (analyzer)	Import the project	2026-10-04T01:43:31.3235228Z [  78% ] ^[[90m^[[1m_update_scan_actions^[[22m | idle-000.png^[[39m^[[0m
Godot gates (analyzer)	Import the project	2026-10-04T01:43:31.3235429Z [  78% ] ^[[90m^[[1m_update_scan_actions^[[22m | idle-006.png^[[39m^[[0m
Godot gates (analyzer)	Import the project	2026-10-04T01:43:31.3235623Z [  78% ] ^[[90m^[[1m_update_scan_actions^[[22m | idle-012.png^[[39m^[[0m
Godot gates (analyzer)	Import the project	2026-10-04T01:43:31.3235800Z [  78% ] ^[[90m^[[1m_update_scan_actions^[[22m | idle-018.png^[[39m^[[0m
Godot gates (analyzer)	Import the project	2026-10-04T01:43:31.3235986Z [  79% ] ^[[90m^[[1m_update_scan_actions^[[22m | idle-024.png^[[39m^[[0m
Godot gates (analyzer)	Import the project	2026-10-04T01:43:31.3236171Z [  79% ] ^[[90m^[[1m_update_scan_actions^[[22m | idle-030.png^[[39m^[[0m
Godot gates (analyzer)	Import the project	2026-10-04T01:43:31.3236350Z [  79% ] ^[[90m^[[1m_update_scan_actions^[[22m | idle-036.png^[[39m^[[0m
Godot gates (analyzer)	Import the project	2026-10-04T01:43:31.3236536Z [  79% ] ^[[90m^[[1m_update_scan_actions^[[22m | idle-042.png^[[39m^[[0m
Godot gates (analyzer)	Import the project	2026-10-04T01:43:31.3236724Z [  79% ] ^[[90m^[[1m_update_scan_actions^[[22m | idle-048.png^[[39m^[[0m
Godot gates (analyzer)	Import the project	2026-10-04T01:43:31.3237563Z [  79% ] ^[[90m^[[1m_update_scan_actions^[[22m | idle-054.png^[[39m^[[0m
Godot gates (analyzer)	Import the project	2026-10-04T01:43:31.3248103Z [  79% ] ^[[90m^[[1m_update_scan_actions^[[22m | idle-060.png^[[39m^[[0m
Godot gates (analyzer)	Import the project	2026-10-04T01:43:31.3248469Z [  79% ] ^[[90m^[[1m_update_scan_actions^[[22m | idle-066.png^[[39m^[[0m
Godot gates (analyzer)	Import the project	2026-10-04T01:43:31.3248769Z [  80% ] ^[[90m^[[1m_update_scan_actions^[[22m | idle-072.png^[[39m^[[0m
Godot gates (analyzer)	Import the project	2026-10-04T01:43:31.3249079Z [  80% ] ^[[90m^[[1m_update_scan_actions^[[22m | idle-078.png^[[39m^[[0m
Godot gates (analyzer)	Import the project	2026-10-04T01:43:31.3249383Z [  80% ] ^[[90m^[[1m_update_scan_actions^[[22m | idle-084.png^[[39m^[[0m
Godot gates (analyzer)	Import the project	2026-10-04T01:43:31.3249665Z [  80% ] ^[[90m^[[1m_update_scan_actions^[[22m | idle-090.png^[[39m^[[0m
Godot gates (analyzer)	Import the project	2026-10-04T01:43:31.3249969Z [  80% ] ^[[90m^[[1m_update_scan_actions^[[22m | idle-096.png^[[39m^[[0m
Godot gates (analyzer)	Import the project	2026-10-04T01:43:31.3250258Z [  80% ] ^[[90m^[[1m_update_scan_actions^[[22m | idle-102.png^[[39m^[[0m
Godot gates (analyzer)	Import the project	2026-10-04T01:43:31.3250560Z [  80% ] ^[[90m^[[1m_update_scan_actions^[[22m | idle-108.png^[[39m^[[0m
Godot gates (analyzer)	Import the project	2026-10-04T01:43:31.3250851Z [  80% ] ^[[90m^[[1m_update_scan_actions^[[22m | idle-114.png^[[39m^[[0m
Godot gates (analyzer)	Import the project	2026-10-04T01:43:31.3251153Z [  81% ] ^[[90m^[[1m_update_scan_actions^[[22m | idle-120.png^[[39m^[[0m
Godot gates (analyzer)	Import the project	2026-10-04T01:43:31.3251692Z [  81% ] ^[[90m^[[1m_update_scan_actions^[[22m | idle-121.png^[[39m^[[0m
Godot gates (analyzer)	Import the project	2026-10-04T01:43:31.3251999Z [  81% ] ^[[90m^[[1m_update_scan_actions^[[22m | walk-000.png^[[39m^[[0m
Godot gates (analyzer)	Import the project	2026-10-04T01:43:31.3252445Z [  81% ] ^[[90m^[[1m_update_scan_actions^[[22m | walk-006.png^[[39m^[[0m
Godot gates (analyzer)	Import the project	2026-10-04T01:43:31.3252758Z [  81% ] ^[[90m^[[1m_update_scan_actions^[[22m | walk-012.png^[[39m^[[0m
Godot gates (analyzer)	Import the project	2026-10-04T01:43:31.3253052Z [  81% ] ^[[90m^[[1m_update_scan_actions^[[22m | walk-018.png^[[39m^[[0m
Godot gates (analyzer)	Import the project	2026-10-04T01:43:31.3253342Z [  81% ] ^[[90m^[[1m_update_scan_actions^[[22m | walk-024.png^[[39m^[[0m
Godot gates (analyzer)	Import the project	2026-10-04T01:43:31.3253649Z [  81% ] ^[[90m^[[1m_update_scan_actions^[[22m | walk-030.png^[[39m^[[0m
Godot gates (analyzer)	Import the project	2026-10-04T01:43:31.3253952Z [  82% ] ^[[90m^[[1m_update_scan_actions^[[22m | walk-033.png^[[39m^[[0m
Godot gates (analyzer)	Import the project	2026-10-04T01:43:31.3254368Z [  82% ] ^[[90m^[[1m_update_scan_actions^[[22m | hand-local-projections.png^[[39m^[[0m
Godot gates (analyzer)	Import the project	2026-10-04T01:43:31.3254691Z [  82% ] ^[[90m^[[1m_update_scan_actions^[[22m | blend-0.png^[[39m^[[0m
Godot gates (analyzer)	Import the project	2026-10-04T01:43:31.3255004Z [  82% ] ^[[90m^[[1m_update_scan_actions^[[22m | blend-1.png^[[39m^[[0m
Godot gates (analyzer)	Import the project	2026-10-04T01:43:31.3255292Z [  82% ] ^[[90m^[[1m_update_scan_actions^[[22m | blend-6.png^[[39m^[[0m
Godot gates (analyzer)	Import the project	2026-10-04T01:43:31.3255617Z [  82% ] ^[[90m^[[1m_update_scan_actions^[[22m | crouch-00.png^[[39m^[[0m
Godot gates (analyzer)	Import the project	2026-10-04T01:43:31.3255922Z [  82% ] ^[[90m^[[1m_update_scan_actions^[[22m | crouch-12.png^[[39m^[[0m
Godot gates (analyzer)	Import the project	2026-10-04T01:43:31.3256218Z [  82% ] ^[[90m^[[1m_update_scan_actions^[[22m | crouch-24.png^[[39m^[[0m
Godot gates (analyzer)	Import the project	2026-10-04T01:43:31.3256530Z [  83% ] ^[[90m^[[1m_update_scan_actions^[[22m | crouch-36.png^[[39m^[[0m
Godot gates (analyzer)	Import the project	2026-10-04T01:43:31.3256839Z [  83% ] ^[[90m^[[1m_update_scan_actions^[[22m | crouch-48.png^[[39m^[[0m
Godot gates (analyzer)	Import the project	2026-10-04T01:43:31.3257297Z [  83% ] ^[[90m^[[1m_update_scan_actions^[[22m | crouch-60.png^[[39m^[[0m
Godot gates (analyzer)	Import the project	2026-10-04T01:43:31.3257667Z [  83% ] ^[[90m^[[1m_update_scan_actions^[[22m | hammer-00.png^[[39m^[[0m
Godot gates (analyzer)	Import the project	2026-10-04T01:43:31.3257968Z [  83% ] ^[[90m^[[1m_update_scan_actions^[[22m | hammer-12.png^[[39m^[[0m
Godot gates (analyzer)	Import the project	2026-10-04T01:43:31.3258275Z [  83% ] ^[[90m^[[1m_update_scan_actions^[[22m | hammer-24.png^[[39m^[[0m
Godot gates (analyzer)	Import the project	2026-10-04T01:43:31.3258595Z [  83% ] ^[[90m^[[1m_update_scan_actions^[[22m | hammer-36.png^[[39m^[[0m
Godot gates (analyzer)	Import the project	2026-10-04T01:43:31.3258899Z [  83% ] ^[[90m^[[1m_update_scan_actions^[[22m | hammer-48.png^[[39m^[[0m
Godot gates (analyzer)	Import the project	2026-10-04T01:43:31.3259206Z [  84% ] ^[[90m^[[1m_update_scan_actions^[[22m | hammer-60.png^[[39m^[[0m
Godot gates (analyzer)	Import the project	2026-10-04T01:43:31.3259506Z [  84% ] ^[[90m^[[1m_update_scan_actions^[[22m | hammer-72.png^[[39m^[[0m
Godot gates (analyzer)	Import the project	2026-10-04T01:43:31.3259811Z [  84% ] ^[[90m^[[1m_update_scan_actions^[[22m | hammer-84.png^[[39m^[[0m
Godot gates (analyzer)	Import the project	2026-10-04T01:43:31.3260115Z [  84% ] ^[[90m^[[1m_update_scan_actions^[[22m | hammer-96.png^[[39m^[[0m
Godot gates (analyzer)	Import the project	2026-10-04T01:43:31.3260433Z [  84% ] ^[[90m^[[1m_update_scan_actions^[[22m | hammer-108.png^[[39m^[[0m
Godot gates (analyzer)	Import the project	2026-10-04T01:43:31.3260731Z [  84% ] ^[[90m^[[1m_update_scan_actions^[[22m | idle-00.png^[[39m^[[0m
Godot gates (analyzer)	Import the project	2026-10-04T01:43:31.3261026Z [  84% ] ^[[90m^[[1m_update_scan_actions^[[22m | idle-12.png^[[39m^[[0m
Godot gates (analyzer)	Import the project	2026-10-04T01:43:31.3261328Z [  84% ] ^[[90m^[[1m_update_scan_actions^[[22m | idle-24.png^[[39m^[[0m
Godot gates (analyzer)	Import the project	2026-10-04T01:43:31.3261610Z [  85% ] ^[[90m^[[1m_update_scan_actions^[[22m | idle-36.png^[[39m^[[0m
Godot gates (analyzer)	Import the project	2026-10-04T01:43:31.3261925Z [  85% ] ^[[90m^[[1m_update_scan_actions^[[22m | idle-48.png^[[39m^[[0m
Godot gates (analyzer)	Import the project	2026-10-04T01:43:31.3262225Z [  85% ] ^[[90m^[[1m_update_scan_actions^[[22m | idle-60.png^[[39m^[[0m
Godot gates (analyzer)	Import the project	2026-10-04T01:43:31.3262510Z [  85% ] ^[[90m^[[1m_update_scan_actions^[[22m | idle-72.png^[[39m^[[0m
Godot gates (analyzer)	Import the project	2026-10-04T01:43:31.3262830Z [  85% ] ^[[90m^[[1m_update_scan_actions^[[22m | idle-84.png^[[39m^[[0m
Godot gates (analyzer)	Import the project	2026-10-04T01:43:31.3263127Z [  85% ] ^[[90m^[[1m_update_scan_actions^[[22m | idle-96.png^[[39m^[[0m
Godot gates (analyzer)	Import the project	2026-10-04T01:43:31.3263449Z [  85% ] ^[[90m^[[1m_update_scan_actions^[[22m | idle-108.png^[[39m^[[0m
Godot gates (analyzer)	Import the project	2026-10-04T01:43:31.3263754Z [  85% ] ^[[90m^[[1m_update_scan_actions^[[22m | idle-120.png^[[39m^[[0m
Godot gates (analyzer)	Import the project	2026-10-04T01:43:31.3264059Z [  86% ] ^[[90m^[[1m_update_scan_actions^[[22m | idle-132.png^[[39m^[[0m
Godot gates (analyzer)	Import the project	2026-10-04T01:43:31.3264363Z [  86% ] ^[[90m^[[1m_update_scan_actions^[[22m | idle-144.png^[[39m^[[0m
Godot gates (analyzer)	Import the project	2026-10-04T01:43:31.3264672Z [  86% ] ^[[90m^[[1m_update_scan_actions^[[22m | idle-156.png^[[39m^[[0m
Godot gates (analyzer)	Import the project	2026-10-04T01:43:31.3265204Z [  86% ] ^[[90m^[[1m_update_scan_actions^[[22m | idle-168.png^[[39m^[[0m
Godot gates (analyzer)	Import the project	2026-10-04T01:43:31.3265513Z [  86% ] ^[[90m^[[1m_update_scan_actions^[[22m | idle-180.png^[[39m^[[0m
Godot gates (analyzer)	Import the project	2026-10-04T01:43:31.3265969Z [  86% ] ^[[90m^[[1m_update_scan_actions^[[22m | idle-192.png^[[39m^[[0m
Godot gates (analyzer)	Import the project	2026-10-04T01:43:31.3266269Z [  86% ] ^[[90m^[[1m_update_scan_actions^[[22m | idle-204.png^[[39m^[[0m
Godot gates (analyzer)	Import the project	2026-10-04T01:43:31.3266562Z [  86% ] ^[[90m^[[1m_update_scan_actions^[[22m | idle-216.png^[[39m^[[0m
Godot gates (analyzer)	Import the project	2026-10-04T01:43:31.3266862Z [  87% ] ^[[90m^[[1m_update_scan_actions^[[22m | idle-228.png^[[39m^[[0m
Godot gates (analyzer)	Import the project	2026-10-04T01:43:31.3267303Z [  87% ] ^[[90m^[[1m_update_scan_actions^[[22m | idle-240.png^[[39m^[[0m
Godot gates (analyzer)	Import the project	2026-10-04T01:43:31.3267735Z [  87% ] ^[[90m^[[1m_update_scan_actions^[[22m | walk-00.png^[[39m^[[0m
Godot gates (analyzer)	Import the project	2026-10-04T01:43:31.3268080Z [  87% ] ^[[90m^[[1m_update_scan_actions^[[22m | walk-12.png^[[39m^[[0m
Godot gates (analyzer)	Import the project	2026-10-04T01:43:31.3268410Z [  87% ] ^[[90m^[[1m_update_scan_actions^[[22m | walk-24.png^[[39m^[[0m
Godot gates (analyzer)	Import the project	2026-10-04T01:43:31.3268708Z [  87% ] ^[[90m^[[1m_update_scan_actions^[[22m | walk-36.png^[[39m^[[0m
Godot gates (analyzer)	Import the project	2026-10-04T01:43:31.3269033Z [  87% ] ^[[90m^[[1m_update_scan_actions^[[22m | walk-48.png^[[39m^[[0m
Godot gates (analyzer)	Import the project	2026-10-04T01:43:31.3269384Z [  87% ] ^[[90m^[[1m_update_scan_actions^[[22m | walk-60.png^[[39m^[[0m
Godot gates (analyzer)	Import the project	2026-10-04T01:43:31.3276155Z [  88% ] ^[[90m^[[1m_update_scan_actions^[[22m | NotoSerif-SemiBold.ttf^[[39m^[[0m
Godot gates (analyzer)	Import the project	2026-10-04T01:43:31.3278399Z [  88% ] ^[[90m^[[1m_update_scan_actions^[[22m | species_mole_48.svg^[[39m^[[0m
Godot gates (analyzer)	Import the project	2026-10-04T01:43:31.3280412Z [  88% ] ^[[90m^[[1m_update_scan_actions^[[22m | species_mole_64.svg^[[39m^[[0m
Godot gates (analyzer)	Import the project	2026-10-04T01:43:31.3282425Z [  88% ] ^[[90m^[[1m_update_scan_actions^[[22m | species_mouse_48.svg^[[39m^[[0m
Godot gates (analyzer)	Import the project	2026-10-04T01:43:31.3284534Z [  88% ] ^[[90m^[[1m_update_scan_actions^[[22m | species_mouse_64.svg^[[39m^[[0m
Godot gates (analyzer)	Import the project	2026-10-04T01:43:31.3286551Z [  88% ] ^[[90m^[[1m_update_scan_actions^[[22m | species_otter_48.svg^[[39m^[[0m
Godot gates (analyzer)	Import the project	2026-10-04T01:43:31.3288758Z [  88% ] ^[[90m^[[1m_update_scan_actions^[[22m | species_otter_64.svg^[[39m^[[0m
Godot gates (analyzer)	Import the project	2026-10-04T01:43:31.3290846Z [  88% ] ^[[90m^[[1m_update_scan_actions^[[22m | species_squirrel_48.svg^[[39m^[[0m
Godot gates (analyzer)	Import the project	2026-10-04T01:43:31.3292869Z [  89% ] ^[[90m^[[1m_update_scan_actions^[[22m | species_squirrel_64.svg^[[39m^[[0m
Godot gates (analyzer)	Import the project	2026-10-04T01:43:31.3294829Z [  89% ] ^[[90m^[[1m_update_scan_actions^[[22m | NotoSans-Bold.ttf^[[39m^[[0m
Godot gates (analyzer)	Import the project	2026-10-04T01:43:31.3296803Z [  89% ] ^[[90m^[[1m_update_scan_actions^[[22m | NotoSans-Medium.ttf^[[39m^[[0m
Godot gates (analyzer)	Import the project	2026-10-04T01:43:31.3298989Z [  89% ] ^[[90m^[[1m_update_scan_actions^[[22m | NotoSans-Regular.ttf^[[39m^[[0m
Godot gates (analyzer)	Import the project	2026-10-04T01:43:31.3300910Z [  89% ] ^[[90m^[[1m_update_scan_actions^[[22m | NotoSans-SemiBold.ttf^[[39m^[[0m
Godot gates (analyzer)	Import the project	2026-10-04T01:43:31.3303108Z [  89% ] ^[[90m^[[1m_update_scan_actions^[[22m | command_dock_corner_bl.svg^[[39m^[[0m
Godot gates (analyzer)	Import the project	2026-10-04T01:43:31.3305226Z [  89% ] ^[[90m^[[1m_update_scan_actions^[[22m | command_dock_corner_br.svg^[[39m^[[0m
Godot gates (analyzer)	Import the project	2026-10-04T01:43:31.3307477Z [  89% ] ^[[90m^[[1m_update_scan_actions^[[22m | command_dock_corner_tl.svg^[[39m^[[0m
Godot gates (analyzer)	Import the project	2026-10-04T01:43:31.3309678Z [  90% ] ^[[90m^[[1m_update_scan_actions^[[22m | command_dock_corner_tr.svg^[[39m^[[0m
Godot gates (analyzer)	Import the project	2026-10-04T01:43:31.3311812Z [  90% ] ^[[90m^[[1m_update_scan_actions^[[22m | command_dock_edge_bottom.svg^[[39m^[[0m
Godot gates (analyzer)	Import the project	2026-10-04T01:43:31.3314043Z [  90% ] ^[[90m^[[1m_update_scan_actions^[[22m | command_dock_edge_left.svg^[[39m^[[0m
Godot gates (analyzer)	Import the project	2026-10-04T01:43:31.3316116Z [  90% ] ^[[90m^[[1m_update_scan_actions^[[22m | command_dock_edge_right.svg^[[39m^[[0m
Godot gates (analyzer)	Import the project	2026-10-04T01:43:31.3318425Z [  90% ] ^[[90m^[[1m_update_scan_actions^[[22m | command_dock_edge_top.svg^[[39m^[[0m
Godot gates (analyzer)	Import the project	2026-10-04T01:43:31.3320471Z [  90% ] ^[[90m^[[1m_update_scan_actions^[[22m | journal_corner_bl.svg^[[39m^[[0m
Godot gates (analyzer)	Import the project	2026-10-04T01:43:31.3322524Z [  90% ] ^[[90m^[[1m_update_scan_actions^[[22m | journal_corner_br.svg^[[39m^[[0m
Godot gates (analyzer)	Import the project	2026-10-04T01:43:31.3324599Z [  90% ] ^[[90m^[[1m_update_scan_actions^[[22m | journal_corner_tl.svg^[[39m^[[0m
Godot gates (analyzer)	Import the project	2026-10-04T01:43:31.3326712Z [  91% ] ^[[90m^[[1m_update_scan_actions^[[22m | journal_corner_tr.svg^[[39m^[[0m
Godot gates (analyzer)	Import the project	2026-10-04T01:43:31.3328993Z [  91% ] ^[[90m^[[1m_update_scan_actions^[[22m | journal_edge_bottom.svg^[[39m^[[0m
Godot gates (analyzer)	Import the project	2026-10-04T01:43:31.3331011Z [  91% ] ^[[90m^[[1m_update_scan_actions^[[22m | journal_edge_left.svg^[[39m^[[0m
Godot gates (analyzer)	Import the project	2026-10-04T01:43:31.3333222Z [  91% ] ^[[90m^[[1m_update_scan_actions^[[22m | journal_edge_right.svg^[[39m^[[0m
Godot gates (analyzer)	Import the project	2026-10-04T01:43:31.3335446Z [  91% ] ^[[90m^[[1m_update_scan_actions^[[22m | journal_edge_top.svg^[[39m^[[0m
Godot gates (analyzer)	Import the project	2026-10-04T01:43:31.3337514Z [  91% ] ^[[90m^[[1m_update_scan_actions^[[22m | journal_ring.svg^[[39m^[[0m
Godot gates (analyzer)	Import the project	2026-10-04T01:43:31.3339749Z [  91% ] ^[[90m^[[1m_update_scan_actions^[[22m | journal_strap.svg^[[39m^[[0m
Godot gates (analyzer)	Import the project	2026-10-04T01:43:31.3341880Z [  91% ] ^[[90m^[[1m_update_scan_actions^[[22m | map_folio_corner_bl.svg^[[39m^[[0m
Godot gates (analyzer)	Import the project	2026-10-04T01:43:31.3343976Z [  92% ] ^[[90m^[[1m_update_scan_actions^[[22m | map_folio_corner_br.svg^[[39m^[[0m
Godot gates (analyzer)	Import the project	2026-10-04T01:43:31.3346032Z [  92% ] ^[[90m^[[1m_update_scan_actions^[[22m | map_folio_corner_tl.svg^[[39m^[[0m
Godot gates (analyzer)	Import the project	2026-10-04T01:43:31.3348281Z [  92% ] ^[[90m^[[1m_update_scan_actions^[[22m | map_folio_corner_tr.svg^[[39m^[[0m
Godot gates (analyzer)	Import the project	2026-10-04T01:43:31.3350390Z [  92% ] ^[[90m^[[1m_update_scan_actions^[[22m | map_folio_edge_bottom.svg^[[39m^[[0m
Godot gates (analyzer)	Import the project	2026-10-04T01:43:31.3352457Z [  92% ] ^[[90m^[[1m_update_scan_actions^[[22m | map_folio_edge_left.svg^[[39m^[[0m
Godot gates (analyzer)	Import the project	2026-10-04T01:43:31.3354665Z [  92% ] ^[[90m^[[1m_update_scan_actions^[[22m | map_folio_edge_right.svg^[[39m^[[0m
Godot gates (analyzer)	Import the project	2026-10-04T01:43:31.3356731Z [  92% ] ^[[90m^[[1m_update_scan_actions^[[22m | map_folio_edge_top.svg^[[39m^[[0m
Godot gates (analyzer)	Import the project	2026-10-04T01:43:31.3359108Z [  92% ] ^[[90m^[[1m_update_scan_actions^[[22m | resource_tray_corner_bl.svg^[[39m^[[0m
Godot gates (analyzer)	Import the project	2026-10-04T01:43:31.3361249Z [  93% ] ^[[90m^[[1m_update_scan_actions^[[22m | resource_tray_corner_br.svg^[[39m^[[0m
Godot gates (analyzer)	Import the project	2026-10-04T01:43:31.3363343Z [  93% ] ^[[90m^[[1m_update_scan_actions^[[22m | resource_tray_corner_tl.svg^[[39m^[[0m
Godot gates (analyzer)	Import the project	2026-10-04T01:43:31.3365474Z [  93% ] ^[[90m^[[1m_update_scan_actions^[[22m | resource_tray_corner_tr.svg^[[39m^[[0m
Godot gates (analyzer)	Import the project	2026-10-04T01:43:31.3367687Z [  93% ] ^[[90m^[[1m_update_scan_actions^[[22m | resource_tray_edge_bottom.svg^[[39m^[[0m
Godot gates (analyzer)	Import the project	2026-10-04T01:43:31.3369860Z [  93% ] ^[[90m^[[1m_update_scan_actions^[[22m | resource_tray_edge_left.svg^[[39m^[[0m
Godot gates (analyzer)	Import the project	2026-10-04T01:43:31.3371970Z [  93% ] ^[[90m^[[1m_update_scan_actions^[[22m | resource_tray_edge_right.svg^[[39m^[[0m
Godot gates (analyzer)	Import the project	2026-10-04T01:43:31.3374054Z [  93% ] ^[[90m^[[1m_update_scan_actions^[[22m | resource_tray_edge_top.svg^[[39m^[[0m
Godot gates (analyzer)	Import the project	2026-10-04T01:43:31.3376106Z [  93% ] ^[[90m^[[1m_update_scan_actions^[[22m | time_group_corner_bl.svg^[[39m^[[0m
Godot gates (analyzer)	Import the project	2026-10-04T01:43:31.3378349Z [  94% ] ^[[90m^[[1m_update_scan_actions^[[22m | time_group_corner_br.svg^[[39m^[[0m
Godot gates (analyzer)	Import the project	2026-10-04T01:43:31.3380432Z [  94% ] ^[[90m^[[1m_update_scan_actions^[[22m | time_group_corner_tl.svg^[[39m^[[0m
Godot gates (analyzer)	Import the project	2026-10-04T01:43:31.3382527Z [  94% ] ^[[90m^[[1m_update_scan_actions^[[22m | time_group_corner_tr.svg^[[39m^[[0m
Godot gates (analyzer)	Import the project	2026-10-04T01:43:31.3384621Z [  94% ] ^[[90m^[[1m_update_scan_actions^[[22m | time_group_edge_bottom.svg^[[39m^[[0m
Godot gates (analyzer)	Import the project	2026-10-04T01:43:31.3386681Z [  94% ] ^[[90m^[[1m_update_scan_actions^[[22m | time_group_edge_left.svg^[[39m^[[0m
Godot gates (analyzer)	Import the project	2026-10-04T01:43:31.3388978Z [  94% ] ^[[90m^[[1m_update_scan_actions^[[22m | time_group_edge_right.svg^[[39m^[[0m
Godot gates (analyzer)	Import the project	2026-10-04T01:43:31.3391053Z [  94% ] ^[[90m^[[1m_update_scan_actions^[[22m | time_group_edge_top.svg^[[39m^[[0m
Godot gates (analyzer)	Import the project	2026-10-04T01:43:31.3392965Z [  94% ] ^[[90m^[[1m_update_scan_actions^[[22m | beds.svg^[[39m^[[0m
Godot gates (analyzer)	Import the project	2026-10-04T01:43:31.3394959Z [  95% ] ^[[90m^[[1m_update_scan_actions^[[22m | brush.svg^[[39m^[[0m
Godot gates (analyzer)	Import the project	2026-10-04T01:43:31.3397075Z [  95% ] ^[[90m^[[1m_update_scan_actions^[[22m | build.svg^[[39m^[[0m
Godot gates (analyzer)	Import the project	2026-10-04T01:43:31.3399317Z [  95% ] ^[[90m^[[1m_update_scan_actions^[[22m | calendar.svg^[[39m^[[0m
Godot gates (analyzer)	Import the project	2026-10-04T01:43:31.3401283Z [  95% ] ^[[90m^[[1m_update_scan_actions^[[22m | cancel.svg^[[39m^[[0m
Godot gates (analyzer)	Import the project	2026-10-04T01:43:31.3403267Z [  95% ] ^[[90m^[[1m_update_scan_actions^[[22m | center_view.svg^[[39m^[[0m
Godot gates (analyzer)	Import the project	2026-10-04T01:43:31.3405209Z [  95% ] ^[[90m^[[1m_update_scan_actions^[[22m | check.svg^[[39m^[[0m
Godot gates (analyzer)	Import the project	2026-10-04T01:43:31.3407311Z [  95% ] ^[[90m^[[1m_update_scan_actions^[[22m | fuel.svg^[[39m^[[0m
Godot gates (analyzer)	Import the project	2026-10-04T01:43:31.3409296Z [  95% ] ^[[90m^[[1m_update_scan_actions^[[22m | ledger.svg^[[39m^[[0m
Godot gates (analyzer)	Import the project	2026-10-04T01:43:31.3411305Z [  96% ] ^[[90m^[[1m_update_scan_actions^[[22m | lock.svg^[[39m^[[0m
Godot gates (analyzer)	Import the project	2026-10-04T01:43:31.3413311Z [  96% ] ^[[90m^[[1m_update_scan_actions^[[22m | map.svg^[[39m^[[0m
Godot gates (analyzer)	Import the project	2026-10-04T01:43:31.3415374Z [  96% ] ^[[90m^[[1m_update_scan_actions^[[22m | menu.svg^[[39m^[[0m
Godot gates (analyzer)	Import the project	2026-10-04T01:43:31.3417622Z [  96% ] ^[[90m^[[1m_update_scan_actions^[[22m | pause.svg^[[39m^[[0m
Godot gates (analyzer)	Import the project	2026-10-04T01:43:31.3419557Z [  96% ] ^[[90m^[[1m_update_scan_actions^[[22m | provisions.svg^[[39m^[[0m
Godot gates (analyzer)	Import the project	2026-10-04T01:43:31.3421618Z [  96% ] ^[[90m^[[1m_update_scan_actions^[[22m | residents.svg^[[39m^[[0m
Godot gates (analyzer)	Import the project	2026-10-04T01:43:31.3423550Z [  96% ] ^[[90m^[[1m_update_scan_actions^[[22m | stone.svg^[[39m^[[0m
Godot gates (analyzer)	Import the project	2026-10-04T01:43:31.3425531Z [  96% ] ^[[90m^[[1m_update_scan_actions^[[22m | warning.svg^[[39m^[[0m
Godot gates (analyzer)	Import the project	2026-10-04T01:43:31.3427458Z [  97% ] ^[[90m^[[1m_update_scan_actions^[[22m | wood.svg^[[39m^[[0m
Godot gates (analyzer)	Import the project	2026-10-04T01:43:31.3429606Z [  97% ] ^[[90m^[[1m_update_scan_actions^[[22m | acorn.svg^[[39m^[[0m
Godot gates (analyzer)	Import the project	2026-10-04T01:43:31.3431751Z [  97% ] ^[[90m^[[1m_update_scan_actions^[[22m | binding_seam.svg^[[39m^[[0m
Godot gates (analyzer)	Import the project	2026-10-04T01:43:31.3433557Z [  97% ] ^[[90m^[[1m_update_scan_actions^[[22m | oak_leaf.svg^[[39m^[[0m
Godot gates (analyzer)	Import the project	2026-10-04T01:43:31.3435583Z [  97% ] ^[[90m^[[1m_update_scan_actions^[[22m | page_edge.svg^[[39m^[[0m
Godot gates (analyzer)	Import the project	2026-10-04T01:43:31.3437502Z [  97% ] ^[[90m^[[1m_update_scan_actions^[[22m | sprig.svg^[[39m^[[0m
Godot gates (analyzer)	Import the project	2026-10-04T01:43:31.3439631Z [  97% ] ^[[90m^[[1m_update_scan_actions^[[22m | cmd_build.svg^[[39m^[[0m
Godot gates (analyzer)	Import the project	2026-10-04T01:43:31.3441610Z [  97% ] ^[[90m^[[1m_update_scan_actions^[[22m | cmd_goals.svg^[[39m^[[0m
Godot gates (analyzer)	Import the project	2026-10-04T01:43:31.3443590Z [  98% ] ^[[90m^[[1m_update_scan_actions^[[22m | cmd_work.svg^[[39m^[[0m
Godot gates (analyzer)	Import the project	2026-10-04T01:43:31.3445603Z [  98% ] ^[[90m^[[1m_update_scan_actions^[[22m | cmd_zone.svg^[[39m^[[0m
Godot gates (analyzer)	Import the project	2026-10-04T01:43:31.3447540Z [  98% ] ^[[90m^[[1m_update_scan_actions^[[22m | res_beds.svg^[[39m^[[0m
Godot gates (analyzer)	Import the project	2026-10-04T01:43:31.3449675Z [  98% ] ^[[90m^[[1m_update_scan_actions^[[22m | res_food_ready.svg^[[39m^[[0m
Godot gates (analyzer)	Import the project	2026-10-04T01:43:31.3451594Z [  98% ] ^[[90m^[[1m_update_scan_actions^[[22m | res_fuel.svg^[[39m^[[0m
Godot gates (analyzer)	Import the project	2026-10-04T01:43:31.3453664Z [  98% ] ^[[90m^[[1m_update_scan_actions^[[22m | res_population.svg^[[39m^[[0m
Godot gates (analyzer)	Import the project	2026-10-04T01:43:31.3455612Z [  98% ] ^[[90m^[[1m_update_scan_actions^[[22m | res_stone.svg^[[39m^[[0m
Godot gates (analyzer)	Import the project	2026-10-04T01:43:31.3457555Z [  98% ] ^[[90m^[[1m_update_scan_actions^[[22m | res_wood.svg^[[39m^[[0m
Godot gates (analyzer)	Import the project	2026-10-04T01:43:31.3459816Z [  99% ] ^[[90m^[[1m_update_scan_actions^[[22m | build.svg^[[39m^[[0m
Godot gates (analyzer)	Import the project	2026-10-04T01:43:31.3461773Z [  99% ] ^[[90m^[[1m_update_scan_actions^[[22m | food.svg^[[39m^[[0m
Godot gates (analyzer)	Import the project	2026-10-04T01:43:31.3463719Z [  99% ] ^[[90m^[[1m_update_scan_actions^[[22m | goals.svg^[[39m^[[0m
Godot gates (analyzer)	Import the project	2026-10-04T01:43:31.3465704Z [  99% ] ^[[90m^[[1m_update_scan_actions^[[22m | people.svg^[[39m^[[0m
Godot gates (analyzer)	Import the project	2026-10-04T01:43:31.3467605Z [  99% ] ^[[90m^[[1m_update_scan_actions^[[22m | work.svg^[[39m^[[0m
Godot gates (analyzer)	Import the project	2026-10-04T01:43:31.3469764Z [  99% ] ^[[90m^[[1m_update_scan_actions^[[22m | zone.svg^[[39m^[[0m
Godot gates (analyzer)	Import the project	2026-10-04T01:43:31.3471547Z [  99% ] ^[[90m^[[1m_update_scan_actions^[[22m | icon.svg^[[39m^[[0m
Godot gates (analyzer)	Import the project	2026-10-04T01:43:31.3471781Z ^[[92m[ DONE ]^[[39m ^[[1m_update_scan_actions^[[22m
Godot gates (analyzer)	Import the project	2026-10-04T01:43:31.3471899Z ^[[0m
Godot gates (analyzer)	Import the project	2026-10-04T01:43:31.3478770Z [   0% ] ^[[90m^[[1mreimport^[[22m | Started (Re)Importing Assets (801 steps)^[[39m^[[0m
Godot gates (analyzer)	Import the project	2026-10-04T01:43:31.3479167Z [   0% ] ^[[90m^[[1mreimport^[[22m | Preparing files to reimport...^[[39m^[[0m
Godot gates (analyzer)	Import the project	2026-10-04T01:43:31.3480499Z [   0% ] ^[[90m^[[1mreimport^[[22m | Preparing files to reimport...^[[39m^[[0m
Godot gates (analyzer)	Import the project	2026-10-04T01:43:31.3482480Z [   0% ] ^[[90m^[[1mreimport^[[22m | Preparing files to reimport...^[[39m^[[0m
Godot gates (analyzer)	Import the project	2026-10-04T01:43:31.3483863Z [   0% ] ^[[90m^[[1mreimport^[[22m | Preparing files to reimport...^[[39m^[[0m
Godot gates (analyzer)	Import the project	2026-10-04T01:43:31.3485675Z [   0% ] ^[[90m^[[1mreimport^[[22m | Preparing files to reimport...^[[39m^[[0m
Godot gates (analyzer)	Import the project	2026-10-04T01:43:31.3487546Z [   0% ] ^[[90m^[[1mreimport^[[22m | Preparing files to reimport...^[[39m^[[0m
Godot gates (analyzer)	Import the project	2026-10-04T01:43:31.3488961Z [   0% ] ^[[90m^[[1mreimport^[[22m | Preparing files to reimport...^[[39m^[[0m
Godot gates (analyzer)	Import the project	2026-10-04T01:43:31.3490808Z [   0% ] ^[[90m^[[1mreimport^[[22m | Preparing files to reimport...^[[39m^[[0m
Godot gates (analyzer)	Import the project	2026-10-04T01:43:31.3492801Z [   0% ] ^[[90m^[[1mreimport^[[22m | Preparing files to reimport...^[[39m^[[0m
Godot gates (analyzer)	Import the project	2026-10-04T01:43:31.3494687Z [   1% ] ^[[90m^[[1mreimport^[[22m | Preparing files to reimport...^[[39m^[[0m
Godot gates (analyzer)	Import the project	2026-10-04T01:43:31.3496537Z [   1% ] ^[[90m^[[1mreimport^[[22m | Preparing files to reimport...^[[39m^[[0m
Godot gates (analyzer)	Import the project	2026-10-04T01:43:31.3498733Z [   1% ] ^[[90m^[[1mreimport^[[22m | Preparing files to reimport...^[[39m^[[0m
Godot gates (analyzer)	Import the project	2026-10-04T01:43:31.3500433Z [   1% ] ^[[90m^[[1mreimport^[[22m | Preparing files to reimport...^[[39m^[[0m
Godot gates (analyzer)	Import the project	2026-10-04T01:43:31.3502473Z [   1% ] ^[[90m^[[1mreimport^[[22m | Preparing files to reimport...^[[39m^[[0m
Godot gates (analyzer)	Import the project	2026-10-04T01:43:31.3504348Z [   1% ] ^[[90m^[[1mreimport^[[22m | Preparing files to reimport...^[[39m^[[0m
Godot gates (analyzer)	Import the project	2026-10-04T01:43:31.3506190Z [   1% ] ^[[90m^[[1mreimport^[[22m | Preparing files to reimport...^[[39m^[[0m
Godot gates (analyzer)	Import the project	2026-10-04T01:43:31.3508235Z [   1% ] ^[[90m^[[1mreimport^[[22m | Preparing files to reimport...^[[39m^[[0m
Godot gates (analyzer)	Import the project	2026-10-04T01:43:31.3510059Z [   2% ] ^[[90m^[[1mreimport^[[22m | Preparing files to reimport...^[[39m^[[0m
Godot gates (analyzer)	Import the project	2026-10-04T01:43:31.3511956Z [   2% ] ^[[90m^[[1mreimport^[[22m | Preparing files to reimport...^[[39m^[[0m
Godot gates (analyzer)	Import the project	2026-10-04T01:43:31.3513808Z [   2% ] ^[[90m^[[1mreimport^[[22m | Preparing files to reimport...^[[39m^[[0m
Godot gates (analyzer)	Import the project	2026-10-04T01:43:31.3515709Z [   2% ] ^[[90m^[[1mreimport^[[22m | Preparing files to reimport...^[[39m^[[0m
Godot gates (analyzer)	Import the project	2026-10-04T01:43:31.3517573Z [   2% ] ^[[90m^[[1mreimport^[[22m | Preparing files to reimport...^[[39m^[[0m
Godot gates (analyzer)	Import the project	2026-10-04T01:43:31.3519627Z [   2% ] ^[[90m^[[1mreimport^[[22m | Preparing files to reimport...^[[39m^[[0m
Godot gates (analyzer)	Import the project	2026-10-04T01:43:31.3521506Z [   2% ] ^[[90m^[[1mreimport^[[22m | Preparing files to reimport...^[[39m^[[0m
Godot gates (analyzer)	Import the project	2026-10-04T01:43:31.3523320Z [   2% ] ^[[90m^[[1mreimport^[[22m | Preparing files to reimport...^[[39m^[[0m
Godot gates (analyzer)	Import the project	2026-10-04T01:43:31.3525182Z [   3% ] ^[[90m^[[1mreimport^[[22m | Preparing files to reimport...^[[39m^[[0m
Godot gates (analyzer)	Import the project	2026-10-04T01:43:31.3527140Z [   3% ] ^[[90m^[[1mreimport^[[22m | Preparing files to reimport...^[[39m^[[0m
Godot gates (analyzer)	Import the project	2026-10-04T01:43:31.3529097Z [   3% ] ^[[90m^[[1mreimport^[[22m | Preparing files to reimport...^[[39m^[[0m
Godot gates (analyzer)	Import the project	2026-10-04T01:43:31.3530918Z [   3% ] ^[[90m^[[1mreimport^[[22m | Preparing files to reimport...^[[39m^[[0m
Godot gates (analyzer)	Import the project	2026-10-04T01:43:31.3532801Z [   3% ] ^[[90m^[[1mreimport^[[22m | Preparing files to reimport...^[[39m^[[0m
Godot gates (analyzer)	Import the project	2026-10-04T01:43:31.3534690Z [   3% ] ^[[90m^[[1mreimport^[[22m | Preparing files to reimport...^[[39m^[[0m
Godot gates (analyzer)	Import the project	2026-10-04T01:43:31.3536539Z [   3% ] ^[[90m^[[1mreimport^[[22m | Preparing files to reimport...^[[39m^[[0m
Godot gates (analyzer)	Import the project	2026-10-04T01:43:31.3538708Z [   3% ] ^[[90m^[[1mreimport^[[22m | Preparing files to reimport...^[[39m^[[0m
Godot gates (analyzer)	Import the project	2026-10-04T01:43:31.3540335Z [   4% ] ^[[90m^[[1mreimport^[[22m | Preparing files to reimport...^[[39m^[[0m
Godot gates (analyzer)	Import the project	2026-10-04T01:43:31.3542286Z [   4% ] ^[[90m^[[1mreimport^[[22m | Preparing files to reimport...^[[39m^[[0m
Godot gates (analyzer)	Import the project	2026-10-04T01:43:31.3544068Z [   4% ] ^[[90m^[[1mreimport^[[22m | Preparing files to reimport...^[[39m^[[0m
Godot gates (analyzer)	Import the project	2026-10-04T01:43:31.3545917Z [   4% ] ^[[90m^[[1mreimport^[[22m | Preparing files to reimport...^[[39m^[[0m
Godot gates (analyzer)	Import the project	2026-10-04T01:43:31.3548026Z [   4% ] ^[[90m^[[1mreimport^[[22m | Preparing files to reimport...^[[39m^[[0m
Godot gates (analyzer)	Import the project	2026-10-04T01:43:31.3549928Z [   4% ] ^[[90m^[[1mreimport^[[22m | Preparing files to reimport...^[[39m^[[0m
Godot gates (analyzer)	Import the project	2026-10-04T01:43:31.3551928Z [   4% ] ^[[90m^[[1mreimport^[[22m | Preparing files to reimport...^[[39m^[[0m
Godot gates (analyzer)	Import the project	2026-10-04T01:43:31.3553551Z [   4% ] ^[[90m^[[1mreimport^[[22m | Preparing files to reimport...^[[39m^[[0m
Godot gates (analyzer)	Import the project	2026-10-04T01:43:31.3555487Z [   5% ] ^[[90m^[[1mreimport^[[22m | Preparing files to reimport...^[[39m^[[0m
Godot gates (analyzer)	Import the project	2026-10-04T01:43:31.3557503Z [   5% ] ^[[90m^[[1mreimport^[[22m | Preparing files to reimport...^[[39m^[[0m
Godot gates (analyzer)	Import the project	2026-10-04T01:43:31.3559422Z [   5% ] ^[[90m^[[1mreimport^[[22m | Preparing files to reimport...^[[39m^[[0m
Godot gates (analyzer)	Import the project	2026-10-04T01:43:31.3561293Z [   5% ] ^[[90m^[[1mreimport^[[22m | Preparing files to reimport...^[[39m^[[0m
Godot gates (analyzer)	Import the project	2026-10-04T01:43:31.3563212Z [   5% ] ^[[90m^[[1mreimport^[[22m | Preparing files to reimport...^[[39m^[[0m
Godot gates (analyzer)	Import the project	2026-10-04T01:43:31.3565085Z [   5% ] ^[[90m^[[1mreimport^[[22m | Preparing files to reimport...^[[39m^[[0m
Godot gates (analyzer)	Import the project	2026-10-04T01:43:31.3567140Z [   5% ] ^[[90m^[[1mreimport^[[22m | Preparing files to reimport...^[[39m^[[0m
Godot gates (analyzer)	Import the project	2026-10-04T01:43:31.3569030Z [   5% ] ^[[90m^[[1mreimport^[[22m | Preparing files to reimport...^[[39m^[[0m
Godot gates (analyzer)	Import the project	2026-10-04T01:43:31.3570832Z [   6% ] ^[[90m^[[1mreimport^[[22m | Preparing files to reimport...^[[39m^[[0m
Godot gates (analyzer)	Import the project	2026-10-04T01:43:31.3572671Z [   6% ] ^[[90m^[[1mreimport^[[22m | Preparing files to reimport...^[[39m^[[0m
Godot gates (analyzer)	Import the project	2026-10-04T01:43:31.3574650Z [   6% ] ^[[90m^[[1mreimport^[[22m | Preparing files to reimport...^[[39m^[[0m
Godot gates (analyzer)	Import the project	2026-10-04T01:43:31.3576294Z [   6% ] ^[[90m^[[1mreimport^[[22m | Preparing files to reimport...^[[39m^[[0m
Godot gates (analyzer)	Import the project	2026-10-04T01:43:31.3578551Z [   6% ] ^[[90m^[[1mreimport^[[22m | Preparing files to reimport...^[[39m^[[0m
Godot gates (analyzer)	Import the project	2026-10-04T01:43:31.3580348Z [   6% ] ^[[90m^[[1mreimport^[[22m | Preparing files to reimport...^[[39m^[[0m
Godot gates (analyzer)	Import the project	2026-10-04T01:43:31.3582271Z [   6% ] ^[[90m^[[1mreimport^[[22m | Preparing files to reimport...^[[39m^[[0m
Godot gates (analyzer)	Import the project	2026-10-04T01:43:31.3584134Z [   6% ] ^[[90m^[[1mreimport^[[22m | Preparing files to reimport...^[[39m^[[0m
Godot gates (analyzer)	Import the project	2026-10-04T01:43:31.3586002Z [   7% ] ^[[90m^[[1mreimport^[[22m | Preparing files to reimport...^[[39m^[[0m
Godot gates (analyzer)	Import the project	2026-10-04T01:43:31.3587968Z [   7% ] ^[[90m^[[1mreimport^[[22m | Preparing files to reimport...^[[39m^[[0m
Godot gates (analyzer)	Import the project	2026-10-04T01:43:31.3589836Z [   7% ] ^[[90m^[[1mreimport^[[22m | Preparing files to reimport...^[[39m^[[0m
Godot gates (analyzer)	Import the project	2026-10-04T01:43:31.3591648Z [   7% ] ^[[90m^[[1mreimport^[[22m | Preparing files to reimport...^[[39m^[[0m
Godot gates (analyzer)	Import the project	2026-10-04T01:43:31.3593541Z [   7% ] ^[[90m^[[1mreimport^[[22m | Preparing files to reimport...^[[39m^[[0m
Godot gates (analyzer)	Import the project	2026-10-04T01:43:31.3595366Z [   7% ] ^[[90m^[[1mreimport^[[22m | Preparing files to reimport...^[[39m^[[0m
Godot gates (analyzer)	Import the project	2026-10-04T01:43:31.3597430Z [   7% ] ^[[90m^[[1mreimport^[[22m | Preparing files to reimport...^[[39m^[[0m
Godot gates (analyzer)	Import the project	2026-10-04T01:43:31.3599320Z [   7% ] ^[[90m^[[1mreimport^[[22m | Preparing files to reimport...^[[39m^[[0m
Godot gates (analyzer)	Import the project	2026-10-04T01:43:31.3601155Z [   8% ] ^[[90m^[[1mreimport^[[22m | Preparing files to reimport...^[[39m^[[0m
Godot gates (analyzer)	Import the project	2026-10-04T01:43:31.3603089Z [   8% ] ^[[90m^[[1mreimport^[[22m | Preparing files to reimport...^[[39m^[[0m
Godot gates (analyzer)	Import the project	2026-10-04T01:43:31.3604850Z [   8% ] ^[[90m^[[1mreimport^[[22m | Preparing files to reimport...^[[39m^[[0m
Godot gates (analyzer)	Import the project	2026-10-04T01:43:31.3606702Z [   8% ] ^[[90m^[[1mreimport^[[22m | Preparing files to reimport...^[[39m^[[0m
Godot gates (analyzer)	Import the project	2026-10-04T01:43:31.3608791Z [   8% ] ^[[90m^[[1mreimport^[[22m | Preparing files to reimport...^[[39m^[[0m
Godot gates (analyzer)	Import the project	2026-10-04T01:43:31.3610754Z [   8% ] ^[[90m^[[1mreimport^[[22m | Preparing files to reimport...^[[39m^[[0m
Godot gates (analyzer)	Import the project	2026-10-04T01:43:31.3612384Z [   8% ] ^[[90m^[[1mreimport^[[22m | Preparing files to reimport...^[[39m^[[0m
Godot gates (analyzer)	Import the project	2026-10-04T01:43:31.3614339Z [   8% ] ^[[90m^[[1mreimport^[[22m | Preparing files to reimport...^[[39m^[[0m
Godot gates (analyzer)	Import the project	2026-10-04T01:43:31.3616219Z [   9% ] ^[[90m^[[1mreimport^[[22m | Preparing files to reimport...^[[39m^[[0m
Godot gates (analyzer)	Import the project	2026-10-04T01:43:31.3618268Z [   9% ] ^[[90m^[[1mreimport^[[22m | Preparing files to reimport...^[[39m^[[0m
Godot gates (analyzer)	Import the project	2026-10-04T01:43:31.3620109Z [   9% ] ^[[90m^[[1mreimport^[[22m | Preparing files to reimport...^[[39m^[[0m
Godot gates (analyzer)	Import the project	2026-10-04T01:43:31.3622005Z [   9% ] ^[[90m^[[1mreimport^[[22m | Preparing files to reimport...^[[39m^[[0m
Godot gates (analyzer)	Import the project	2026-10-04T01:43:31.3623742Z [   9% ] ^[[90m^[[1mreimport^[[22m | Preparing files to reimport...^[[39m^[[0m
Godot gates (analyzer)	Import the project	2026-10-04T01:43:31.3625675Z [   9% ] ^[[90m^[[1mreimport^[[22m | Preparing files to reimport...^[[39m^[[0m
Godot gates (analyzer)	Import the project	2026-10-04T01:43:31.3627538Z [   9% ] ^[[90m^[[1mreimport^[[22m | Preparing files to reimport...^[[39m^[[0m
Godot gates (analyzer)	Import the project	2026-10-04T01:43:31.3629646Z [   9% ] ^[[90m^[[1mreimport^[[22m | Preparing files to reimport...^[[39m^[[0m
Godot gates (analyzer)	Import the project	2026-10-04T01:43:31.3631478Z [  10% ] ^[[90m^[[1mreimport^[[22m | Preparing files to reimport...^[[39m^[[0m
Godot gates (analyzer)	Import the project	2026-10-04T01:43:31.3633377Z [  10% ] ^[[90m^[[1mreimport^[[22m | Preparing files to reimport...^[[39m^[[0m
Godot gates (analyzer)	Import the project	2026-10-04T01:43:31.3635199Z [  10% ] ^[[90m^[[1mreimport^[[22m | Preparing files to reimport...^[[39m^[[0m
Godot gates (analyzer)	Import the project	2026-10-04T01:43:31.3637226Z [  10% ] ^[[90m^[[1mreimport^[[22m | Preparing files to reimport...^[[39m^[[0m
Godot gates (analyzer)	Import the project	2026-10-04T01:43:31.3639122Z [  10% ] ^[[90m^[[1mreimport^[[22m | Preparing files to reimport...^[[39m^[[0m
Godot gates (analyzer)	Import the project	2026-10-04T01:43:31.3640923Z [  10% ] ^[[90m^[[1mreimport^[[22m | Preparing files to reimport...^[[39m^[[0m
Godot gates (analyzer)	Import the project	2026-10-04T01:43:31.3642833Z [  10% ] ^[[90m^[[1mreimport^[[22m | Preparing files to reimport...^[[39m^[[0m
Godot gates (analyzer)	Import the project	2026-10-04T01:43:31.3644772Z [  10% ] ^[[90m^[[1mreimport^[[22m | Preparing files to reimport...^[[39m^[[0m
Godot gates (analyzer)	Import the project	2026-10-04T01:43:31.3646631Z [  11% ] ^[[90m^[[1mreimport^[[22m | Preparing files to reimport...^[[39m^[[0m
Godot gates (analyzer)	Import the project	2026-10-04T01:43:31.3648557Z [  11% ] ^[[90m^[[1mreimport^[[22m | Preparing files to reimport...^[[39m^[[0m
Godot gates (analyzer)	Import the project	2026-10-04T01:43:31.3650648Z [  11% ] ^[[90m^[[1mreimport^[[22m | Preparing files to reimport...^[[39m^[[0m
Godot gates (analyzer)	Import the project	2026-10-04T01:43:31.3652474Z [  11% ] ^[[90m^[[1mreimport^[[22m | Preparing files to reimport...^[[39m^[[0m
Godot gates (analyzer)	Import the project	2026-10-04T01:43:31.3654343Z [  11% ] ^[[90m^[[1mreimport^[[22m | Preparing files to reimport...^[[39m^[[0m
Godot gates (analyzer)	Import the project	2026-10-04T01:43:31.3656253Z [  11% ] ^[[90m^[[1mreimport^[[22m | Preparing files to reimport...^[[39m^[[0m
Godot gates (analyzer)	Import the project	2026-10-04T01:43:31.3658334Z [  11% ] ^[[90m^[[1mreimport^[[22m | Preparing files to reimport...^[[39m^[[0m
Godot gates (analyzer)	Import the project	2026-10-04T01:43:31.3660426Z [  11% ] ^[[90m^[[1mreimport^[[22m | Preparing files to reimport...^[[39m^[[0m
Godot gates (analyzer)	Import the project	2026-10-04T01:43:31.3662044Z [  12% ] ^[[90m^[[1mreimport^[[22m | Preparing files to reimport...^[[39m^[[0m
Godot gates (analyzer)	Import the project	2026-10-04T01:43:31.3664025Z [  12% ] ^[[90m^[[1mreimport^[[22m | Preparing files to reimport...^[[39m^[[0m
Godot gates (analyzer)	Import the project	2026-10-04T01:43:31.3665807Z [  12% ] ^[[90m^[[1mreimport^[[22m | Preparing files to reimport...^[[39m^[[0m
Godot gates (analyzer)	Import the project	2026-10-04T01:43:31.3667733Z [  12% ] ^[[90m^[[1mreimport^[[22m | Preparing files to reimport...^[[39m^[[0m
Godot gates (analyzer)	Import the project	2026-10-04T01:43:31.3669760Z [  12% ] ^[[90m^[[1mreimport^[[22m | Preparing files to reimport...^[[39m^[[0m
Godot gates (analyzer)	Import the project	2026-10-04T01:43:31.3671544Z [  12% ] ^[[90m^[[1mreimport^[[22m | Preparing files to reimport...^[[39m^[[0m
Godot gates (analyzer)	Import the project	2026-10-04T01:43:31.3673420Z [  12% ] ^[[90m^[[1mreimport^[[22m | Preparing files to reimport...^[[39m^[[0m
Godot gates (analyzer)	Import the project	2026-10-04T01:43:31.3675454Z [  12% ] ^[[90m^[[1mreimport^[[22m | Preparing files to reimport...^[[39m^[[0m
Godot gates (analyzer)	Import the project	2026-10-04T01:43:31.3677235Z [  13% ] ^[[90m^[[1mreimport^[[22m | Preparing files to reimport...^[[39m^[[0m
Godot gates (analyzer)	Import the project	2026-10-04T01:43:31.3679258Z [  13% ] ^[[90m^[[1mreimport^[[22m | Preparing files to reimport...^[[39m^[[0m
Godot gates (analyzer)	Import the project	2026-10-04T01:43:31.3681071Z [  13% ] ^[[90m^[[1mreimport^[[22m | Preparing files to reimport...^[[39m^[[0m
Godot gates (analyzer)	Import the project	2026-10-04T01:43:31.3682994Z [  13% ] ^[[90m^[[1mreimport^[[22m | Preparing files to reimport...^[[39m^[[0m
Godot gates (analyzer)	Import the project	2026-10-04T01:43:31.3684723Z [  13% ] ^[[90m^[[1mreimport^[[22m | Preparing files to reimport...^[[39m^[[0m
Godot gates (analyzer)	Import the project	2026-10-04T01:43:31.3686659Z [  13% ] ^[[90m^[[1mreimport^[[22m | Preparing files to reimport...^[[39m^[[0m
Godot gates (analyzer)	Import the project	2026-10-04T01:43:31.3688467Z [  13% ] ^[[90m^[[1mreimport^[[22m | Preparing files to reimport...^[[39m^[[0m
Godot gates (analyzer)	Import the project	2026-10-04T01:43:31.3690419Z [  13% ] ^[[90m^[[1mreimport^[[22m | Preparing files to reimport...^[[39m^[[0m
Godot gates (analyzer)	Import the project	2026-10-04T01:43:31.3692451Z [  14% ] ^[[90m^[[1mreimport^[[22m | Preparing files to reimport...^[[39m^[[0m
Godot gates (analyzer)	Import the project	2026-10-04T01:43:31.3694405Z [  14% ] ^[[90m^[[1mreimport^[[22m | Preparing files to reimport...^[[39m^[[0m
Godot gates (analyzer)	Import the project	2026-10-04T01:43:31.3696219Z [  14% ] ^[[90m^[[1mreimport^[[22m | Preparing files to reimport...^[[39m^[[0m
Godot gates (analyzer)	Import the project	2026-10-04T01:43:31.3698345Z [  14% ] ^[[90m^[[1mreimport^[[22m | Preparing files to reimport...^[[39m^[[0m
Godot gates (analyzer)	Import the project	2026-10-04T01:43:31.3700198Z [  14% ] ^[[90m^[[1mreimport^[[22m | Preparing files to reimport...^[[39m^[[0m
Godot gates (analyzer)	Import the project	2026-10-04T01:43:31.3702110Z [  14% ] ^[[90m^[[1mreimport^[[22m | Preparing files to reimport...^[[39m^[[0m
Godot gates (analyzer)	Import the project	2026-10-04T01:43:31.3703903Z [  14% ] ^[[90m^[[1mreimport^[[22m | Preparing files to reimport...^[[39m^[[0m
Godot gates (analyzer)	Import the project	2026-10-04T01:43:31.3705929Z [  14% ] ^[[90m^[[1mreimport^[[22m | Preparing files to reimport...^[[39m^[[0m
Godot gates (analyzer)	Import the project	2026-10-04T01:43:31.3707520Z [  15% ] ^[[90m^[[1mreimport^[[22m | Preparing files to reimport...^[[39m^[[0m
Godot gates (analyzer)	Import the project	2026-10-04T01:43:31.3709620Z [  15% ] ^[[90m^[[1mreimport^[[22m | Preparing files to reimport...^[[39m^[[0m
Godot gates (analyzer)	Import the project	2026-10-04T01:43:31.3711419Z [  15% ] ^[[90m^[[1mreimport^[[22m | Preparing files to reimport...^[[39m^[[0m
Godot gates (analyzer)	Import the project	2026-10-04T01:43:31.3713392Z [  15% ] ^[[90m^[[1mreimport^[[22m | Preparing files to reimport...^[[39m^[[0m
Godot gates (analyzer)	Import the project	2026-10-04T01:43:31.3715350Z [  15% ] ^[[90m^[[1mreimport^[[22m | Preparing files to reimport...^[[39m^[[0m
Godot gates (analyzer)	Import the project	2026-10-04T01:43:31.3717095Z [  15% ] ^[[90m^[[1mreimport^[[22m | Preparing files to reimport...^[[39m^[[0m
Godot gates (analyzer)	Import the project	2026-10-04T01:43:31.3719094Z [  15% ] ^[[90m^[[1mreimport^[[22m | Preparing files to reimport...^[[39m^[[0m
Godot gates (analyzer)	Import the project	2026-10-04T01:43:31.3720873Z [  15% ] ^[[90m^[[1mreimport^[[22m | Preparing files to reimport...^[[39m^[[0m
Godot gates (analyzer)	Import the project	2026-10-04T01:43:31.3722754Z [  16% ] ^[[90m^[[1mreimport^[[22m | Preparing files to reimport...^[[39m^[[0m
Godot gates (analyzer)	Import the project	2026-10-04T01:43:31.3724451Z [  16% ] ^[[90m^[[1mreimport^[[22m | Preparing files to reimport...^[[39m^[[0m
Godot gates (analyzer)	Import the project	2026-10-04T01:43:31.3726536Z [  16% ] ^[[90m^[[1mreimport^[[22m | Preparing files to reimport...^[[39m^[[0m
Godot gates (analyzer)	Import the project	2026-10-04T01:43:31.3728635Z [  16% ] ^[[90m^[[1mreimport^[[22m | Preparing files to reimport...^[[39m^[[0m
Godot gates (analyzer)	Import the project	2026-10-04T01:43:31.3730478Z [  16% ] ^[[90m^[[1mreimport^[[22m | Preparing files to reimport...^[[39m^[[0m
Godot gates (analyzer)	Import the project	2026-10-04T01:43:31.3732355Z [  16% ] ^[[90m^[[1mreimport^[[22m | Preparing files to reimport...^[[39m^[[0m
Godot gates (analyzer)	Import the project	2026-10-04T01:43:31.3734145Z [  16% ] ^[[90m^[[1mreimport^[[22m | Preparing files to reimport...^[[39m^[[0m
Godot gates (analyzer)	Import the project	2026-10-04T01:43:31.3736166Z [  16% ] ^[[90m^[[1mreimport^[[22m | Preparing files to reimport...^[[39m^[[0m
Godot gates (analyzer)	Import the project	2026-10-04T01:43:31.3737959Z [  17% ] ^[[90m^[[1mreimport^[[22m | Preparing files to reimport...^[[39m^[[0m
Godot gates (analyzer)	Import the project	2026-10-04T01:43:31.3739899Z [  17% ] ^[[90m^[[1mreimport^[[22m | Preparing files to reimport...^[[39m^[[0m
Godot gates (analyzer)	Import the project	2026-10-04T01:43:31.3741722Z [  17% ] ^[[90m^[[1mreimport^[[22m | Preparing files to reimport...^[[39m^[[0m
Godot gates (analyzer)	Import the project	2026-10-04T01:43:31.3743630Z [  17% ] ^[[90m^[[1mreimport^[[22m | Preparing files to reimport...^[[39m^[[0m
Godot gates (analyzer)	Import the project	2026-10-04T01:43:31.3746066Z [  17% ] ^[[90m^[[1mreimport^[[22m | Preparing files to reimport...^[[39m^[[0m
Godot gates (analyzer)	Import the project	2026-10-04T01:43:31.3747396Z [  17% ] ^[[90m^[[1mreimport^[[22m | Preparing files to reimport...^[[39m^[[0m
Godot gates (analyzer)	Import the project	2026-10-04T01:43:31.3749439Z [  17% ] ^[[90m^[[1mreimport^[[22m | Preparing files to reimport...^[[39m^[[0m
Godot gates (analyzer)	Import the project	2026-10-04T01:43:31.3751245Z [  17% ] ^[[90m^[[1mreimport^[[22m | Preparing files to reimport...^[[39m^[[0m
Godot gates (analyzer)	Import the project	2026-10-04T01:43:31.3753079Z [  18% ] ^[[90m^[[1mreimport^[[22m | Preparing files to reimport...^[[39m^[[0m
Godot gates (analyzer)	Import the project	2026-10-04T01:43:31.3755000Z [  18% ] ^[[90m^[[1mreimport^[[22m | Preparing files to reimport...^[[39m^[[0m
Godot gates (analyzer)	Import the project	2026-10-04T01:43:31.3756803Z [  18% ] ^[[90m^[[1mreimport^[[22m | Preparing files to reimport...^[[39m^[[0m
Godot gates (analyzer)	Import the project	2026-10-04T01:43:31.3758909Z [  18% ] ^[[90m^[[1mreimport^[[22m | Preparing files to reimport...^[[39m^[[0m
Godot gates (analyzer)	Import the project	2026-10-04T01:43:31.3760730Z [  18% ] ^[[90m^[[1mreimport^[[22m | Preparing files to reimport...^[[39m^[[0m
Godot gates (analyzer)	Import the project	2026-10-04T01:43:31.3762530Z [  18% ] ^[[90m^[[1mreimport^[[22m | Preparing files to reimport...^[[39m^[[0m
Godot gates (analyzer)	Import the project	2026-10-04T01:43:31.3764305Z [  18% ] ^[[90m^[[1mreimport^[[22m | Preparing files to reimport...^[[39m^[[0m
Godot gates (analyzer)	Import the project	2026-10-04T01:43:31.3766058Z [  18% ] ^[[90m^[[1mreimport^[[22m | Preparing files to reimport...^[[39m^[[0m
Godot gates (analyzer)	Import the project	2026-10-04T01:43:31.3768082Z [  19% ] ^[[90m^[[1mreimport^[[22m | Preparing files to reimport...^[[39m^[[0m
Godot gates (analyzer)	Import the project	2026-10-04T01:43:31.3769862Z [  19% ] ^[[90m^[[1mreimport^[[22m | Preparing files to reimport...^[[39m^[[0m
Godot gates (analyzer)	Import the project	2026-10-04T01:43:31.3771689Z [  19% ] ^[[90m^[[1mreimport^[[22m | Preparing files to reimport...^[[39m^[[0m
Godot gates (analyzer)	Import the project	2026-10-04T01:43:31.3773529Z [  19% ] ^[[90m^[[1mreimport^[[22m | Preparing files to reimport...^[[39m^[[0m
Godot gates (analyzer)	Import the project	2026-10-04T01:43:31.3775353Z [  19% ] ^[[90m^[[1mreimport^[[22m | Preparing files to reimport...^[[39m^[[0m
Godot gates (analyzer)	Import the project	2026-10-04T01:43:31.3777410Z [  19% ] ^[[90m^[[1mreimport^[[22m | Preparing files to reimport...^[[39m^[[0m
Godot gates (analyzer)	Import the project	2026-10-04T01:43:31.3779217Z [  19% ] ^[[90m^[[1mreimport^[[22m | Preparing files to reimport...^[[39m^[[0m
Godot gates (analyzer)	Import the project	2026-10-04T01:43:31.3781005Z [  19% ] ^[[90m^[[1mreimport^[[22m | Preparing files to reimport...^[[39m^[[0m
Godot gates (analyzer)	Import the project	2026-10-04T01:43:31.3782845Z [  20% ] ^[[90m^[[1mreimport^[[22m | Preparing files to reimport...^[[39m^[[0m
Godot gates (analyzer)	Import the project	2026-10-04T01:43:31.3784679Z [  20% ] ^[[90m^[[1mreimport^[[22m | Preparing files to reimport...^[[39m^[[0m
Godot gates (analyzer)	Import the project	2026-10-04T01:43:31.3786638Z [  20% ] ^[[90m^[[1mreimport^[[22m | Preparing files to reimport...^[[39m^[[0m
Godot gates (analyzer)	Import the project	2026-10-04T01:43:31.3788647Z [  20% ] ^[[90m^[[1mreimport^[[22m | Preparing files to reimport...^[[39m^[[0m
Godot gates (analyzer)	Import the project	2026-10-04T01:43:31.3790534Z [  20% ] ^[[90m^[[1mreimport^[[22m | Preparing files to reimport...^[[39m^[[0m
Godot gates (analyzer)	Import the project	2026-10-04T01:43:31.3792362Z [  20% ] ^[[90m^[[1mreimport^[[22m | Preparing files to reimport...^[[39m^[[0m
Godot gates (analyzer)	Import the project	2026-10-04T01:43:31.3794246Z [  20% ] ^[[90m^[[1mreimport^[[22m | Preparing files to reimport...^[[39m^[[0m
Godot gates (analyzer)	Import the project	2026-10-04T01:43:31.3796111Z [  20% ] ^[[90m^[[1mreimport^[[22m | Preparing files to reimport...^[[39m^[[0m
Godot gates (analyzer)	Import the project	2026-10-04T01:43:31.3797972Z [  21% ] ^[[90m^[[1mreimport^[[22m | Preparing files to reimport...^[[39m^[[0m
Godot gates (analyzer)	Import the project	2026-10-04T01:43:31.3800010Z [  21% ] ^[[90m^[[1mreimport^[[22m | Preparing files to reimport...^[[39m^[[0m
Godot gates (analyzer)	Import the project	2026-10-04T01:43:31.3801647Z [  21% ] ^[[90m^[[1mreimport^[[22m | Preparing files to reimport...^[[39m^[[0m
Godot gates (analyzer)	Import the project	2026-10-04T01:43:31.3803728Z [  21% ] ^[[90m^[[1mreimport^[[22m | Preparing files to reimport...^[[39m^[[0m
Godot gates (analyzer)	Import the project	2026-10-04T01:43:31.3805633Z [  21% ] ^[[90m^[[1mreimport^[[22m | Preparing files to reimport...^[[39m^[[0m
Godot gates (analyzer)	Import the project	2026-10-04T01:43:31.3807527Z [  21% ] ^[[90m^[[1mreimport^[[22m | Preparing files to reimport...^[[39m^[[0m
Godot gates (analyzer)	Import the project	2026-10-04T01:43:31.3809860Z [  21% ] ^[[90m^[[1mreimport^[[22m | Preparing files to reimport...^[[39m^[[0m
Godot gates (analyzer)	Import the project	2026-10-04T01:43:31.3811252Z [  21% ] ^[[90m^[[1mreimport^[[22m | Preparing files to reimport...^[[39m^[[0m
Godot gates (analyzer)	Import the project	2026-10-04T01:43:31.3813275Z [  22% ] ^[[90m^[[1mreimport^[[22m | Preparing files to reimport...^[[39m^[[0m
Godot gates (analyzer)	Import the project	2026-10-04T01:43:31.3815049Z [  22% ] ^[[90m^[[1mreimport^[[22m | Preparing files to reimport...^[[39m^[[0m
Godot gates (analyzer)	Import the project	2026-10-04T01:43:31.3816433Z [  22% ] ^[[90m^[[1mreimport^[[22m | Preparing files to reimport...^[[39m^[[0m
Godot gates (analyzer)	Import the project	2026-10-04T01:43:31.3817807Z [  22% ] ^[[90m^[[1mreimport^[[22m | Preparing files to reimport...^[[39m^[[0m
Godot gates (analyzer)	Import the project	2026-10-04T01:43:31.3818969Z [  22% ] ^[[90m^[[1mreimport^[[22m | Preparing files to reimport...^[[39m^[[0m
Godot gates (analyzer)	Import the project	2026-10-04T01:43:31.3820125Z [  22% ] ^[[90m^[[1mreimport^[[22m | Preparing files to reimport...^[[39m^[[0m
Godot gates (analyzer)	Import the project	2026-10-04T01:43:31.3821247Z [  22% ] ^[[90m^[[1mreimport^[[22m | Preparing files to reimport...^[[39m^[[0m
Godot gates (analyzer)	Import the project	2026-10-04T01:43:31.3822384Z [  22% ] ^[[90m^[[1mreimport^[[22m | Preparing files to reimport...^[[39m^[[0m
Godot gates (analyzer)	Import the project	2026-10-04T01:43:31.3823504Z [  23% ] ^[[90m^[[1mreimport^[[22m | Preparing files to reimport...^[[39m^[[0m
Godot gates (analyzer)	Import the project	2026-10-04T01:43:31.3824635Z [  23% ] ^[[90m^[[1mreimport^[[22m | Preparing files to reimport...^[[39m^[[0m
Godot gates (analyzer)	Import the project	2026-10-04T01:43:31.3825749Z [  23% ] ^[[90m^[[1mreimport^[[22m | Preparing files to reimport...^[[39m^[[0m
Godot gates (analyzer)	Import the project	2026-10-04T01:43:31.3826862Z [  23% ] ^[[90m^[[1mreimport^[[22m | Preparing files to reimport...^[[39m^[[0m
Godot gates (analyzer)	Import the project	2026-10-04T01:43:31.3828167Z [  23% ] ^[[90m^[[1mreimport^[[22m | Preparing files to reimport...^[[39m^[[0m
Godot gates (analyzer)	Import the project	2026-10-04T01:43:31.3829249Z [  23% ] ^[[90m^[[1mreimport^[[22m | Preparing files to reimport...^[[39m^[[0m
Godot gates (analyzer)	Import the project	2026-10-04T01:43:31.3830377Z [  23% ] ^[[90m^[[1mreimport^[[22m | Preparing files to reimport...^[[39m^[[0m
Godot gates (analyzer)	Import the project	2026-10-04T01:43:31.3831502Z [  23% ] ^[[90m^[[1mreimport^[[22m | Preparing files to reimport...^[[39m^[[0m
Godot gates (analyzer)	Import the project	2026-10-04T01:43:31.3832617Z [  24% ] ^[[90m^[[1mreimport^[[22m | Preparing files to reimport...^[[39m^[[0m
Godot gates (analyzer)	Import the project	2026-10-04T01:43:31.3833689Z [  24% ] ^[[90m^[[1mreimport^[[22m | Preparing files to reimport...^[[39m^[[0m
Godot gates (analyzer)	Import the project	2026-10-04T01:43:31.3834809Z [  24% ] ^[[90m^[[1mreimport^[[22m | Preparing files to reimport...^[[39m^[[0m
Godot gates (analyzer)	Import the project	2026-10-04T01:43:31.3835906Z [  24% ] ^[[90m^[[1mreimport^[[22m | Preparing files to reimport...^[[39m^[[0m
Godot gates (analyzer)	Import the project	2026-10-04T01:43:31.3837155Z [  24% ] ^[[90m^[[1mreimport^[[22m | Preparing files to reimport...^[[39m^[[0m
Godot gates (analyzer)	Import the project	2026-10-04T01:43:31.3838347Z [  24% ] ^[[90m^[[1mreimport^[[22m | Preparing files to reimport...^[[39m^[[0m
Godot gates (analyzer)	Import the project	2026-10-04T01:43:31.3839463Z [  24% ] ^[[90m^[[1mreimport^[[22m | Preparing files to reimport...^[[39m^[[0m
Godot gates (analyzer)	Import the project	2026-10-04T01:43:31.3840556Z [  24% ] ^[[90m^[[1mreimport^[[22m | Preparing files to reimport...^[[39m^[[0m
Godot gates (analyzer)	Import the project	2026-10-04T01:43:31.3841665Z [  25% ] ^[[90m^[[1mreimport^[[22m | Preparing files to reimport...^[[39m^[[0m
Godot gates (analyzer)	Import the project	2026-10-04T01:43:31.3842803Z [  25% ] ^[[90m^[[1mreimport^[[22m | Preparing files to reimport...^[[39m^[[0m
Godot gates (analyzer)	Import the project	2026-10-04T01:43:31.3843878Z [  25% ] ^[[90m^[[1mreimport^[[22m | Preparing files to reimport...^[[39m^[[0m
Godot gates (analyzer)	Import the project	2026-10-04T01:43:31.3844961Z [  25% ] ^[[90m^[[1mreimport^[[22m | Preparing files to reimport...^[[39m^[[0m
Godot gates (analyzer)	Import the project	2026-10-04T01:43:31.3846082Z [  25% ] ^[[90m^[[1mreimport^[[22m | Preparing files to reimport...^[[39m^[[0m
Godot gates (analyzer)	Import the project	2026-10-04T01:43:31.3847327Z [  25% ] ^[[90m^[[1mreimport^[[22m | Preparing files to reimport...^[[39m^[[0m
Godot gates (analyzer)	Import the project	2026-10-04T01:43:31.3848456Z [  25% ] ^[[90m^[[1mreimport^[[22m | Preparing files to reimport...^[[39m^[[0m
Godot gates (analyzer)	Import the project	2026-10-04T01:43:31.3849594Z [  25% ] ^[[90m^[[1mreimport^[[22m | Preparing files to reimport...^[[39m^[[0m
Godot gates (analyzer)	Import the project	2026-10-04T01:43:31.3850737Z [  26% ] ^[[90m^[[1mreimport^[[22m | Preparing files to reimport...^[[39m^[[0m
Godot gates (analyzer)	Import the project	2026-10-04T01:43:31.3851840Z [  26% ] ^[[90m^[[1mreimport^[[22m | Preparing files to reimport...^[[39m^[[0m
Godot gates (analyzer)	Import the project	2026-10-04T01:43:31.3853168Z [  26% ] ^[[90m^[[1mreimport^[[22m | Preparing files to reimport...^[[39m^[[0m
Godot gates (analyzer)	Import the project	2026-10-04T01:43:31.3854305Z [  26% ] ^[[90m^[[1mreimport^[[22m | Preparing files to reimport...^[[39m^[[0m
Godot gates (analyzer)	Import the project	2026-10-04T01:43:31.3855419Z [  26% ] ^[[90m^[[1mreimport^[[22m | Preparing files to reimport...^[[39m^[[0m
Godot gates (analyzer)	Import the project	2026-10-04T01:43:31.3856555Z [  26% ] ^[[90m^[[1mreimport^[[22m | Preparing files to reimport...^[[39m^[[0m
Godot gates (analyzer)	Import the project	2026-10-04T01:43:31.3857916Z [  26% ] ^[[90m^[[1mreimport^[[22m | Preparing files to reimport...^[[39m^[[0m
Godot gates (analyzer)	Import the project	2026-10-04T01:43:31.3859022Z [  26% ] ^[[90m^[[1mreimport^[[22m | Preparing files to reimport...^[[39m^[[0m
Godot gates (analyzer)	Import the project	2026-10-04T01:43:31.3860154Z [  27% ] ^[[90m^[[1mreimport^[[22m | Preparing files to reimport...^[[39m^[[0m
Godot gates (analyzer)	Import the project	2026-10-04T01:43:31.3861295Z [  27% ] ^[[90m^[[1mreimport^[[22m | Preparing files to reimport...^[[39m^[[0m
Godot gates (analyzer)	Import the project	2026-10-04T01:43:31.3862424Z [  27% ] ^[[90m^[[1mreimport^[[22m | Preparing files to reimport...^[[39m^[[0m
Godot gates (analyzer)	Import the project	2026-10-04T01:43:31.3863545Z [  27% ] ^[[90m^[[1mreimport^[[22m | Preparing files to reimport...^[[39m^[[0m
Godot gates (analyzer)	Import the project	2026-10-04T01:43:31.3864673Z [  27% ] ^[[90m^[[1mreimport^[[22m | Preparing files to reimport...^[[39m^[[0m
Godot gates (analyzer)	Import the project	2026-10-04T01:43:31.3865778Z [  27% ] ^[[90m^[[1mreimport^[[22m | Preparing files to reimport...^[[39m^[[0m
Godot gates (analyzer)	Import the project	2026-10-04T01:43:31.3866881Z [  27% ] ^[[90m^[[1mreimport^[[22m | Preparing files to reimport...^[[39m^[[0m
Godot gates (analyzer)	Import the project	2026-10-04T01:43:31.3868161Z [  27% ] ^[[90m^[[1mreimport^[[22m | Preparing files to reimport...^[[39m^[[0m
Godot gates (analyzer)	Import the project	2026-10-04T01:43:31.3869249Z [  28% ] ^[[90m^[[1mreimport^[[22m | Preparing files to reimport...^[[39m^[[0m
Godot gates (analyzer)	Import the project	2026-10-04T01:43:31.3870375Z [  28% ] ^[[90m^[[1mreimport^[[22m | Preparing files to reimport...^[[39m^[[0m
Godot gates (analyzer)	Import the project	2026-10-04T01:43:31.3871525Z [  28% ] ^[[90m^[[1mreimport^[[22m | Preparing files to reimport...^[[39m^[[0m
Godot gates (analyzer)	Import the project	2026-10-04T01:43:31.3872632Z [  28% ] ^[[90m^[[1mreimport^[[22m | Preparing files to reimport...^[[39m^[[0m
Godot gates (analyzer)	Import the project	2026-10-04T01:43:31.3873724Z [  28% ] ^[[90m^[[1mreimport^[[22m | Preparing files to reimport...^[[39m^[[0m
Godot gates (analyzer)	Import the project	2026-10-04T01:43:31.3874856Z [  28% ] ^[[90m^[[1mreimport^[[22m | Preparing files to reimport...^[[39m^[[0m
Godot gates (analyzer)	Import the project	2026-10-04T01:43:31.3875945Z [  28% ] ^[[90m^[[1mreimport^[[22m | Preparing files to reimport...^[[39m^[[0m
Godot gates (analyzer)	Import the project	2026-10-04T01:43:31.3877186Z [  28% ] ^[[90m^[[1mreimport^[[22m | Preparing files to reimport...^[[39m^[[0m
Godot gates (analyzer)	Import the project	2026-10-04T01:43:31.3879556Z [  29% ] ^[[90m^[[1mreimport^[[22m | Preparing files to reimport...^[[39m^[[0m
Godot gates (analyzer)	Import the project	2026-10-04T01:43:31.3881382Z [  29% ] ^[[90m^[[1mreimport^[[22m | Preparing files to reimport...^[[39m^[[0m
Godot gates (analyzer)	Import the project	2026-10-04T01:43:31.3882521Z [  29% ] ^[[90m^[[1mreimport^[[22m | Preparing files to reimport...^[[39m^[[0m
Godot gates (analyzer)	Import the project	2026-10-04T01:43:31.3883743Z [  29% ] ^[[90m^[[1mreimport^[[22m | Preparing files to reimport...^[[39m^[[0m
Godot gates (analyzer)	Import the project	2026-10-04T01:43:31.3884855Z [  29% ] ^[[90m^[[1mreimport^[[22m | Preparing files to reimport...^[[39m^[[0m
Godot gates (analyzer)	Import the project	2026-10-04T01:43:31.3886010Z [  29% ] ^[[90m^[[1mreimport^[[22m | Preparing files to reimport...^[[39m^[[0m
Godot gates (analyzer)	Import the project	2026-10-04T01:43:31.3887302Z [  29% ] ^[[90m^[[1mreimport^[[22m | Preparing files to reimport...^[[39m^[[0m
Godot gates (analyzer)	Import the project	2026-10-04T01:43:31.3888501Z [  29% ] ^[[90m^[[1mreimport^[[22m | Preparing files to reimport...^[[39m^[[0m
Godot gates (analyzer)	Import the project	2026-10-04T01:43:31.3889673Z [  30% ] ^[[90m^[[1mreimport^[[22m | Preparing files to reimport...^[[39m^[[0m
Godot gates (analyzer)	Import the project	2026-10-04T01:43:31.3890800Z [  30% ] ^[[90m^[[1mreimport^[[22m | Preparing files to reimport...^[[39m^[[0m
Godot gates (analyzer)	Import the project	2026-10-04T01:43:31.3891924Z [  30% ] ^[[90m^[[1mreimport^[[22m | Preparing files to reimport...^[[39m^[[0m
Godot gates (analyzer)	Import the project	2026-10-04T01:43:31.3893059Z [  30% ] ^[[90m^[[1mreimport^[[22m | Preparing files to reimport...^[[39m^[[0m
Godot gates (analyzer)	Import the project	2026-10-04T01:43:31.3894202Z [  30% ] ^[[90m^[[1mreimport^[[22m | Preparing files to reimport...^[[39m^[[0m
Godot gates (analyzer)	Import the project	2026-10-04T01:43:31.3895333Z [  30% ] ^[[90m^[[1mreimport^[[22m | Preparing files to reimport...^[[39m^[[0m
Godot gates (analyzer)	Import the project	2026-10-04T01:43:31.3896464Z [  30% ] ^[[90m^[[1mreimport^[[22m | Preparing files to reimport...^[[39m^[[0m
Godot gates (analyzer)	Import the project	2026-10-04T01:43:31.3897782Z [  30% ] ^[[90m^[[1mreimport^[[22m | Preparing files to reimport...^[[39m^[[0m
Godot gates (analyzer)	Import the project	2026-10-04T01:43:31.3898937Z [  31% ] ^[[90m^[[1mreimport^[[22m | Preparing files to reimport...^[[39m^[[0m
Godot gates (analyzer)	Import the project	2026-10-04T01:43:31.3900168Z [  31% ] ^[[90m^[[1mreimport^[[22m | Preparing files to reimport...^[[39m^[[0m
Godot gates (analyzer)	Import the project	2026-10-04T01:43:31.3901299Z [  31% ] ^[[90m^[[1mreimport^[[22m | Preparing files to reimport...^[[39m^[[0m
Godot gates (analyzer)	Import the project	2026-10-04T01:43:31.3902411Z [  31% ] ^[[90m^[[1mreimport^[[22m | Preparing files to reimport...^[[39m^[[0m
Godot gates (analyzer)	Import the project	2026-10-04T01:43:31.3903549Z [  31% ] ^[[90m^[[1mreimport^[[22m | Preparing files to reimport...^[[39m^[[0m
Godot gates (analyzer)	Import the project	2026-10-04T01:43:31.3904698Z [  31% ] ^[[90m^[[1mreimport^[[22m | Preparing files to reimport...^[[39m^[[0m
Godot gates (analyzer)	Import the project	2026-10-04T01:43:31.3905820Z [  31% ] ^[[90m^[[1mreimport^[[22m | Preparing files to reimport...^[[39m^[[0m
Godot gates (analyzer)	Import the project	2026-10-04T01:43:31.3907121Z [  31% ] ^[[90m^[[1mreimport^[[22m | Preparing files to reimport...^[[39m^[[0m
Godot gates (analyzer)	Import the project	2026-10-04T01:43:31.3908276Z [  32% ] ^[[90m^[[1mreimport^[[22m | Preparing files to reimport...^[[39m^[[0m
Godot gates (analyzer)	Import the project	2026-10-04T01:43:31.3909407Z [  32% ] ^[[90m^[[1mreimport^[[22m | Preparing files to reimport...^[[39m^[[0m
Godot gates (analyzer)	Import the project	2026-10-04T01:43:31.3910594Z [  32% ] ^[[90m^[[1mreimport^[[22m | Preparing files to reimport...^[[39m^[[0m
Godot gates (analyzer)	Import the project	2026-10-04T01:43:31.3911755Z [  32% ] ^[[90m^[[1mreimport^[[22m | Preparing files to reimport...^[[39m^[[0m
Godot gates (analyzer)	Import the project	2026-10-04T01:43:31.3912882Z [  32% ] ^[[90m^[[1mreimport^[[22m | Preparing files to reimport...^[[39m^[[0m
Godot gates (analyzer)	Import the project	2026-10-04T01:43:31.3914018Z [  32% ] ^[[90m^[[1mreimport^[[22m | Preparing files to reimport...^[[39m^[[0m
Godot gates (analyzer)	Import the project	2026-10-04T01:43:31.3915163Z [  32% ] ^[[90m^[[1mreimport^[[22m | Preparing files to reimport...^[[39m^[[0m
Godot gates (analyzer)	Import the project	2026-10-04T01:43:31.3916296Z [  32% ] ^[[90m^[[1mreimport^[[22m | Preparing files to reimport...^[[39m^[[0m
Godot gates (analyzer)	Import the project	2026-10-04T01:43:31.3917492Z [  33% ] ^[[90m^[[1mreimport^[[22m | Preparing files to reimport...^[[39m^[[0m
Godot gates (analyzer)	Import the project	2026-10-04T01:43:31.3918757Z [  33% ] ^[[90m^[[1mreimport^[[22m | Preparing files to reimport...^[[39m^[[0m
Godot gates (analyzer)	Import the project	2026-10-04T01:43:31.3919902Z [  33% ] ^[[90m^[[1mreimport^[[22m | Preparing files to reimport...^[[39m^[[0m
Godot gates (analyzer)	Import the project	2026-10-04T01:43:31.3921030Z [  33% ] ^[[90m^[[1mreimport^[[22m | Preparing files to reimport...^[[39m^[[0m
Godot gates (analyzer)	Import the project	2026-10-04T01:43:31.3922204Z [  33% ] ^[[90m^[[1mreimport^[[22m | Preparing files to reimport...^[[39m^[[0m
Godot gates (analyzer)	Import the project	2026-10-04T01:43:31.3923350Z [  33% ] ^[[90m^[[1mreimport^[[22m | Preparing files to reimport...^[[39m^[[0m
Godot gates (analyzer)	Import the project	2026-10-04T01:43:31.3924468Z [  33% ] ^[[90m^[[1mreimport^[[22m | Preparing files to reimport...^[[39m^[[0m
Godot gates (analyzer)	Import the project	2026-10-04T01:43:31.3925598Z [  33% ] ^[[90m^[[1mreimport^[[22m | Preparing files to reimport...^[[39m^[[0m
Godot gates (analyzer)	Import the project	2026-10-04T01:43:31.3926722Z [  34% ] ^[[90m^[[1mreimport^[[22m | Preparing files to reimport...^[[39m^[[0m
Godot gates (analyzer)	Import the project	2026-10-04T01:43:31.3928012Z [  34% ] ^[[90m^[[1mreimport^[[22m | Preparing files to reimport...^[[39m^[[0m
Godot gates (analyzer)	Import the project	2026-10-04T01:43:31.3929164Z [  34% ] ^[[90m^[[1mreimport^[[22m | Preparing files to reimport...^[[39m^[[0m
Godot gates (analyzer)	Import the project	2026-10-04T01:43:31.3930325Z [  34% ] ^[[90m^[[1mreimport^[[22m | Preparing files to reimport...^[[39m^[[0m
Godot gates (analyzer)	Import the project	2026-10-04T01:43:31.3931432Z [  34% ] ^[[90m^[[1mreimport^[[22m | Preparing files to reimport...^[[39m^[[0m
Godot gates (analyzer)	Import the project	2026-10-04T01:43:31.3932565Z [  34% ] ^[[90m^[[1mreimport^[[22m | Preparing files to reimport...^[[39m^[[0m
Godot gates (analyzer)	Import the project	2026-10-04T01:43:31.3933712Z [  34% ] ^[[90m^[[1mreimport^[[22m | Preparing files to reimport...^[[39m^[[0m
Godot gates (analyzer)	Import the project	2026-10-04T01:43:31.3934814Z [  34% ] ^[[90m^[[1mreimport^[[22m | Preparing files to reimport...^[[39m^[[0m
Godot gates (analyzer)	Import the project	2026-10-04T01:43:31.3935947Z [  35% ] ^[[90m^[[1mreimport^[[22m | Preparing files to reimport...^[[39m^[[0m
Godot gates (analyzer)	Import the project	2026-10-04T01:43:31.3937243Z [  35% ] ^[[90m^[[1mreimport^[[22m | Preparing files to reimport...^[[39m^[[0m
Godot gates (analyzer)	Import the project	2026-10-04T01:43:31.3938412Z [  35% ] ^[[90m^[[1mreimport^[[22m | Preparing files to reimport...^[[39m^[[0m
Godot gates (analyzer)	Import the project	2026-10-04T01:43:31.3939525Z [  35% ] ^[[90m^[[1mreimport^[[22m | Preparing files to reimport...^[[39m^[[0m
Godot gates (analyzer)	Import the project	2026-10-04T01:43:31.3940665Z [  35% ] ^[[90m^[[1mreimport^[[22m | Preparing files to reimport...^[[39m^[[0m
Godot gates (analyzer)	Import the project	2026-10-04T01:43:31.3941802Z [  35% ] ^[[90m^[[1mreimport^[[22m | Preparing files to reimport...^[[39m^[[0m
Godot gates (analyzer)	Import the project	2026-10-04T01:43:31.3942923Z [  35% ] ^[[90m^[[1mreimport^[[22m | Preparing files to reimport...^[[39m^[[0m
Godot gates (analyzer)	Import the project	2026-10-04T01:43:31.3944051Z [  35% ] ^[[90m^[[1mreimport^[[22m | Preparing files to reimport...^[[39m^[[0m
Godot gates (analyzer)	Import the project	2026-10-04T01:43:31.3945186Z [  36% ] ^[[90m^[[1mreimport^[[22m | Preparing files to reimport...^[[39m^[[0m
Godot gates (analyzer)	Import the project	2026-10-04T01:43:31.3946332Z [  36% ] ^[[90m^[[1mreimport^[[22m | Preparing files to reimport...^[[39m^[[0m
Godot gates (analyzer)	Import the project	2026-10-04T01:43:31.3947694Z [  36% ] ^[[90m^[[1mreimport^[[22m | Preparing files to reimport...^[[39m^[[0m
Godot gates (analyzer)	Import the project	2026-10-04T01:43:31.3948821Z [  36% ] ^[[90m^[[1mreimport^[[22m | Preparing files to reimport...^[[39m^[[0m
Godot gates (analyzer)	Import the project	2026-10-04T01:43:31.3949974Z [  36% ] ^[[90m^[[1mreimport^[[22m | Preparing files to reimport...^[[39m^[[0m
Godot gates (analyzer)	Import the project	2026-10-04T01:43:31.3951109Z [  36% ] ^[[90m^[[1mreimport^[[22m | Preparing files to reimport...^[[39m^[[0m
Godot gates (analyzer)	Import the project	2026-10-04T01:43:31.3952227Z [  36% ] ^[[90m^[[1mreimport^[[22m | Preparing files to reimport...^[[39m^[[0m
Godot gates (analyzer)	Import the project	2026-10-04T01:43:31.3953388Z [  36% ] ^[[90m^[[1mreimport^[[22m | Preparing files to reimport...^[[39m^[[0m
Godot gates (analyzer)	Import the project	2026-10-04T01:43:31.3954508Z [  37% ] ^[[90m^[[1mreimport^[[22m | Preparing files to reimport...^[[39m^[[0m
Godot gates (analyzer)	Import the project	2026-10-04T01:43:31.3955628Z [  37% ] ^[[90m^[[1mreimport^[[22m | Preparing files to reimport...^[[39m^[[0m
Godot gates (analyzer)	Import the project	2026-10-04T01:43:31.3956747Z [  37% ] ^[[90m^[[1mreimport^[[22m | Preparing files to reimport...^[[39m^[[0m
Godot gates (analyzer)	Import the project	2026-10-04T01:43:31.3958109Z [  37% ] ^[[90m^[[1mreimport^[[22m | Preparing files to reimport...^[[39m^[[0m
Godot gates (analyzer)	Import the project	2026-10-04T01:43:31.3959267Z [  37% ] ^[[90m^[[1mreimport^[[22m | Preparing files to reimport...^[[39m^[[0m
Godot gates (analyzer)	Import the project	2026-10-04T01:43:31.3960428Z [  37% ] ^[[90m^[[1mreimport^[[22m | Preparing files to reimport...^[[39m^[[0m
Godot gates (analyzer)	Import the project	2026-10-04T01:43:31.3961570Z [  37% ] ^[[90m^[[1mreimport^[[22m | Preparing files to reimport...^[[39m^[[0m
Godot gates (analyzer)	Import the project	2026-10-04T01:43:31.3962719Z [  37% ] ^[[90m^[[1mreimport^[[22m | Preparing files to reimport...^[[39m^[[0m
Godot gates (analyzer)	Import the project	2026-10-04T01:43:31.3963826Z [  38% ] ^[[90m^[[1mreimport^[[22m | Preparing files to reimport...^[[39m^[[0m
Godot gates (analyzer)	Import the project	2026-10-04T01:43:31.3964972Z [  38% ] ^[[90m^[[1mreimport^[[22m | Preparing files to reimport...^[[39m^[[0m
Godot gates (analyzer)	Import the project	2026-10-04T01:43:31.3966104Z [  38% ] ^[[90m^[[1mreimport^[[22m | Preparing files to reimport...^[[39m^[[0m
Godot gates (analyzer)	Import the project	2026-10-04T01:43:31.3967391Z [  38% ] ^[[90m^[[1mreimport^[[22m | Preparing files to reimport...^[[39m^[[0m
Godot gates (analyzer)	Import the project	2026-10-04T01:43:31.3968561Z [  38% ] ^[[90m^[[1mreimport^[[22m | Preparing files to reimport...^[[39m^[[0m
Godot gates (analyzer)	Import the project	2026-10-04T01:43:31.3969696Z [  38% ] ^[[90m^[[1mreimport^[[22m | Preparing files to reimport...^[[39m^[[0m
Godot gates (analyzer)	Import the project	2026-10-04T01:43:31.3970857Z [  38% ] ^[[90m^[[1mreimport^[[22m | Preparing files to reimport...^[[39m^[[0m
Godot gates (analyzer)	Import the project	2026-10-04T01:43:31.3971997Z [  38% ] ^[[90m^[[1mreimport^[[22m | Preparing files to reimport...^[[39m^[[0m
Godot gates (analyzer)	Import the project	2026-10-04T01:43:31.3973116Z [  39% ] ^[[90m^[[1mreimport^[[22m | Preparing files to reimport...^[[39m^[[0m
Godot gates (analyzer)	Import the project	2026-10-04T01:43:31.3974261Z [  39% ] ^[[90m^[[1mreimport^[[22m | Preparing files to reimport...^[[39m^[[0m
Godot gates (analyzer)	Import the project	2026-10-04T01:43:31.3975403Z [  39% ] ^[[90m^[[1mreimport^[[22m | Preparing files to reimport...^[[39m^[[0m
Godot gates (analyzer)	Import the project	2026-10-04T01:43:31.3977181Z [  39% ] ^[[90m^[[1mreimport^[[22m | Preparing files to reimport...^[[39m^[[0m
Godot gates (analyzer)	Import the project	2026-10-04T01:43:31.3978293Z [  39% ] ^[[90m^[[1mreimport^[[22m | Preparing files to reimport...^[[39m^[[0m
Godot gates (analyzer)	Import the project	2026-10-04T01:43:31.3979423Z [  39% ] ^[[90m^[[1mreimport^[[22m | Preparing files to reimport...^[[39m^[[0m
Godot gates (analyzer)	Import the project	2026-10-04T01:43:31.3980567Z [  39% ] ^[[90m^[[1mreimport^[[22m | Preparing files to reimport...^[[39m^[[0m
Godot gates (analyzer)	Import the project	2026-10-04T01:43:31.3981729Z [  39% ] ^[[90m^[[1mreimport^[[22m | Preparing files to reimport...^[[39m^[[0m
Godot gates (analyzer)	Import the project	2026-10-04T01:43:31.3982880Z [  40% ] ^[[90m^[[1mreimport^[[22m | Preparing files to reimport...^[[39m^[[0m
Godot gates (analyzer)	Import the project	2026-10-04T01:43:31.3984017Z [  40% ] ^[[90m^[[1mreimport^[[22m | Preparing files to reimport...^[[39m^[[0m
Godot gates (analyzer)	Import the project	2026-10-04T01:43:31.3985144Z [  40% ] ^[[90m^[[1mreimport^[[22m | Preparing files to reimport...^[[39m^[[0m
Godot gates (analyzer)	Import the project	2026-10-04T01:43:31.3986288Z [  40% ] ^[[90m^[[1mreimport^[[22m | Preparing files to reimport...^[[39m^[[0m
Godot gates (analyzer)	Import the project	2026-10-04T01:43:31.3987494Z [  40% ] ^[[90m^[[1mreimport^[[22m | Preparing files to reimport...^[[39m^[[0m
Godot gates (analyzer)	Import the project	2026-10-04T01:43:31.3988740Z [  40% ] ^[[90m^[[1mreimport^[[22m | Preparing files to reimport...^[[39m^[[0m
Godot gates (analyzer)	Import the project	2026-10-04T01:43:31.3989875Z [  40% ] ^[[90m^[[1mreimport^[[22m | Preparing files to reimport...^[[39m^[[0m
Godot gates (analyzer)	Import the project	2026-10-04T01:43:31.3991055Z [  40% ] ^[[90m^[[1mreimport^[[22m | Preparing files to reimport...^[[39m^[[0m
Godot gates (analyzer)	Import the project	2026-10-04T01:43:31.3992204Z [  41% ] ^[[90m^[[1mreimport^[[22m | Preparing files to reimport...^[[39m^[[0m
Godot gates (analyzer)	Import the project	2026-10-04T01:43:31.3993361Z [  41% ] ^[[90m^[[1mreimport^[[22m | Preparing files to reimport...^[[39m^[[0m
Godot gates (analyzer)	Import the project	2026-10-04T01:43:31.3994496Z [  41% ] ^[[90m^[[1mreimport^[[22m | Preparing files to reimport...^[[39m^[[0m
Godot gates (analyzer)	Import the project	2026-10-04T01:43:31.3995605Z [  41% ] ^[[90m^[[1mreimport^[[22m | Preparing files to reimport...^[[39m^[[0m
Godot gates (analyzer)	Import the project	2026-10-04T01:43:31.3996768Z [  41% ] ^[[90m^[[1mreimport^[[22m | Preparing files to reimport...^[[39m^[[0m
Godot gates (analyzer)	Import the project	2026-10-04T01:43:31.3998100Z [  41% ] ^[[90m^[[1mreimport^[[22m | Preparing files to reimport...^[[39m^[[0m
Godot gates (analyzer)	Import the project	2026-10-04T01:43:31.3999197Z [  41% ] ^[[90m^[[1mreimport^[[22m | Preparing files to reimport...^[[39m^[[0m
Godot gates (analyzer)	Import the project	2026-10-04T01:43:31.4000304Z [  41% ] ^[[90m^[[1mreimport^[[22m | Preparing files to reimport...^[[39m^[[0m
Godot gates (analyzer)	Import the project	2026-10-04T01:43:31.4001417Z [  42% ] ^[[90m^[[1mreimport^[[22m | Preparing files to reimport...^[[39m^[[0m
Godot gates (analyzer)	Import the project	2026-10-04T01:43:31.4002547Z [  42% ] ^[[90m^[[1mreimport^[[22m | Preparing files to reimport...^[[39m^[[0m
Godot gates (analyzer)	Import the project	2026-10-04T01:43:31.4003650Z [  42% ] ^[[90m^[[1mreimport^[[22m | Preparing files to reimport...^[[39m^[[0m
Godot gates (analyzer)	Import the project	2026-10-04T01:43:31.4004802Z [  42% ] ^[[90m^[[1mreimport^[[22m | Preparing files to reimport...^[[39m^[[0m
Godot gates (analyzer)	Import the project	2026-10-04T01:43:31.4005899Z [  42% ] ^[[90m^[[1mreimport^[[22m | Preparing files to reimport...^[[39m^[[0m
Godot gates (analyzer)	Import the project	2026-10-04T01:43:31.4007127Z [  42% ] ^[[90m^[[1mreimport^[[22m | Preparing files to reimport...^[[39m^[[0m
Godot gates (analyzer)	Import the project	2026-10-04T01:43:31.4008748Z [  42% ] ^[[90m^[[1mreimport^[[22m | Preparing files to reimport...^[[39m^[[0m
Godot gates (analyzer)	Import the project	2026-10-04T01:43:31.4009777Z [  42% ] ^[[90m^[[1mreimport^[[22m | Preparing files to reimport...^[[39m^[[0m
Godot gates (analyzer)	Import the project	2026-10-04T01:43:31.4010868Z [  43% ] ^[[90m^[[1mreimport^[[22m | Preparing files to reimport...^[[39m^[[0m
Godot gates (analyzer)	Import the project	2026-10-04T01:43:31.4012009Z [  43% ] ^[[90m^[[1mreimport^[[22m | Preparing files to reimport...^[[39m^[[0m
Godot gates (analyzer)	Import the project	2026-10-04T01:43:31.4013128Z [  43% ] ^[[90m^[[1mreimport^[[22m | Preparing files to reimport...^[[39m^[[0m
Godot gates (analyzer)	Import the project	2026-10-04T01:43:31.4014225Z [  43% ] ^[[90m^[[1mreimport^[[22m | Preparing files to reimport...^[[39m^[[0m
Godot gates (analyzer)	Import the project	2026-10-04T01:43:31.4015337Z [  43% ] ^[[90m^[[1mreimport^[[22m | Preparing files to reimport...^[[39m^[[0m
Godot gates (analyzer)	Import the project	2026-10-04T01:43:31.4016428Z [  43% ] ^[[90m^[[1mreimport^[[22m | Preparing files to reimport...^[[39m^[[0m
Godot gates (analyzer)	Import the project	2026-10-04T01:43:31.4017722Z [  43% ] ^[[90m^[[1mreimport^[[22m | Preparing files to reimport...^[[39m^[[0m
Godot gates (analyzer)	Import the project	2026-10-04T01:43:31.4018821Z [  43% ] ^[[90m^[[1mreimport^[[22m | Preparing files to reimport...^[[39m^[[0m
Godot gates (analyzer)	Import the project	2026-10-04T01:43:31.4019958Z [  44% ] ^[[90m^[[1mreimport^[[22m | Preparing files to reimport...^[[39m^[[0m
Godot gates (analyzer)	Import the project	2026-10-04T01:43:31.4021046Z [  44% ] ^[[90m^[[1mreimport^[[22m | Preparing files to reimport...^[[39m^[[0m
Godot gates (analyzer)	Import the project	2026-10-04T01:43:31.4022133Z [  44% ] ^[[90m^[[1mreimport^[[22m | Preparing files to reimport...^[[39m^[[0m
Godot gates (analyzer)	Import the project	2026-10-04T01:43:31.4023263Z [  44% ] ^[[90m^[[1mreimport^[[22m | Preparing files to reimport...^[[39m^[[0m
Godot gates (analyzer)	Import the project	2026-10-04T01:43:31.4024377Z [  44% ] ^[[90m^[[1mreimport^[[22m | Preparing files to reimport...^[[39m^[[0m
Godot gates (analyzer)	Import the project	2026-10-04T01:43:31.4025499Z [  44% ] ^[[90m^[[1mreimport^[[22m | Preparing files to reimport...^[[39m^[[0m
Godot gates (analyzer)	Import the project	2026-10-04T01:43:31.4026629Z [  44% ] ^[[90m^[[1mreimport^[[22m | Preparing files to reimport...^[[39m^[[0m
Godot gates (analyzer)	Import the project	2026-10-04T01:43:31.4027912Z [  44% ] ^[[90m^[[1mreimport^[[22m | Preparing files to reimport...^[[39m^[[0m
Godot gates (analyzer)	Import the project	2026-10-04T01:43:31.4029052Z [  45% ] ^[[90m^[[1mreimport^[[22m | Preparing files to reimport...^[[39m^[[0m
Godot gates (analyzer)	Import the project	2026-10-04T01:43:31.4030171Z [  45% ] ^[[90m^[[1mreimport^[[22m | Preparing files to reimport...^[[39m^[[0m
Godot gates (analyzer)	Import the project	2026-10-04T01:43:31.4031259Z [  45% ] ^[[90m^[[1mreimport^[[22m | Preparing files to reimport...^[[39m^[[0m
Godot gates (analyzer)	Import the project	2026-10-04T01:43:31.4032340Z [  45% ] ^[[90m^[[1mreimport^[[22m | Preparing files to reimport...^[[39m^[[0m
Godot gates (analyzer)	Import the project	2026-10-04T01:43:31.4033434Z [  45% ] ^[[90m^[[1mreimport^[[22m | Preparing files to reimport...^[[39m^[[0m
Godot gates (analyzer)	Import the project	2026-10-04T01:43:31.4034543Z [  45% ] ^[[90m^[[1mreimport^[[22m | Preparing files to reimport...^[[39m^[[0m
Godot gates (analyzer)	Import the project	2026-10-04T01:43:31.4035642Z [  45% ] ^[[90m^[[1mreimport^[[22m | Preparing files to reimport...^[[39m^[[0m
Godot gates (analyzer)	Import the project	2026-10-04T01:43:31.4036802Z [  45% ] ^[[90m^[[1mreimport^[[22m | Preparing files to reimport...^[[39m^[[0m
Godot gates (analyzer)	Import the project	2026-10-04T01:43:31.4038119Z [  46% ] ^[[90m^[[1mreimport^[[22m | Preparing files to reimport...^[[39m^[[0m
Godot gates (analyzer)	Import the project	2026-10-04T01:43:31.4039270Z [  46% ] ^[[90m^[[1mreimport^[[22m | Preparing files to reimport...^[[39m^[[0m
Godot gates (analyzer)	Import the project	2026-10-04T01:43:31.4040377Z [  46% ] ^[[90m^[[1mreimport^[[22m | Preparing files to reimport...^[[39m^[[0m
Godot gates (analyzer)	Import the project	2026-10-04T01:43:31.4041501Z [  46% ] ^[[90m^[[1mreimport^[[22m | Preparing files to reimport...^[[39m^[[0m
Godot gates (analyzer)	Import the project	2026-10-04T01:43:31.4042630Z [  46% ] ^[[90m^[[1mreimport^[[22m | Preparing files to reimport...^[[39m^[[0m
Godot gates (analyzer)	Import the project	2026-10-04T01:43:31.4043716Z [  46% ] ^[[90m^[[1mreimport^[[22m | Preparing files to reimport...^[[39m^[[0m
Godot gates (analyzer)	Import the project	2026-10-04T01:43:31.4044834Z [  46% ] ^[[90m^[[1mreimport^[[22m | Preparing files to reimport...^[[39m^[[0m
Godot gates (analyzer)	Import the project	2026-10-04T01:43:31.4045965Z [  46% ] ^[[90m^[[1mreimport^[[22m | Preparing files to reimport...^[[39m^[[0m
Godot gates (analyzer)	Import the project	2026-10-04T01:43:31.4047205Z [  47% ] ^[[90m^[[1mreimport^[[22m | Preparing files to reimport...^[[39m^[[0m
Godot gates (analyzer)	Import the project	2026-10-04T01:43:31.4048383Z [  47% ] ^[[90m^[[1mreimport^[[22m | Preparing files to reimport...^[[39m^[[0m
Godot gates (analyzer)	Import the project	2026-10-04T01:43:31.4049492Z [  47% ] ^[[90m^[[1mreimport^[[22m | Preparing files to reimport...^[[39m^[[0m
Godot gates (analyzer)	Import the project	2026-10-04T01:43:31.4050613Z [  47% ] ^[[90m^[[1mreimport^[[22m | Preparing files to reimport...^[[39m^[[0m
Godot gates (analyzer)	Import the project	2026-10-04T01:43:31.4051743Z [  47% ] ^[[90m^[[1mreimport^[[22m | Preparing files to reimport...^[[39m^[[0m
Godot gates (analyzer)	Import the project	2026-10-04T01:43:31.4052854Z [  47% ] ^[[90m^[[1mreimport^[[22m | Preparing files to reimport...^[[39m^[[0m
Godot gates (analyzer)	Import the project	2026-10-04T01:43:31.4053958Z [  47% ] ^[[90m^[[1mreimport^[[22m | Preparing files to reimport...^[[39m^[[0m
Godot gates (analyzer)	Import the project	2026-10-04T01:43:31.4055055Z [  47% ] ^[[90m^[[1mreimport^[[22m | Preparing files to reimport...^[[39m^[[0m
Godot gates (analyzer)	Import the project	2026-10-04T01:43:31.4056165Z [  48% ] ^[[90m^[[1mreimport^[[22m | Preparing files to reimport...^[[39m^[[0m
Godot gates (analyzer)	Import the project	2026-10-04T01:43:31.4057445Z [  48% ] ^[[90m^[[1mreimport^[[22m | Preparing files to reimport...^[[39m^[[0m
Godot gates (analyzer)	Import the project	2026-10-04T01:43:31.4058601Z [  48% ] ^[[90m^[[1mreimport^[[22m | Preparing files to reimport...^[[39m^[[0m
Godot gates (analyzer)	Import the project	2026-10-04T01:43:31.4059747Z [  48% ] ^[[90m^[[1mreimport^[[22m | Preparing files to reimport...^[[39m^[[0m
Godot gates (analyzer)	Import the project	2026-10-04T01:43:31.4060898Z [  48% ] ^[[90m^[[1mreimport^[[22m | Preparing files to reimport...^[[39m^[[0m
Godot gates (analyzer)	Import the project	2026-10-04T01:43:31.4062017Z [  48% ] ^[[90m^[[1mreimport^[[22m | Preparing files to reimport...^[[39m^[[0m
Godot gates (analyzer)	Import the project	2026-10-04T01:43:31.4063137Z [  48% ] ^[[90m^[[1mreimport^[[22m | Preparing files to reimport...^[[39m^[[0m
Godot gates (analyzer)	Import the project	2026-10-04T01:43:31.4064231Z [  48% ] ^[[90m^[[1mreimport^[[22m | Preparing files to reimport...^[[39m^[[0m
Godot gates (analyzer)	Import the project	2026-10-04T01:43:31.4065325Z [  49% ] ^[[90m^[[1mreimport^[[22m | Preparing files to reimport...^[[39m^[[0m
Godot gates (analyzer)	Import the project	2026-10-04T01:43:31.4066443Z [  49% ] ^[[90m^[[1mreimport^[[22m | Preparing files to reimport...^[[39m^[[0m
Godot gates (analyzer)	Import the project	2026-10-04T01:43:31.4067756Z [  49% ] ^[[90m^[[1mreimport^[[22m | Preparing files to reimport...^[[39m^[[0m
Godot gates (analyzer)	Import the project	2026-10-04T01:43:31.4068861Z [  49% ] ^[[90m^[[1mreimport^[[22m | Preparing files to reimport...^[[39m^[[0m
Godot gates (analyzer)	Import the project	2026-10-04T01:43:31.4069982Z [  49% ] ^[[90m^[[1mreimport^[[22m | Preparing files to reimport...^[[39m^[[0m
Godot gates (analyzer)	Import the project	2026-10-04T01:43:31.4071085Z [  49% ] ^[[90m^[[1mreimport^[[22m | Preparing files to reimport...^[[39m^[[0m
Godot gates (analyzer)	Import the project	2026-10-04T01:43:31.4072787Z [  49% ] ^[[90m^[[1mreimport^[[22m | Preparing files to reimport...^[[39m^[[0m
Godot gates (analyzer)	Import the project	2026-10-04T01:43:31.4077872Z [  49% ] ^[[90m^[[1mreimport^[[22m | Preparing files to reimport...^[[39m^[[0m
Godot gates (analyzer)	Import the project	2026-10-04T01:43:31.4097997Z [  50% ] ^[[90m^[[1mreimport^[[22m | Preparing files to reimport...^[[39m^[[0m
Godot gates (analyzer)	Import the project	2026-10-04T01:43:31.4107950Z [  50% ] ^[[90m^[[1mreimport^[[22m | Preparing files to reimport...^[[39m^[[0m
Godot gates (analyzer)	Import the project	2026-10-04T01:43:31.4108686Z [  50% ] ^[[90m^[[1mreimport^[[22m | Preparing files to reimport...^[[39m^[[0m
Godot gates (analyzer)	Import the project	2026-10-04T01:43:31.4109444Z [  50% ] ^[[90m^[[1mreimport^[[22m | Preparing files to reimport...^[[39m^[[0m
Godot gates (analyzer)	Import the project	2026-10-04T01:43:31.4110166Z [  50% ] ^[[90m^[[1mreimport^[[22m | Preparing files to reimport...^[[39m^[[0m
Godot gates (analyzer)	Import the project	2026-10-04T01:43:31.4110894Z [  50% ] ^[[90m^[[1mreimport^[[22m | Preparing files to reimport...^[[39m^[[0m
Godot gates (analyzer)	Import the project	2026-10-04T01:43:31.4111604Z [  50% ] ^[[90m^[[1mreimport^[[22m | Preparing files to reimport...^[[39m^[[0m
Godot gates (analyzer)	Import the project	2026-10-04T01:43:31.4112618Z [  50% ] ^[[90m^[[1mreimport^[[22m | Preparing files to reimport...^[[39m^[[0m
Godot gates (analyzer)	Import the project	2026-10-04T01:43:31.4113490Z [  50% ] ^[[90m^[[1mreimport^[[22m | Preparing files to reimport...^[[39m^[[0m
Godot gates (analyzer)	Import the project	2026-10-04T01:43:31.4114211Z [  51% ] ^[[90m^[[1mreimport^[[22m | Preparing files to reimport...^[[39m^[[0m
Godot gates (analyzer)	Import the project	2026-10-04T01:43:31.4114930Z [  51% ] ^[[90m^[[1mreimport^[[22m | Preparing files to reimport...^[[39m^[[0m
Godot gates (analyzer)	Import the project	2026-10-04T01:43:31.4115644Z [  51% ] ^[[90m^[[1mreimport^[[22m | Preparing files to reimport...^[[39m^[[0m
Godot gates (analyzer)	Import the project	2026-10-04T01:43:31.4116360Z [  51% ] ^[[90m^[[1mreimport^[[22m | Preparing files to reimport...^[[39m^[[0m
Godot gates (analyzer)	Import the project	2026-10-04T01:43:31.4117249Z [  51% ] ^[[90m^[[1mreimport^[[22m | Preparing files to reimport...^[[39m^[[0m
Godot gates (analyzer)	Import the project	2026-10-04T01:43:31.4117969Z [  51% ] ^[[90m^[[1mreimport^[[22m | Preparing files to reimport...^[[39m^[[0m
Godot gates (analyzer)	Import the project	2026-10-04T01:43:31.4118683Z [  51% ] ^[[90m^[[1mreimport^[[22m | Preparing files to reimport...^[[39m^[[0m
Godot gates (analyzer)	Import the project	2026-10-04T01:43:31.4119405Z [  51% ] ^[[90m^[[1mreimport^[[22m | Preparing files to reimport...^[[39m^[[0m
Godot gates (analyzer)	Import the project	2026-10-04T01:43:31.4120132Z [  52% ] ^[[90m^[[1mreimport^[[22m | Preparing files to reimport...^[[39m^[[0m
Godot gates (analyzer)	Import the project	2026-10-04T01:43:31.4120849Z [  52% ] ^[[90m^[[1mreimport^[[22m | Preparing files to reimport...^[[39m^[[0m
Godot gates (analyzer)	Import the project	2026-10-04T01:43:31.4121560Z [  52% ] ^[[90m^[[1mreimport^[[22m | Preparing files to reimport...^[[39m^[[0m
Godot gates (analyzer)	Import the project	2026-10-04T01:43:31.4122333Z [  52% ] ^[[90m^[[1mreimport^[[22m | Preparing files to reimport...^[[39m^[[0m
Godot gates (analyzer)	Import the project	2026-10-04T01:43:31.4123045Z [  52% ] ^[[90m^[[1mreimport^[[22m | Preparing files to reimport...^[[39m^[[0m
Godot gates (analyzer)	Import the project	2026-10-04T01:43:31.4123780Z [  52% ] ^[[90m^[[1mreimport^[[22m | Preparing files to reimport...^[[39m^[[0m
Godot gates (analyzer)	Import the project	2026-10-04T01:43:31.4124509Z [  52% ] ^[[90m^[[1mreimport^[[22m | Preparing files to reimport...^[[39m^[[0m
Godot gates (analyzer)	Import the project	2026-10-04T01:43:31.4125221Z [  52% ] ^[[90m^[[1mreimport^[[22m | Preparing files to reimport...^[[39m^[[0m
Godot gates (analyzer)	Import the project	2026-10-04T01:43:31.4125930Z [  53% ] ^[[90m^[[1mreimport^[[22m | Preparing files to reimport...^[[39m^[[0m
Godot gates (analyzer)	Import the project	2026-10-04T01:43:31.4126639Z [  53% ] ^[[90m^[[1mreimport^[[22m | Preparing files to reimport...^[[39m^[[0m
Godot gates (analyzer)	Import the project	2026-10-04T01:43:31.4127482Z [  53% ] ^[[90m^[[1mreimport^[[22m | Preparing files to reimport...^[[39m^[[0m
Godot gates (analyzer)	Import the project	2026-10-04T01:43:31.4128207Z [  53% ] ^[[90m^[[1mreimport^[[22m | Preparing files to reimport...^[[39m^[[0m
Godot gates (analyzer)	Import the project	2026-10-04T01:43:31.4128914Z [  53% ] ^[[90m^[[1mreimport^[[22m | Preparing files to reimport...^[[39m^[[0m
Godot gates (analyzer)	Import the project	2026-10-04T01:43:31.4129621Z [  53% ] ^[[90m^[[1mreimport^[[22m | Preparing files to reimport...^[[39m^[[0m
Godot gates (analyzer)	Import the project	2026-10-04T01:43:31.4130363Z [  53% ] ^[[90m^[[1mreimport^[[22m | Preparing files to reimport...^[[39m^[[0m
Godot gates (analyzer)	Import the project	2026-10-04T01:43:31.4131072Z [  53% ] ^[[90m^[[1mreimport^[[22m | Preparing files to reimport...^[[39m^[[0m
Godot gates (analyzer)	Import the project	2026-10-04T01:43:31.4131777Z [  54% ] ^[[90m^[[1mreimport^[[22m | Preparing files to reimport...^[[39m^[[0m
Godot gates (analyzer)	Import the project	2026-10-04T01:43:31.4132509Z [  54% ] ^[[90m^[[1mreimport^[[22m | Preparing files to reimport...^[[39m^[[0m
Godot gates (analyzer)	Import the project	2026-10-04T01:43:31.4133216Z [  54% ] ^[[90m^[[1mreimport^[[22m | Preparing files to reimport...^[[39m^[[0m
Godot gates (analyzer)	Import the project	2026-10-04T01:43:31.4133926Z [  54% ] ^[[90m^[[1mreimport^[[22m | Preparing files to reimport...^[[39m^[[0m
Godot gates (analyzer)	Import the project	2026-10-04T01:43:31.4134646Z [  54% ] ^[[90m^[[1mreimport^[[22m | Preparing files to reimport...^[[39m^[[0m
Godot gates (analyzer)	Import the project	2026-10-04T01:43:31.4135372Z [  54% ] ^[[90m^[[1mreimport^[[22m | Preparing files to reimport...^[[39m^[[0m
Godot gates (analyzer)	Import the project	2026-10-04T01:43:31.4136082Z [  54% ] ^[[90m^[[1mreimport^[[22m | Preparing files to reimport...^[[39m^[[0m
Godot gates (analyzer)	Import the project	2026-10-04T01:43:31.4136789Z [  54% ] ^[[90m^[[1mreimport^[[22m | Preparing files to reimport...^[[39m^[[0m
Godot gates (analyzer)	Import the project	2026-10-04T01:43:31.4137624Z [  55% ] ^[[90m^[[1mreimport^[[22m | Preparing files to reimport...^[[39m^[[0m
Godot gates (analyzer)	Import the project	2026-10-04T01:43:31.4138345Z [  55% ] ^[[90m^[[1mreimport^[[22m | Preparing files to reimport...^[[39m^[[0m
Godot gates (analyzer)	Import the project	2026-10-04T01:43:31.4139070Z [  55% ] ^[[90m^[[1mreimport^[[22m | Preparing files to reimport...^[[39m^[[0m
Godot gates (analyzer)	Import the project	2026-10-04T01:43:31.4139783Z [  55% ] ^[[90m^[[1mreimport^[[22m | Preparing files to reimport...^[[39m^[[0m
Godot gates (analyzer)	Import the project	2026-10-04T01:43:31.4140500Z [  55% ] ^[[90m^[[1mreimport^[[22m | Preparing files to reimport...^[[39m^[[0m
Godot gates (analyzer)	Import the project	2026-10-04T01:43:31.4141226Z [  55% ] ^[[90m^[[1mreimport^[[22m | Preparing files to reimport...^[[39m^[[0m
Godot gates (analyzer)	Import the project	2026-10-04T01:43:31.4142155Z [  55% ] ^[[90m^[[1mreimport^[[22m | Preparing files to reimport...^[[39m^[[0m
Godot gates (analyzer)	Import the project	2026-10-04T01:43:31.4143017Z [  55% ] ^[[90m^[[1mreimport^[[22m | Preparing files to reimport...^[[39m^[[0m
Godot gates (analyzer)	Import the project	2026-10-04T01:43:31.4143731Z [  56% ] ^[[90m^[[1mreimport^[[22m | Preparing files to reimport...^[[39m^[[0m
Godot gates (analyzer)	Import the project	2026-10-04T01:43:31.4159307Z [  56% ] ^[[90m^[[1mreimport^[[22m | Preparing files to reimport...^[[39m^[[0m
Godot gates (analyzer)	Import the project	2026-10-04T01:43:31.4160269Z [  56% ] ^[[90m^[[1mreimport^[[22m | Preparing files to reimport...^[[39m^[[0m
Godot gates (analyzer)	Import the project	2026-10-04T01:43:31.4161026Z [  56% ] ^[[90m^[[1mreimport^[[22m | Preparing files to reimport...^[[39m^[[0m
Godot gates (analyzer)	Import the project	2026-10-04T01:43:31.4161755Z [  56% ] ^[[90m^[[1mreimport^[[22m | Preparing files to reimport...^[[39m^[[0m
Godot gates (analyzer)	Import the project	2026-10-04T01:43:31.4162473Z [  56% ] ^[[90m^[[1mreimport^[[22m | Preparing files to reimport...^[[39m^[[0m
Godot gates (analyzer)	Import the project	2026-10-04T01:43:31.4163187Z [  56% ] ^[[90m^[[1mreimport^[[22m | Preparing files to reimport...^[[39m^[[0m
Godot gates (analyzer)	Import the project	2026-10-04T01:43:31.4163909Z [  56% ] ^[[90m^[[1mreimport^[[22m | Preparing files to reimport...^[[39m^[[0m
Godot gates (analyzer)	Import the project	2026-10-04T01:43:31.4164642Z [  57% ] ^[[90m^[[1mreimport^[[22m | Preparing files to reimport...^[[39m^[[0m
Godot gates (analyzer)	Import the project	2026-10-04T01:43:31.4165400Z [  57% ] ^[[90m^[[1mreimport^[[22m | Preparing files to reimport...^[[39m^[[0m
Godot gates (analyzer)	Import the project	2026-10-04T01:43:31.4166151Z [  57% ] ^[[90m^[[1mreimport^[[22m | Preparing files to reimport...^[[39m^[[0m
Godot gates (analyzer)	Import the project	2026-10-04T01:43:31.4166869Z [  57% ] ^[[90m^[[1mreimport^[[22m | Preparing files to reimport...^[[39m^[[0m
Godot gates (analyzer)	Import the project	2026-10-04T01:43:31.4167735Z [  57% ] ^[[90m^[[1mreimport^[[22m | Preparing files to reimport...^[[39m^[[0m
Godot gates (analyzer)	Import the project	2026-10-04T01:43:31.4168451Z [  57% ] ^[[90m^[[1mreimport^[[22m | Preparing files to reimport...^[[39m^[[0m
Godot gates (analyzer)	Import the project	2026-10-04T01:43:31.4169180Z [  57% ] ^[[90m^[[1mreimport^[[22m | Preparing files to reimport...^[[39m^[[0m
Godot gates (analyzer)	Import the project	2026-10-04T01:43:31.4169891Z [  57% ] ^[[90m^[[1mreimport^[[22m | Preparing files to reimport...^[[39m^[[0m
Godot gates (analyzer)	Import the project	2026-10-04T01:43:31.4170597Z [  58% ] ^[[90m^[[1mreimport^[[22m | Preparing files to reimport...^[[39m^[[0m
Godot gates (analyzer)	Import the project	2026-10-04T01:43:31.4171310Z [  58% ] ^[[90m^[[1mreimport^[[22m | Preparing files to reimport...^[[39m^[[0m
Godot gates (analyzer)	Import the project	2026-10-04T01:43:31.4172050Z [  58% ] ^[[90m^[[1mreimport^[[22m | Preparing files to reimport...^[[39m^[[0m
Godot gates (analyzer)	Import the project	2026-10-04T01:43:31.4172772Z [  58% ] ^[[90m^[[1mreimport^[[22m | Preparing files to reimport...^[[39m^[[0m
Godot gates (analyzer)	Import the project	2026-10-04T01:43:31.4173486Z [  58% ] ^[[90m^[[1mreimport^[[22m | Preparing files to reimport...^[[39m^[[0m
Godot gates (analyzer)	Import the project	2026-10-04T01:43:31.4174210Z [  58% ] ^[[90m^[[1mreimport^[[22m | Preparing files to reimport...^[[39m^[[0m
Godot gates (analyzer)	Import the project	2026-10-04T01:43:31.4174925Z [  58% ] ^[[90m^[[1mreimport^[[22m | Preparing files to reimport...^[[39m^[[0m
Godot gates (analyzer)	Import the project	2026-10-04T01:43:31.4175640Z [  58% ] ^[[90m^[[1mreimport^[[22m | Preparing files to reimport...^[[39m^[[0m
Godot gates (analyzer)	Import the project	2026-10-04T01:43:31.4176352Z [  59% ] ^[[90m^[[1mreimport^[[22m | Preparing files to reimport...^[[39m^[[0m
Godot gates (analyzer)	Import the project	2026-10-04T01:43:31.4177188Z [  59% ] ^[[90m^[[1mreimport^[[22m | Preparing files to reimport...^[[39m^[[0m
Godot gates (analyzer)	Import the project	2026-10-04T01:43:31.4177916Z [  59% ] ^[[90m^[[1mreimport^[[22m | Preparing files to reimport...^[[39m^[[0m
Godot gates (analyzer)	Import the project	2026-10-04T01:43:31.4178630Z [  59% ] ^[[90m^[[1mreimport^[[22m | Preparing files to reimport...^[[39m^[[0m
Godot gates (analyzer)	Import the project	2026-10-04T01:43:31.4179349Z [  59% ] ^[[90m^[[1mreimport^[[22m | Preparing files to reimport...^[[39m^[[0m
Godot gates (analyzer)	Import the project	2026-10-04T01:43:31.4180079Z [  59% ] ^[[90m^[[1mreimport^[[22m | Preparing files to reimport...^[[39m^[[0m
Godot gates (analyzer)	Import the project	2026-10-04T01:43:31.4180790Z [  59% ] ^[[90m^[[1mreimport^[[22m | Preparing files to reimport...^[[39m^[[0m
Godot gates (analyzer)	Import the project	2026-10-04T01:43:31.4181499Z [  59% ] ^[[90m^[[1mreimport^[[22m | Preparing files to reimport...^[[39m^[[0m
Godot gates (analyzer)	Import the project	2026-10-04T01:43:31.4182208Z [  60% ] ^[[90m^[[1mreimport^[[22m | Preparing files to reimport...^[[39m^[[0m
Godot gates (analyzer)	Import the project	2026-10-04T01:43:31.4182933Z [  60% ] ^[[90m^[[1mreimport^[[22m | Preparing files to reimport...^[[39m^[[0m
Godot gates (analyzer)	Import the project	2026-10-04T01:43:31.4183647Z [  60% ] ^[[90m^[[1mreimport^[[22m | Preparing files to reimport...^[[39m^[[0m
Godot gates (analyzer)	Import the project	2026-10-04T01:43:31.4184357Z [  60% ] ^[[90m^[[1mreimport^[[22m | Preparing files to reimport...^[[39m^[[0m
Godot gates (analyzer)	Import the project	2026-10-04T01:43:31.4185093Z [  60% ] ^[[90m^[[1mreimport^[[22m | Preparing files to reimport...^[[39m^[[0m
Godot gates (analyzer)	Import the project	2026-10-04T01:43:31.4186084Z [  60% ] ^[[90m^[[1mreimport^[[22m | Preparing files to reimport...^[[39m^[[0m
Godot gates (analyzer)	Import the project	2026-10-04T01:43:31.4186798Z [  60% ] ^[[90m^[[1mreimport^[[22m | Preparing files to reimport...^[[39m^[[0m
Godot gates (analyzer)	Import the project	2026-10-04T01:43:31.4187811Z [  60% ] ^[[90m^[[1mreimport^[[22m | Preparing files to reimport...^[[39m^[[0m
Godot gates (analyzer)	Import the project	2026-10-04T01:43:31.4188528Z [  61% ] ^[[90m^[[1mreimport^[[22m | Preparing files to reimport...^[[39m^[[0m
Godot gates (analyzer)	Import the project	2026-10-04T01:43:31.4189239Z [  61% ] ^[[90m^[[1mreimport^[[22m | Preparing files to reimport...^[[39m^[[0m
Godot gates (analyzer)	Import the project	2026-10-04T01:43:31.4189947Z [  61% ] ^[[90m^[[1mreimport^[[22m | Preparing files to reimport...^[[39m^[[0m
Godot gates (analyzer)	Import the project	2026-10-04T01:43:31.4190669Z [  61% ] ^[[90m^[[1mreimport^[[22m | Preparing files to reimport...^[[39m^[[0m
Godot gates (analyzer)	Import the project	2026-10-04T01:43:31.4191392Z [  61% ] ^[[90m^[[1mreimport^[[22m | Preparing files to reimport...^[[39m^[[0m
Godot gates (analyzer)	Import the project	2026-10-04T01:43:31.4192098Z [  61% ] ^[[90m^[[1mreimport^[[22m | Preparing files to reimport...^[[39m^[[0m
Godot gates (analyzer)	Import the project	2026-10-04T01:43:31.4192811Z [  61% ] ^[[90m^[[1mreimport^[[22m | Preparing files to reimport...^[[39m^[[0m
Godot gates (analyzer)	Import the project	2026-10-04T01:43:31.4193550Z [  61% ] ^[[90m^[[1mreimport^[[22m | Preparing files to reimport...^[[39m^[[0m
Godot gates (analyzer)	Import the project	2026-10-04T01:43:31.4194293Z [  62% ] ^[[90m^[[1mreimport^[[22m | Preparing files to reimport...^[[39m^[[0m
Godot gates (analyzer)	Import the project	2026-10-04T01:43:31.4195023Z [  62% ] ^[[90m^[[1mreimport^[[22m | Preparing files to reimport...^[[39m^[[0m
Godot gates (analyzer)	Import the project	2026-10-04T01:43:31.4195734Z [  62% ] ^[[90m^[[1mreimport^[[22m | Preparing files to reimport...^[[39m^[[0m
Godot gates (analyzer)	Import the project	2026-10-04T01:43:31.4196457Z [  62% ] ^[[90m^[[1mreimport^[[22m | Preparing files to reimport...^[[39m^[[0m
Godot gates (analyzer)	Import the project	2026-10-04T01:43:31.4197282Z [  62% ] ^[[90m^[[1mreimport^[[22m | Preparing files to reimport...^[[39m^[[0m
Godot gates (analyzer)	Import the project	2026-10-04T01:43:31.4197996Z [  62% ] ^[[90m^[[1mreimport^[[22m | Preparing files to reimport...^[[39m^[[0m
Godot gates (analyzer)	Import the project	2026-10-04T01:43:31.4198711Z [  62% ] ^[[90m^[[1mreimport^[[22m | Preparing files to reimport...^[[39m^[[0m
Godot gates (analyzer)	Import the project	2026-10-04T01:43:31.4199425Z [  62% ] ^[[90m^[[1mreimport^[[22m | Preparing files to reimport...^[[39m^[[0m
Godot gates (analyzer)	Import the project	2026-10-04T01:43:31.4200138Z [  63% ] ^[[90m^[[1mreimport^[[22m | Preparing files to reimport...^[[39m^[[0m
Godot gates (analyzer)	Import the project	2026-10-04T01:43:31.4200860Z [  63% ] ^[[90m^[[1mreimport^[[22m | Preparing files to reimport...^[[39m^[[0m
Godot gates (analyzer)	Import the project	2026-10-04T01:43:31.4201571Z [  63% ] ^[[90m^[[1mreimport^[[22m | Preparing files to reimport...^[[39m^[[0m
Godot gates (analyzer)	Import the project	2026-10-04T01:43:31.4202294Z [  63% ] ^[[90m^[[1mreimport^[[22m | Preparing files to reimport...^[[39m^[[0m
Godot gates (analyzer)	Import the project	2026-10-04T01:43:31.4203004Z [  63% ] ^[[90m^[[1mreimport^[[22m | Preparing files to reimport...^[[39m^[[0m
Godot gates (analyzer)	Import the project	2026-10-04T01:43:31.4203732Z [  63% ] ^[[90m^[[1mreimport^[[22m | Preparing files to reimport...^[[39m^[[0m
Godot gates (analyzer)	Import the project	2026-10-04T01:43:31.4204468Z [  63% ] ^[[90m^[[1mreimport^[[22m | Preparing files to reimport...^[[39m^[[0m
Godot gates (analyzer)	Import the project	2026-10-04T01:43:31.4205204Z [  63% ] ^[[90m^[[1mreimport^[[22m | Preparing files to reimport...^[[39m^[[0m
Godot gates (analyzer)	Import the project	2026-10-04T01:43:31.4205919Z [  64% ] ^[[90m^[[1mreimport^[[22m | Preparing files to reimport...^[[39m^[[0m
Godot gates (analyzer)	Import the project	2026-10-04T01:43:31.4206625Z [  64% ] ^[[90m^[[1mreimport^[[22m | Preparing files to reimport...^[[39m^[[0m
Godot gates (analyzer)	Import the project	2026-10-04T01:43:31.4207463Z [  64% ] ^[[90m^[[1mreimport^[[22m | Preparing files to reimport...^[[39m^[[0m
Godot gates (analyzer)	Import the project	2026-10-04T01:43:31.4208185Z [  64% ] ^[[90m^[[1mreimport^[[22m | Preparing files to reimport...^[[39m^[[0m
Godot gates (analyzer)	Import the project	2026-10-04T01:43:31.4208898Z [  64% ] ^[[90m^[[1mreimport^[[22m | Preparing files to reimport...^[[39m^[[0m
Godot gates (analyzer)	Import the project	2026-10-04T01:43:31.4209622Z [  64% ] ^[[90m^[[1mreimport^[[22m | Preparing files to reimport...^[[39m^[[0m
Godot gates (analyzer)	Import the project	2026-10-04T01:43:31.4210348Z [  64% ] ^[[90m^[[1mreimport^[[22m | Preparing files to reimport...^[[39m^[[0m
Godot gates (analyzer)	Import the project	2026-10-04T01:43:31.4211064Z [  64% ] ^[[90m^[[1mreimport^[[22m | Preparing files to reimport...^[[39m^[[0m
Godot gates (analyzer)	Import the project	2026-10-04T01:43:31.4211778Z [  65% ] ^[[90m^[[1mreimport^[[22m | Preparing files to reimport...^[[39m^[[0m
Godot gates (analyzer)	Import the project	2026-10-04T01:43:31.4212488Z [  65% ] ^[[90m^[[1mreimport^[[22m | Preparing files to reimport...^[[39m^[[0m
Godot gates (analyzer)	Import the project	2026-10-04T01:43:31.4213208Z [  65% ] ^[[90m^[[1mreimport^[[22m | Preparing files to reimport...^[[39m^[[0m
Godot gates (analyzer)	Import the project	2026-10-04T01:43:31.4213912Z [  65% ] ^[[90m^[[1mreimport^[[22m | Preparing files to reimport...^[[39m^[[0m
Godot gates (analyzer)	Import the project	2026-10-04T01:43:31.4214626Z [  65% ] ^[[90m^[[1mreimport^[[22m | Preparing files to reimport...^[[39m^[[0m
Godot gates (analyzer)	Import the project	2026-10-04T01:43:31.4215542Z [  65% ] ^[[90m^[[1mreimport^[[22m | Preparing files to reimport...^[[39m^[[0m
Godot gates (analyzer)	Import the project	2026-10-04T01:43:31.4216277Z [  65% ] ^[[90m^[[1mreimport^[[22m | Preparing files to reimport...^[[39m^[[0m
Godot gates (analyzer)	Import the project	2026-10-04T01:43:31.4217266Z [  65% ] ^[[90m^[[1mreimport^[[22m | Preparing files to reimport...^[[39m^[[0m
Godot gates (analyzer)	Import the project	2026-10-04T01:43:31.4217978Z [  66% ] ^[[90m^[[1mreimport^[[22m | Preparing files to reimport...^[[39m^[[0m
Godot gates (analyzer)	Import the project	2026-10-04T01:43:31.4218696Z [  66% ] ^[[90m^[[1mreimport^[[22m | Preparing files to reimport...^[[39m^[[0m
Godot gates (analyzer)	Import the project	2026-10-04T01:43:31.4219405Z [  66% ] ^[[90m^[[1mreimport^[[22m | Preparing files to reimport...^[[39m^[[0m
Godot gates (analyzer)	Import the project	2026-10-04T01:43:31.4220109Z [  66% ] ^[[90m^[[1mreimport^[[22m | Preparing files to reimport...^[[39m^[[0m
Godot gates (analyzer)	Import the project	2026-10-04T01:43:31.4220820Z [  66% ] ^[[90m^[[1mreimport^[[22m | Preparing files to reimport...^[[39m^[[0m
Godot gates (analyzer)	Import the project	2026-10-04T01:43:31.4221539Z [  66% ] ^[[90m^[[1mreimport^[[22m | Preparing files to reimport...^[[39m^[[0m
Godot gates (analyzer)	Import the project	2026-10-04T01:43:31.4222246Z [  66% ] ^[[90m^[[1mreimport^[[22m | Preparing files to reimport...^[[39m^[[0m
Godot gates (analyzer)	Import the project	2026-10-04T01:43:31.4222977Z [  66% ] ^[[90m^[[1mreimport^[[22m | Preparing files to reimport...^[[39m^[[0m
Godot gates (analyzer)	Import the project	2026-10-04T01:43:31.4223697Z [  67% ] ^[[90m^[[1mreimport^[[22m | Preparing files to reimport...^[[39m^[[0m
Godot gates (analyzer)	Import the project	2026-10-04T01:43:31.4224425Z [  67% ] ^[[90m^[[1mreimport^[[22m | Preparing files to reimport...^[[39m^[[0m
Godot gates (analyzer)	Import the project	2026-10-04T01:43:31.4225139Z [  67% ] ^[[90m^[[1mreimport^[[22m | Preparing files to reimport...^[[39m^[[0m
Godot gates (analyzer)	Import the project	2026-10-04T01:43:31.4225843Z [  67% ] ^[[90m^[[1mreimport^[[22m | Preparing files to reimport...^[[39m^[[0m
Godot gates (analyzer)	Import the project	2026-10-04T01:43:31.4226550Z [  67% ] ^[[90m^[[1mreimport^[[22m | Preparing files to reimport...^[[39m^[[0m
Godot gates (analyzer)	Import the project	2026-10-04T01:43:31.4227397Z [  67% ] ^[[90m^[[1mreimport^[[22m | Preparing files to reimport...^[[39m^[[0m
Godot gates (analyzer)	Import the project	2026-10-04T01:43:31.4228109Z [  67% ] ^[[90m^[[1mreimport^[[22m | Preparing files to reimport...^[[39m^[[0m
Godot gates (analyzer)	Import the project	2026-10-04T01:43:31.4228824Z [  67% ] ^[[90m^[[1mreimport^[[22m | Preparing files to reimport...^[[39m^[[0m
Godot gates (analyzer)	Import the project	2026-10-04T01:43:31.4229546Z [  68% ] ^[[90m^[[1mreimport^[[22m | Preparing files to reimport...^[[39m^[[0m
Godot gates (analyzer)	Import the project	2026-10-04T01:43:31.4230271Z [  68% ] ^[[90m^[[1mreimport^[[22m | Preparing files to reimport...^[[39m^[[0m
Godot gates (analyzer)	Import the project	2026-10-04T01:43:31.4230986Z [  68% ] ^[[90m^[[1mreimport^[[22m | Preparing files to reimport...^[[39m^[[0m
Godot gates (analyzer)	Import the project	2026-10-04T01:43:31.4231709Z [  68% ] ^[[90m^[[1mreimport^[[22m | Preparing files to reimport...^[[39m^[[0m
Godot gates (analyzer)	Import the project	2026-10-04T01:43:31.4232429Z [  68% ] ^[[90m^[[1mreimport^[[22m | Preparing files to reimport...^[[39m^[[0m
Godot gates (analyzer)	Import the project	2026-10-04T01:43:31.4233137Z [  68% ] ^[[90m^[[1mreimport^[[22m | Preparing files to reimport...^[[39m^[[0m
Godot gates (analyzer)	Import the project	2026-10-04T01:43:31.4233862Z [  68% ] ^[[90m^[[1mreimport^[[22m | Preparing files to reimport...^[[39m^[[0m
Godot gates (analyzer)	Import the project	2026-10-04T01:43:31.4234570Z [  68% ] ^[[90m^[[1mreimport^[[22m | Preparing files to reimport...^[[39m^[[0m
Godot gates (analyzer)	Import the project	2026-10-04T01:43:31.4235286Z [  69% ] ^[[90m^[[1mreimport^[[22m | Preparing files to reimport...^[[39m^[[0m
Godot gates (analyzer)	Import the project	2026-10-04T01:43:31.4235994Z [  69% ] ^[[90m^[[1mreimport^[[22m | Preparing files to reimport...^[[39m^[[0m
Godot gates (analyzer)	Import the project	2026-10-04T01:43:31.4236707Z [  69% ] ^[[90m^[[1mreimport^[[22m | Preparing files to reimport...^[[39m^[[0m
Godot gates (analyzer)	Import the project	2026-10-04T01:43:31.4237552Z [  69% ] ^[[90m^[[1mreimport^[[22m | Preparing files to reimport...^[[39m^[[0m
Godot gates (analyzer)	Import the project	2026-10-04T01:43:31.4238262Z [  69% ] ^[[90m^[[1mreimport^[[22m | Preparing files to reimport...^[[39m^[[0m
Godot gates (analyzer)	Import the project	2026-10-04T01:43:31.4238975Z [  69% ] ^[[90m^[[1mreimport^[[22m | Preparing files to reimport...^[[39m^[[0m
Godot gates (analyzer)	Import the project	2026-10-04T01:43:31.4239684Z [  69% ] ^[[90m^[[1mreimport^[[22m | Preparing files to reimport...^[[39m^[[0m
Godot gates (analyzer)	Import the project	2026-10-04T01:43:31.4240404Z [  69% ] ^[[90m^[[1mreimport^[[22m | Preparing files to reimport...^[[39m^[[0m
Godot gates (analyzer)	Import the project	2026-10-04T01:43:31.4241114Z [  70% ] ^[[90m^[[1mreimport^[[22m | Preparing files to reimport...^[[39m^[[0m
Godot gates (analyzer)	Import the project	2026-10-04T01:43:31.4241823Z [  70% ] ^[[90m^[[1mreimport^[[22m | Preparing files to reimport...^[[39m^[[0m
Godot gates (analyzer)	Import the project	2026-10-04T01:43:31.4242530Z [  70% ] ^[[90m^[[1mreimport^[[22m | Preparing files to reimport...^[[39m^[[0m
Godot gates (analyzer)	Import the project	2026-10-04T01:43:31.4243248Z [  70% ] ^[[90m^[[1mreimport^[[22m | Preparing files to reimport...^[[39m^[[0m
Godot gates (analyzer)	Import the project	2026-10-04T01:43:31.4243954Z [  70% ] ^[[90m^[[1mreimport^[[22m | Preparing files to reimport...^[[39m^[[0m
Godot gates (analyzer)	Import the project	2026-10-04T01:43:31.4244890Z [  70% ] ^[[90m^[[1mreimport^[[22m | Preparing files to reimport...^[[39m^[[0m
Godot gates (analyzer)	Import the project	2026-10-04T01:43:31.4245753Z [  70% ] ^[[90m^[[1mreimport^[[22m | Preparing files to reimport...^[[39m^[[0m
Godot gates (analyzer)	Import the project	2026-10-04T01:43:31.4246473Z [  70% ] ^[[90m^[[1mreimport^[[22m | Preparing files to reimport...^[[39m^[[0m
Godot gates (analyzer)	Import the project	2026-10-04T01:43:31.4247320Z [  71% ] ^[[90m^[[1mreimport^[[22m | Preparing files to reimport...^[[39m^[[0m
Godot gates (analyzer)	Import the project	2026-10-04T01:43:31.4248045Z [  71% ] ^[[90m^[[1mreimport^[[22m | Preparing files to reimport...^[[39m^[[0m
Godot gates (analyzer)	Import the project	2026-10-04T01:43:31.4248763Z [  71% ] ^[[90m^[[1mreimport^[[22m | Preparing files to reimport...^[[39m^[[0m
Godot gates (analyzer)	Import the project	2026-10-04T01:43:31.4249506Z [  71% ] ^[[90m^[[1mreimport^[[22m | Preparing files to reimport...^[[39m^[[0m
Godot gates (analyzer)	Import the project	2026-10-04T01:43:31.4250214Z [  71% ] ^[[90m^[[1mreimport^[[22m | Preparing files to reimport...^[[39m^[[0m
Godot gates (analyzer)	Import the project	2026-10-04T01:43:31.4250923Z [  71% ] ^[[90m^[[1mreimport^[[22m | Preparing files to reimport...^[[39m^[[0m
Godot gates (analyzer)	Import the project	2026-10-04T01:43:31.4251643Z [  71% ] ^[[90m^[[1mreimport^[[22m | Preparing files to reimport...^[[39m^[[0m
Godot gates (analyzer)	Import the project	2026-10-04T01:43:31.4252386Z [  71% ] ^[[90m^[[1mreimport^[[22m | Preparing files to reimport...^[[39m^[[0m
Godot gates (analyzer)	Import the project	2026-10-04T01:43:31.4253122Z [  72% ] ^[[90m^[[1mreimport^[[22m | Preparing files to reimport...^[[39m^[[0m
Godot gates (analyzer)	Import the project	2026-10-04T01:43:31.4253847Z [  72% ] ^[[90m^[[1mreimport^[[22m | Preparing files to reimport...^[[39m^[[0m
Godot gates (analyzer)	Import the project	2026-10-04T01:43:31.4254560Z [  72% ] ^[[90m^[[1mreimport^[[22m | Preparing files to reimport...^[[39m^[[0m
Godot gates (analyzer)	Import the project	2026-10-04T01:43:31.4255271Z [  72% ] ^[[90m^[[1mreimport^[[22m | Preparing files to reimport...^[[39m^[[0m
Godot gates (analyzer)	Import the project	2026-10-04T01:43:31.4255988Z [  72% ] ^[[90m^[[1mreimport^[[22m | Preparing files to reimport...^[[39m^[[0m
Godot gates (analyzer)	Import the project	2026-10-04T01:43:31.4256710Z [  72% ] ^[[90m^[[1mreimport^[[22m | Preparing files to reimport...^[[39m^[[0m
Godot gates (analyzer)	Import the project	2026-10-04T01:43:31.4257543Z [  72% ] ^[[90m^[[1mreimport^[[22m | Preparing files to reimport...^[[39m^[[0m
Godot gates (analyzer)	Import the project	2026-10-04T01:43:31.4258257Z [  72% ] ^[[90m^[[1mreimport^[[22m | Preparing files to reimport...^[[39m^[[0m
Godot gates (analyzer)	Import the project	2026-10-04T01:43:31.4258988Z [  73% ] ^[[90m^[[1mreimport^[[22m | Preparing files to reimport...^[[39m^[[0m
Godot gates (analyzer)	Import the project	2026-10-04T01:43:31.4259712Z [  73% ] ^[[90m^[[1mreimport^[[22m | Preparing files to reimport...^[[39m^[[0m
Godot gates (analyzer)	Import the project	2026-10-04T01:43:31.4260499Z [  73% ] ^[[90m^[[1mreimport^[[22m | Preparing files to reimport...^[[39m^[[0m
Godot gates (analyzer)	Import the project	2026-10-04T01:43:31.4261208Z [  73% ] ^[[90m^[[1mreimport^[[22m | Preparing files to reimport...^[[39m^[[0m
Godot gates (analyzer)	Import the project	2026-10-04T01:43:31.4261931Z [  73% ] ^[[90m^[[1mreimport^[[22m | Preparing files to reimport...^[[39m^[[0m
Godot gates (analyzer)	Import the project	2026-10-04T01:43:31.4262640Z [  73% ] ^[[90m^[[1mreimport^[[22m | Preparing files to reimport...^[[39m^[[0m
Godot gates (analyzer)	Import the project	2026-10-04T01:43:31.4263352Z [  73% ] ^[[90m^[[1mreimport^[[22m | Preparing files to reimport...^[[39m^[[0m
Godot gates (analyzer)	Import the project	2026-10-04T01:43:31.4264065Z [  73% ] ^[[90m^[[1mreimport^[[22m | Preparing files to reimport...^[[39m^[[0m
Godot gates (analyzer)	Import the project	2026-10-04T01:43:31.4264781Z [  74% ] ^[[90m^[[1mreimport^[[22m | Preparing files to reimport...^[[39m^[[0m
Godot gates (analyzer)	Import the project	2026-10-04T01:43:31.4265495Z [  74% ] ^[[90m^[[1mreimport^[[22m | Preparing files to reimport...^[[39m^[[0m
Godot gates (analyzer)	Import the project	2026-10-04T01:43:31.4266209Z [  74% ] ^[[90m^[[1mreimport^[[22m | Preparing files to reimport...^[[39m^[[0m
Godot gates (analyzer)	Import the project	2026-10-04T01:43:31.4267061Z [  74% ] ^[[90m^[[1mreimport^[[22m | Preparing files to reimport...^[[39m^[[0m
Godot gates (analyzer)	Import the project	2026-10-04T01:43:31.4267776Z [  74% ] ^[[90m^[[1mreimport^[[22m | Preparing files to reimport...^[[39m^[[0m
Godot gates (analyzer)	Import the project	2026-10-04T01:43:31.4268489Z [  74% ] ^[[90m^[[1mreimport^[[22m | Preparing files to reimport...^[[39m^[[0m
Godot gates (analyzer)	Import the project	2026-10-04T01:43:31.4269198Z [  74% ] ^[[90m^[[1mreimport^[[22m | Preparing files to reimport...^[[39m^[[0m
Godot gates (analyzer)	Import the project	2026-10-04T01:43:31.4269921Z [  74% ] ^[[90m^[[1mreimport^[[22m | Preparing files to reimport...^[[39m^[[0m
Godot gates (analyzer)	Import the project	2026-10-04T01:43:31.4270633Z [  75% ] ^[[90m^[[1mreimport^[[22m | Preparing files to reimport...^[[39m^[[0m
Godot gates (analyzer)	Import the project	2026-10-04T01:43:31.4271342Z [  75% ] ^[[90m^[[1mreimport^[[22m | Preparing files to reimport...^[[39m^[[0m
Godot gates (analyzer)	Import the project	2026-10-04T01:43:31.4272051Z [  75% ] ^[[90m^[[1mreimport^[[22m | Preparing files to reimport...^[[39m^[[0m
Godot gates (analyzer)	Import the project	2026-10-04T01:43:31.4272776Z [  75% ] ^[[90m^[[1mreimport^[[22m | Preparing files to reimport...^[[39m^[[0m
Godot gates (analyzer)	Import the project	2026-10-04T01:43:31.4273495Z [  75% ] ^[[90m^[[1mreimport^[[22m | Preparing files to reimport...^[[39m^[[0m
Godot gates (analyzer)	Import the project	2026-10-04T01:43:31.4274434Z [  75% ] ^[[90m^[[1mreimport^[[22m | Preparing files to reimport...^[[39m^[[0m
Godot gates (analyzer)	Import the project	2026-10-04T01:43:31.4275298Z [  75% ] ^[[90m^[[1mreimport^[[22m | Preparing files to reimport...^[[39m^[[0m
Godot gates (analyzer)	Import the project	2026-10-04T01:43:31.4276016Z [  75% ] ^[[90m^[[1mreimport^[[22m | Preparing files to reimport...^[[39m^[[0m
Godot gates (analyzer)	Import the project	2026-10-04T01:43:31.4276732Z [  76% ] ^[[90m^[[1mreimport^[[22m | Preparing files to reimport...^[[39m^[[0m
Godot gates (analyzer)	Import the project	2026-10-04T01:43:31.4277567Z [  76% ] ^[[90m^[[1mreimport^[[22m | Preparing files to reimport...^[[39m^[[0m
Godot gates (analyzer)	Import the project	2026-10-04T01:43:31.4278295Z [  76% ] ^[[90m^[[1mreimport^[[22m | Preparing files to reimport...^[[39m^[[0m
Godot gates (analyzer)	Import the project	2026-10-04T01:43:31.4279044Z [  76% ] ^[[90m^[[1mreimport^[[22m | Preparing files to reimport...^[[39m^[[0m
Godot gates (analyzer)	Import the project	2026-10-04T01:43:31.4279773Z [  76% ] ^[[90m^[[1mreimport^[[22m | Preparing files to reimport...^[[39m^[[0m
Godot gates (analyzer)	Import the project	2026-10-04T01:43:31.4280482Z [  76% ] ^[[90m^[[1mreimport^[[22m | Preparing files to reimport...^[[39m^[[0m
Godot gates (analyzer)	Import the project	2026-10-04T01:43:31.4281200Z [  76% ] ^[[90m^[[1mreimport^[[22m | Preparing files to reimport...^[[39m^[[0m
Godot gates (analyzer)	Import the project	2026-10-04T01:43:31.4281916Z [  76% ] ^[[90m^[[1mreimport^[[22m | Preparing files to reimport...^[[39m^[[0m
Godot gates (analyzer)	Import the project	2026-10-04T01:43:31.4282631Z [  77% ] ^[[90m^[[1mreimport^[[22m | Preparing files to reimport...^[[39m^[[0m
Godot gates (analyzer)	Import the project	2026-10-04T01:43:31.4283349Z [  77% ] ^[[90m^[[1mreimport^[[22m | Preparing files to reimport...^[[39m^[[0m
Godot gates (analyzer)	Import the project	2026-10-04T01:43:31.4284066Z [  77% ] ^[[90m^[[1mreimport^[[22m | Preparing files to reimport...^[[39m^[[0m
Godot gates (analyzer)	Import the project	2026-10-04T01:43:31.4284776Z [  77% ] ^[[90m^[[1mreimport^[[22m | Preparing files to reimport...^[[39m^[[0m
Godot gates (analyzer)	Import the project	2026-10-04T01:43:31.4285486Z [  77% ] ^[[90m^[[1mreimport^[[22m | Preparing files to reimport...^[[39m^[[0m
Godot gates (analyzer)	Import the project	2026-10-04T01:43:31.4286212Z [  77% ] ^[[90m^[[1mreimport^[[22m | Preparing files to reimport...^[[39m^[[0m
Godot gates (analyzer)	Import the project	2026-10-04T01:43:31.4287050Z [  77% ] ^[[90m^[[1mreimport^[[22m | Preparing files to reimport...^[[39m^[[0m
Godot gates (analyzer)	Import the project	2026-10-04T01:43:31.4287769Z [  77% ] ^[[90m^[[1mreimport^[[22m | Preparing files to reimport...^[[39m^[[0m
Godot gates (analyzer)	Import the project	2026-10-04T01:43:31.4288481Z [  78% ] ^[[90m^[[1mreimport^[[22m | Preparing files to reimport...^[[39m^[[0m
Godot gates (analyzer)	Import the project	2026-10-04T01:43:31.4289205Z [  78% ] ^[[90m^[[1mreimport^[[22m | Preparing files to reimport...^[[39m^[[0m
Godot gates (analyzer)	Import the project	2026-10-04T01:43:31.4289916Z [  78% ] ^[[90m^[[1mreimport^[[22m | Preparing files to reimport...^[[39m^[[0m
Godot gates (analyzer)	Import the project	2026-10-04T01:43:31.4290632Z [  78% ] ^[[90m^[[1mreimport^[[22m | Preparing files to reimport...^[[39m^[[0m
Godot gates (analyzer)	Import the project	2026-10-04T01:43:31.4291340Z [  78% ] ^[[90m^[[1mreimport^[[22m | Preparing files to reimport...^[[39m^[[0m
Godot gates (analyzer)	Import the project	2026-10-04T01:43:31.4292064Z [  78% ] ^[[90m^[[1mreimport^[[22m | Preparing files to reimport...^[[39m^[[0m
Godot gates (analyzer)	Import the project	2026-10-04T01:43:31.4292773Z [  78% ] ^[[90m^[[1mreimport^[[22m | Preparing files to reimport...^[[39m^[[0m
Godot gates (analyzer)	Import the project	2026-10-04T01:43:31.4293490Z [  78% ] ^[[90m^[[1mreimport^[[22m | Preparing files to reimport...^[[39m^[[0m
Godot gates (analyzer)	Import the project	2026-10-04T01:43:31.4294213Z [  79% ] ^[[90m^[[1mreimport^[[22m | Preparing files to reimport...^[[39m^[[0m
Godot gates (analyzer)	Import the project	2026-10-04T01:43:31.4294926Z [  79% ] ^[[90m^[[1mreimport^[[22m | Preparing files to reimport...^[[39m^[[0m
Godot gates (analyzer)	Import the project	2026-10-04T01:43:31.4295873Z [  79% ] ^[[90m^[[1mreimport^[[22m | Preparing files to reimport...^[[39m^[[0m
Godot gates (analyzer)	Import the project	2026-10-04T01:43:31.4296865Z [  79% ] ^[[90m^[[1mreimport^[[22m | Preparing files to reimport...^[[39m^[[0m
Godot gates (analyzer)	Import the project	2026-10-04T01:43:31.4297772Z [  79% ] ^[[90m^[[1mreimport^[[22m | Preparing files to reimport...^[[39m^[[0m
Godot gates (analyzer)	Import the project	2026-10-04T01:43:31.4298627Z [  79% ] ^[[90m^[[1mreimport^[[22m | Preparing files to reimport...^[[39m^[[0m
Godot gates (analyzer)	Import the project	2026-10-04T01:43:31.4299538Z [  79% ] ^[[90m^[[1mreimport^[[22m | Preparing files to reimport...^[[39m^[[0m
Godot gates (analyzer)	Import the project	2026-10-04T01:43:31.4300488Z [  79% ] ^[[90m^[[1mreimport^[[22m | Preparing files to reimport...^[[39m^[[0m
Godot gates (analyzer)	Import the project	2026-10-04T01:43:31.4301457Z [  80% ] ^[[90m^[[1mreimport^[[22m | Preparing files to reimport...^[[39m^[[0m
Godot gates (analyzer)	Import the project	2026-10-04T01:43:31.4302428Z [  80% ] ^[[90m^[[1mreimport^[[22m | Preparing files to reimport...^[[39m^[[0m
Godot gates (analyzer)	Import the project	2026-10-04T01:43:31.4303342Z [  80% ] ^[[90m^[[1mreimport^[[22m | Preparing files to reimport...^[[39m^[[0m
Godot gates (analyzer)	Import the project	2026-10-04T01:43:31.4304265Z [  80% ] ^[[90m^[[1mreimport^[[22m | Preparing files to reimport...^[[39m^[[0m
Godot gates (analyzer)	Import the project	2026-10-04T01:43:31.4305224Z [  80% ] ^[[90m^[[1mreimport^[[22m | Preparing files to reimport...^[[39m^[[0m
Godot gates (analyzer)	Import the project	2026-10-04T01:43:31.4306135Z [  80% ] ^[[90m^[[1mreimport^[[22m | Preparing files to reimport...^[[39m^[[0m
Godot gates (analyzer)	Import the project	2026-10-04T01:43:31.4307228Z [  80% ] ^[[90m^[[1mreimport^[[22m | Preparing files to reimport...^[[39m^[[0m
Godot gates (analyzer)	Import the project	2026-10-04T01:43:31.4308357Z [  80% ] ^[[90m^[[1mreimport^[[22m | Preparing files to reimport...^[[39m^[[0m
Godot gates (analyzer)	Import the project	2026-10-04T01:43:31.4309336Z [  81% ] ^[[90m^[[1mreimport^[[22m | Preparing files to reimport...^[[39m^[[0m
Godot gates (analyzer)	Import the project	2026-10-04T01:43:31.4310308Z [  81% ] ^[[90m^[[1mreimport^[[22m | Preparing files to reimport...^[[39m^[[0m
Godot gates (analyzer)	Import the project	2026-10-04T01:43:31.4311187Z [  81% ] ^[[90m^[[1mreimport^[[22m | Preparing files to reimport...^[[39m^[[0m
Godot gates (analyzer)	Import the project	2026-10-04T01:43:31.4312119Z [  81% ] ^[[90m^[[1mreimport^[[22m | Preparing files to reimport...^[[39m^[[0m
Godot gates (analyzer)	Import the project	2026-10-04T01:43:31.4313163Z [  81% ] ^[[90m^[[1mreimport^[[22m | Preparing files to reimport...^[[39m^[[0m
Godot gates (analyzer)	Import the project	2026-10-04T01:43:31.4314020Z [  81% ] ^[[90m^[[1mreimport^[[22m | Preparing files to reimport...^[[39m^[[0m
Godot gates (analyzer)	Import the project	2026-10-04T01:43:31.4314955Z [  81% ] ^[[90m^[[1mreimport^[[22m | Preparing files to reimport...^[[39m^[[0m
Godot gates (analyzer)	Import the project	2026-10-04T01:43:31.4315864Z [  81% ] ^[[90m^[[1mreimport^[[22m | Preparing files to reimport...^[[39m^[[0m
Godot gates (analyzer)	Import the project	2026-10-04T01:43:31.4316774Z [  82% ] ^[[90m^[[1mreimport^[[22m | Preparing files to reimport...^[[39m^[[0m
Godot gates (analyzer)	Import the project	2026-10-04T01:43:31.4317818Z [  82% ] ^[[90m^[[1mreimport^[[22m | Preparing files to reimport...^[[39m^[[0m
Godot gates (analyzer)	Import the project	2026-10-04T01:43:31.4318759Z [  82% ] ^[[90m^[[1mreimport^[[22m | Preparing files to reimport...^[[39m^[[0m
Godot gates (analyzer)	Import the project	2026-10-04T01:43:31.4319723Z [  82% ] ^[[90m^[[1mreimport^[[22m | Preparing files to reimport...^[[39m^[[0m
Godot gates (analyzer)	Import the project	2026-10-04T01:43:31.4320627Z [  82% ] ^[[90m^[[1mreimport^[[22m | Preparing files to reimport...^[[39m^[[0m
Godot gates (analyzer)	Import the project	2026-10-04T01:43:31.4321545Z [  82% ] ^[[90m^[[1mreimport^[[22m | Preparing files to reimport...^[[39m^[[0m
Godot gates (analyzer)	Import the project	2026-10-04T01:43:31.4322440Z [  82% ] ^[[90m^[[1mreimport^[[22m | Preparing files to reimport...^[[39m^[[0m
Godot gates (analyzer)	Import the project	2026-10-04T01:43:31.4323349Z [  82% ] ^[[90m^[[1mreimport^[[22m | Preparing files to reimport...^[[39m^[[0m
Godot gates (analyzer)	Import the project	2026-10-04T01:43:31.4324249Z [  83% ] ^[[90m^[[1mreimport^[[22m | Preparing files to reimport...^[[39m^[[0m
Godot gates (analyzer)	Import the project	2026-10-04T01:43:31.4325175Z [  83% ] ^[[90m^[[1mreimport^[[22m | Preparing files to reimport...^[[39m^[[0m
Godot gates (analyzer)	Import the project	2026-10-04T01:43:31.4326080Z [  83% ] ^[[90m^[[1mreimport^[[22m | Preparing files to reimport...^[[39m^[[0m
Godot gates (analyzer)	Import the project	2026-10-04T01:43:31.4327135Z [  83% ] ^[[90m^[[1mreimport^[[22m | Preparing files to reimport...^[[39m^[[0m
Godot gates (analyzer)	Import the project	2026-10-04T01:43:31.4328177Z [  83% ] ^[[90m^[[1mreimport^[[22m | Preparing files to reimport...^[[39m^[[0m
Godot gates (analyzer)	Import the project	2026-10-04T01:43:31.4329023Z [  83% ] ^[[90m^[[1mreimport^[[22m | Preparing files to reimport...^[[39m^[[0m
Godot gates (analyzer)	Import the project	2026-10-04T01:43:31.4329937Z [  83% ] ^[[90m^[[1mreimport^[[22m | Preparing files to reimport...^[[39m^[[0m
Godot gates (analyzer)	Import the project	2026-10-04T01:43:31.4330857Z [  83% ] ^[[90m^[[1mreimport^[[22m | Preparing files to reimport...^[[39m^[[0m
Godot gates (analyzer)	Import the project	2026-10-04T01:43:31.4331878Z [  84% ] ^[[90m^[[1mreimport^[[22m | Preparing files to reimport...^[[39m^[[0m
Godot gates (analyzer)	Import the project	2026-10-04T01:43:31.4332744Z [  84% ] ^[[90m^[[1mreimport^[[22m | Preparing files to reimport...^[[39m^[[0m
Godot gates (analyzer)	Import the project	2026-10-04T01:43:31.4333655Z [  84% ] ^[[90m^[[1mreimport^[[22m | Preparing files to reimport...^[[39m^[[0m
Godot gates (analyzer)	Import the project	2026-10-04T01:43:31.4334559Z [  84% ] ^[[90m^[[1mreimport^[[22m | Preparing files to reimport...^[[39m^[[0m
Godot gates (analyzer)	Import the project	2026-10-04T01:43:31.4335481Z [  84% ] ^[[90m^[[1mreimport^[[22m | Preparing files to reimport...^[[39m^[[0m
Godot gates (analyzer)	Import the project	2026-10-04T01:43:31.4336359Z [  84% ] ^[[90m^[[1mreimport^[[22m | Preparing files to reimport...^[[39m^[[0m
Godot gates (analyzer)	Import the project	2026-10-04T01:43:31.4337391Z [  84% ] ^[[90m^[[1mreimport^[[22m | Preparing files to reimport...^[[39m^[[0m
Godot gates (analyzer)	Import the project	2026-10-04T01:43:31.4338331Z [  84% ] ^[[90m^[[1mreimport^[[22m | Preparing files to reimport...^[[39m^[[0m
Godot gates (analyzer)	Import the project	2026-10-04T01:43:31.4339252Z [  85% ] ^[[90m^[[1mreimport^[[22m | Preparing files to reimport...^[[39m^[[0m
Godot gates (analyzer)	Import the project	2026-10-04T01:43:31.4340162Z [  85% ] ^[[90m^[[1mreimport^[[22m | Preparing files to reimport...^[[39m^[[0m
Godot gates (analyzer)	Import the project	2026-10-04T01:43:31.4342368Z [  85% ] ^[[90m^[[1mreimport^[[22m | Preparing files to reimport...^[[39m^[[0m
Godot gates (analyzer)	Import the project	2026-10-04T01:43:31.4343098Z [  85% ] ^[[90m^[[1mreimport^[[22m | Preparing files to reimport...^[[39m^[[0m
Godot gates (analyzer)	Import the project	2026-10-04T01:43:31.4347848Z [  85% ] ^[[90m^[[1mreimport^[[22m | Preparing files to reimport...^[[39m^[[0m
Godot gates (analyzer)	Import the project	2026-10-04T01:43:31.4348558Z [  85% ] ^[[90m^[[1mreimport^[[22m | Preparing files to reimport...^[[39m^[[0m
Godot gates (analyzer)	Import the project	2026-10-04T01:43:31.4349434Z [  85% ] ^[[90m^[[1mreimport^[[22m | Preparing files to reimport...^[[39m^[[0m
Godot gates (analyzer)	Import the project	2026-10-04T01:43:31.4349955Z [  85% ] ^[[90m^[[1mreimport^[[22m | Preparing files to reimport...^[[39m^[[0m
Godot gates (analyzer)	Import the project	2026-10-04T01:43:31.4350396Z [  86% ] ^[[90m^[[1mreimport^[[22m | Preparing files to reimport...^[[39m^[[0m
Godot gates (analyzer)	Import the project	2026-10-04T01:43:31.4350824Z [  86% ] ^[[90m^[[1mreimport^[[22m | Preparing files to reimport...^[[39m^[[0m
Godot gates (analyzer)	Import the project	2026-10-04T01:43:31.4351261Z [  86% ] ^[[90m^[[1mreimport^[[22m | Preparing files to reimport...^[[39m^[[0m
Godot gates (analyzer)	Import the project	2026-10-04T01:43:31.4351809Z [  86% ] ^[[90m^[[1mreimport^[[22m | Preparing files to reimport...^[[39m^[[0m
Godot gates (analyzer)	Import the project	2026-10-04T01:43:31.4352286Z [  86% ] ^[[90m^[[1mreimport^[[22m | Preparing files to reimport...^[[39m^[[0m
Godot gates (analyzer)	Import the project	2026-10-04T01:43:31.4352731Z [  86% ] ^[[90m^[[1mreimport^[[22m | Preparing files to reimport...^[[39m^[[0m
Godot gates (analyzer)	Import the project	2026-10-04T01:43:31.4353659Z [  86% ] ^[[90m^[[1mreimport^[[22m | Preparing files to reimport...^[[39m^[[0m
Godot gates (analyzer)	Import the project	2026-10-04T01:43:31.4354592Z [  86% ] ^[[90m^[[1mreimport^[[22m | Preparing files to reimport...^[[39m^[[0m
Godot gates (analyzer)	Import the project	2026-10-04T01:43:31.4355511Z [  87% ] ^[[90m^[[1mreimport^[[22m | Preparing files to reimport...^[[39m^[[0m
Godot gates (analyzer)	Import the project	2026-10-04T01:43:31.4356449Z [  87% ] ^[[90m^[[1mreimport^[[22m | Preparing files to reimport...^[[39m^[[0m
Godot gates (analyzer)	Import the project	2026-10-04T01:43:31.4357770Z [  87% ] ^[[90m^[[1mreimport^[[22m | Preparing files to reimport...^[[39m^[[0m
Godot gates (analyzer)	Import the project	2026-10-04T01:43:31.4358846Z [  87% ] ^[[90m^[[1mreimport^[[22m | Preparing files to reimport...^[[39m^[[0m
Godot gates (analyzer)	Import the project	2026-10-04T01:43:31.4359770Z [  87% ] ^[[90m^[[1mreimport^[[22m | Preparing files to reimport...^[[39m^[[0m
Godot gates (analyzer)	Import the project	2026-10-04T01:43:31.4360745Z [  87% ] ^[[90m^[[1mreimport^[[22m | Preparing files to reimport...^[[39m^[[0m
Godot gates (analyzer)	Import the project	2026-10-04T01:43:31.4361623Z [  87% ] ^[[90m^[[1mreimport^[[22m | Preparing files to reimport...^[[39m^[[0m
Godot gates (analyzer)	Import the project	2026-10-04T01:43:31.4362529Z [  87% ] ^[[90m^[[1mreimport^[[22m | Preparing files to reimport...^[[39m^[[0m
Godot gates (analyzer)	Import the project	2026-10-04T01:43:31.4363481Z [  88% ] ^[[90m^[[1mreimport^[[22m | Preparing files to reimport...^[[39m^[[0m
Godot gates (analyzer)	Import the project	2026-10-04T01:43:31.4368065Z [  88% ] ^[[90m^[[1mreimport^[[22m | Preparing files to reimport...^[[39m^[[0m
Godot gates (analyzer)	Import the project	2026-10-04T01:43:31.4368898Z [  88% ] ^[[90m^[[1mreimport^[[22m | Preparing files to reimport...^[[39m^[[0m
Godot gates (analyzer)	Import the project	2026-10-04T01:43:31.4369636Z [  88% ] ^[[90m^[[1mreimport^[[22m | Preparing files to reimport...^[[39m^[[0m
Godot gates (analyzer)	Import the project	2026-10-04T01:43:31.4370885Z [  88% ] ^[[90m^[[1mreimport^[[22m | Preparing files to reimport...^[[39m^[[0m
Godot gates (analyzer)	Import the project	2026-10-04T01:43:31.4373549Z [  88% ] ^[[90m^[[1mreimport^[[22m | Preparing files to reimport...^[[39m^[[0m
Godot gates (analyzer)	Import the project	2026-10-04T01:43:31.4374843Z [  88% ] ^[[90m^[[1mreimport^[[22m | Preparing files to reimport...^[[39m^[[0m
Godot gates (analyzer)	Import the project	2026-10-04T01:43:31.4376349Z [  88% ] ^[[90m^[[1mreimport^[[22m | Preparing files to reimport...^[[39m^[[0m
Godot gates (analyzer)	Import the project	2026-10-04T01:43:31.4378077Z [  89% ] ^[[90m^[[1mreimport^[[22m | Preparing files to reimport...^[[39m^[[0m
Godot gates (analyzer)	Import the project	2026-10-04T01:43:31.4379583Z [  89% ] ^[[90m^[[1mreimport^[[22m | Preparing files to reimport...^[[39m^[[0m
Godot gates (analyzer)	Import the project	2026-10-04T01:43:31.4381092Z [  89% ] ^[[90m^[[1mreimport^[[22m | Preparing files to reimport...^[[39m^[[0m
Godot gates (analyzer)	Import the project	2026-10-04T01:43:31.4382545Z [  89% ] ^[[90m^[[1mreimport^[[22m | Preparing files to reimport...^[[39m^[[0m
Godot gates (analyzer)	Import the project	2026-10-04T01:43:31.4383961Z [  89% ] ^[[90m^[[1mreimport^[[22m | Preparing files to reimport...^[[39m^[[0m
Godot gates (analyzer)	Import the project	2026-10-04T01:43:31.4385342Z [  89% ] ^[[90m^[[1mreimport^[[22m | Preparing files to reimport...^[[39m^[[0m
Godot gates (analyzer)	Import the project	2026-10-04T01:43:31.4387135Z [  89% ] ^[[90m^[[1mreimport^[[22m | Preparing files to reimport...^[[39m^[[0m
Godot gates (analyzer)	Import the project	2026-10-04T01:43:31.4388771Z [  89% ] ^[[90m^[[1mreimport^[[22m | Preparing files to reimport...^[[39m^[[0m
Godot gates (analyzer)	Import the project	2026-10-04T01:43:31.4390355Z [  90% ] ^[[90m^[[1mreimport^[[22m | Preparing files to reimport...^[[39m^[[0m
Godot gates (analyzer)	Import the project	2026-10-04T01:43:31.4391892Z [  90% ] ^[[90m^[[1mreimport^[[22m | Preparing files to reimport...^[[39m^[[0m
Godot gates (analyzer)	Import the project	2026-10-04T01:43:31.4393483Z [  90% ] ^[[90m^[[1mreimport^[[22m | Preparing files to reimport...^[[39m^[[0m
Godot gates (analyzer)	Import the project	2026-10-04T01:43:31.4395034Z [  90% ] ^[[90m^[[1mreimport^[[22m | Preparing files to reimport...^[[39m^[[0m
Godot gates (analyzer)	Import the project	2026-10-04T01:43:31.4396668Z [  90% ] ^[[90m^[[1mreimport^[[22m | Preparing files to reimport...^[[39m^[[0m
Godot gates (analyzer)	Import the project	2026-10-04T01:43:31.4398494Z [  90% ] ^[[90m^[[1mreimport^[[22m | Preparing files to reimport...^[[39m^[[0m
Godot gates (analyzer)	Import the project	2026-10-04T01:43:31.4400138Z [  90% ] ^[[90m^[[1mreimport^[[22m | Preparing files to reimport...^[[39m^[[0m
Godot gates (analyzer)	Import the project	2026-10-04T01:43:31.4401675Z [  90% ] ^[[90m^[[1mreimport^[[22m | Preparing files to reimport...^[[39m^[[0m
Godot gates (analyzer)	Import the project	2026-10-04T01:43:31.4403233Z [  91% ] ^[[90m^[[1mreimport^[[22m | Preparing files to reimport...^[[39m^[[0m
Godot gates (analyzer)	Import the project	2026-10-04T01:43:31.4404862Z [  91% ] ^[[90m^[[1mreimport^[[22m | Preparing files to reimport...^[[39m^[[0m
Godot gates (analyzer)	Import the project	2026-10-04T01:43:31.4406393Z [  91% ] ^[[90m^[[1mreimport^[[22m | Preparing files to reimport...^[[39m^[[0m
Godot gates (analyzer)	Import the project	2026-10-04T01:43:31.4408112Z [  91% ] ^[[90m^[[1mreimport^[[22m | Preparing files to reimport...^[[39m^[[0m
Godot gates (analyzer)	Import the project	2026-10-04T01:43:31.4409662Z [  91% ] ^[[90m^[[1mreimport^[[22m | Preparing files to reimport...^[[39m^[[0m
Godot gates (analyzer)	Import the project	2026-10-04T01:43:31.4411273Z [  91% ] ^[[90m^[[1mreimport^[[22m | Preparing files to reimport...^[[39m^[[0m
Godot gates (analyzer)	Import the project	2026-10-04T01:43:31.4412781Z [  91% ] ^[[90m^[[1mreimport^[[22m | Preparing files to reimport...^[[39m^[[0m
Godot gates (analyzer)	Import the project	2026-10-04T01:43:31.4414346Z [  91% ] ^[[90m^[[1mreimport^[[22m | Preparing files to reimport...^[[39m^[[0m
Godot gates (analyzer)	Import the project	2026-10-04T01:43:31.4415947Z [  92% ] ^[[90m^[[1mreimport^[[22m | Preparing files to reimport...^[[39m^[[0m
Godot gates (analyzer)	Import the project	2026-10-04T01:43:31.4417703Z [  92% ] ^[[90m^[[1mreimport^[[22m | Preparing files to reimport...^[[39m^[[0m
Godot gates (analyzer)	Import the project	2026-10-04T01:43:31.4419276Z [  92% ] ^[[90m^[[1mreimport^[[22m | Preparing files to reimport...^[[39m^[[0m
Godot gates (analyzer)	Import the project	2026-10-04T01:43:31.4420856Z [  92% ] ^[[90m^[[1mreimport^[[22m | Preparing files to reimport...^[[39m^[[0m
Godot gates (analyzer)	Import the project	2026-10-04T01:43:31.4422423Z [  92% ] ^[[90m^[[1mreimport^[[22m | Preparing files to reimport...^[[39m^[[0m
Godot gates (analyzer)	Import the project	2026-10-04T01:43:31.4423984Z [  92% ] ^[[90m^[[1mreimport^[[22m | Preparing files to reimport...^[[39m^[[0m
Godot gates (analyzer)	Import the project	2026-10-04T01:43:31.4425536Z [  92% ] ^[[90m^[[1mreimport^[[22m | Preparing files to reimport...^[[39m^[[0m
Godot gates (analyzer)	Import the project	2026-10-04T01:43:31.4427238Z [  92% ] ^[[90m^[[1mreimport^[[22m | Preparing files to reimport...^[[39m^[[0m
Godot gates (analyzer)	Import the project	2026-10-04T01:43:31.4428876Z [  93% ] ^[[90m^[[1mreimport^[[22m | Preparing files to reimport...^[[39m^[[0m
Godot gates (analyzer)	Import the project	2026-10-04T01:43:31.4430493Z [  93% ] ^[[90m^[[1mreimport^[[22m | Preparing files to reimport...^[[39m^[[0m
Godot gates (analyzer)	Import the project	2026-10-04T01:43:31.4432070Z [  93% ] ^[[90m^[[1mreimport^[[22m | Preparing files to reimport...^[[39m^[[0m
Godot gates (analyzer)	Import the project	2026-10-04T01:43:31.4433625Z [  93% ] ^[[90m^[[1mreimport^[[22m | Preparing files to reimport...^[[39m^[[0m
Godot gates (analyzer)	Import the project	2026-10-04T01:43:31.4435192Z [  93% ] ^[[90m^[[1mreimport^[[22m | Preparing files to reimport...^[[39m^[[0m
Godot gates (analyzer)	Import the project	2026-10-04T01:43:31.4436753Z [  93% ] ^[[90m^[[1mreimport^[[22m | Preparing files to reimport...^[[39m^[[0m
Godot gates (analyzer)	Import the project	2026-10-04T01:43:31.4438549Z [  93% ] ^[[90m^[[1mreimport^[[22m | Preparing files to reimport...^[[39m^[[0m
Godot gates (analyzer)	Import the project	2026-10-04T01:43:31.4440084Z [  93% ] ^[[90m^[[1mreimport^[[22m | Preparing files to reimport...^[[39m^[[0m
Godot gates (analyzer)	Import the project	2026-10-04T01:43:31.4441715Z [  94% ] ^[[90m^[[1mreimport^[[22m | Preparing files to reimport...^[[39m^[[0m
Godot gates (analyzer)	Import the project	2026-10-04T01:43:31.4443274Z [  94% ] ^[[90m^[[1mreimport^[[22m | Preparing files to reimport...^[[39m^[[0m
Godot gates (analyzer)	Import the project	2026-10-04T01:43:31.4444845Z [  94% ] ^[[90m^[[1mreimport^[[22m | Preparing files to reimport...^[[39m^[[0m
Godot gates (analyzer)	Import the project	2026-10-04T01:43:31.4446445Z [  94% ] ^[[90m^[[1mreimport^[[22m | Preparing files to reimport...^[[39m^[[0m
Godot gates (analyzer)	Import the project	2026-10-04T01:43:31.4448221Z [  94% ] ^[[90m^[[1mreimport^[[22m | Preparing files to reimport...^[[39m^[[0m
Godot gates (analyzer)	Import the project	2026-10-04T01:43:31.4449748Z [  94% ] ^[[90m^[[1mreimport^[[22m | Preparing files to reimport...^[[39m^[[0m
Godot gates (analyzer)	Import the project	2026-10-04T01:43:31.4451334Z [  94% ] ^[[90m^[[1mreimport^[[22m | Preparing files to reimport...^[[39m^[[0m
Godot gates (analyzer)	Import the project	2026-10-04T01:43:31.4452905Z [  94% ] ^[[90m^[[1mreimport^[[22m | Preparing files to reimport...^[[39m^[[0m
Godot gates (analyzer)	Import the project	2026-10-04T01:43:31.4454439Z [  95% ] ^[[90m^[[1mreimport^[[22m | Preparing files to reimport...^[[39m^[[0m
Godot gates (analyzer)	Import the project	2026-10-04T01:43:31.4455922Z [  95% ] ^[[90m^[[1mreimport^[[22m | Preparing files to reimport...^[[39m^[[0m
Godot gates (analyzer)	Import the project	2026-10-04T01:43:31.4457494Z [  95% ] ^[[90m^[[1mreimport^[[22m | Preparing files to reimport...^[[39m^[[0m
Godot gates (analyzer)	Import the project	2026-10-04T01:43:31.4459184Z [  95% ] ^[[90m^[[1mreimport^[[22m | Preparing files to reimport...^[[39m^[[0m
Godot gates (analyzer)	Import the project	2026-10-04T01:43:31.4460705Z [  95% ] ^[[90m^[[1mreimport^[[22m | Preparing files to reimport...^[[39m^[[0m
Godot gates (analyzer)	Import the project	2026-10-04T01:43:31.4462273Z [  95% ] ^[[90m^[[1mreimport^[[22m | Preparing files to reimport...^[[39m^[[0m
Godot gates (analyzer)	Import the project	2026-10-04T01:43:31.4463739Z [  95% ] ^[[90m^[[1mreimport^[[22m | Preparing files to reimport...^[[39m^[[0m
Godot gates (analyzer)	Import the project	2026-10-04T01:43:31.4465226Z [  95% ] ^[[90m^[[1mreimport^[[22m | Preparing files to reimport...^[[39m^[[0m
Godot gates (analyzer)	Import the project	2026-10-04T01:43:31.4466687Z [  96% ] ^[[90m^[[1mreimport^[[22m | Preparing files to reimport...^[[39m^[[0m
Godot gates (analyzer)	Import the project	2026-10-04T01:43:31.4468425Z [  96% ] ^[[90m^[[1mreimport^[[22m | Preparing files to reimport...^[[39m^[[0m
Godot gates (analyzer)	Import the project	2026-10-04T01:43:31.4469893Z [  96% ] ^[[90m^[[1mreimport^[[22m | Preparing files to reimport...^[[39m^[[0m
Godot gates (analyzer)	Import the project	2026-10-04T01:43:31.4471335Z [  96% ] ^[[90m^[[1mreimport^[[22m | Preparing files to reimport...^[[39m^[[0m
Godot gates (analyzer)	Import the project	2026-10-04T01:43:31.4472824Z [  96% ] ^[[90m^[[1mreimport^[[22m | Preparing files to reimport...^[[39m^[[0m
Godot gates (analyzer)	Import the project	2026-10-04T01:43:31.4474303Z [  96% ] ^[[90m^[[1mreimport^[[22m | Preparing files to reimport...^[[39m^[[0m
Godot gates (analyzer)	Import the project	2026-10-04T01:43:31.4475751Z [  96% ] ^[[90m^[[1mreimport^[[22m | Preparing files to reimport...^[[39m^[[0m
Godot gates (analyzer)	Import the project	2026-10-04T01:43:31.4477377Z [  96% ] ^[[90m^[[1mreimport^[[22m | Preparing files to reimport...^[[39m^[[0m
Godot gates (analyzer)	Import the project	2026-10-04T01:43:31.4478865Z [  97% ] ^[[90m^[[1mreimport^[[22m | Preparing files to reimport...^[[39m^[[0m
Godot gates (analyzer)	Import the project	2026-10-04T01:43:31.4480330Z [  97% ] ^[[90m^[[1mreimport^[[22m | Preparing files to reimport...^[[39m^[[0m
Godot gates (analyzer)	Import the project	2026-10-04T01:43:31.4481837Z [  97% ] ^[[90m^[[1mreimport^[[22m | Preparing files to reimport...^[[39m^[[0m
Godot gates (analyzer)	Import the project	2026-10-04T01:43:31.4483334Z [  97% ] ^[[90m^[[1mreimport^[[22m | Preparing files to reimport...^[[39m^[[0m
Godot gates (analyzer)	Import the project	2026-10-04T01:43:31.4484788Z [  97% ] ^[[90m^[[1mreimport^[[22m | Preparing files to reimport...^[[39m^[[0m
Godot gates (analyzer)	Import the project	2026-10-04T01:43:31.4486249Z [  97% ] ^[[90m^[[1mreimport^[[22m | Preparing files to reimport...^[[39m^[[0m
Godot gates (analyzer)	Import the project	2026-10-04T01:43:31.4487902Z [  97% ] ^[[90m^[[1mreimport^[[22m | Preparing files to reimport...^[[39m^[[0m
Godot gates (analyzer)	Import the project	2026-10-04T01:43:31.4489389Z [  97% ] ^[[90m^[[1mreimport^[[22m | Preparing files to reimport...^[[39m^[[0m
Godot gates (analyzer)	Import the project	2026-10-04T01:43:31.4490841Z [  98% ] ^[[90m^[[1mreimport^[[22m | Preparing files to reimport...^[[39m^[[0m
Godot gates (analyzer)	Import the project	2026-10-04T01:43:31.4492344Z [  98% ] ^[[90m^[[1mreimport^[[22m | Preparing files to reimport...^[[39m^[[0m
Godot gates (analyzer)	Import the project	2026-10-04T01:43:31.4493782Z [  98% ] ^[[90m^[[1mreimport^[[22m | Preparing files to reimport...^[[39m^[[0m
Godot gates (analyzer)	Import the project	2026-10-04T01:43:31.4495202Z [  98% ] ^[[90m^[[1mreimport^[[22m | Preparing files to reimport...^[[39m^[[0m
Godot gates (analyzer)	Import the project	2026-10-04T01:43:31.4496699Z [  98% ] ^[[90m^[[1mreimport^[[22m | Preparing files to reimport...^[[39m^[[0m
Godot gates (analyzer)	Import the project	2026-10-04T01:43:31.4498385Z [  98% ] ^[[90m^[[1mreimport^[[22m | Preparing files to reimport...^[[39m^[[0m
Godot gates (analyzer)	Import the project	2026-10-04T01:43:31.4499866Z [  98% ] ^[[90m^[[1mreimport^[[22m | Preparing files to reimport...^[[39m^[[0m
Godot gates (analyzer)	Import the project	2026-10-04T01:43:31.4501326Z [  98% ] ^[[90m^[[1mreimport^[[22m | Preparing files to reimport...^[[39m^[[0m
Godot gates (analyzer)	Import the project	2026-10-04T01:43:31.4502794Z [  99% ] ^[[90m^[[1mreimport^[[22m | Preparing files to reimport...^[[39m^[[0m
Godot gates (analyzer)	Import the project	2026-10-04T01:43:31.4504277Z [  99% ] ^[[90m^[[1mreimport^[[22m | Preparing files to reimport...^[[39m^[[0m
Godot gates (analyzer)	Import the project	2026-10-04T01:43:31.4505771Z [  99% ] ^[[90m^[[1mreimport^[[22m | Preparing files to reimport...^[[39m^[[0m
Godot gates (analyzer)	Import the project	2026-10-04T01:43:31.4507420Z [  99% ] ^[[90m^[[1mreimport^[[22m | Preparing files to reimport...^[[39m^[[0m
Godot gates (analyzer)	Import the project	2026-10-04T01:43:31.4508950Z [  99% ] ^[[90m^[[1mreimport^[[22m | Preparing files to reimport...^[[39m^[[0m
Godot gates (analyzer)	Import the project	2026-10-04T01:43:31.4510425Z [  99% ] ^[[90m^[[1mreimport^[[22m | Preparing files to reimport...^[[39m^[[0m
Godot gates (analyzer)	Import the project	2026-10-04T01:43:31.4511867Z [  99% ] ^[[90m^[[1mreimport^[[22m | Preparing files to reimport...^[[39m^[[0m
Godot gates (analyzer)	Import the project	2026-10-04T01:43:31.4516315Z [   0% ] ^[[90m^[[1mreimport^[[22m | Executing pre-reimport operations...^[[39m^[[0m
Godot gates (analyzer)	Import the project	2026-10-04T01:43:31.5018594Z [   0% ] ^[[90m^[[1mpreload_reimporting_scene^[[22m | Started Preparing scenes for reload (1 steps)^[[39m^[[0m
Godot gates (analyzer)	Import the project	2026-10-04T01:43:31.5019672Z [   0% ] ^[[90m^[[1mpreload_reimporting_scene^[[22m | Analyzing scene [empty]^[[39m^[[0m
Godot gates (analyzer)	Import the project	2026-10-04T01:43:31.5020571Z [  50% ] ^[[90m^[[1mpreload_reimporting_scene^[[22m | Preparation done.^[[39m^[[0m
Godot gates (analyzer)	Import the project	2026-10-04T01:43:31.5021737Z ^[[92m[ DONE ]^[[39m ^[[1mpreload_reimporting_scene^[[22m
Godot gates (analyzer)	Import the project	2026-10-04T01:43:31.5022212Z ^[[0m
Godot gates (analyzer)	Import the project	2026-10-04T01:43:31.5022928Z [   0% ] ^[[90m^[[1mreimport^[[22m | NotoSans-SemiBold.ttf^[[39m^[[0m
Godot gates (analyzer)	Import the project	2026-10-04T01:43:31.5150442Z [   0% ] ^[[90m^[[1mreimport^[[22m | NotoSerif-SemiBold.ttf^[[39m^[[0m
Godot gates (analyzer)	Import the project	2026-10-04T01:43:31.5177947Z [   0% ] ^[[90m^[[1mreimport^[[22m | NotoSans-Regular.ttf^[[39m^[[0m
Godot gates (analyzer)	Import the project	2026-10-04T01:43:31.5207809Z [   0% ] ^[[90m^[[1mreimport^[[22m | NotoSans-Medium.ttf^[[39m^[[0m
Godot gates (analyzer)	Import the project	2026-10-04T01:43:31.5246822Z [   0% ] ^[[90m^[[1mreimport^[[22m | NotoSans-Bold.ttf^[[39m^[[0m
Godot gates (analyzer)	Import the project	2026-10-04T01:43:31.5307742Z [   0% ] ^[[90m^[[1mreimport^[[22m | NotoSans-SemiBold.ttf^[[39m^[[0m
Godot gates (analyzer)	Import the project	2026-10-04T01:43:31.7517307Z [   0% ] ^[[90m^[[1mreimport^[[22m | NotoSerif-SemiBold.ttf^[[39m^[[0m
Godot gates (analyzer)	Import the project	2026-10-04T01:43:31.7558223Z [   0% ] ^[[90m^[[1mreimport^[[22m | NotoSans-Regular.ttf^[[39m^[[0m
Godot gates (analyzer)	Import the project	2026-10-04T01:43:31.7688227Z [   0% ] ^[[90m^[[1mreimport^[[22m | NotoSans-Medium.ttf^[[39m^[[0m
Godot gates (analyzer)	Import the project	2026-10-04T01:43:31.8843941Z [   1% ] ^[[90m^[[1mreimport^[[22m | NotoSans-Bold.ttf^[[39m^[[0m
Godot gates (analyzer)	Import the project	2026-10-04T01:43:31.8917658Z [   1% ] ^[[90m^[[1mreimport^[[22m | walk-018.png^[[39m^[[0m
Godot gates (analyzer)	Import the project	2026-10-04T01:43:31.9688383Z [   1% ] ^[[90m^[[1mreimport^[[22m | walk-024.png^[[39m^[[0m
Godot gates (analyzer)	Import the project	2026-10-04T01:43:32.0038233Z [   1% ] ^[[90m^[[1mreimport^[[22m | walk-030.png^[[39m^[[0m
Godot gates (analyzer)	Import the project	2026-10-04T01:43:32.0158035Z [   1% ] ^[[90m^[[1mreimport^[[22m | walk-033.png^[[39m^[[0m
Godot gates (analyzer)	Import the project	2026-10-04T01:43:32.0956842Z [   1% ] ^[[90m^[[1mreimport^[[22m | blend-0.png^[[39m^[[0m
Godot gates (analyzer)	Import the project	2026-10-04T01:43:32.1298224Z [   1% ] ^[[90m^[[1mreimport^[[22m | blend-1.png^[[39m^[[0m
Godot gates (analyzer)	Import the project	2026-10-04T01:43:32.1367739Z [   1% ] ^[[90m^[[1mreimport^[[22m | blend-6.png^[[39m^[[0m
Godot gates (analyzer)	Import the project	2026-10-04T01:43:32.2258418Z [   2% ] ^[[90m^[[1mreimport^[[22m | crouch-00.png^[[39m^[[0m
Godot gates (analyzer)	Import the project	2026-10-04T01:43:32.2568308Z [   2% ] ^[[90m^[[1mreimport^[[22m | crouch-12.png^[[39m^[[0m
Godot gates (analyzer)	Import the project	2026-10-04T01:43:32.2587615Z [   2% ] ^[[90m^[[1mreimport^[[22m | crouch-24.png^[[39m^[[0m
Godot gates (analyzer)	Import the project	2026-10-04T01:43:32.3498175Z [   2% ] ^[[90m^[[1mreimport^[[22m | crouch-36.png^[[39m^[[0m
Godot gates (analyzer)	Import the project	2026-10-04T01:43:32.3768178Z [   2% ] ^[[90m^[[1mreimport^[[22m | crouch-48.png^[[39m^[[0m
Godot gates (analyzer)	Import the project	2026-10-04T01:43:32.3797508Z [   2% ] ^[[90m^[[1mreimport^[[22m | crouch-60.png^[[39m^[[0m
Godot gates (analyzer)	Import the project	2026-10-04T01:43:32.4768279Z [   2% ] ^[[90m^[[1mreimport^[[22m | hammer-00.png^[[39m^[[0m
Godot gates (analyzer)	Import the project	2026-10-04T01:43:32.5028920Z [   2% ] ^[[90m^[[1mreimport^[[22m | hammer-12.png^[[39m^[[0m
Godot gates (analyzer)	Import the project	2026-10-04T01:43:32.5132171Z [   3% ] ^[[90m^[[1mreimport^[[22m | hammer-24.png^[[39m^[[0m
Godot gates (analyzer)	Import the project	2026-10-04T01:43:32.6028320Z [   3% ] ^[[90m^[[1mreimport^[[22m | hammer-36.png^[[39m^[[0m
Godot gates (analyzer)	Import the project	2026-10-04T01:43:32.6208446Z [   3% ] ^[[90m^[[1mreimport^[[22m | hammer-48.png^[[39m^[[0m
Godot gates (analyzer)	Import the project	2026-10-04T01:43:32.6388325Z [   3% ] ^[[90m^[[1mreimport^[[22m | hammer-60.png^[[39m^[[0m
Godot gates (analyzer)	Import the project	2026-10-04T01:43:32.8081871Z [   3% ] ^[[90m^[[1mreimport^[[22m | hammer-72.png^[[39m^[[0m
Godot gates (analyzer)	Import the project	2026-10-04T01:43:32.8188103Z [   3% ] ^[[90m^[[1mreimport^[[22m | hammer-84.png^[[39m^[[0m
Godot gates (analyzer)	Import the project	2026-10-04T01:43:32.8468317Z [   3% ] ^[[90m^[[1mreimport^[[22m | hammer-96.png^[[39m^[[0m
Godot gates (analyzer)	Import the project	2026-10-04T01:43:33.0115461Z [   3% ] ^[[90m^[[1mreimport^[[22m | hammer-108.png^[[39m^[[0m
Godot gates (analyzer)	Import the project	2026-10-04T01:43:33.0137706Z [   4% ] ^[[90m^[[1mreimport^[[22m | idle-012.png^[[39m^[[0m
Godot gates (analyzer)	Import the project	2026-10-04T01:43:33.0476705Z [   4% ] ^[[90m^[[1mreimport^[[22m | idle-018.png^[[39m^[[0m
Godot gates (analyzer)	Import the project	2026-10-04T01:43:33.2118773Z [   4% ] ^[[90m^[[1mreimport^[[22m | idle-024.png^[[39m^[[0m
Godot gates (analyzer)	Import the project	2026-10-04T01:43:33.2147786Z [   4% ] ^[[90m^[[1mreimport^[[22m | idle-030.png^[[39m^[[0m
Godot gates (analyzer)	Import the project	2026-10-04T01:43:33.2565144Z [   4% ] ^[[90m^[[1mreimport^[[22m | idle-036.png^[[39m^[[0m
Godot gates (analyzer)	Import the project	2026-10-04T01:43:33.4099889Z [   4% ] ^[[90m^[[1mreimport^[[22m | idle-042.png^[[39m^[[0m
Godot gates (analyzer)	Import the project	2026-10-04T01:43:33.4247879Z [   4% ] ^[[90m^[[1mreimport^[[22m | idle-048.png^[[39m^[[0m
Godot gates (analyzer)	Import the project	2026-10-04T01:43:33.4630028Z [   4% ] ^[[90m^[[1mreimport^[[22m | idle-054.png^[[39m^[[0m
Godot gates (analyzer)	Import the project	2026-10-04T01:43:33.6080299Z [   5% ] ^[[90m^[[1mreimport^[[22m | idle-060.png^[[39m^[[0m
Godot gates (analyzer)	Import the project	2026-10-04T01:43:33.6308149Z [   5% ] ^[[90m^[[1mreimport^[[22m | idle-066.png^[[39m^[[0m
Godot gates (analyzer)	Import the project	2026-10-04T01:43:33.6712331Z [   5% ] ^[[90m^[[1mreimport^[[22m | idle-072.png^[[39m^[[0m
Godot gates (analyzer)	Import the project	2026-10-04T01:43:33.8108495Z [   5% ] ^[[90m^[[1mreimport^[[22m | idle-078.png^[[39m^[[0m
Godot gates (analyzer)	Import the project	2026-10-04T01:43:33.8378310Z [   5% ] ^[[90m^[[1mreimport^[[22m | idle-084.png^[[39m^[[0m
Godot gates (analyzer)	Import the project	2026-10-04T01:43:33.8778225Z [   5% ] ^[[90m^[[1mreimport^[[22m | idle-090.png^[[39m^[[0m
Godot gates (analyzer)	Import the project	2026-10-04T01:43:34.0108432Z [   5% ] ^[[90m^[[1mreimport^[[22m | idle-096.png^[[39m^[[0m
Godot gates (analyzer)	Import the project	2026-10-04T01:43:34.0398205Z [   5% ] ^[[90m^[[1mreimport^[[22m | idle-102.png^[[39m^[[0m
Godot gates (analyzer)	Import the project	2026-10-04T01:43:34.0908252Z [   6% ] ^[[90m^[[1mreimport^[[22m | idle-108.png^[[39m^[[0m
Godot gates (analyzer)	Import the project	2026-10-04T01:43:34.2158261Z [   6% ] ^[[90m^[[1mreimport^[[22m | idle-114.png^[[39m^[[0m
Godot gates (analyzer)	Import the project	2026-10-04T01:43:34.2217552Z [   6% ] ^[[90m^[[1mreimport^[[22m | idle-120.png^[[39m^[[0m
Godot gates (analyzer)	Import the project	2026-10-04T01:43:34.2508090Z [   6% ] ^[[90m^[[1mreimport^[[22m | idle-121.png^[[39m^[[0m
Godot gates (analyzer)	Import the project	2026-10-04T01:43:34.3358379Z [   6% ] ^[[90m^[[1mreimport^[[22m | walk-000.png^[[39m^[[0m
Godot gates (analyzer)	Import the project	2026-10-04T01:43:34.3487951Z [   6% ] ^[[90m^[[1mreimport^[[22m | walk-006.png^[[39m^[[0m
Godot gates (analyzer)	Import the project	2026-10-04T01:43:34.3718196Z [   6% ] ^[[90m^[[1mreimport^[[22m | walk-012.png^[[39m^[[0m
Godot gates (analyzer)	Import the project	2026-10-04T01:43:34.4578086Z [   6% ] ^[[90m^[[1mreimport^[[22m | walk-60.png^[[39m^[[0m
Godot gates (analyzer)	Import the project	2026-10-04T01:43:34.4805732Z [   7% ] ^[[90m^[[1mreimport^[[22m | blend-0.png^[[39m^[[0m
Godot gates (analyzer)	Import the project	2026-10-04T01:43:34.4998204Z [   7% ] ^[[90m^[[1mreimport^[[22m | blend-1.png^[[39m^[[0m
Godot gates (analyzer)	Import the project	2026-10-04T01:43:34.5808117Z [   7% ] ^[[90m^[[1mreimport^[[22m | blend-6.png^[[39m^[[0m
Godot gates (analyzer)	Import the project	2026-10-04T01:43:34.6078151Z [   7% ] ^[[90m^[[1mreimport^[[22m | crouch-00.png^[[39m^[[0m
Godot gates (analyzer)	Import the project	2026-10-04T01:43:34.6258277Z [   7% ] ^[[90m^[[1mreimport^[[22m | crouch-12.png^[[39m^[[0m
Godot gates (analyzer)	Import the project	2026-10-04T01:43:34.7038518Z [   7% ] ^[[90m^[[1mreimport^[[22m | crouch-24.png^[[39m^[[0m
Godot gates (analyzer)	Import the project	2026-10-04T01:43:34.7338197Z [   7% ] ^[[90m^[[1mreimport^[[22m | crouch-36.png^[[39m^[[0m
Godot gates (analyzer)	Import the project	2026-10-04T01:43:34.7503895Z [   7% ] ^[[90m^[[1mreimport^[[22m | crouch-48.png^[[39m^[[0m
Godot gates (analyzer)	Import the project	2026-10-04T01:43:34.8208140Z [   8% ] ^[[90m^[[1mreimport^[[22m | crouch-60.png^[[39m^[[0m
Godot gates (analyzer)	Import the project	2026-10-04T01:43:34.8608250Z [   8% ] ^[[90m^[[1mreimport^[[22m | hammer-00.png^[[39m^[[0m
Godot gates (analyzer)	Import the project	2026-10-04T01:43:34.8828043Z [   8% ] ^[[90m^[[1mreimport^[[22m | hammer-12.png^[[39m^[[0m
Godot gates (analyzer)	Import the project	2026-10-04T01:43:34.9494786Z [   8% ] ^[[90m^[[1mreimport^[[22m | hammer-24.png^[[39m^[[0m
Godot gates (analyzer)	Import the project	2026-10-04T01:43:34.9858186Z [   8% ] ^[[90m^[[1mreimport^[[22m | hammer-36.png^[[39m^[[0m
Godot gates (analyzer)	Import the project	2026-10-04T01:43:35.0058099Z [   8% ] ^[[90m^[[1mreimport^[[22m | hammer-48.png^[[39m^[[0m
Godot gates (analyzer)	Import the project	2026-10-04T01:43:35.0708173Z [   8% ] ^[[90m^[[1mreimport^[[22m | hammer-60.png^[[39m^[[0m
Godot gates (analyzer)	Import the project	2026-10-04T01:43:35.1118118Z [   8% ] ^[[90m^[[1mreimport^[[22m | hammer-72.png^[[39m^[[0m
Godot gates (analyzer)	Import the project	2026-10-04T01:43:35.1328151Z [   9% ] ^[[90m^[[1mreimport^[[22m | hammer-84.png^[[39m^[[0m
Godot gates (analyzer)	Import the project	2026-10-04T01:43:35.1907774Z [   9% ] ^[[90m^[[1mreimport^[[22m | hammer-96.png^[[39m^[[0m
Godot gates (analyzer)	Import the project	2026-10-04T01:43:35.2368115Z [   9% ] ^[[90m^[[1mreimport^[[22m | hammer-108.png^[[39m^[[0m
Godot gates (analyzer)	Import the project	2026-10-04T01:43:35.2577907Z [   9% ] ^[[90m^[[1mreimport^[[22m | idle-00.png^[[39m^[[0m
Godot gates (analyzer)	Import the project	2026-10-04T01:43:35.3078174Z [   9% ] ^[[90m^[[1mreimport^[[22m | idle-12.png^[[39m^[[0m
Godot gates (analyzer)	Import the project	2026-10-04T01:43:35.3618120Z [   9% ] ^[[90m^[[1mreimport^[[22m | idle-24.png^[[39m^[[0m
Godot gates (analyzer)	Import the project	2026-10-04T01:43:35.3828128Z [   9% ] ^[[90m^[[1mreimport^[[22m | idle-36.png^[[39m^[[0m
Godot gates (analyzer)	Import the project	2026-10-04T01:43:35.4278064Z [   9% ] ^[[90m^[[1mreimport^[[22m | idle-48.png^[[39m^[[0m
Godot gates (analyzer)	Import the project	2026-10-04T01:43:35.4868269Z [  10% ] ^[[90m^[[1mreimport^[[22m | idle-60.png^[[39m^[[0m
Godot gates (analyzer)	Import the project	2026-10-04T01:43:35.5068116Z [  10% ] ^[[90m^[[1mreimport^[[22m | idle-00.png^[[39m^[[0m
Godot gates (analyzer)	Import the project	2026-10-04T01:43:35.5483749Z [  10% ] ^[[90m^[[1mreimport^[[22m | idle-12.png^[[39m^[[0m
Godot gates (analyzer)	Import the project	2026-10-04T01:43:35.6108191Z [  10% ] ^[[90m^[[1mreimport^[[22m | idle-24.png^[[39m^[[0m
Godot gates (analyzer)	Import the project	2026-10-04T01:43:35.6298146Z [  10% ] ^[[90m^[[1mreimport^[[22m | idle-36.png^[[39m^[[0m
Godot gates (analyzer)	Import the project	2026-10-04T01:43:35.6665906Z [  10% ] ^[[90m^[[1mreimport^[[22m | idle-48.png^[[39m^[[0m
Godot gates (analyzer)	Import the project	2026-10-04T01:43:35.7338143Z [  10% ] ^[[90m^[[1mreimport^[[22m | idle-60.png^[[39m^[[0m
Godot gates (analyzer)	Import the project	2026-10-04T01:43:35.7578205Z [  10% ] ^[[90m^[[1mreimport^[[22m | idle-72.png^[[39m^[[0m
Godot gates (analyzer)	Import the project	2026-10-04T01:43:35.7898106Z [  11% ] ^[[90m^[[1mreimport^[[22m | idle-84.png^[[39m^[[0m
Godot gates (analyzer)	Import the project	2026-10-04T01:43:35.8618254Z [  11% ] ^[[90m^[[1mreimport^[[22m | idle-96.png^[[39m^[[0m
Godot gates (analyzer)	Import the project	2026-10-04T01:43:35.8838175Z [  11% ] ^[[90m^[[1mreimport^[[22m | idle-108.png^[[39m^[[0m
Godot gates (analyzer)	Import the project	2026-10-04T01:43:35.9148199Z [  11% ] ^[[90m^[[1mreimport^[[22m | idle-120.png^[[39m^[[0m
Godot gates (analyzer)	Import the project	2026-10-04T01:43:35.9908376Z [  11% ] ^[[90m^[[1mreimport^[[22m | idle-132.png^[[39m^[[0m
Godot gates (analyzer)	Import the project	2026-10-04T01:43:36.0118130Z [  11% ] ^[[90m^[[1mreimport^[[22m | idle-144.png^[[39m^[[0m
Godot gates (analyzer)	Import the project	2026-10-04T01:43:36.0357936Z [  11% ] ^[[90m^[[1mreimport^[[22m | idle-156.png^[[39m^[[0m
Godot gates (analyzer)	Import the project	2026-10-04T01:43:36.1136858Z [  11% ] ^[[90m^[[1mreimport^[[22m | idle-168.png^[[39m^[[0m
Godot gates (analyzer)	Import the project	2026-10-04T01:43:36.1348041Z [  12% ] ^[[90m^[[1mreimport^[[22m | idle-180.png^[[39m^[[0m
Godot gates (analyzer)	Import the project	2026-10-04T01:43:36.1534547Z [  12% ] ^[[90m^[[1mreimport^[[22m | idle-192.png^[[39m^[[0m
Godot gates (analyzer)	Import the project	2026-10-04T01:43:36.2438174Z [  12% ] ^[[90m^[[1mreimport^[[22m | idle-204.png^[[39m^[[0m
Godot gates (analyzer)	Import the project	2026-10-04T01:43:36.2598062Z [  12% ] ^[[90m^[[1mreimport^[[22m | idle-216.png^[[39m^[[0m
Godot gates (analyzer)	Import the project	2026-10-04T01:43:36.2748069Z [  12% ] ^[[90m^[[1mreimport^[[22m | idle-228.png^[[39m^[[0m
Godot gates (analyzer)	Import the project	2026-10-04T01:43:36.3748083Z [  12% ] ^[[90m^[[1mreimport^[[22m | idle-240.png^[[39m^[[0m
Godot gates (analyzer)	Import the project	2026-10-04T01:43:36.3897837Z [  12% ] ^[[90m^[[1mreimport^[[22m | walk-00.png^[[39m^[[0m
Godot gates (analyzer)	Import the project	2026-10-04T01:43:36.4618059Z [  12% ] ^[[90m^[[1mreimport^[[22m | walk-12.png^[[39m^[[0m
Godot gates (analyzer)	Import the project	2026-10-04T01:43:36.5698120Z [  13% ] ^[[90m^[[1mreimport^[[22m | walk-24.png^[[39m^[[0m
Godot gates (analyzer)	Import the project	2026-10-04T01:43:36.5812580Z [  13% ] ^[[90m^[[1mreimport^[[22m | walk-36.png^[[39m^[[0m
Godot gates (analyzer)	Import the project	2026-10-04T01:43:36.6488049Z [  13% ] ^[[90m^[[1mreimport^[[22m | walk-48.png^[[39m^[[0m
Godot gates (analyzer)	Import the project	2026-10-04T01:43:36.7781884Z [  13% ] ^[[90m^[[1mreimport^[[22m | idle-048.png^[[39m^[[0m
Godot gates (analyzer)	Import the project	2026-10-04T01:43:36.7807716Z [  13% ] ^[[90m^[[1mreimport^[[22m | idle-054.png^[[39m^[[0m
Godot gates (analyzer)	Import the project	2026-10-04T01:43:36.8378161Z [  13% ] ^[[90m^[[1mreimport^[[22m | idle-060.png^[[39m^[[0m
Godot gates (analyzer)	Import the project	2026-10-04T01:43:36.9808244Z [  13% ] ^[[90m^[[1mreimport^[[22m | idle-066.png^[[39m^[[0m
Godot gates (analyzer)	Import the project	2026-10-04T01:43:36.9837629Z [  13% ] ^[[90m^[[1mreimport^[[22m | idle-072.png^[[39m^[[0m
Godot gates (analyzer)	Import the project	2026-10-04T01:43:37.0278199Z [  14% ] ^[[90m^[[1mreimport^[[22m | idle-078.png^[[39m^[[0m
Godot gates (analyzer)	Import the project	2026-10-04T01:43:37.1833295Z [  14% ] ^[[90m^[[1mreimport^[[22m | idle-084.png^[[39m^[[0m
Godot gates (analyzer)	Import the project	2026-10-04T01:43:37.1857566Z [  14% ] ^[[90m^[[1mreimport^[[22m | idle-090.png^[[39m^[[0m
Godot gates (analyzer)	Import the project	2026-10-04T01:43:37.2178441Z [  14% ] ^[[90m^[[1mreimport^[[22m | idle-096.png^[[39m^[[0m
Godot gates (analyzer)	Import the project	2026-10-04T01:43:37.3738310Z [  14% ] ^[[90m^[[1mreimport^[[22m | idle-102.png^[[39m^[[0m
Godot gates (analyzer)	Import the project	2026-10-04T01:43:37.4008329Z [  14% ] ^[[90m^[[1mreimport^[[22m | idle-108.png^[[39m^[[0m
Godot gates (analyzer)	Import the project	2026-10-04T01:43:37.4148113Z [  14% ] ^[[90m^[[1mreimport^[[22m | idle-114.png^[[39m^[[0m
Godot gates (analyzer)	Import the project	2026-10-04T01:43:37.5648430Z [  14% ] ^[[90m^[[1mreimport^[[22m | idle-120.png^[[39m^[[0m
Godot gates (analyzer)	Import the project	2026-10-04T01:43:37.6008214Z [  15% ] ^[[90m^[[1mreimport^[[22m | idle-121.png^[[39m^[[0m
Godot gates (analyzer)	Import the project	2026-10-04T01:43:37.6190171Z [  15% ] ^[[90m^[[1mreimport^[[22m | walk-000.png^[[39m^[[0m
Godot gates (analyzer)	Import the project	2026-10-04T01:43:37.7558299Z [  15% ] ^[[90m^[[1mreimport^[[22m | walk-006.png^[[39m^[[0m
Godot gates (analyzer)	Import the project	2026-10-04T01:43:37.7973216Z [  15% ] ^[[90m^[[1mreimport^[[22m | walk-012.png^[[39m^[[0m
Godot gates (analyzer)	Import the project	2026-10-04T01:43:37.8228159Z [  15% ] ^[[90m^[[1mreimport^[[22m | walk-018.png^[[39m^[[0m
Godot gates (analyzer)	Import the project	2026-10-04T01:43:37.9428498Z [  15% ] ^[[90m^[[1mreimport^[[22m | walk-024.png^[[39m^[[0m
Godot gates (analyzer)	Import the project	2026-10-04T01:43:37.9958159Z [  15% ] ^[[90m^[[1mreimport^[[22m | walk-030.png^[[39m^[[0m
Godot gates (analyzer)	Import the project	2026-10-04T01:43:38.0287880Z [  15% ] ^[[90m^[[1mreimport^[[22m | walk-033.png^[[39m^[[0m
Godot gates (analyzer)	Import the project	2026-10-04T01:43:38.1468522Z [  16% ] ^[[90m^[[1mreimport^[[22m | heavy_hammer_swing-000.png^[[39m^[[0m
Godot gates (analyzer)	Import the project	2026-10-04T01:43:38.2098209Z [  16% ] ^[[90m^[[1mreimport^[[22m | heavy_hammer_swing-006.png^[[39m^[[0m
Godot gates (analyzer)	Import the project	2026-10-04T01:43:38.2398287Z [  16% ] ^[[90m^[[1mreimport^[[22m | heavy_hammer_swing-012.png^[[39m^[[0m
Godot gates (analyzer)	Import the project	2026-10-04T01:43:38.3488334Z [  16% ] ^[[90m^[[1mreimport^[[22m | walk-006.png^[[39m^[[0m
Godot gates (analyzer)	Import the project	2026-10-04T01:43:38.4228260Z [  16% ] ^[[90m^[[1mreimport^[[22m | walk-012.png^[[39m^[[0m
Godot gates (analyzer)	Import the project	2026-10-04T01:43:38.4474477Z [  16% ] ^[[90m^[[1mreimport^[[22m | walk-018.png^[[39m^[[0m
Godot gates (analyzer)	Import the project	2026-10-04T01:43:38.5488270Z [  16% ] ^[[90m^[[1mreimport^[[22m | walk-024.png^[[39m^[[0m
Godot gates (analyzer)	Import the project	2026-10-04T01:43:38.6308506Z [  16% ] ^[[90m^[[1mreimport^[[22m | walk-030.png^[[39m^[[0m
Godot gates (analyzer)	Import the project	2026-10-04T01:43:38.6528416Z [  17% ] ^[[90m^[[1mreimport^[[22m | walk-033.png^[[39m^[[0m
Godot gates (analyzer)	Import the project	2026-10-04T01:43:38.7458339Z [  17% ] ^[[90m^[[1mreimport^[[22m | heavy_hammer_swing-000.png^[[39m^[[0m
Godot gates (analyzer)	Import the project	2026-10-04T01:43:38.8404606Z [  17% ] ^[[90m^[[1mreimport^[[22m | heavy_hammer_swing-006.png^[[39m^[[0m
Godot gates (analyzer)	Import the project	2026-10-04T01:43:38.8628178Z [  17% ] ^[[90m^[[1mreimport^[[22m | heavy_hammer_swing-012.png^[[39m^[[0m
Godot gates (analyzer)	Import the project	2026-10-04T01:43:38.9438321Z [  17% ] ^[[90m^[[1mreimport^[[22m | heavy_hammer_swing-018.png^[[39m^[[0m
Godot gates (analyzer)	Import the project	2026-10-04T01:43:39.0438607Z [  17% ] ^[[90m^[[1mreimport^[[22m | heavy_hammer_swing-024.png^[[39m^[[0m
Godot gates (analyzer)	Import the project	2026-10-04T01:43:39.0587964Z [  17% ] ^[[90m^[[1mreimport^[[22m | heavy_hammer_swing-030.png^[[39m^[[0m
Godot gates (analyzer)	Import the project	2026-10-04T01:43:39.1328310Z [  17% ] ^[[90m^[[1mreimport^[[22m | heavy_hammer_swing-036.png^[[39m^[[0m
Godot gates (analyzer)	Import the project	2026-10-04T01:43:39.2398408Z [  18% ] ^[[90m^[[1mreimport^[[22m | heavy_hammer_swing-042.png^[[39m^[[0m
Godot gates (analyzer)	Import the project	2026-10-04T01:43:39.2549009Z [  18% ] ^[[90m^[[1mreimport^[[22m | heavy_hammer_swing-048.png^[[39m^[[0m
Godot gates (analyzer)	Import the project	2026-10-04T01:43:39.3198220Z [  18% ] ^[[90m^[[1mreimport^[[22m | heavy_hammer_swing-054.png^[[39m^[[0m
Godot gates (analyzer)	Import the project	2026-10-04T01:43:39.4368376Z [  18% ] ^[[90m^[[1mreimport^[[22m | heavy_hammer_swing-057.png^[[39m^[[0m
Godot gates (analyzer)	Import the project	2026-10-04T01:43:39.4537849Z [  18% ] ^[[90m^[[1mreimport^[[22m | idle-000.png^[[39m^[[0m
Godot gates (analyzer)	Import the project	2026-10-04T01:43:39.5068178Z [  18% ] ^[[90m^[[1mreimport^[[22m | idle-006.png^[[39m^[[0m
Godot gates (analyzer)	Import the project	2026-10-04T01:43:39.6365975Z [  18% ] ^[[90m^[[1mreimport^[[22m | idle-012.png^[[39m^[[0m
Godot gates (analyzer)	Import the project	2026-10-04T01:43:39.6527612Z [  18% ] ^[[90m^[[1mreimport^[[22m | idle-018.png^[[39m^[[0m
Godot gates (analyzer)	Import the project	2026-10-04T01:43:39.7057932Z [  19% ] ^[[90m^[[1mreimport^[[22m | idle-024.png^[[39m^[[0m
Godot gates (analyzer)	Import the project	2026-10-04T01:43:39.8488318Z [  19% ] ^[[90m^[[1mreimport^[[22m | idle-030.png^[[39m^[[0m
Godot gates (analyzer)	Import the project	2026-10-04T01:43:39.8607968Z [  19% ] ^[[90m^[[1mreimport^[[22m | idle-036.png^[[39m^[[0m
Godot gates (analyzer)	Import the project	2026-10-04T01:43:39.9028165Z [  19% ] ^[[90m^[[1mreimport^[[22m | idle-042.png^[[39m^[[0m
Godot gates (analyzer)	Import the project	2026-10-04T01:43:40.0588217Z [  19% ] ^[[90m^[[1mreimport^[[22m | idle-102.png^[[39m^[[0m
Godot gates (analyzer)	Import the project	2026-10-04T01:43:40.0729034Z [  19% ] ^[[90m^[[1mreimport^[[22m | idle-108.png^[[39m^[[0m
Godot gates (analyzer)	Import the project	2026-10-04T01:43:40.1022822Z [  19% ] ^[[90m^[[1mreimport^[[22m | idle-114.png^[[39m^[[0m
Godot gates (analyzer)	Import the project	2026-10-04T01:43:40.2708219Z [  19% ] ^[[90m^[[1mreimport^[[22m | idle-120.png^[[39m^[[0m
Godot gates (analyzer)	Import the project	2026-10-04T01:43:40.2854953Z [  20% ] ^[[90m^[[1mreimport^[[22m | idle-121.png^[[39m^[[0m
Godot gates (analyzer)	Import the project	2026-10-04T01:43:40.3019666Z [  20% ] ^[[90m^[[1mreimport^[[22m | walk-000.png^[[39m^[[0m
Godot gates (analyzer)	Import the project	2026-10-04T01:43:40.4858397Z [  20% ] ^[[90m^[[1mreimport^[[22m | walk-006.png^[[39m^[[0m
Godot gates (analyzer)	Import the project	2026-10-04T01:43:40.4937716Z [  20% ] ^[[90m^[[1mreimport^[[22m | walk-012.png^[[39m^[[0m
Godot gates (analyzer)	Import the project	2026-10-04T01:43:40.4997669Z [  20% ] ^[[90m^[[1mreimport^[[22m | walk-018.png^[[39m^[[0m
Godot gates (analyzer)	Import the project	2026-10-04T01:43:40.6838232Z [  20% ] ^[[90m^[[1mreimport^[[22m | walk-024.png^[[39m^[[0m
Godot gates (analyzer)	Import the project	2026-10-04T01:43:40.6867816Z [  20% ] ^[[90m^[[1mreimport^[[22m | walk-030.png^[[39m^[[0m
Godot gates (analyzer)	Import the project	2026-10-04T01:43:40.7018136Z [  20% ] ^[[90m^[[1mreimport^[[22m | walk-033.png^[[39m^[[0m
Godot gates (analyzer)	Import the project	2026-10-04T01:43:40.8798279Z [  21% ] ^[[90m^[[1mreimport^[[22m | heavy_hammer_swing-000.png^[[39m^[[0m
Godot gates (analyzer)	Import the project	2026-10-04T01:43:40.8948342Z [  21% ] ^[[90m^[[1mreimport^[[22m | heavy_hammer_swing-006.png^[[39m^[[0m
Godot gates (analyzer)	Import the project	2026-10-04T01:43:40.9158182Z [  21% ] ^[[90m^[[1mreimport^[[22m | heavy_hammer_swing-012.png^[[39m^[[0m
Godot gates (analyzer)	Import the project	2026-10-04T01:43:41.0778341Z [  21% ] ^[[90m^[[1mreimport^[[22m | heavy_hammer_swing-018.png^[[39m^[[0m
Godot gates (analyzer)	Import the project	2026-10-04T01:43:41.0958312Z [  21% ] ^[[90m^[[1mreimport^[[22m | heavy_hammer_swing-024.png^[[39m^[[0m
Godot gates (analyzer)	Import the project	2026-10-04T01:43:41.1168316Z [  21% ] ^[[90m^[[1mreimport^[[22m | heavy_hammer_swing-030.png^[[39m^[[0m
Godot gates (analyzer)	Import the project	2026-10-04T01:43:41.2688448Z [  21% ] ^[[90m^[[1mreimport^[[22m | heavy_hammer_swing-036.png^[[39m^[[0m
Godot gates (analyzer)	Import the project	2026-10-04T01:43:41.3028230Z [  21% ] ^[[90m^[[1mreimport^[[22m | heavy_hammer_swing-042.png^[[39m^[[0m
Godot gates (analyzer)	Import the project	2026-10-04T01:43:41.3237983Z [  22% ] ^[[90m^[[1mreimport^[[22m | heavy_hammer_swing-048.png^[[39m^[[0m
Godot gates (analyzer)	Import the project	2026-10-04T01:43:41.4627925Z [  22% ] ^[[90m^[[1mreimport^[[22m | heavy_hammer_swing-054.png^[[39m^[[0m
Godot gates (analyzer)	Import the project	2026-10-04T01:43:41.5075759Z [  22% ] ^[[90m^[[1mreimport^[[22m | heavy_hammer_swing-057.png^[[39m^[[0m
Godot gates (analyzer)	Import the project	2026-10-04T01:43:41.5318045Z [  22% ] ^[[90m^[[1mreimport^[[22m | idle-000.png^[[39m^[[0m
Godot gates (analyzer)	Import the project	2026-10-04T01:43:41.6611715Z [  22% ] ^[[90m^[[1mreimport^[[22m | idle-006.png^[[39m^[[0m
Godot gates (analyzer)	Import the project	2026-10-04T01:43:41.7137831Z [  22% ] ^[[90m^[[1mreimport^[[22m | heavy_hammer_swing-018.png^[[39m^[[0m
Godot gates (analyzer)	Import the project	2026-10-04T01:43:41.7317654Z [  22% ] ^[[90m^[[1mreimport^[[22m | heavy_hammer_swing-024.png^[[39m^[[0m
Godot gates (analyzer)	Import the project	2026-10-04T01:43:41.8558230Z [  22% ] ^[[90m^[[1mreimport^[[22m | heavy_hammer_swing-030.png^[[39m^[[0m
Godot gates (analyzer)	Import the project	2026-10-04T01:43:41.9138440Z [  23% ] ^[[90m^[[1mreimport^[[22m | heavy_hammer_swing-036.png^[[39m^[[0m
Godot gates (analyzer)	Import the project	2026-10-04T01:43:41.9378015Z [  23% ] ^[[90m^[[1mreimport^[[22m | heavy_hammer_swing-042.png^[[39m^[[0m
Godot gates (analyzer)	Import the project	2026-10-04T01:43:42.0528041Z [  23% ] ^[[90m^[[1mreimport^[[22m | heavy_hammer_swing-048.png^[[39m^[[0m
Godot gates (analyzer)	Import the project	2026-10-04T01:43:42.1218188Z [  23% ] ^[[90m^[[1mreimport^[[22m | heavy_hammer_swing-054.png^[[39m^[[0m
Godot gates (analyzer)	Import the project	2026-10-04T01:43:42.1457907Z [  23% ] ^[[90m^[[1mreimport^[[22m | heavy_hammer_swing-057.png^[[39m^[[0m
Godot gates (analyzer)	Import the project	2026-10-04T01:43:42.2541155Z [  23% ] ^[[90m^[[1mreimport^[[22m | idle-000.png^[[39m^[[0m
Godot gates (analyzer)	Import the project	2026-10-04T01:43:42.3259122Z [  23% ] ^[[90m^[[1mreimport^[[22m | idle-006.png^[[39m^[[0m
Godot gates (analyzer)	Import the project	2026-10-04T01:43:42.3458020Z [  23% ] ^[[90m^[[1mreimport^[[22m | idle-012.png^[[39m^[[0m
Godot gates (analyzer)	Import the project	2026-10-04T01:43:42.4447232Z [  24% ] ^[[90m^[[1mreimport^[[22m | idle-018.png^[[39m^[[0m
Godot gates (analyzer)	Import the project	2026-10-04T01:43:42.5258205Z [  24% ] ^[[90m^[[1mreimport^[[22m | idle-024.png^[[39m^[[0m
Godot gates (analyzer)	Import the project	2026-10-04T01:43:42.5498179Z [  24% ] ^[[90m^[[1mreimport^[[22m | idle-030.png^[[39m^[[0m
Godot gates (analyzer)	Import the project	2026-10-04T01:43:42.6458270Z [  24% ] ^[[90m^[[1mreimport^[[22m | idle-036.png^[[39m^[[0m
Godot gates (analyzer)	Import the project	2026-10-04T01:43:42.7318134Z [  24% ] ^[[90m^[[1mreimport^[[22m | idle-042.png^[[39m^[[0m
Godot gates (analyzer)	Import the project	2026-10-04T01:43:42.7598308Z [  24% ] ^[[90m^[[1mreimport^[[22m | idle-048.png^[[39m^[[0m
Godot gates (analyzer)	Import the project	2026-10-04T01:43:42.8448301Z [  24% ] ^[[90m^[[1mreimport^[[22m | idle-054.png^[[39m^[[0m
Godot gates (analyzer)	Import the project	2026-10-04T01:43:42.9393497Z [  24% ] ^[[90m^[[1mreimport^[[22m | idle-060.png^[[39m^[[0m
Godot gates (analyzer)	Import the project	2026-10-04T01:43:42.9437677Z [  25% ] ^[[90m^[[1mreimport^[[22m | idle-066.png^[[39m^[[0m
Godot gates (analyzer)	Import the project	2026-10-04T01:43:42.9463532Z [  25% ] ^[[90m^[[1mreimport^[[22m | idle-072.png^[[39m^[[0m
Godot gates (analyzer)	Import the project	2026-10-04T01:43:42.9477383Z [  25% ] ^[[90m^[[1mreimport^[[22m | idle-078.png^[[39m^[[0m
Godot gates (analyzer)	Import the project	2026-10-04T01:43:42.9497632Z [  25% ] ^[[90m^[[1mreimport^[[22m | idle-084.png^[[39m^[[0m
Godot gates (analyzer)	Import the project	2026-10-04T01:43:42.9519197Z [  25% ] ^[[90m^[[1mreimport^[[22m | idle-090.png^[[39m^[[0m
Godot gates (analyzer)	Import the project	2026-10-04T01:43:42.9569601Z [  25% ] ^[[90m^[[1mreimport^[[22m | idle-096.png^[[39m^[[0m
Godot gates (analyzer)	Import the project	2026-10-04T01:43:42.9570347Z [  25% ] ^[[90m^[[1mreimport^[[22m | journal_corner_bl.svg^[[39m^[[0m
Godot gates (analyzer)	Import the project	2026-10-04T01:43:42.9578995Z [  25% ] ^[[90m^[[1mreimport^[[22m | journal_corner_br.svg^[[39m^[[0m
Godot gates (analyzer)	Import the project	2026-10-04T01:43:42.9607773Z [  26% ] ^[[90m^[[1mreimport^[[22m | journal_corner_tl.svg^[[39m^[[0m
Godot gates (analyzer)	Import the project	2026-10-04T01:43:42.9608612Z [  26% ] ^[[90m^[[1mreimport^[[22m | journal_corner_tr.svg^[[39m^[[0m
Godot gates (analyzer)	Import the project	2026-10-04T01:43:42.9609347Z [  26% ] ^[[90m^[[1mreimport^[[22m | journal_edge_bottom.svg^[[39m^[[0m
Godot gates (analyzer)	Import the project	2026-10-04T01:43:42.9648608Z [  26% ] ^[[90m^[[1mreimport^[[22m | journal_edge_left.svg^[[39m^[[0m
Godot gates (analyzer)	Import the project	2026-10-04T01:43:42.9667832Z [  26% ] ^[[90m^[[1mreimport^[[22m | journal_edge_right.svg^[[39m^[[0m
Godot gates (analyzer)	Import the project	2026-10-04T01:43:42.9678039Z [  26% ] ^[[90m^[[1mreimport^[[22m | journal_edge_top.svg^[[39m^[[0m
Godot gates (analyzer)	Import the project	2026-10-04T01:43:42.9679104Z [  26% ] ^[[90m^[[1mreimport^[[22m | journal_ring.svg^[[39m^[[0m
Godot gates (analyzer)	Import the project	2026-10-04T01:43:42.9683585Z [  26% ] ^[[90m^[[1mreimport^[[22m | journal_strap.svg^[[39m^[[0m
Godot gates (analyzer)	Import the project	2026-10-04T01:43:42.9688839Z [  27% ] ^[[90m^[[1mreimport^[[22m | map_folio_corner_bl.svg^[[39m^[[0m
Godot gates (analyzer)	Import the project	2026-10-04T01:43:42.9703556Z [  27% ] ^[[90m^[[1mreimport^[[22m | map_folio_corner_br.svg^[[39m^[[0m
Godot gates (analyzer)	Import the project	2026-10-04T01:43:42.9712037Z [  27% ] ^[[90m^[[1mreimport^[[22m | map_folio_corner_tl.svg^[[39m^[[0m
Godot gates (analyzer)	Import the project	2026-10-04T01:43:42.9721804Z [  27% ] ^[[90m^[[1mreimport^[[22m | map_folio_corner_tr.svg^[[39m^[[0m
Godot gates (analyzer)	Import the project	2026-10-04T01:43:42.9739292Z [  27% ] ^[[90m^[[1mreimport^[[22m | map_folio_edge_bottom.svg^[[39m^[[0m
Godot gates (analyzer)	Import the project	2026-10-04T01:43:42.9746263Z [  27% ] ^[[90m^[[1mreimport^[[22m | map_folio_edge_left.svg^[[39m^[[0m
Godot gates (analyzer)	Import the project	2026-10-04T01:43:42.9756021Z [  27% ] ^[[90m^[[1mreimport^[[22m | map_folio_edge_right.svg^[[39m^[[0m
Godot gates (analyzer)	Import the project	2026-10-04T01:43:42.9757244Z [  27% ] ^[[90m^[[1mreimport^[[22m | map_folio_edge_top.svg^[[39m^[[0m
Godot gates (analyzer)	Import the project	2026-10-04T01:43:42.9771900Z [  28% ] ^[[90m^[[1mreimport^[[22m | resource_tray_corner_bl.svg^[[39m^[[0m
Godot gates (analyzer)	Import the project	2026-10-04T01:43:43.0559967Z [  28% ] ^[[90m^[[1mreimport^[[22m | resource_tray_corner_br.svg^[[39m^[[0m
Godot gates (analyzer)	Import the project	2026-10-04T01:43:43.1048310Z [  28% ] ^[[90m^[[1mreimport^[[22m | resource_tray_corner_tl.svg^[[39m^[[0m
Godot gates (analyzer)	Import the project	2026-10-04T01:43:43.1064749Z [  28% ] ^[[90m^[[1mreimport^[[22m | resource_tray_corner_tr.svg^[[39m^[[0m
Godot gates (analyzer)	Import the project	2026-10-04T01:43:43.1778218Z [  28% ] ^[[90m^[[1mreimport^[[22m | resource_tray_edge_bottom.svg^[[39m^[[0m
Godot gates (analyzer)	Import the project	2026-10-04T01:43:43.2345933Z [  28% ] ^[[90m^[[1mreimport^[[22m | resource_tray_edge_left.svg^[[39m^[[0m
Godot gates (analyzer)	Import the project	2026-10-04T01:43:43.2367802Z [  28% ] ^[[90m^[[1mreimport^[[22m | idle-216.png^[[39m^[[0m
Godot gates (analyzer)	Import the project	2026-10-04T01:43:43.2988074Z [  28% ] ^[[90m^[[1mreimport^[[22m | idle-228.png^[[39m^[[0m
Godot gates (analyzer)	Import the project	2026-10-04T01:43:43.3705071Z [  29% ] ^[[90m^[[1mreimport^[[22m | idle-240.png^[[39m^[[0m
Godot gates (analyzer)	Import the project	2026-10-04T01:43:43.3729750Z [  29% ] ^[[90m^[[1mreimport^[[22m | walk-00.png^[[39m^[[0m
Godot gates (analyzer)	Import the project	2026-10-04T01:43:43.3737633Z [  29% ] ^[[90m^[[1mreimport^[[22m | walk-12.png^[[39m^[[0m
Godot gates (analyzer)	Import the project	2026-10-04T01:43:43.3757634Z [  29% ] ^[[90m^[[1mreimport^[[22m | walk-24.png^[[39m^[[0m
Godot gates (analyzer)	Import the project	2026-10-04T01:43:43.3776851Z [  29% ] ^[[90m^[[1mreimport^[[22m | walk-36.png^[[39m^[[0m
Godot gates (analyzer)	Import the project	2026-10-04T01:43:43.3797481Z [  29% ] ^[[90m^[[1mreimport^[[22m | walk-48.png^[[39m^[[0m
Godot gates (analyzer)	Import the project	2026-10-04T01:43:43.3827619Z [  29% ] ^[[90m^[[1mreimport^[[22m | walk-60.png^[[39m^[[0m
Godot gates (analyzer)	Import the project	2026-10-04T01:43:43.3837205Z [  29% ] ^[[90m^[[1mreimport^[[22m | species_mole_48.svg^[[39m^[[0m
Godot gates (analyzer)	Import the project	2026-10-04T01:43:43.3862165Z [  30% ] ^[[90m^[[1mreimport^[[22m | species_mole_64.svg^[[39m^[[0m
Godot gates (analyzer)	Import the project	2026-10-04T01:43:43.3872972Z [  30% ] ^[[90m^[[1mreimport^[[22m | species_mouse_48.svg^[[39m^[[0m
Godot gates (analyzer)	Import the project	2026-10-04T01:43:43.3891389Z [  30% ] ^[[90m^[[1mreimport^[[22m | species_mouse_64.svg^[[39m^[[0m
Godot gates (analyzer)	Import the project	2026-10-04T01:43:43.3892134Z [  30% ] ^[[90m^[[1mreimport^[[22m | species_otter_48.svg^[[39m^[[0m
Godot gates (analyzer)	Import the project	2026-10-04T01:43:43.3924733Z [  30% ] ^[[90m^[[1mreimport^[[22m | species_otter_64.svg^[[39m^[[0m
Godot gates (analyzer)	Import the project	2026-10-04T01:43:43.3949534Z [  30% ] ^[[90m^[[1mreimport^[[22m | species_squirrel_48.svg^[[39m^[[0m
Godot gates (analyzer)	Import the project	2026-10-04T01:43:43.3960180Z [  30% ] ^[[90m^[[1mreimport^[[22m | species_squirrel_64.svg^[[39m^[[0m
Godot gates (analyzer)	Import the project	2026-10-04T01:43:43.3991442Z [  30% ] ^[[90m^[[1mreimport^[[22m | command_dock_corner_bl.svg^[[39m^[[0m
Godot gates (analyzer)	Import the project	2026-10-04T01:43:43.4015573Z [  31% ] ^[[90m^[[1mreimport^[[22m | command_dock_corner_br.svg^[[39m^[[0m
Godot gates (analyzer)	Import the project	2026-10-04T01:43:43.4037604Z [  31% ] ^[[90m^[[1mreimport^[[22m | command_dock_corner_tl.svg^[[39m^[[0m
Godot gates (analyzer)	Import the project	2026-10-04T01:43:43.4057253Z [  31% ] ^[[90m^[[1mreimport^[[22m | command_dock_corner_tr.svg^[[39m^[[0m
Godot gates (analyzer)	Import the project	2026-10-04T01:43:43.4067649Z [  31% ] ^[[90m^[[1mreimport^[[22m | command_dock_edge_bottom.svg^[[39m^[[0m
Godot gates (analyzer)	Import the project	2026-10-04T01:43:43.4097895Z [  31% ] ^[[90m^[[1mreimport^[[22m | command_dock_edge_left.svg^[[39m^[[0m
Godot gates (analyzer)	Import the project	2026-10-04T01:43:43.4127989Z [  31% ] ^[[90m^[[1mreimport^[[22m | command_dock_edge_right.svg^[[39m^[[0m
Godot gates (analyzer)	Import the project	2026-10-04T01:43:43.4129079Z [  31% ] ^[[90m^[[1mreimport^[[22m | command_dock_edge_top.svg^[[39m^[[0m
Godot gates (analyzer)	Import the project	2026-10-04T01:43:43.4139502Z [  31% ] ^[[90m^[[1mreimport^[[22m | stone.svg^[[39m^[[0m
Godot gates (analyzer)	Import the project	2026-10-04T01:43:43.4163417Z [  32% ] ^[[90m^[[1mreimport^[[22m | warning.svg^[[39m^[[0m
Godot gates (analyzer)	Import the project	2026-10-04T01:43:43.4196867Z [  32% ] ^[[90m^[[1mreimport^[[22m | wood.svg^[[39m^[[0m
Godot gates (analyzer)	Import the project	2026-10-04T01:43:43.4197886Z [  32% ] ^[[90m^[[1mreimport^[[22m | acorn.svg^[[39m^[[0m
Godot gates (analyzer)	Import the project	2026-10-04T01:43:43.4198859Z [  32% ] ^[[90m^[[1mreimport^[[22m | binding_seam.svg^[[39m^[[0m
Godot gates (analyzer)	Import the project	2026-10-04T01:43:43.4199580Z [  32% ] ^[[90m^[[1mreimport^[[22m | oak_leaf.svg^[[39m^[[0m
Godot gates (analyzer)	Import the project	2026-10-04T01:43:43.4200209Z [  32% ] ^[[90m^[[1mreimport^[[22m | page_edge.svg^[[39m^[[0m
Godot gates (analyzer)	Import the project	2026-10-04T01:43:43.4200799Z [  32% ] ^[[90m^[[1mreimport^[[22m | sprig.svg^[[39m^[[0m
Godot gates (analyzer)	Import the project	2026-10-04T01:43:43.4201390Z [  32% ] ^[[90m^[[1mreimport^[[22m | cmd_build.svg^[[39m^[[0m
Godot gates (analyzer)	Import the project	2026-10-04T01:43:43.4201987Z [  33% ] ^[[90m^[[1mreimport^[[22m | cmd_goals.svg^[[39m^[[0m
Godot gates (analyzer)	Import the project	2026-10-04T01:43:43.4202588Z [  33% ] ^[[90m^[[1mreimport^[[22m | cmd_work.svg^[[39m^[[0m
Godot gates (analyzer)	Import the project	2026-10-04T01:43:43.4203146Z [  33% ] ^[[90m^[[1mreimport^[[22m | cmd_zone.svg^[[39m^[[0m
Godot gates (analyzer)	Import the project	2026-10-04T01:43:43.4203703Z [  33% ] ^[[90m^[[1mreimport^[[22m | res_beds.svg^[[39m^[[0m
Godot gates (analyzer)	Import the project	2026-10-04T01:43:43.4204306Z [  33% ] ^[[90m^[[1mreimport^[[22m | res_food_ready.svg^[[39m^[[0m
Godot gates (analyzer)	Import the project	2026-10-04T01:43:43.4204898Z [  33% ] ^[[90m^[[1mreimport^[[22m | res_fuel.svg^[[39m^[[0m
Godot gates (analyzer)	Import the project	2026-10-04T01:43:43.4205486Z [  33% ] ^[[90m^[[1mreimport^[[22m | res_population.svg^[[39m^[[0m
Godot gates (analyzer)	Import the project	2026-10-04T01:43:43.4206092Z [  33% ] ^[[90m^[[1mreimport^[[22m | res_stone.svg^[[39m^[[0m
Godot gates (analyzer)	Import the project	2026-10-04T01:43:43.4206680Z [  34% ] ^[[90m^[[1mreimport^[[22m | res_wood.svg^[[39m^[[0m
Godot gates (analyzer)	Import the project	2026-10-04T01:43:43.4207803Z [  34% ] ^[[90m^[[1mreimport^[[22m | build.svg^[[39m^[[0m
Godot gates (analyzer)	Import the project	2026-10-04T01:43:43.4217749Z [  34% ] ^[[90m^[[1mreimport^[[22m | food.svg^[[39m^[[0m
Godot gates (analyzer)	Import the project	2026-10-04T01:43:43.4227869Z [  34% ] ^[[90m^[[1mreimport^[[22m | goals.svg^[[39m^[[0m
Godot gates (analyzer)	Import the project	2026-10-04T01:43:43.4242648Z [  34% ] ^[[90m^[[1mreimport^[[22m | people.svg^[[39m^[[0m
Godot gates (analyzer)	Import the project	2026-10-04T01:43:43.4246341Z [  34% ] ^[[90m^[[1mreimport^[[22m | work.svg^[[39m^[[0m
Godot gates (analyzer)	Import the project	2026-10-04T01:43:43.4247843Z [  34% ] ^[[90m^[[1mreimport^[[22m | zone.svg^[[39m^[[0m
Godot gates (analyzer)	Import the project	2026-10-04T01:43:43.4265472Z [  34% ] ^[[90m^[[1mreimport^[[22m | icon.svg^[[39m^[[0m
Godot gates (analyzer)	Import the project	2026-10-04T01:43:43.4274370Z [  35% ] ^[[90m^[[1mreimport^[[22m | resource_tray_edge_right.svg^[[39m^[[0m
Godot gates (analyzer)	Import the project	2026-10-04T01:43:43.4275422Z [  35% ] ^[[90m^[[1mreimport^[[22m | resource_tray_edge_top.svg^[[39m^[[0m
Godot gates (analyzer)	Import the project	2026-10-04T01:43:43.4276375Z [  35% ] ^[[90m^[[1mreimport^[[22m | time_group_corner_bl.svg^[[39m^[[0m
Godot gates (analyzer)	Import the project	2026-10-04T01:43:43.4277937Z [  35% ] ^[[90m^[[1mreimport^[[22m | time_group_corner_br.svg^[[39m^[[0m
Godot gates (analyzer)	Import the project	2026-10-04T01:43:43.4300096Z [  35% ] ^[[90m^[[1mreimport^[[22m | time_group_corner_tl.svg^[[39m^[[0m
Godot gates (analyzer)	Import the project	2026-10-04T01:43:43.4301008Z [  35% ] ^[[90m^[[1mreimport^[[22m | time_group_corner_tr.svg^[[39m^[[0m
Godot gates (analyzer)	Import the project	2026-10-04T01:43:43.4301799Z [  35% ] ^[[90m^[[1mreimport^[[22m | time_group_edge_bottom.svg^[[39m^[[0m
Godot gates (analyzer)	Import the project	2026-10-04T01:43:43.4302523Z [  35% ] ^[[90m^[[1mreimport^[[22m | time_group_edge_left.svg^[[39m^[[0m
Godot gates (analyzer)	Import the project	2026-10-04T01:43:43.4314096Z [  36% ] ^[[90m^[[1mreimport^[[22m | time_group_edge_right.svg^[[39m^[[0m
Godot gates (analyzer)	Import the project	2026-10-04T01:43:43.4324922Z [  36% ] ^[[90m^[[1mreimport^[[22m | time_group_edge_top.svg^[[39m^[[0m
Godot gates (analyzer)	Import the project	2026-10-04T01:43:43.4330800Z [  36% ] ^[[90m^[[1mreimport^[[22m | beds.svg^[[39m^[[0m
Godot gates (analyzer)	Import the project	2026-10-04T01:43:43.4350108Z [  36% ] ^[[90m^[[1mreimport^[[22m | brush.svg^[[39m^[[0m
Godot gates (analyzer)	Import the project	2026-10-04T01:43:43.4360951Z [  36% ] ^[[90m^[[1mreimport^[[22m | build.svg^[[39m^[[0m
Godot gates (analyzer)	Import the project	2026-10-04T01:43:43.4369200Z [  36% ] ^[[90m^[[1mreimport^[[22m | calendar.svg^[[39m^[[0m
Godot gates (analyzer)	Import the project	2026-10-04T01:43:43.4370392Z [  36% ] ^[[90m^[[1mreimport^[[22m | cancel.svg^[[39m^[[0m
Godot gates (analyzer)	Import the project	2026-10-04T01:43:43.4379230Z [  36% ] ^[[90m^[[1mreimport^[[22m | center_view.svg^[[39m^[[0m
Godot gates (analyzer)	Import the project	2026-10-04T01:43:43.4387970Z [  37% ] ^[[90m^[[1mreimport^[[22m | check.svg^[[39m^[[0m
Godot gates (analyzer)	Import the project	2026-10-04T01:43:43.4388573Z [  37% ] ^[[90m^[[1mreimport^[[22m | fuel.svg^[[39m^[[0m
Godot gates (analyzer)	Import the project	2026-10-04T01:43:43.4389169Z [  37% ] ^[[90m^[[1mreimport^[[22m | ledger.svg^[[39m^[[0m
Godot gates (analyzer)	Import the project	2026-10-04T01:43:43.4407492Z [  37% ] ^[[90m^[[1mreimport^[[22m | lock.svg^[[39m^[[0m
Godot gates (analyzer)	Import the project	2026-10-04T01:43:43.4408091Z [  37% ] ^[[90m^[[1mreimport^[[22m | map.svg^[[39m^[[0m
Godot gates (analyzer)	Import the project	2026-10-04T01:43:43.6374153Z [  37% ] ^[[90m^[[1mreimport^[[22m | menu.svg^[[39m^[[0m
Godot gates (analyzer)	Import the project	2026-10-04T01:43:43.6435134Z [  37% ] ^[[90m^[[1mreimport^[[22m | pause.svg^[[39m^[[0m
Godot gates (analyzer)	Import the project	2026-10-04T01:43:43.6537782Z [  37% ] ^[[90m^[[1mreimport^[[22m | provisions.svg^[[39m^[[0m
Godot gates (analyzer)	Import the project	2026-10-04T01:43:43.8348387Z [  38% ] ^[[90m^[[1mreimport^[[22m | residents.svg^[[39m^[[0m
Godot gates (analyzer)	Import the project	2026-10-04T01:43:43.8438171Z [  38% ] ^[[90m^[[1mreimport^[[22m | heavy_hammer_swing-024.png^[[39m^[[0m
Godot gates (analyzer)	Import the project	2026-10-04T01:43:43.8527815Z [  38% ] ^[[90m^[[1mreimport^[[22m | heavy_hammer_swing-030.png^[[39m^[[0m
Godot gates (analyzer)	Import the project	2026-10-04T01:43:44.0238520Z [  38% ] ^[[90m^[[1mreimport^[[22m | heavy_hammer_swing-036.png^[[39m^[[0m
Godot gates (analyzer)	Import the project	2026-10-04T01:43:44.0518284Z [  38% ] ^[[90m^[[1mreimport^[[22m | heavy_hammer_swing-042.png^[[39m^[[0m
Godot gates (analyzer)	Import the project	2026-10-04T01:43:44.0628072Z [  38% ] ^[[90m^[[1mreimport^[[22m | heavy_hammer_swing-048.png^[[39m^[[0m
Godot gates (analyzer)	Import the project	2026-10-04T01:43:44.2218332Z [  38% ] ^[[90m^[[1mreimport^[[22m | heavy_hammer_swing-054.png^[[39m^[[0m
Godot gates (analyzer)	Import the project	2026-10-04T01:43:44.2618381Z [  38% ] ^[[90m^[[1mreimport^[[22m | heavy_hammer_swing-057.png^[[39m^[[0m
Godot gates (analyzer)	Import the project	2026-10-04T01:43:44.2697857Z [  39% ] ^[[90m^[[1mreimport^[[22m | idle-000.png^[[39m^[[0m
Godot gates (analyzer)	Import the project	2026-10-04T01:43:44.4170788Z [  39% ] ^[[90m^[[1mreimport^[[22m | idle-006.png^[[39m^[[0m
Godot gates (analyzer)	Import the project	2026-10-04T01:43:44.4668124Z [  39% ] ^[[90m^[[1mreimport^[[22m | idle-012.png^[[39m^[[0m
Godot gates (analyzer)	Import the project	2026-10-04T01:43:44.4727326Z [  39% ] ^[[90m^[[1mreimport^[[22m | idle-018.png^[[39m^[[0m
Godot gates (analyzer)	Import the project	2026-10-04T01:43:44.6138163Z [  39% ] ^[[90m^[[1mreimport^[[22m | idle-024.png^[[39m^[[0m
Godot gates (analyzer)	Import the project	2026-10-04T01:43:44.6738374Z [  39% ] ^[[90m^[[1mreimport^[[22m | idle-030.png^[[39m^[[0m
Godot gates (analyzer)	Import the project	2026-10-04T01:43:44.6819558Z [  39% ] ^[[90m^[[1mreimport^[[22m | idle-036.png^[[39m^[[0m
Godot gates (analyzer)	Import the project	2026-10-04T01:43:44.8128387Z [  39% ] ^[[90m^[[1mreimport^[[22m | idle-042.png^[[39m^[[0m
Godot gates (analyzer)	Import the project	2026-10-04T01:43:44.8868393Z [  40% ] ^[[90m^[[1mreimport^[[22m | idle-048.png^[[39m^[[0m
Godot gates (analyzer)	Import the project	2026-10-04T01:43:44.8917609Z [  40% ] ^[[90m^[[1mreimport^[[22m | idle-054.png^[[39m^[[0m
Godot gates (analyzer)	Import the project	2026-10-04T01:43:45.0098252Z [  40% ] ^[[90m^[[1mreimport^[[22m | idle-060.png^[[39m^[[0m
Godot gates (analyzer)	Import the project	2026-10-04T01:43:45.0988131Z [  40% ] ^[[90m^[[1mreimport^[[22m | idle-066.png^[[39m^[[0m
Godot gates (analyzer)	Import the project	2026-10-04T01:43:45.1047643Z [  40% ] ^[[90m^[[1mreimport^[[22m | idle-072.png^[[39m^[[0m
Godot gates (analyzer)	Import the project	2026-10-04T01:43:45.1288413Z [  40% ] ^[[90m^[[1mreimport^[[22m | idle-078.png^[[39m^[[0m
Godot gates (analyzer)	Import the project	2026-10-04T01:43:45.2218105Z [  40% ] ^[[90m^[[1mreimport^[[22m | idle-084.png^[[39m^[[0m
Godot gates (analyzer)	Import the project	2026-10-04T01:43:45.2277544Z [  40% ] ^[[90m^[[1mreimport^[[22m | idle-090.png^[[39m^[[0m
Godot gates (analyzer)	Import the project	2026-10-04T01:43:45.2458271Z [  41% ] ^[[90m^[[1mreimport^[[22m | idle-096.png^[[39m^[[0m
Godot gates (analyzer)	Import the project	2026-10-04T01:43:45.3528404Z [  41% ] ^[[90m^[[1mreimport^[[22m | idle-72.png^[[39m^[[0m
Godot gates (analyzer)	Import the project	2026-10-04T01:43:45.3587996Z [  41% ] ^[[90m^[[1mreimport^[[22m | idle-84.png^[[39m^[[0m
Godot gates (analyzer)	Import the project	2026-10-04T01:43:45.3677921Z [  41% ] ^[[90m^[[1mreimport^[[22m | idle-96.png^[[39m^[[0m
Godot gates (analyzer)	Import the project	2026-10-04T01:43:45.4818032Z [  41% ] ^[[90m^[[1mreimport^[[22m | idle-108.png^[[39m^[[0m
Godot gates (analyzer)	Import the project	2026-10-04T01:43:45.4877767Z [  41% ] ^[[90m^[[1mreimport^[[22m | idle-120.png^[[39m^[[0m
Godot gates (analyzer)	Import the project	2026-10-04T01:43:45.4907459Z [  41% ] ^[[90m^[[1mreimport^[[22m | idle-132.png^[[39m^[[0m
Godot gates (analyzer)	Import the project	2026-10-04T01:43:45.6043840Z [  41% ] ^[[90m^[[1mreimport^[[22m | idle-144.png^[[39m^[[0m
Godot gates (analyzer)	Import the project	2026-10-04T01:43:45.6117753Z [  42% ] ^[[90m^[[1mreimport^[[22m | idle-156.png^[[39m^[[0m
Godot gates (analyzer)	Import the project	2026-10-04T01:43:45.6157775Z [  42% ] ^[[90m^[[1mreimport^[[22m | idle-168.png^[[39m^[[0m
Godot gates (analyzer)	Import the project	2026-10-04T01:43:45.7258854Z [  42% ] ^[[90m^[[1mreimport^[[22m | idle-180.png^[[39m^[[0m
Godot gates (analyzer)	Import the project	2026-10-04T01:43:45.7367567Z [  42% ] ^[[90m^[[1mreimport^[[22m | idle-192.png^[[39m^[[0m
Godot gates (analyzer)	Import the project	2026-10-04T01:43:45.7477979Z [  42% ] ^[[90m^[[1mreimport^[[22m | idle-204.png^[[39m^[[0m
Godot gates (analyzer)	Import the project	2026-10-04T01:43:45.8438205Z [  42% ] ^[[90m^[[1mreimport^[[22m | idle-216.png^[[39m^[[0m
Godot gates (analyzer)	Import the project	2026-10-04T01:43:45.8648129Z [  42% ] ^[[90m^[[1mreimport^[[22m | idle-228.png^[[39m^[[0m
Godot gates (analyzer)	Import the project	2026-10-04T01:43:45.8761705Z [  42% ] ^[[90m^[[1mreimport^[[22m | idle-240.png^[[39m^[[0m
Godot gates (analyzer)	Import the project	2026-10-04T01:43:45.9688266Z [  43% ] ^[[90m^[[1mreimport^[[22m | walk-00.png^[[39m^[[0m
Godot gates (analyzer)	Import the project	2026-10-04T01:43:45.9948114Z [  43% ] ^[[90m^[[1mreimport^[[22m | walk-12.png^[[39m^[[0m
Godot gates (analyzer)	Import the project	2026-10-04T01:43:46.0768181Z [  43% ] ^[[90m^[[1mreimport^[[22m | walk-24.png^[[39m^[[0m
Godot gates (analyzer)	Import the project	2026-10-04T01:43:46.1578352Z [  43% ] ^[[90m^[[1mreimport^[[22m | walk-36.png^[[39m^[[0m
Godot gates (analyzer)	Import the project	2026-10-04T01:43:46.1895029Z [  43% ] ^[[90m^[[1mreimport^[[22m | walk-48.png^[[39m^[[0m
Godot gates (analyzer)	Import the project	2026-10-04T01:43:46.2738157Z [  43% ] ^[[90m^[[1mreimport^[[22m | walk-60.png^[[39m^[[0m
Godot gates (analyzer)	Import the project	2026-10-04T01:43:46.2767727Z [  43% ] ^[[90m^[[1mreimport^[[22m | heavy_hammer_swing-000.png^[[39m^[[0m
Godot gates (analyzer)	Import the project	2026-10-04T01:43:46.3158286Z [  43% ] ^[[90m^[[1mreimport^[[22m | heavy_hammer_swing-006.png^[[39m^[[0m
Godot gates (analyzer)	Import the project	2026-10-04T01:43:46.4058421Z [  44% ] ^[[90m^[[1mreimport^[[22m | heavy_hammer_swing-012.png^[[39m^[[0m
Godot gates (analyzer)	Import the project	2026-10-04T01:43:46.4087682Z [  44% ] ^[[90m^[[1mreimport^[[22m | heavy_hammer_swing-018.png^[[39m^[[0m
Godot gates (analyzer)	Import the project	2026-10-04T01:43:46.4404995Z [  44% ] ^[[90m^[[1mreimport^[[22m | hammer-36.png^[[39m^[[0m
Godot gates (analyzer)	Import the project	2026-10-04T01:43:46.5248096Z [  44% ] ^[[90m^[[1mreimport^[[22m | hammer-48.png^[[39m^[[0m
Godot gates (analyzer)	Import the project	2026-10-04T01:43:46.5277590Z [  44% ] ^[[90m^[[1mreimport^[[22m | hammer-60.png^[[39m^[[0m
Godot gates (analyzer)	Import the project	2026-10-04T01:43:46.5678193Z [  44% ] ^[[90m^[[1mreimport^[[22m | hammer-72.png^[[39m^[[0m
Godot gates (analyzer)	Import the project	2026-10-04T01:43:46.6468389Z [  44% ] ^[[90m^[[1mreimport^[[22m | hammer-84.png^[[39m^[[0m
Godot gates (analyzer)	Import the project	2026-10-04T01:43:46.6507721Z [  44% ] ^[[90m^[[1mreimport^[[22m | hammer-96.png^[[39m^[[0m
Godot gates (analyzer)	Import the project	2026-10-04T01:43:46.6948271Z [  45% ] ^[[90m^[[1mreimport^[[22m | hammer-108.png^[[39m^[[0m
Godot gates (analyzer)	Import the project	2026-10-04T01:43:46.7668187Z [  45% ] ^[[90m^[[1mreimport^[[22m | idle-00.png^[[39m^[[0m
Godot gates (analyzer)	Import the project	2026-10-04T01:43:46.7737794Z [  45% ] ^[[90m^[[1mreimport^[[22m | idle-12.png^[[39m^[[0m
Godot gates (analyzer)	Import the project	2026-10-04T01:43:46.8178341Z [  45% ] ^[[90m^[[1mreimport^[[22m | idle-24.png^[[39m^[[0m
Godot gates (analyzer)	Import the project	2026-10-04T01:43:46.8832802Z [  45% ] ^[[90m^[[1mreimport^[[22m | idle-36.png^[[39m^[[0m
Godot gates (analyzer)	Import the project	2026-10-04T01:43:46.8944458Z [  45% ] ^[[90m^[[1mreimport^[[22m | idle-48.png^[[39m^[[0m
Godot gates (analyzer)	Import the project	2026-10-04T01:43:46.9408166Z [  45% ] ^[[90m^[[1mreimport^[[22m | idle-60.png^[[39m^[[0m
Godot gates (analyzer)	Import the project	2026-10-04T01:43:47.0078039Z [  45% ] ^[[90m^[[1mreimport^[[22m | idle-72.png^[[39m^[[0m
Godot gates (analyzer)	Import the project	2026-10-04T01:43:47.0218173Z [  46% ] ^[[90m^[[1mreimport^[[22m | idle-84.png^[[39m^[[0m
Godot gates (analyzer)	Import the project	2026-10-04T01:43:47.0668911Z [  46% ] ^[[90m^[[1mreimport^[[22m | idle-96.png^[[39m^[[0m
Godot gates (analyzer)	Import the project	2026-10-04T01:43:47.1298187Z [  46% ] ^[[90m^[[1mreimport^[[22m | idle-108.png^[[39m^[[0m
Godot gates (analyzer)	Import the project	2026-10-04T01:43:47.1508089Z [  46% ] ^[[90m^[[1mreimport^[[22m | idle-120.png^[[39m^[[0m
Godot gates (analyzer)	Import the project	2026-10-04T01:43:47.1927904Z [  46% ] ^[[90m^[[1mreimport^[[22m | idle-132.png^[[39m^[[0m
Godot gates (analyzer)	Import the project	2026-10-04T01:43:47.2568017Z [  46% ] ^[[90m^[[1mreimport^[[22m | idle-144.png^[[39m^[[0m
Godot gates (analyzer)	Import the project	2026-10-04T01:43:47.2717818Z [  46% ] ^[[90m^[[1mreimport^[[22m | idle-156.png^[[39m^[[0m
Godot gates (analyzer)	Import the project	2026-10-04T01:43:47.3966348Z [  46% ] ^[[90m^[[1mreimport^[[22m | idle-168.png^[[39m^[[0m
Godot gates (analyzer)	Import the project	2026-10-04T01:43:47.4568426Z [  47% ] ^[[90m^[[1mreimport^[[22m | idle-180.png^[[39m^[[0m
Godot gates (analyzer)	Import the project	2026-10-04T01:43:47.4787959Z [  47% ] ^[[90m^[[1mreimport^[[22m | idle-192.png^[[39m^[[0m
Godot gates (analyzer)	Import the project	2026-10-04T01:43:47.5999361Z [  47% ] ^[[90m^[[1mreimport^[[22m | idle-204.png^[[39m^[[0m
Godot gates (analyzer)	Import the project	2026-10-04T01:43:47.6528469Z [  47% ] ^[[90m^[[1mreimport^[[22m | idle-102.png^[[39m^[[0m
Godot gates (analyzer)	Import the project	2026-10-04T01:43:47.6862544Z [  47% ] ^[[90m^[[1mreimport^[[22m | idle-108.png^[[39m^[[0m
Godot gates (analyzer)	Import the project	2026-10-04T01:43:47.8048441Z [  47% ] ^[[90m^[[1mreimport^[[22m | idle-114.png^[[39m^[[0m
Godot gates (analyzer)	Import the project	2026-10-04T01:43:47.8568253Z [  47% ] ^[[90m^[[1mreimport^[[22m | idle-120.png^[[39m^[[0m
Godot gates (analyzer)	Import the project	2026-10-04T01:43:47.8978073Z [  47% ] ^[[90m^[[1mreimport^[[22m | idle-121.png^[[39m^[[0m
Godot gates (analyzer)	Import the project	2026-10-04T01:43:48.0128052Z [  48% ] ^[[90m^[[1mreimport^[[22m | walk-000.png^[[39m^[[0m
Godot gates (analyzer)	Import the project	2026-10-04T01:43:48.0408366Z [  48% ] ^[[90m^[[1mreimport^[[22m | walk-006.png^[[39m^[[0m
Godot gates (analyzer)	Import the project	2026-10-04T01:43:48.0588145Z [  48% ] ^[[90m^[[1mreimport^[[22m | walk-012.png^[[39m^[[0m
Godot gates (analyzer)	Import the project	2026-10-04T01:43:48.1098192Z [  48% ] ^[[90m^[[1mreimport^[[22m | walk-018.png^[[39m^[[0m
Godot gates (analyzer)	Import the project	2026-10-04T01:43:48.1605842Z [  48% ] ^[[90m^[[1mreimport^[[22m | walk-024.png^[[39m^[[0m
Godot gates (analyzer)	Import the project	2026-10-04T01:43:48.1798109Z [  48% ] ^[[90m^[[1mreimport^[[22m | walk-030.png^[[39m^[[0m
Godot gates (analyzer)	Import the project	2026-10-04T01:43:48.2288220Z [  48% ] ^[[90m^[[1mreimport^[[22m | walk-033.png^[[39m^[[0m
Godot gates (analyzer)	Import the project	2026-10-04T01:43:48.2868269Z [  48% ] ^[[90m^[[1mreimport^[[22m | hand-local-projections.png^[[39m^[[0m
Godot gates (analyzer)	Import the project	2026-10-04T01:43:48.3028122Z [  49% ] ^[[90m^[[1mreimport^[[22m | blend-0.png^[[39m^[[0m
Godot gates (analyzer)	Import the project	2026-10-04T01:43:48.3548270Z [  49% ] ^[[90m^[[1mreimport^[[22m | blend-1.png^[[39m^[[0m
Godot gates (analyzer)	Import the project	2026-10-04T01:43:48.4178377Z [  49% ] ^[[90m^[[1mreimport^[[22m | blend-6.png^[[39m^[[0m
Godot gates (analyzer)	Import the project	2026-10-04T01:43:48.4237759Z [  49% ] ^[[90m^[[1mreimport^[[22m | crouch-00.png^[[39m^[[0m
Godot gates (analyzer)	Import the project	2026-10-04T01:43:48.4804600Z [  49% ] ^[[90m^[[1mreimport^[[22m | crouch-12.png^[[39m^[[0m
Godot gates (analyzer)	Import the project	2026-10-04T01:43:48.5428237Z [  49% ] ^[[90m^[[1mreimport^[[22m | crouch-24.png^[[39m^[[0m
Godot gates (analyzer)	Import the project	2026-10-04T01:43:48.5467601Z [  49% ] ^[[90m^[[1mreimport^[[22m | crouch-36.png^[[39m^[[0m
Godot gates (analyzer)	Import the project	2026-10-04T01:43:48.6047789Z [  49% ] ^[[90m^[[1mreimport^[[22m | crouch-48.png^[[39m^[[0m
Godot gates (analyzer)	Import the project	2026-10-04T01:43:48.7438110Z [  50% ] ^[[90m^[[1mreimport^[[22m | crouch-60.png^[[39m^[[0m
Godot gates (analyzer)	Import the project	2026-10-04T01:43:48.7490313Z [  50% ] ^[[90m^[[1mreimport^[[22m | hammer-00.png^[[39m^[[0m
Godot gates (analyzer)	Import the project	2026-10-04T01:43:48.8218377Z [  50% ] ^[[90m^[[1mreimport^[[22m | hammer-12.png^[[39m^[[0m
Godot gates (analyzer)	Import the project	2026-10-04T01:43:48.9578241Z [  50% ] ^[[90m^[[1mreimport^[[22m | hammer-24.png^[[39m^[[0m
Godot gates (analyzer)	Import the project	2026-10-04T01:43:48.9617723Z [  50% ] ^[[90m^[[1mreimport^[[22m | otter_boatwright.walk.ramp_down.png^[[39m^[[0m
Godot gates (analyzer)	Import the project	2026-10-04T01:43:49.0408275Z [  50% ] ^[[90m^[[1mreimport^[[22m | otter_boatwright.walk.ramp_up.png^[[39m^[[0m
Godot gates (analyzer)	Import the project	2026-10-04T01:43:49.1738924Z [  50% ] ^[[90m^[[1mreimport^[[22m | squirrel_gatherer.carry_heavy_object_walk.plain.png^[[39m^[[0m
Godot gates (analyzer)	Import the project	2026-10-04T01:43:49.1748106Z [  50% ] ^[[90m^[[1mreimport^[[22m | squirrel_gatherer.carry_heavy_object_walk.standard_bore.png^[[39m^[[0m
Godot gates (analyzer)	Import the project	2026-10-04T01:43:49.2480194Z [  50% ] ^[[90m^[[1mreimport^[[22m | squirrel_gatherer.cautious_crouch_walk_forward.plain.png^[[39m^[[0m
Godot gates (analyzer)	Import the project	2026-10-04T01:43:49.3808696Z [  51% ] ^[[90m^[[1mreimport^[[22m | squirrel_gatherer.cautious_crouch_walk_forward.standard_bore.png^[[39m^[[0m
Godot gates (analyzer)	Import the project	2026-10-04T01:43:49.3877755Z [  51% ] ^[[90m^[[1mreimport^[[22m | squirrel_gatherer.idle.plain.png^[[39m^[[0m
Godot gates (analyzer)	Import the project	2026-10-04T01:43:49.4618443Z [  51% ] ^[[90m^[[1mreimport^[[22m | squirrel_gatherer.walk.plain.png^[[39m^[[0m
Godot gates (analyzer)	Import the project	2026-10-04T01:43:49.5838429Z [  51% ] ^[[90m^[[1mreimport^[[22m | squirrel_gatherer.walk.ramp_down.png^[[39m^[[0m
Godot gates (analyzer)	Import the project	2026-10-04T01:43:49.5907746Z [  51% ] ^[[90m^[[1mreimport^[[22m | squirrel_gatherer.walk.ramp_up.png^[[39m^[[0m
Godot gates (analyzer)	Import the project	2026-10-04T01:43:49.6718626Z [  51% ] ^[[90m^[[1mreimport^[[22m | badger_quarryman.carry_heavy_object_walk.plain.png^[[39m^[[0m
Godot gates (analyzer)	Import the project	2026-10-04T01:43:49.7948561Z [  51% ] ^[[90m^[[1mreimport^[[22m | badger_quarryman.carry_heavy_object_walk.standard_bore.png^[[39m^[[0m
Godot gates (analyzer)	Import the project	2026-10-04T01:43:49.8027592Z [  51% ] ^[[90m^[[1mreimport^[[22m | badger_quarryman.cautious_crouch_walk_forward.plain.png^[[39m^[[0m
Godot gates (analyzer)	Import the project	2026-10-04T01:43:49.8798701Z [  52% ] ^[[90m^[[1mreimport^[[22m | badger_quarryman.cautious_crouch_walk_forward.standard_bore.png^[[39m^[[0m
Godot gates (analyzer)	Import the project	2026-10-04T01:43:49.9980633Z [  52% ] ^[[90m^[[1mreimport^[[22m | badger_quarryman.heavy_hammer_swing.plain.png^[[39m^[[0m
Godot gates (analyzer)	Import the project	2026-10-04T01:43:50.0266272Z [  52% ] ^[[90m^[[1mreimport^[[22m | badger_quarryman.idle.plain.png^[[39m^[[0m
Godot gates (analyzer)	Import the project	2026-10-04T01:43:50.1048497Z [  52% ] ^[[90m^[[1mreimport^[[22m | badger_quarryman.walk.plain.png^[[39m^[[0m
Godot gates (analyzer)	Import the project	2026-10-04T01:43:50.2158674Z [  52% ] ^[[90m^[[1mreimport^[[22m | badger_quarryman.walk.ramp_down.png^[[39m^[[0m
Godot gates (analyzer)	Import the project	2026-10-04T01:43:50.2468231Z [  52% ] ^[[90m^[[1mreimport^[[22m | badger_quarryman.walk.ramp_up.png^[[39m^[[0m
Godot gates (analyzer)	Import the project	2026-10-04T01:43:50.3368394Z [  52% ] ^[[90m^[[1mreimport^[[22m | mole_digger.carry_heavy_object_walk.plain.png^[[39m^[[0m
Godot gates (analyzer)	Import the project	2026-10-04T01:43:50.4368612Z [  52% ] ^[[90m^[[1mreimport^[[22m | mole_digger.carry_heavy_object_walk.standard_bore.png^[[39m^[[0m
Godot gates (analyzer)	Import the project	2026-10-04T01:43:50.4528177Z [  53% ] ^[[90m^[[1mreimport^[[22m | mole_digger.cautious_crouch_walk_forward.plain.png^[[39m^[[0m
Godot gates (analyzer)	Import the project	2026-10-04T01:43:50.5478313Z [  53% ] ^[[90m^[[1mreimport^[[22m | mole_digger.cautious_crouch_walk_forward.standard_bore.png^[[39m^[[0m
Godot gates (analyzer)	Import the project	2026-10-04T01:43:50.6568487Z [  53% ] ^[[90m^[[1mreimport^[[22m | mole_digger.heavy_hammer_swing.plain.png^[[39m^[[0m
Godot gates (analyzer)	Import the project	2026-10-04T01:43:50.6778214Z [  53% ] ^[[90m^[[1mreimport^[[22m | mole_digger.idle.plain.png^[[39m^[[0m
Godot gates (analyzer)	Import the project	2026-10-04T01:43:50.7668229Z [  53% ] ^[[90m^[[1mreimport^[[22m | badger_quarryman.walk.ramp_down.png^[[39m^[[0m
Godot gates (analyzer)	Import the project	2026-10-04T01:43:50.8718289Z [  53% ] ^[[90m^[[1mreimport^[[22m | badger_quarryman.walk.ramp_up.png^[[39m^[[0m
Godot gates (analyzer)	Import the project	2026-10-04T01:43:50.9078324Z [  53% ] ^[[90m^[[1mreimport^[[22m | mole_digger.carry_heavy_object_walk.plain.png^[[39m^[[0m
Godot gates (analyzer)	Import the project	2026-10-04T01:43:50.9928493Z [  53% ] ^[[90m^[[1mreimport^[[22m | mole_digger.carry_heavy_object_walk.standard_bore.png^[[39m^[[0m
Godot gates (analyzer)	Import the project	2026-10-04T01:43:51.1018568Z [  54% ] ^[[90m^[[1mreimport^[[22m | mole_digger.cautious_crouch_walk_forward.plain.png^[[39m^[[0m
Godot gates (analyzer)	Import the project	2026-10-04T01:43:51.1318396Z [  54% ] ^[[90m^[[1mreimport^[[22m | mole_digger.cautious_crouch_walk_forward.standard_bore.png^[[39m^[[0m
Godot gates (analyzer)	Import the project	2026-10-04T01:43:51.2249794Z [  54% ] ^[[90m^[[1mreimport^[[22m | mole_digger.heavy_hammer_swing.plain.png^[[39m^[[0m
Godot gates (analyzer)	Import the project	2026-10-04T01:43:51.3198456Z [  54% ] ^[[90m^[[1mreimport^[[22m | mole_digger.idle.plain.png^[[39m^[[0m
Godot gates (analyzer)	Import the project	2026-10-04T01:43:51.3498508Z [  54% ] ^[[90m^[[1mreimport^[[22m | mole_digger.walk.plain.png^[[39m^[[0m
Godot gates (analyzer)	Import the project	2026-10-04T01:43:51.4388199Z [  54% ] ^[[90m^[[1mreimport^[[22m | mole_digger.walk.ramp_down.png^[[39m^[[0m
Godot gates (analyzer)	Import the project	2026-10-04T01:43:51.5288335Z [  54% ] ^[[90m^[[1mreimport^[[22m | mole_digger.walk.ramp_up.png^[[39m^[[0m
Godot gates (analyzer)	Import the project	2026-10-04T01:43:51.5633045Z [  54% ] ^[[90m^[[1mreimport^[[22m | mouse_keeper.carry_heavy_object_walk.plain.png^[[39m^[[0m
Godot gates (analyzer)	Import the project	2026-10-04T01:43:51.6588557Z [  55% ] ^[[90m^[[1mreimport^[[22m | mouse_keeper.carry_heavy_object_walk.standard_bore.png^[[39m^[[0m
Godot gates (analyzer)	Import the project	2026-10-04T01:43:51.7368535Z [  55% ] ^[[90m^[[1mreimport^[[22m | mouse_keeper.cautious_crouch_walk_forward.plain.png^[[39m^[[0m
Godot gates (analyzer)	Import the project	2026-10-04T01:43:51.7843766Z [  55% ] ^[[90m^[[1mreimport^[[22m | mouse_keeper.cautious_crouch_walk_forward.standard_bore.png^[[39m^[[0m
Godot gates (analyzer)	Import the project	2026-10-04T01:43:51.8678277Z [  55% ] ^[[90m^[[1mreimport^[[22m | mouse_keeper.idle.plain.png^[[39m^[[0m
Godot gates (analyzer)	Import the project	2026-10-04T01:43:51.9428481Z [  55% ] ^[[90m^[[1mreimport^[[22m | mouse_keeper.walk.plain.png^[[39m^[[0m
Godot gates (analyzer)	Import the project	2026-10-04T01:43:51.9958210Z [  55% ] ^[[90m^[[1mreimport^[[22m | mouse_keeper.walk.ramp_down.png^[[39m^[[0m
Godot gates (analyzer)	Import the project	2026-10-04T01:43:52.0748495Z [  55% ] ^[[90m^[[1mreimport^[[22m | mouse_keeper.walk.ramp_up.png^[[39m^[[0m
Godot gates (analyzer)	Import the project	2026-10-04T01:43:52.1498585Z [  55% ] ^[[90m^[[1mreimport^[[22m | otter_boatwright.carry_heavy_object_walk.plain.png^[[39m^[[0m
Godot gates (analyzer)	Import the project	2026-10-04T01:43:52.2074261Z [  56% ] ^[[90m^[[1mreimport^[[22m | otter_boatwright.carry_heavy_object_walk.standard_bore.png^[[39m^[[0m
Godot gates (analyzer)	Import the project	2026-10-04T01:43:52.2806614Z [  56% ] ^[[90m^[[1mreimport^[[22m | otter_boatwright.cautious_crouch_walk_forward.plain.png^[[39m^[[0m
Godot gates (analyzer)	Import the project	2026-10-04T01:43:52.3598476Z [  56% ] ^[[90m^[[1mreimport^[[22m | otter_boatwright.cautious_crouch_walk_forward.standard_bore.png^[[39m^[[0m
Godot gates (analyzer)	Import the project	2026-10-04T01:43:52.4198244Z [  56% ] ^[[90m^[[1mreimport^[[22m | otter_boatwright.idle.plain.png^[[39m^[[0m
Godot gates (analyzer)	Import the project	2026-10-04T01:43:52.4948250Z [  56% ] ^[[90m^[[1mreimport^[[22m | otter_boatwright.walk.plain.png^[[39m^[[0m
Godot gates (analyzer)	Import the project	2026-10-04T01:43:52.5598445Z [  56% ] ^[[90m^[[1mreimport^[[22m | squirrel_gatherer.walk.ramp_down.png^[[39m^[[0m
Godot gates (analyzer)	Import the project	2026-10-04T01:43:52.6258539Z [  56% ] ^[[90m^[[1mreimport^[[22m | squirrel_gatherer.walk.ramp_up.png^[[39m^[[0m
Godot gates (analyzer)	Import the project	2026-10-04T01:43:52.6978341Z [  56% ] ^[[90m^[[1mreimport^[[22m | badger_quarryman.carry_heavy_object_walk.plain.png^[[39m^[[0m
Godot gates (analyzer)	Import the project	2026-10-04T01:43:52.7608451Z [  57% ] ^[[90m^[[1mreimport^[[22m | badger_quarryman.carry_heavy_object_walk.standard_bore.png^[[39m^[[0m
Godot gates (analyzer)	Import the project	2026-10-04T01:43:52.8388624Z [  57% ] ^[[90m^[[1mreimport^[[22m | badger_quarryman.cautious_crouch_walk_forward.plain.held_pick.png^[[39m^[[0m
Godot gates (analyzer)	Import the project	2026-10-04T01:43:52.9108541Z [  57% ] ^[[90m^[[1mreimport^[[22m | badger_quarryman.cautious_crouch_walk_forward.plain.png^[[39m^[[0m
Godot gates (analyzer)	Import the project	2026-10-04T01:43:52.9728853Z [  57% ] ^[[90m^[[1mreimport^[[22m | badger_quarryman.cautious_crouch_walk_forward.standard_bore.held_pick.png^[[39m^[[0m
Godot gates (analyzer)	Import the project	2026-10-04T01:43:53.0548593Z [  57% ] ^[[90m^[[1mreimport^[[22m | badger_quarryman.cautious_crouch_walk_forward.standard_bore.png^[[39m^[[0m
Godot gates (analyzer)	Import the project	2026-10-04T01:43:53.1248585Z [  57% ] ^[[90m^[[1mreimport^[[22m | badger_quarryman.heavy_hammer_swing.plain.png^[[39m^[[0m
Godot gates (analyzer)	Import the project	2026-10-04T01:43:53.1704102Z [  57% ] ^[[90m^[[1mreimport^[[22m | badger_quarryman.idle.plain.held_pick.png^[[39m^[[0m
Godot gates (analyzer)	Import the project	2026-10-04T01:43:53.2608603Z [  57% ] ^[[90m^[[1mreimport^[[22m | badger_quarryman.idle.plain.png^[[39m^[[0m
Godot gates (analyzer)	Import the project	2026-10-04T01:43:53.3378513Z [  58% ] ^[[90m^[[1mreimport^[[22m | badger_quarryman.walk.plain.held_pick.png^[[39m^[[0m
Godot gates (analyzer)	Import the project	2026-10-04T01:43:53.3768448Z [  58% ] ^[[90m^[[1mreimport^[[22m | badger_quarryman.walk.plain.png^[[39m^[[0m
Godot gates (analyzer)	Import the project	2026-10-04T01:43:53.4878374Z [  58% ] ^[[90m^[[1mreimport^[[22m | badger_quarryman.walk.ramp_down.held_pick.png^[[39m^[[0m
Godot gates (analyzer)	Import the project	2026-10-04T01:43:53.5648541Z [  58% ] ^[[90m^[[1mreimport^[[22m | badger_quarryman.walk.ramp_down.png^[[39m^[[0m
Godot gates (analyzer)	Import the project	2026-10-04T01:43:53.5968362Z [  58% ] ^[[90m^[[1mreimport^[[22m | badger_quarryman.walk.ramp_up.held_pick.png^[[39m^[[0m
Godot gates (analyzer)	Import the project	2026-10-04T01:43:53.7078240Z [  58% ] ^[[90m^[[1mreimport^[[22m | badger_quarryman.walk.ramp_up.png^[[39m^[[0m
Godot gates (analyzer)	Import the project	2026-10-04T01:43:53.7848504Z [  58% ] ^[[90m^[[1mreimport^[[22m | mole_digger.carry_heavy_object_walk.plain.png^[[39m^[[0m
Godot gates (analyzer)	Import the project	2026-10-04T01:43:53.8288931Z [  58% ] ^[[90m^[[1mreimport^[[22m | mole_digger.carry_heavy_object_walk.standard_bore.png^[[39m^[[0m
Godot gates (analyzer)	Import the project	2026-10-04T01:43:53.9368579Z [  59% ] ^[[90m^[[1mreimport^[[22m | mole_digger.cautious_crouch_walk_forward.plain.held_pick.png^[[39m^[[0m
Godot gates (analyzer)	Import the project	2026-10-04T01:43:54.0178342Z [  59% ] ^[[90m^[[1mreimport^[[22m | mole_digger.cautious_crouch_walk_forward.plain.png^[[39m^[[0m
Godot gates (analyzer)	Import the project	2026-10-04T01:43:54.0568514Z [  59% ] ^[[90m^[[1mreimport^[[22m | mole_digger.cautious_crouch_walk_forward.standard_bore.held_pick.png^[[39m^[[0m
Godot gates (analyzer)	Import the project	2026-10-04T01:43:54.1628574Z [  59% ] ^[[90m^[[1mreimport^[[22m | mole_digger.cautious_crouch_walk_forward.standard_bore.png^[[39m^[[0m
Godot gates (analyzer)	Import the project	2026-10-04T01:43:54.2498543Z [  59% ] ^[[90m^[[1mreimport^[[22m | mole_digger.heavy_hammer_swing.plain.png^[[39m^[[0m
Godot gates (analyzer)	Import the project	2026-10-04T01:43:54.2708473Z [  59% ] ^[[90m^[[1mreimport^[[22m | mole_digger.idle.plain.held_pick.png^[[39m^[[0m
Godot gates (analyzer)	Import the project	2026-10-04T01:43:54.3785645Z [  59% ] ^[[90m^[[1mreimport^[[22m | mole_digger.walk.plain.png^[[39m^[[0m
Godot gates (analyzer)	Import the project	2026-10-04T01:43:54.4658405Z [  59% ] ^[[90m^[[1mreimport^[[22m | mole_digger.walk.ramp_down.png^[[39m^[[0m
Godot gates (analyzer)	Import the project	2026-10-04T01:43:54.4808161Z [  60% ] ^[[90m^[[1mreimport^[[22m | mole_digger.walk.ramp_up.png^[[39m^[[0m
Godot gates (analyzer)	Import the project	2026-10-04T01:43:54.5948360Z [  60% ] ^[[90m^[[1mreimport^[[22m | mouse_keeper.carry_heavy_object_walk.plain.png^[[39m^[[0m
Godot gates (analyzer)	Import the project	2026-10-04T01:43:54.6848424Z [  60% ] ^[[90m^[[1mreimport^[[22m | mouse_keeper.carry_heavy_object_walk.standard_bore.png^[[39m^[[0m
Godot gates (analyzer)	Import the project	2026-10-04T01:43:54.6888404Z [  60% ] ^[[90m^[[1mreimport^[[22m | mouse_keeper.cautious_crouch_walk_forward.plain.png^[[39m^[[0m
Godot gates (analyzer)	Import the project	2026-10-04T01:43:54.8138540Z [  60% ] ^[[90m^[[1mreimport^[[22m | mouse_keeper.cautious_crouch_walk_forward.standard_bore.png^[[39m^[[0m
Godot gates (analyzer)	Import the project	2026-10-04T01:43:54.8928356Z [  60% ] ^[[90m^[[1mreimport^[[22m | mouse_keeper.idle.plain.png^[[39m^[[0m
Godot gates (analyzer)	Import the project	2026-10-04T01:43:54.8977831Z [  60% ] ^[[90m^[[1mreimport^[[22m | mouse_keeper.walk.plain.png^[[39m^[[0m
Godot gates (analyzer)	Import the project	2026-10-04T01:43:55.0248344Z [  60% ] ^[[90m^[[1mreimport^[[22m | mouse_keeper.walk.ramp_down.png^[[39m^[[0m
Godot gates (analyzer)	Import the project	2026-10-04T01:43:55.0937656Z [  61% ] ^[[90m^[[1mreimport^[[22m | mouse_keeper.walk.ramp_up.png^[[39m^[[0m
Godot gates (analyzer)	Import the project	2026-10-04T01:43:55.1128493Z [  61% ] ^[[90m^[[1mreimport^[[22m | otter_boatwright.carry_heavy_object_walk.plain.png^[[39m^[[0m
Godot gates (analyzer)	Import the project	2026-10-04T01:43:55.2388309Z [  61% ] ^[[90m^[[1mreimport^[[22m | otter_boatwright.carry_heavy_object_walk.standard_bore.png^[[39m^[[0m
Godot gates (analyzer)	Import the project	2026-10-04T01:43:55.2928552Z [  61% ] ^[[90m^[[1mreimport^[[22m | otter_boatwright.cautious_crouch_walk_forward.plain.png^[[39m^[[0m
Godot gates (analyzer)	Import the project	2026-10-04T01:43:55.3198499Z [  61% ] ^[[90m^[[1mreimport^[[22m | otter_boatwright.cautious_crouch_walk_forward.standard_bore.png^[[39m^[[0m
Godot gates (analyzer)	Import the project	2026-10-04T01:43:55.4519135Z [  61% ] ^[[90m^[[1mreimport^[[22m | otter_boatwright.idle.plain.png^[[39m^[[0m
Godot gates (analyzer)	Import the project	2026-10-04T01:43:55.5029593Z [  61% ] ^[[90m^[[1mreimport^[[22m | otter_boatwright.walk.plain.png^[[39m^[[0m
Godot gates (analyzer)	Import the project	2026-10-04T01:43:55.5388302Z [  61% ] ^[[90m^[[1mreimport^[[22m | otter_boatwright.walk.ramp_down.png^[[39m^[[0m
Godot gates (analyzer)	Import the project	2026-10-04T01:43:55.6708387Z [  62% ] ^[[90m^[[1mreimport^[[22m | otter_boatwright.walk.ramp_up.png^[[39m^[[0m
Godot gates (analyzer)	Import the project	2026-10-04T01:43:55.7158457Z [  62% ] ^[[90m^[[1mreimport^[[22m | squirrel_gatherer.carry_heavy_object_walk.plain.png^[[39m^[[0m
Godot gates (analyzer)	Import the project	2026-10-04T01:43:55.7548441Z [  62% ] ^[[90m^[[1mreimport^[[22m | squirrel_gatherer.carry_heavy_object_walk.standard_bore.png^[[39m^[[0m
Godot gates (analyzer)	Import the project	2026-10-04T01:43:55.8968398Z [  62% ] ^[[90m^[[1mreimport^[[22m | squirrel_gatherer.cautious_crouch_walk_forward.plain.png^[[39m^[[0m
Godot gates (analyzer)	Import the project	2026-10-04T01:43:55.9398590Z [  62% ] ^[[90m^[[1mreimport^[[22m | squirrel_gatherer.cautious_crouch_walk_forward.standard_bore.png^[[39m^[[0m
Godot gates (analyzer)	Import the project	2026-10-04T01:43:55.9758269Z [  62% ] ^[[90m^[[1mreimport^[[22m | squirrel_gatherer.idle.plain.png^[[39m^[[0m
Godot gates (analyzer)	Import the project	2026-10-04T01:43:56.1158598Z [  62% ] ^[[90m^[[1mreimport^[[22m | squirrel_gatherer.walk.plain.png^[[39m^[[0m
Godot gates (analyzer)	Import the project	2026-10-04T01:43:56.1498461Z [  62% ] ^[[90m^[[1mreimport^[[22m | mole_digger.walk.ramp_down.png^[[39m^[[0m
Godot gates (analyzer)	Import the project	2026-10-04T01:43:56.1888347Z [  63% ] ^[[90m^[[1mreimport^[[22m | mole_digger.walk.ramp_up.png^[[39m^[[0m
Godot gates (analyzer)	Import the project	2026-10-04T01:43:56.3318505Z [  63% ] ^[[90m^[[1mreimport^[[22m | mouse_keeper.carry_heavy_object_walk.plain.png^[[39m^[[0m
Godot gates (analyzer)	Import the project	2026-10-04T01:43:56.3648476Z [  63% ] ^[[90m^[[1mreimport^[[22m | mouse_keeper.carry_heavy_object_walk.standard_bore.png^[[39m^[[0m
Godot gates (analyzer)	Import the project	2026-10-04T01:43:56.4028591Z [  63% ] ^[[90m^[[1mreimport^[[22m | mouse_keeper.cautious_crouch_walk_forward.plain.png^[[39m^[[0m
Godot gates (analyzer)	Import the project	2026-10-04T01:43:56.5528616Z [  63% ] ^[[90m^[[1mreimport^[[22m | mouse_keeper.cautious_crouch_walk_forward.standard_bore.png^[[39m^[[0m
Godot gates (analyzer)	Import the project	2026-10-04T01:43:56.5697243Z [  63% ] ^[[90m^[[1mreimport^[[22m | mouse_keeper.idle.plain.png^[[39m^[[0m
Godot gates (analyzer)	Import the project	2026-10-04T01:43:56.6098419Z [  63% ] ^[[90m^[[1mreimport^[[22m | mouse_keeper.walk.plain.png^[[39m^[[0m
Godot gates (analyzer)	Import the project	2026-10-04T01:43:56.7658377Z [  63% ] ^[[90m^[[1mreimport^[[22m | mouse_keeper.walk.ramp_down.png^[[39m^[[0m
Godot gates (analyzer)	Import the project	2026-10-04T01:43:56.7735667Z [  64% ] ^[[90m^[[1mreimport^[[22m | mouse_keeper.walk.ramp_up.png^[[39m^[[0m
Godot gates (analyzer)	Import the project	2026-10-04T01:43:56.8258389Z [  64% ] ^[[90m^[[1mreimport^[[22m | otter_boatwright.carry_heavy_object_walk.plain.png^[[39m^[[0m
Godot gates (analyzer)	Import the project	2026-10-04T01:43:56.9718600Z [  64% ] ^[[90m^[[1mreimport^[[22m | otter_boatwright.carry_heavy_object_walk.standard_bore.png^[[39m^[[0m
Godot gates (analyzer)	Import the project	2026-10-04T01:43:56.9767878Z [  64% ] ^[[90m^[[1mreimport^[[22m | otter_boatwright.cautious_crouch_walk_forward.plain.png^[[39m^[[0m
Godot gates (analyzer)	Import the project	2026-10-04T01:43:57.0368672Z [  64% ] ^[[90m^[[1mreimport^[[22m | otter_boatwright.cautious_crouch_walk_forward.standard_bore.png^[[39m^[[0m
Godot gates (analyzer)	Import the project	2026-10-04T01:43:57.1814338Z [  64% ] ^[[90m^[[1mreimport^[[22m | otter_boatwright.idle.plain.png^[[39m^[[0m
Godot gates (analyzer)	Import the project	2026-10-04T01:43:57.1888077Z [  64% ] ^[[90m^[[1mreimport^[[22m | otter_boatwright.walk.plain.png^[[39m^[[0m
Godot gates (analyzer)	Import the project	2026-10-04T01:43:57.2578423Z [  64% ] ^[[90m^[[1mreimport^[[22m | otter_boatwright.walk.ramp_down.png^[[39m^[[0m
Godot gates (analyzer)	Import the project	2026-10-04T01:43:57.3984410Z [  65% ] ^[[90m^[[1mreimport^[[22m | otter_boatwright.walk.ramp_up.png^[[39m^[[0m
Godot gates (analyzer)	Import the project	2026-10-04T01:43:57.4037921Z [  65% ] ^[[90m^[[1mreimport^[[22m | squirrel_gatherer.carry_heavy_object_walk.plain.png^[[39m^[[0m
Godot gates (analyzer)	Import the project	2026-10-04T01:43:57.4738478Z [  65% ] ^[[90m^[[1mreimport^[[22m | squirrel_gatherer.carry_heavy_object_walk.standard_bore.png^[[39m^[[0m
Godot gates (analyzer)	Import the project	2026-10-04T01:43:57.5048666Z [  65% ] ^[[90m^[[1mreimport^[[22m | squirrel_gatherer.cautious_crouch_walk_forward.plain.png^[[39m^[[0m
Godot gates (analyzer)	Import the project	2026-10-04T01:43:57.5928634Z [  65% ] ^[[90m^[[1mreimport^[[22m | squirrel_gatherer.cautious_crouch_walk_forward.standard_bore.png^[[39m^[[0m
Godot gates (analyzer)	Import the project	2026-10-04T01:43:57.6028037Z [  65% ] ^[[90m^[[1mreimport^[[22m | squirrel_gatherer.idle.plain.png^[[39m^[[0m
Godot gates (analyzer)	Import the project	2026-10-04T01:43:57.6097779Z [  65% ] ^[[90m^[[1mreimport^[[22m | squirrel_gatherer.walk.plain.png^[[39m^[[0m
Godot gates (analyzer)	Import the project	2026-10-04T01:43:57.6678653Z [  65% ] ^[[90m^[[1mreimport^[[22m | squirrel_gatherer.walk.ramp_down.png^[[39m^[[0m
Godot gates (analyzer)	Import the project	2026-10-04T01:43:57.6818262Z [  66% ] ^[[90m^[[1mreimport^[[22m | elevation_front.png^[[39m^[[0m
Godot gates (analyzer)	Import the project	2026-10-04T01:43:57.6988438Z [  66% ] ^[[90m^[[1mreimport^[[22m | rts_orbit_008m_pitch35_yaw225_work_contact.png^[[39m^[[0m
Godot gates (analyzer)	Import the project	2026-10-04T01:43:57.8698387Z [  66% ] ^[[90m^[[1mreimport^[[22m | rts_orbit_008m_pitch48_yaw225.png^[[39m^[[0m
Godot gates (analyzer)	Import the project	2026-10-04T01:43:57.8838238Z [  66% ] ^[[90m^[[1mreimport^[[22m | rts_orbit_040m_pitch48_yaw045.png^[[39m^[[0m
Godot gates (analyzer)	Import the project	2026-10-04T01:43:57.9178315Z [  66% ] ^[[90m^[[1mreimport^[[22m | rts_orbit_040m_pitch65_yaw045.png^[[39m^[[0m
Godot gates (analyzer)	Import the project	2026-10-04T01:43:58.0848411Z [  66% ] ^[[90m^[[1mreimport^[[22m | rts_orbit_120m_pitch48_yaw045.png^[[39m^[[0m
Godot gates (analyzer)	Import the project	2026-10-04T01:43:58.0998393Z [  66% ] ^[[90m^[[1mreimport^[[22m | mouse_keeper.carry_heavy_object_walk.plain.png^[[39m^[[0m
Godot gates (analyzer)	Import the project	2026-10-04T01:43:58.1198971Z [  66% ] ^[[90m^[[1mreimport^[[22m | mouse_keeper.carry_heavy_object_walk.plain.png^[[39m^[[0m
Godot gates (analyzer)	Import the project	2026-10-04T01:43:58.2908403Z [  67% ] ^[[90m^[[1mreimport^[[22m | mouse_keeper.carry_heavy_object_walk.plain.png^[[39m^[[0m
Godot gates (analyzer)	Import the project	2026-10-04T01:43:58.3148401Z [  67% ] ^[[90m^[[1mreimport^[[22m | badger_quarryman.carry_heavy_object_walk.plain.png^[[39m^[[0m
Godot gates (analyzer)	Import the project	2026-10-04T01:43:58.3478539Z [  67% ] ^[[90m^[[1mreimport^[[22m | badger_quarryman.carry_heavy_object_walk.standard_bore.png^[[39m^[[0m
Godot gates (analyzer)	Import the project	2026-10-04T01:43:58.5061915Z [  67% ] ^[[90m^[[1mreimport^[[22m | badger_quarryman.cautious_crouch_walk_forward.plain.png^[[39m^[[0m
Godot gates (analyzer)	Import the project	2026-10-04T01:43:58.5218635Z [  67% ] ^[[90m^[[1mreimport^[[22m | badger_quarryman.cautious_crouch_walk_forward.standard_bore.png^[[39m^[[0m
Godot gates (analyzer)	Import the project	2026-10-04T01:43:58.5518446Z [  67% ] ^[[90m^[[1mreimport^[[22m | badger_quarryman.heavy_hammer_swing.plain.png^[[39m^[[0m
Godot gates (analyzer)	Import the project	2026-10-04T01:43:58.7358351Z [  67% ] ^[[90m^[[1mreimport^[[22m | badger_quarryman.idle.plain.png^[[39m^[[0m
Godot gates (analyzer)	Import the project	2026-10-04T01:43:58.7518184Z [  67% ] ^[[90m^[[1mreimport^[[22m | badger_quarryman.walk.plain.png^[[39m^[[0m
Godot gates (analyzer)	Import the project	2026-10-04T01:43:58.7648212Z [  68% ] ^[[90m^[[1mreimport^[[22m | badger_quarryman.walk.ramp_down.png^[[39m^[[0m
Godot gates (analyzer)	Import the project	2026-10-04T01:43:58.9598334Z [  68% ] ^[[90m^[[1mreimport^[[22m | badger_quarryman.walk.ramp_up.png^[[39m^[[0m
Godot gates (analyzer)	Import the project	2026-10-04T01:43:58.9868602Z [  68% ] ^[[90m^[[1mreimport^[[22m | mole_digger.carry_heavy_object_walk.plain.png^[[39m^[[0m
Godot gates (analyzer)	Import the project	2026-10-04T01:43:58.9887762Z [  68% ] ^[[90m^[[1mreimport^[[22m | mole_digger.carry_heavy_object_walk.standard_bore.png^[[39m^[[0m
Godot gates (analyzer)	Import the project	2026-10-04T01:43:59.1981919Z [  68% ] ^[[90m^[[1mreimport^[[22m | mole_digger.cautious_crouch_walk_forward.plain.png^[[39m^[[0m
Godot gates (analyzer)	Import the project	2026-10-04T01:43:59.2036327Z [  68% ] ^[[90m^[[1mreimport^[[22m | mole_digger.cautious_crouch_walk_forward.standard_bore.png^[[39m^[[0m
Godot gates (analyzer)	Import the project	2026-10-04T01:43:59.2067811Z [  68% ] ^[[90m^[[1mreimport^[[22m | mole_digger.heavy_hammer_swing.plain.png^[[39m^[[0m
Godot gates (analyzer)	Import the project	2026-10-04T01:43:59.4117753Z [  68% ] ^[[90m^[[1mreimport^[[22m | mole_digger.idle.plain.png^[[39m^[[0m
Godot gates (analyzer)	Import the project	2026-10-04T01:43:59.4156265Z [  69% ] ^[[90m^[[1mreimport^[[22m | mole_digger.walk.plain.png^[[39m^[[0m
Godot gates (analyzer)	Import the project	2026-10-04T01:43:59.4187577Z [  69% ] ^[[90m^[[1mreimport^[[22m | mouse_keeper.walk.ramp_down.png^[[39m^[[0m
Godot gates (analyzer)	Import the project	2026-10-04T01:43:59.6198491Z [  69% ] ^[[90m^[[1mreimport^[[22m | mouse_keeper.walk.ramp_up.png^[[39m^[[0m
Godot gates (analyzer)	Import the project	2026-10-04T01:43:59.6378395Z [  69% ] ^[[90m^[[1mreimport^[[22m | otter_boatwright.carry_heavy_object_walk.plain.png^[[39m^[[0m
Godot gates (analyzer)	Import the project	2026-10-04T01:43:59.6437952Z [  69% ] ^[[90m^[[1mreimport^[[22m | otter_boatwright.carry_heavy_object_walk.standard_bore.png^[[39m^[[0m
Godot gates (analyzer)	Import the project	2026-10-04T01:43:59.8158520Z [  69% ] ^[[90m^[[1mreimport^[[22m | otter_boatwright.cautious_crouch_walk_forward.plain.png^[[39m^[[0m
Godot gates (analyzer)	Import the project	2026-10-04T01:43:59.8472579Z [  69% ] ^[[90m^[[1mreimport^[[22m | otter_boatwright.cautious_crouch_walk_forward.standard_bore.png^[[39m^[[0m
Godot gates (analyzer)	Import the project	2026-10-04T01:43:59.8567997Z [  69% ] ^[[90m^[[1mreimport^[[22m | otter_boatwright.idle.plain.png^[[39m^[[0m
Godot gates (analyzer)	Import the project	2026-10-04T01:44:00.0267993Z [  70% ] ^[[90m^[[1mreimport^[[22m | otter_boatwright.walk.plain.png^[[39m^[[0m
Godot gates (analyzer)	Import the project	2026-10-04T01:44:00.0748247Z [  70% ] ^[[90m^[[1mreimport^[[22m | otter_boatwright.walk.ramp_down.png^[[39m^[[0m
Godot gates (analyzer)	Import the project	2026-10-04T01:44:00.0807833Z [  70% ] ^[[90m^[[1mreimport^[[22m | otter_boatwright.walk.ramp_up.png^[[39m^[[0m
Godot gates (analyzer)	Import the project	2026-10-04T01:44:00.2398593Z [  70% ] ^[[90m^[[1mreimport^[[22m | squirrel_gatherer.carry_heavy_object_walk.plain.png^[[39m^[[0m
Godot gates (analyzer)	Import the project	2026-10-04T01:44:00.2921701Z [  70% ] ^[[90m^[[1mreimport^[[22m | squirrel_gatherer.carry_heavy_object_walk.standard_bore.png^[[39m^[[0m
Godot gates (analyzer)	Import the project	2026-10-04T01:44:00.2948244Z [  70% ] ^[[90m^[[1mreimport^[[22m | squirrel_gatherer.cautious_crouch_walk_forward.plain.png^[[39m^[[0m
Godot gates (analyzer)	Import the project	2026-10-04T01:44:00.4480440Z [  70% ] ^[[90m^[[1mreimport^[[22m | squirrel_gatherer.cautious_crouch_walk_forward.standard_bore.png^[[39m^[[0m
Godot gates (analyzer)	Import the project	2026-10-04T01:44:00.5118271Z [  70% ] ^[[90m^[[1mreimport^[[22m | squirrel_gatherer.idle.plain.png^[[39m^[[0m
Godot gates (analyzer)	Import the project	2026-10-04T01:44:00.5137507Z [  71% ] ^[[90m^[[1mreimport^[[22m | squirrel_gatherer.walk.plain.png^[[39m^[[0m
Godot gates (analyzer)	Import the project	2026-10-04T01:44:00.6492362Z [  71% ] ^[[90m^[[1mreimport^[[22m | squirrel_gatherer.walk.ramp_down.png^[[39m^[[0m
Godot gates (analyzer)	Import the project	2026-10-04T01:44:00.7218557Z [  71% ] ^[[90m^[[1mreimport^[[22m | squirrel_gatherer.walk.ramp_up.png^[[39m^[[0m
Godot gates (analyzer)	Import the project	2026-10-04T01:44:00.7307860Z [  71% ] ^[[90m^[[1mreimport^[[22m | badger_quarryman.carry_heavy_object_walk.plain.png^[[39m^[[0m
Godot gates (analyzer)	Import the project	2026-10-04T01:44:00.8588646Z [  71% ] ^[[90m^[[1mreimport^[[22m | badger_quarryman.carry_heavy_object_walk.standard_bore.png^[[39m^[[0m
Godot gates (analyzer)	Import the project	2026-10-04T01:44:00.9378729Z [  71% ] ^[[90m^[[1mreimport^[[22m | badger_quarryman.cautious_crouch_walk_forward.plain.png^[[39m^[[0m
Godot gates (analyzer)	Import the project	2026-10-04T01:44:00.9488385Z [  71% ] ^[[90m^[[1mreimport^[[22m | badger_quarryman.cautious_crouch_walk_forward.standard_bore.png^[[39m^[[0m
Godot gates (analyzer)	Import the project	2026-10-04T01:44:01.0688520Z [  71% ] ^[[90m^[[1mreimport^[[22m | badger_quarryman.heavy_hammer_swing.plain.png^[[39m^[[0m
Godot gates (analyzer)	Import the project	2026-10-04T01:44:01.1528529Z [  72% ] ^[[90m^[[1mreimport^[[22m | badger_quarryman.idle.plain.png^[[39m^[[0m
Godot gates (analyzer)	Import the project	2026-10-04T01:44:01.1617968Z [  72% ] ^[[90m^[[1mreimport^[[22m | badger_quarryman.walk.plain.png^[[39m^[[0m
Godot gates (analyzer)	Import the project	2026-10-04T01:44:01.2628455Z [  72% ] ^[[90m^[[1mreimport^[[22m | squirrel_gatherer.walk.ramp_up.png^[[39m^[[0m
Godot gates (analyzer)	Import the project	2026-10-04T01:44:01.3672012Z [  72% ] ^[[90m^[[1mreimport^[[22m | badger_quarryman.carry_heavy_object_walk.plain.png^[[39m^[[0m
Godot gates (analyzer)	Import the project	2026-10-04T01:44:01.3761443Z [  72% ] ^[[90m^[[1mreimport^[[22m | badger_quarryman.carry_heavy_object_walk.standard_bore.png^[[39m^[[0m
Godot gates (analyzer)	Import the project	2026-10-04T01:44:01.4728471Z [  72% ] ^[[90m^[[1mreimport^[[22m | badger_quarryman.cautious_crouch_walk_forward.plain.png^[[39m^[[0m
Godot gates (analyzer)	Import the project	2026-10-04T01:44:01.5768460Z [  72% ] ^[[90m^[[1mreimport^[[22m | badger_quarryman.cautious_crouch_walk_forward.standard_bore.png^[[39m^[[0m
Godot gates (analyzer)	Import the project	2026-10-04T01:44:01.5887754Z [  72% ] ^[[90m^[[1mreimport^[[22m | badger_quarryman.heavy_hammer_swing.plain.png^[[39m^[[0m
Godot gates (analyzer)	Import the project	2026-10-04T01:44:01.6948536Z [  73% ] ^[[90m^[[1mreimport^[[22m | badger_quarryman.idle.plain.png^[[39m^[[0m
Godot gates (analyzer)	Import the project	2026-10-04T01:44:01.8068523Z [  73% ] ^[[90m^[[1mreimport^[[22m | badger_quarryman.walk.plain.png^[[39m^[[0m
Godot gates (analyzer)	Import the project	2026-10-04T01:44:01.8117739Z [  73% ] ^[[90m^[[1mreimport^[[22m | badger_quarryman.walk.ramp_down.png^[[39m^[[0m
Godot gates (analyzer)	Import the project	2026-10-04T01:44:01.9102166Z [  73% ] ^[[90m^[[1mreimport^[[22m | badger_quarryman.walk.ramp_up.png^[[39m^[[0m
Godot gates (analyzer)	Import the project	2026-10-04T01:44:02.0428080Z [  73% ] ^[[90m^[[1mreimport^[[22m | mole_digger.carry_heavy_object_walk.plain.png^[[39m^[[0m
Godot gates (analyzer)	Import the project	2026-10-04T01:44:02.0457648Z [  73% ] ^[[90m^[[1mreimport^[[22m | mole_digger.carry_heavy_object_walk.standard_bore.png^[[39m^[[0m
Godot gates (analyzer)	Import the project	2026-10-04T01:44:02.1398385Z [  73% ] ^[[90m^[[1mreimport^[[22m | mole_digger.cautious_crouch_walk_forward.plain.png^[[39m^[[0m
Godot gates (analyzer)	Import the project	2026-10-04T01:44:02.2768562Z [  73% ] ^[[90m^[[1mreimport^[[22m | mole_digger.cautious_crouch_walk_forward.standard_bore.png^[[39m^[[0m
Godot gates (analyzer)	Import the project	2026-10-04T01:44:02.2807996Z [  74% ] ^[[90m^[[1mreimport^[[22m | mole_digger.heavy_hammer_swing.plain.png^[[39m^[[0m
Godot gates (analyzer)	Import the project	2026-10-04T01:44:02.3548261Z [  74% ] ^[[90m^[[1mreimport^[[22m | mole_digger.idle.plain.png^[[39m^[[0m
Godot gates (analyzer)	Import the project	2026-10-04T01:44:02.4998531Z [  74% ] ^[[90m^[[1mreimport^[[22m | mole_digger.walk.plain.png^[[39m^[[0m
Godot gates (analyzer)	Import the project	2026-10-04T01:44:02.5027627Z [  74% ] ^[[90m^[[1mreimport^[[22m | mole_digger.walk.ramp_down.png^[[39m^[[0m
Godot gates (analyzer)	Import the project	2026-10-04T01:44:02.5618351Z [  74% ] ^[[90m^[[1mreimport^[[22m | mole_digger.walk.ramp_up.png^[[39m^[[0m
Godot gates (analyzer)	Import the project	2026-10-04T01:44:02.7200760Z [  74% ] ^[[90m^[[1mreimport^[[22m | mouse_keeper.carry_heavy_object_walk.plain.png^[[39m^[[0m
Godot gates (analyzer)	Import the project	2026-10-04T01:44:02.7268200Z [  74% ] ^[[90m^[[1mreimport^[[22m | mouse_keeper.carry_heavy_object_walk.standard_bore.png^[[39m^[[0m
Godot gates (analyzer)	Import the project	2026-10-04T01:44:02.7297802Z [  74% ] ^[[90m^[[1mreimport^[[22m | mouse_keeper.cautious_crouch_walk_forward.plain.png^[[39m^[[0m
Godot gates (analyzer)	Import the project	2026-10-04T01:44:02.9238457Z [  75% ] ^[[90m^[[1mreimport^[[22m | mouse_keeper.cautious_crouch_walk_forward.standard_bore.png^[[39m^[[0m
Godot gates (analyzer)	Import the project	2026-10-04T01:44:02.9348021Z [  75% ] ^[[90m^[[1mreimport^[[22m | mouse_keeper.idle.plain.png^[[39m^[[0m
Godot gates (analyzer)	Import the project	2026-10-04T01:44:02.9377654Z [  75% ] ^[[90m^[[1mreimport^[[22m | mouse_keeper.walk.plain.png^[[39m^[[0m
Godot gates (analyzer)	Import the project	2026-10-04T01:44:03.1188447Z [  75% ] ^[[90m^[[1mreimport^[[22m | side-recovery-60.png^[[39m^[[0m
Godot gates (analyzer)	Import the project	2026-10-04T01:44:03.1428410Z [  75% ] ^[[90m^[[1mreimport^[[22m | heavy_hammer_swing-000.png^[[39m^[[0m
Godot gates (analyzer)	Import the project	2026-10-04T01:44:03.1548039Z [  75% ] ^[[90m^[[1mreimport^[[22m | heavy_hammer_swing-006.png^[[39m^[[0m
Godot gates (analyzer)	Import the project	2026-10-04T01:44:03.3168545Z [  75% ] ^[[90m^[[1mreimport^[[22m | heavy_hammer_swing-012.png^[[39m^[[0m
Godot gates (analyzer)	Import the project	2026-10-04T01:44:03.3498458Z [  75% ] ^[[90m^[[1mreimport^[[22m | heavy_hammer_swing-018.png^[[39m^[[0m
Godot gates (analyzer)	Import the project	2026-10-04T01:44:03.3537781Z [  76% ] ^[[90m^[[1mreimport^[[22m | heavy_hammer_swing-024.png^[[39m^[[0m
Godot gates (analyzer)	Import the project	2026-10-04T01:44:03.5098380Z [  76% ] ^[[90m^[[1mreimport^[[22m | heavy_hammer_swing-030.png^[[39m^[[0m
Godot gates (analyzer)	Import the project	2026-10-04T01:44:03.5458657Z [  76% ] ^[[90m^[[1mreimport^[[22m | heavy_hammer_swing-036.png^[[39m^[[0m
Godot gates (analyzer)	Import the project	2026-10-04T01:44:03.5547716Z [  76% ] ^[[90m^[[1mreimport^[[22m | heavy_hammer_swing-042.png^[[39m^[[0m
Godot gates (analyzer)	Import the project	2026-10-04T01:44:03.6962290Z [  76% ] ^[[90m^[[1mreimport^[[22m | heavy_hammer_swing-048.png^[[39m^[[0m
Godot gates (analyzer)	Import the project	2026-10-04T01:44:03.7458358Z [  76% ] ^[[90m^[[1mreimport^[[22m | heavy_hammer_swing-054.png^[[39m^[[0m
Godot gates (analyzer)	Import the project	2026-10-04T01:44:03.7517898Z [  76% ] ^[[90m^[[1mreimport^[[22m | heavy_hammer_swing-057.png^[[39m^[[0m
Godot gates (analyzer)	Import the project	2026-10-04T01:44:03.8848356Z [  76% ] ^[[90m^[[1mreimport^[[22m | idle-000.png^[[39m^[[0m
Godot gates (analyzer)	Import the project	2026-10-04T01:44:03.9438179Z [  77% ] ^[[90m^[[1mreimport^[[22m | idle-006.png^[[39m^[[0m
Godot gates (analyzer)	Import the project	2026-10-04T01:44:03.9527512Z [  77% ] ^[[90m^[[1mreimport^[[22m | idle-012.png^[[39m^[[0m
Godot gates (analyzer)	Import the project	2026-10-04T01:44:04.0808053Z [  77% ] ^[[90m^[[1mreimport^[[22m | idle-018.png^[[39m^[[0m
Godot gates (analyzer)	Import the project	2026-10-04T01:44:04.1468307Z [  77% ] ^[[90m^[[1mreimport^[[22m | idle-024.png^[[39m^[[0m
Godot gates (analyzer)	Import the project	2026-10-04T01:44:04.1527491Z [  77% ] ^[[90m^[[1mreimport^[[22m | idle-030.png^[[39m^[[0m
Godot gates (analyzer)	Import the project	2026-10-04T01:44:04.2690794Z [  77% ] ^[[90m^[[1mreimport^[[22m | idle-036.png^[[39m^[[0m
Godot gates (analyzer)	Import the project	2026-10-04T01:44:04.3438273Z [  77% ] ^[[90m^[[1mreimport^[[22m | idle-042.png^[[39m^[[0m
Godot gates (analyzer)	Import the project	2026-10-04T01:44:04.3547941Z [  77% ] ^[[90m^[[1mreimport^[[22m | idle-048.png^[[39m^[[0m
Godot gates (analyzer)	Import the project	2026-10-04T01:44:04.4318239Z [  78% ] ^[[90m^[[1mreimport^[[22m | idle-054.png^[[39m^[[0m
Godot gates (analyzer)	Import the project	2026-10-04T01:44:04.5158431Z [  78% ] ^[[90m^[[1mreimport^[[22m | idle-060.png^[[39m^[[0m
Godot gates (analyzer)	Import the project	2026-10-04T01:44:04.5267957Z [  78% ] ^[[90m^[[1mreimport^[[22m | idle-066.png^[[39m^[[0m
Godot gates (analyzer)	Import the project	2026-10-04T01:44:04.5928168Z [  78% ] ^[[90m^[[1mreimport^[[22m | idle-072.png^[[39m^[[0m
Godot gates (analyzer)	Import the project	2026-10-04T01:44:04.6878430Z [  78% ] ^[[90m^[[1mreimport^[[22m | side-015-source041.png^[[39m^[[0m
Godot gates (analyzer)	Import the project	2026-10-04T01:44:04.6988035Z [  78% ] ^[[90m^[[1mreimport^[[22m | side-018-source038.png^[[39m^[[0m
Godot gates (analyzer)	Import the project	2026-10-04T01:44:04.7528093Z [  78% ] ^[[90m^[[1mreimport^[[22m | side-021-source035.png^[[39m^[[0m
Godot gates (analyzer)	Import the project	2026-10-04T01:44:04.8558207Z [  78% ] ^[[90m^[[1mreimport^[[22m | side-024-source032.png^[[39m^[[0m
Godot gates (analyzer)	Import the project	2026-10-04T01:44:04.8667909Z [  79% ] ^[[90m^[[1mreimport^[[22m | side-entry-00.png^[[39m^[[0m
Godot gates (analyzer)	Import the project	2026-10-04T01:44:04.9134381Z [  79% ] ^[[90m^[[1mreimport^[[22m | side-entry-06.png^[[39m^[[0m
Godot gates (analyzer)	Import the project	2026-10-04T01:44:05.0268464Z [  79% ] ^[[90m^[[1mreimport^[[22m | side-entry-12.png^[[39m^[[0m
Godot gates (analyzer)	Import the project	2026-10-04T01:44:05.0387640Z [  79% ] ^[[90m^[[1mreimport^[[22m | side-entry-18.png^[[39m^[[0m
Godot gates (analyzer)	Import the project	2026-10-04T01:44:05.0778182Z [  79% ] ^[[90m^[[1mreimport^[[22m | side-entry-24.png^[[39m^[[0m
Godot gates (analyzer)	Import the project	2026-10-04T01:44:05.1998315Z [  79% ] ^[[90m^[[1mreimport^[[22m | side-entry-30.png^[[39m^[[0m
Godot gates (analyzer)	Import the project	2026-10-04T01:44:05.2118010Z [  79% ] ^[[90m^[[1mreimport^[[22m | side-entry-36.png^[[39m^[[0m
Godot gates (analyzer)	Import the project	2026-10-04T01:44:05.2388124Z [  79% ] ^[[90m^[[1mreimport^[[22m | side-entry-42.png^[[39m^[[0m
Godot gates (analyzer)	Import the project	2026-10-04T01:44:05.3698486Z [  80% ] ^[[90m^[[1mreimport^[[22m | side-entry-48.png^[[39m^[[0m
Godot gates (analyzer)	Import the project	2026-10-04T01:44:05.3808078Z [  80% ] ^[[90m^[[1mreimport^[[22m | side-entry-54.png^[[39m^[[0m
Godot gates (analyzer)	Import the project	2026-10-04T01:44:05.4238274Z [  80% ] ^[[90m^[[1mreimport^[[22m | side-entry-60.png^[[39m^[[0m
Godot gates (analyzer)	Import the project	2026-10-04T01:44:05.5364393Z [  80% ] ^[[90m^[[1mreimport^[[22m | side-recovery-00.png^[[39m^[[0m
Godot gates (analyzer)	Import the project	2026-10-04T01:44:05.5498203Z [  80% ] ^[[90m^[[1mreimport^[[22m | side-recovery-06.png^[[39m^[[0m
Godot gates (analyzer)	Import the project	2026-10-04T01:44:05.5788262Z [  80% ] ^[[90m^[[1mreimport^[[22m | side-recovery-12.png^[[39m^[[0m
Godot gates (analyzer)	Import the project	2026-10-04T01:44:05.7058680Z [  80% ] ^[[90m^[[1mreimport^[[22m | side-recovery-18.png^[[39m^[[0m
Godot gates (analyzer)	Import the project	2026-10-04T01:44:05.7178147Z [  80% ] ^[[90m^[[1mreimport^[[22m | side-recovery-24.png^[[39m^[[0m
Godot gates (analyzer)	Import the project	2026-10-04T01:44:05.7378731Z [  81% ] ^[[90m^[[1mreimport^[[22m | side-recovery-30.png^[[39m^[[0m
Godot gates (analyzer)	Import the project	2026-10-04T01:44:05.9058313Z [  81% ] ^[[90m^[[1mreimport^[[22m | side-recovery-36.png^[[39m^[[0m
Godot gates (analyzer)	Import the project	2026-10-04T01:44:05.9153798Z [  81% ] ^[[90m^[[1mreimport^[[22m | side-recovery-42.png^[[39m^[[0m
Godot gates (analyzer)	Import the project	2026-10-04T01:44:05.9388532Z [  81% ] ^[[90m^[[1mreimport^[[22m | side-recovery-48.png^[[39m^[[0m
Godot gates (analyzer)	Import the project	2026-10-04T01:44:06.1158619Z [  81% ] ^[[90m^[[1mreimport^[[22m | side-recovery-54.png^[[39m^[[0m
Godot gates (analyzer)	Import the project	2026-10-04T01:44:06.1288121Z [  81% ] ^[[90m^[[1mreimport^[[22m | heavy_hammer_swing-054.png^[[39m^[[0m
Godot gates (analyzer)	Import the project	2026-10-04T01:44:06.1458555Z [  81% ] ^[[90m^[[1mreimport^[[22m | heavy_hammer_swing-057.png^[[39m^[[0m
Godot gates (analyzer)	Import the project	2026-10-04T01:44:06.3268231Z [  81% ] ^[[90m^[[1mreimport^[[22m | idle-000.png^[[39m^[[0m
Godot gates (analyzer)	Import the project	2026-10-04T01:44:06.3347920Z [  82% ] ^[[90m^[[1mreimport^[[22m | idle-006.png^[[39m^[[0m
Godot gates (analyzer)	Import the project	2026-10-04T01:44:06.3377464Z [  82% ] ^[[90m^[[1mreimport^[[22m | idle-012.png^[[39m^[[0m
Godot gates (analyzer)	Import the project	2026-10-04T01:44:06.5277762Z [  82% ] ^[[90m^[[1mreimport^[[22m | idle-018.png^[[39m^[[0m
Godot gates (analyzer)	Import the project	2026-10-04T01:44:06.5358004Z [  82% ] ^[[90m^[[1mreimport^[[22m | idle-024.png^[[39m^[[0m
Godot gates (analyzer)	Import the project	2026-10-04T01:44:06.5417777Z [  82% ] ^[[90m^[[1mreimport^[[22m | idle-030.png^[[39m^[[0m
Godot gates (analyzer)	Import the project	2026-10-04T01:44:06.7344362Z [  82% ] ^[[90m^[[1mreimport^[[22m | idle-036.png^[[39m^[[0m
Godot gates (analyzer)	Import the project	2026-10-04T01:44:06.7394163Z [  82% ] ^[[90m^[[1mreimport^[[22m | idle-042.png^[[39m^[[0m
Godot gates (analyzer)	Import the project	2026-10-04T01:44:06.7507906Z [  82% ] ^[[90m^[[1mreimport^[[22m | idle-048.png^[[39m^[[0m
Godot gates (analyzer)	Import the project	2026-10-04T01:44:06.9348496Z [  83% ] ^[[90m^[[1mreimport^[[22m | idle-054.png^[[39m^[[0m
Godot gates (analyzer)	Import the project	2026-10-04T01:44:06.9463486Z [  83% ] ^[[90m^[[1mreimport^[[22m | idle-060.png^[[39m^[[0m
Godot gates (analyzer)	Import the project	2026-10-04T01:44:06.9668545Z [  83% ] ^[[90m^[[1mreimport^[[22m | idle-066.png^[[39m^[[0m
Godot gates (analyzer)	Import the project	2026-10-04T01:44:07.1348291Z [  83% ] ^[[90m^[[1mreimport^[[22m | idle-072.png^[[39m^[[0m
Godot gates (analyzer)	Import the project	2026-10-04T01:44:07.1588130Z [  83% ] ^[[90m^[[1mreimport^[[22m | idle-078.png^[[39m^[[0m
Godot gates (analyzer)	Import the project	2026-10-04T01:44:07.1748250Z [  83% ] ^[[90m^[[1mreimport^[[22m | idle-084.png^[[39m^[[0m
Godot gates (analyzer)	Import the project	2026-10-04T01:44:07.3368263Z [  83% ] ^[[90m^[[1mreimport^[[22m | idle-090.png^[[39m^[[0m
Godot gates (analyzer)	Import the project	2026-10-04T01:44:07.3688490Z [  83% ] ^[[90m^[[1mreimport^[[22m | idle-096.png^[[39m^[[0m
Godot gates (analyzer)	Import the project	2026-10-04T01:44:07.3820883Z [  84% ] ^[[90m^[[1mreimport^[[22m | idle-102.png^[[39m^[[0m
Godot gates (analyzer)	Import the project	2026-10-04T01:44:07.5388651Z [  84% ] ^[[90m^[[1mreimport^[[22m | idle-108.png^[[39m^[[0m
Godot gates (analyzer)	Import the project	2026-10-04T01:44:07.5668224Z [  84% ] ^[[90m^[[1mreimport^[[22m | idle-114.png^[[39m^[[0m
Godot gates (analyzer)	Import the project	2026-10-04T01:44:07.5828464Z [  84% ] ^[[90m^[[1mreimport^[[22m | idle-120.png^[[39m^[[0m
Godot gates (analyzer)	Import the project	2026-10-04T01:44:07.7278062Z [  84% ] ^[[90m^[[1mreimport^[[22m | idle-121.png^[[39m^[[0m
Godot gates (analyzer)	Import the project	2026-10-04T01:44:07.7638358Z [  84% ] ^[[90m^[[1mreimport^[[22m | walk-000.png^[[39m^[[0m
Godot gates (analyzer)	Import the project	2026-10-04T01:44:07.7822002Z [  84% ] ^[[90m^[[1mreimport^[[22m | idle-078.png^[[39m^[[0m
Godot gates (analyzer)	Import the project	2026-10-04T01:44:07.9208454Z [  84% ] ^[[90m^[[1mreimport^[[22m | idle-084.png^[[39m^[[0m
Godot gates (analyzer)	Import the project	2026-10-04T01:44:07.9618275Z [  85% ] ^[[90m^[[1mreimport^[[22m | idle-090.png^[[39m^[[0m
Godot gates (analyzer)	Import the project	2026-10-04T01:44:07.9807885Z [  85% ] ^[[90m^[[1mreimport^[[22m | idle-096.png^[[39m^[[0m
Godot gates (analyzer)	Import the project	2026-10-04T01:44:08.1098422Z [  85% ] ^[[90m^[[1mreimport^[[22m | idle-102.png^[[39m^[[0m
Godot gates (analyzer)	Import the project	2026-10-04T01:44:08.1608128Z [  85% ] ^[[90m^[[1mreimport^[[22m | idle-108.png^[[39m^[[0m
Godot gates (analyzer)	Import the project	2026-10-04T01:44:08.1867204Z [  85% ] ^[[90m^[[1mreimport^[[22m | idle-114.png^[[39m^[[0m
Godot gates (analyzer)	Import the project	2026-10-04T01:44:08.3018315Z [  85% ] ^[[90m^[[1mreimport^[[22m | idle-120.png^[[39m^[[0m
Godot gates (analyzer)	Import the project	2026-10-04T01:44:08.3578562Z [  85% ] ^[[90m^[[1mreimport^[[22m | idle-121.png^[[39m^[[0m
Godot gates (analyzer)	Import the project	2026-10-04T01:44:08.3888146Z [  85% ] ^[[90m^[[1mreimport^[[22m | walk-000.png^[[39m^[[0m
Godot gates (analyzer)	Import the project	2026-10-04T01:44:08.4918764Z [  86% ] ^[[90m^[[1mreimport^[[22m | walk-006.png^[[39m^[[0m
Godot gates (analyzer)	Import the project	2026-10-04T01:44:08.5558103Z [  86% ] ^[[90m^[[1mreimport^[[22m | walk-012.png^[[39m^[[0m
Godot gates (analyzer)	Import the project	2026-10-04T01:44:08.5898142Z [  86% ] ^[[90m^[[1mreimport^[[22m | walk-018.png^[[39m^[[0m
Godot gates (analyzer)	Import the project	2026-10-04T01:44:08.6828261Z [  86% ] ^[[90m^[[1mreimport^[[22m | walk-024.png^[[39m^[[0m
Godot gates (analyzer)	Import the project	2026-10-04T01:44:08.7528114Z [  86% ] ^[[90m^[[1mreimport^[[22m | walk-030.png^[[39m^[[0m
Godot gates (analyzer)	Import the project	2026-10-04T01:44:08.7908107Z [  86% ] ^[[90m^[[1mreimport^[[22m | walk-033.png^[[39m^[[0m
Godot gates (analyzer)	Import the project	2026-10-04T01:44:08.8748234Z [  86% ] ^[[90m^[[1mreimport^[[22m | heavy_hammer_swing-000.png^[[39m^[[0m
Godot gates (analyzer)	Import the project	2026-10-04T01:44:08.9598318Z [  86% ] ^[[90m^[[1mreimport^[[22m | heavy_hammer_swing-006.png^[[39m^[[0m
Godot gates (analyzer)	Import the project	2026-10-04T01:44:09.0028390Z [  87% ] ^[[90m^[[1mreimport^[[22m | heavy_hammer_swing-012.png^[[39m^[[0m
Godot gates (analyzer)	Import the project	2026-10-04T01:44:09.0716588Z [  87% ] ^[[90m^[[1mreimport^[[22m | heavy_hammer_swing-018.png^[[39m^[[0m
Godot gates (analyzer)	Import the project	2026-10-04T01:44:09.1548459Z [  87% ] ^[[90m^[[1mreimport^[[22m | heavy_hammer_swing-024.png^[[39m^[[0m
Godot gates (analyzer)	Import the project	2026-10-04T01:44:09.2238296Z [  87% ] ^[[90m^[[1mreimport^[[22m | heavy_hammer_swing-030.png^[[39m^[[0m
Godot gates (analyzer)	Import the project	2026-10-04T01:44:09.2868435Z [  87% ] ^[[90m^[[1mreimport^[[22m | heavy_hammer_swing-036.png^[[39m^[[0m
Godot gates (analyzer)	Import the project	2026-10-04T01:44:09.3713619Z [  87% ] ^[[90m^[[1mreimport^[[22m | heavy_hammer_swing-042.png^[[39m^[[0m
Godot gates (analyzer)	Import the project	2026-10-04T01:44:09.4398376Z [  87% ] ^[[90m^[[1mreimport^[[22m | heavy_hammer_swing-048.png^[[39m^[[0m
Godot gates (analyzer)	Import the project	2026-10-04T01:44:09.4898669Z [  87% ] ^[[90m^[[1mreimport^[[22m | squirrel_gatherer.cautious_crouch_walk_forward.plain.png^[[39m^[[0m
Godot gates (analyzer)	Import the project	2026-10-04T01:44:09.4907980Z [  88% ] ^[[90m^[[1mreimport^[[22m | squirrel_gatherer.cautious_crouch_walk_forward.standard_bore.png^[[39m^[[0m
Godot gates (analyzer)	Import the project	2026-10-04T01:44:09.5408098Z [  88% ] ^[[90m^[[1mreimport^[[22m | squirrel_gatherer.idle.plain.png^[[39m^[[0m
Godot gates (analyzer)	Import the project	2026-10-04T01:44:09.5852293Z [  88% ] ^[[90m^[[1mreimport^[[22m | squirrel_gatherer.walk.plain.png^[[39m^[[0m
Godot gates (analyzer)	Import the project	2026-10-04T01:44:09.6728373Z [  88% ] ^[[90m^[[1mreimport^[[22m | squirrel_gatherer.walk.ramp_down.png^[[39m^[[0m
Godot gates (analyzer)	Import the project	2026-10-04T01:44:09.7148571Z [  88% ] ^[[90m^[[1mreimport^[[22m | squirrel_gatherer.walk.ramp_up.png^[[39m^[[0m
Godot gates (analyzer)	Import the project	2026-10-04T01:44:09.7708195Z [  88% ] ^[[90m^[[1mreimport^[[22m | native-world.png^[[39m^[[0m
Godot gates (analyzer)	Import the project	2026-10-04T01:44:09.8548196Z [  88% ] ^[[90m^[[1mreimport^[[22m | native-world.png^[[39m^[[0m
Godot gates (analyzer)	Import the project	2026-10-04T01:44:09.8898177Z [  88% ] ^[[90m^[[1mreimport^[[22m | opposite-000-source030.png^[[39m^[[0m
Godot gates (analyzer)	Import the project	2026-10-04T01:44:09.9468318Z [  89% ] ^[[90m^[[1mreimport^[[22m | opposite-003-source033.png^[[39m^[[0m
Godot gates (analyzer)	Import the project	2026-10-04T01:44:10.0368382Z [  89% ] ^[[90m^[[1mreimport^[[22m | opposite-006-source036.png^[[39m^[[0m
Godot gates (analyzer)	Import the project	2026-10-04T01:44:10.0668202Z [  89% ] ^[[90m^[[1mreimport^[[22m | opposite-009-source039.png^[[39m^[[0m
Godot gates (analyzer)	Import the project	2026-10-04T01:44:10.1278531Z [  89% ] ^[[90m^[[1mreimport^[[22m | opposite-012-source042.png^[[39m^[[0m
Godot gates (analyzer)	Import the project	2026-10-04T01:44:10.2138514Z [  89% ] ^[[90m^[[1mreimport^[[22m | opposite-015-source041.png^[[39m^[[0m
Godot gates (analyzer)	Import the project	2026-10-04T01:44:10.2378315Z [  89% ] ^[[90m^[[1mreimport^[[22m | opposite-018-source038.png^[[39m^[[0m
Godot gates (analyzer)	Import the project	2026-10-04T01:44:10.3028548Z [  89% ] ^[[90m^[[1mreimport^[[22m | opposite-021-source035.png^[[39m^[[0m
Godot gates (analyzer)	Import the project	2026-10-04T01:44:10.3918649Z [  89% ] ^[[90m^[[1mreimport^[[22m | opposite-024-source032.png^[[39m^[[0m
Godot gates (analyzer)	Import the project	2026-10-04T01:44:10.4128219Z [  90% ] ^[[90m^[[1mreimport^[[22m | opposite-entry-00.png^[[39m^[[0m
Godot gates (analyzer)	Import the project	2026-10-04T01:44:10.4818364Z [  90% ] ^[[90m^[[1mreimport^[[22m | opposite-entry-06.png^[[39m^[[0m
Godot gates (analyzer)	Import the project	2026-10-04T01:44:10.5688321Z [  90% ] ^[[90m^[[1mreimport^[[22m | opposite-entry-12.png^[[39m^[[0m
Godot gates (analyzer)	Import the project	2026-10-04T01:44:10.5857925Z [  90% ] ^[[90m^[[1mreimport^[[22m | opposite-entry-18.png^[[39m^[[0m
Godot gates (analyzer)	Import the project	2026-10-04T01:44:10.7078310Z [  90% ] ^[[90m^[[1mreimport^[[22m | opposite-entry-24.png^[[39m^[[0m
Godot gates (analyzer)	Import the project	2026-10-04T01:44:10.8068234Z [  90% ] ^[[90m^[[1mreimport^[[22m | opposite-entry-30.png^[[39m^[[0m
Godot gates (analyzer)	Import the project	2026-10-04T01:44:10.8137562Z [  90% ] ^[[90m^[[1mreimport^[[22m | opposite-entry-36.png^[[39m^[[0m
Godot gates (analyzer)	Import the project	2026-10-04T01:44:10.9428386Z [  90% ] ^[[90m^[[1mreimport^[[22m | opposite-entry-42.png^[[39m^[[0m
Godot gates (analyzer)	Import the project	2026-10-04T01:44:11.0348318Z [  91% ] ^[[90m^[[1mreimport^[[22m | mole_digger.idle.plain.png^[[39m^[[0m
Godot gates (analyzer)	Import the project	2026-10-04T01:44:11.0423887Z [  91% ] ^[[90m^[[1mreimport^[[22m | mole_digger.walk.plain.held_pick.png^[[39m^[[0m
Godot gates (analyzer)	Import the project	2026-10-04T01:44:11.1748423Z [  91% ] ^[[90m^[[1mreimport^[[22m | mole_digger.walk.plain.png^[[39m^[[0m
Godot gates (analyzer)	Import the project	2026-10-04T01:44:11.2548436Z [  91% ] ^[[90m^[[1mreimport^[[22m | mole_digger.walk.ramp_down.held_pick.png^[[39m^[[0m
Godot gates (analyzer)	Import the project	2026-10-04T01:44:11.2617753Z [  91% ] ^[[90m^[[1mreimport^[[22m | mole_digger.walk.ramp_down.png^[[39m^[[0m
Godot gates (analyzer)	Import the project	2026-10-04T01:44:11.3836758Z [  91% ] ^[[90m^[[1mreimport^[[22m | mole_digger.walk.ramp_up.held_pick.png^[[39m^[[0m
Godot gates (analyzer)	Import the project	2026-10-04T01:44:11.4638426Z [  91% ] ^[[90m^[[1mreimport^[[22m | mole_digger.walk.ramp_up.png^[[39m^[[0m
Godot gates (analyzer)	Import the project	2026-10-04T01:44:11.4757851Z [  91% ] ^[[90m^[[1mreimport^[[22m | mouse_keeper.carry_heavy_object_walk.plain.png^[[39m^[[0m
Godot gates (analyzer)	Import the project	2026-10-04T01:44:11.6035584Z [  92% ] ^[[90m^[[1mreimport^[[22m | mouse_keeper.carry_heavy_object_walk.standard_bore.png^[[39m^[[0m
Godot gates (analyzer)	Import the project	2026-10-04T01:44:11.6758787Z [  92% ] ^[[90m^[[1mreimport^[[22m | mouse_keeper.cautious_crouch_walk_forward.plain.png^[[39m^[[0m
Godot gates (analyzer)	Import the project	2026-10-04T01:44:11.6988516Z [  92% ] ^[[90m^[[1mreimport^[[22m | mouse_keeper.cautious_crouch_walk_forward.standard_bore.png^[[39m^[[0m
Godot gates (analyzer)	Import the project	2026-10-04T01:44:11.8158372Z [  92% ] ^[[90m^[[1mreimport^[[22m | mouse_keeper.idle.plain.png^[[39m^[[0m
Godot gates (analyzer)	Import the project	2026-10-04T01:44:11.8838335Z [  92% ] ^[[90m^[[1mreimport^[[22m | mouse_keeper.walk.plain.png^[[39m^[[0m
Godot gates (analyzer)	Import the project	2026-10-04T01:44:11.9101487Z [  92% ] ^[[90m^[[1mreimport^[[22m | mouse_keeper.walk.ramp_down.png^[[39m^[[0m
Godot gates (analyzer)	Import the project	2026-10-04T01:44:12.0228462Z [  92% ] ^[[90m^[[1mreimport^[[22m | mouse_keeper.walk.ramp_up.png^[[39m^[[0m
Godot gates (analyzer)	Import the project	2026-10-04T01:44:12.0948394Z [  92% ] ^[[90m^[[1mreimport^[[22m | otter_boatwright.carry_heavy_object_walk.plain.png^[[39m^[[0m
Godot gates (analyzer)	Import the project	2026-10-04T01:44:12.1238477Z [  93% ] ^[[90m^[[1mreimport^[[22m | otter_boatwright.carry_heavy_object_walk.standard_bore.png^[[39m^[[0m
Godot gates (analyzer)	Import the project	2026-10-04T01:44:12.2238399Z [  93% ] ^[[90m^[[1mreimport^[[22m | otter_boatwright.cautious_crouch_walk_forward.plain.png^[[39m^[[0m
Godot gates (analyzer)	Import the project	2026-10-04T01:44:12.2971470Z [  93% ] ^[[90m^[[1mreimport^[[22m | otter_boatwright.cautious_crouch_walk_forward.standard_bore.png^[[39m^[[0m
Godot gates (analyzer)	Import the project	2026-10-04T01:44:12.3408219Z [  93% ] ^[[90m^[[1mreimport^[[22m | otter_boatwright.idle.plain.png^[[39m^[[0m
Godot gates (analyzer)	Import the project	2026-10-04T01:44:12.4364332Z [  93% ] ^[[90m^[[1mreimport^[[22m | otter_boatwright.walk.plain.png^[[39m^[[0m
Godot gates (analyzer)	Import the project	2026-10-04T01:44:12.4502462Z [  93% ] ^[[90m^[[1mreimport^[[22m | otter_boatwright.walk.ramp_down.png^[[39m^[[0m
Godot gates (analyzer)	Import the project	2026-10-04T01:44:12.4988278Z [  93% ] ^[[90m^[[1mreimport^[[22m | otter_boatwright.walk.ramp_up.png^[[39m^[[0m
Godot gates (analyzer)	Import the project	2026-10-04T01:44:12.5968713Z [  93% ] ^[[90m^[[1mreimport^[[22m | squirrel_gatherer.carry_heavy_object_walk.plain.png^[[39m^[[0m
Godot gates (analyzer)	Import the project	2026-10-04T01:44:12.6048000Z [  94% ] ^[[90m^[[1mreimport^[[22m | squirrel_gatherer.carry_heavy_object_walk.standard_bore.png^[[39m^[[0m
Godot gates (analyzer)	Import the project	2026-10-04T01:44:12.6558321Z [  94% ] ^[[90m^[[1mreimport^[[22m | rts-entry-12.png^[[39m^[[0m
Godot gates (analyzer)	Import the project	2026-10-04T01:44:12.7038394Z [  94% ] ^[[90m^[[1mreimport^[[22m | rts-entry-18.png^[[39m^[[0m
Godot gates (analyzer)	Import the project	2026-10-04T01:44:12.7518372Z [  94% ] ^[[90m^[[1mreimport^[[22m | rts-entry-24.png^[[39m^[[0m
Godot gates (analyzer)	Import the project	2026-10-04T01:44:12.7584968Z [  94% ] ^[[90m^[[1mreimport^[[22m | rts-entry-30.png^[[39m^[[0m
Godot gates (analyzer)	Import the project	2026-10-04T01:44:12.8058549Z [  94% ] ^[[90m^[[1mreimport^[[22m | rts-entry-36.png^[[39m^[[0m
Godot gates (analyzer)	Import the project	2026-10-04T01:44:12.8598226Z [  94% ] ^[[90m^[[1mreimport^[[22m | rts-entry-42.png^[[39m^[[0m
Godot gates (analyzer)	Import the project	2026-10-04T01:44:12.9088998Z [  94% ] ^[[90m^[[1mreimport^[[22m | rts-entry-48.png^[[39m^[[0m
Godot gates (analyzer)	Import the project	2026-10-04T01:44:12.9554527Z [  95% ] ^[[90m^[[1mreimport^[[22m | rts-entry-54.png^[[39m^[[0m
Godot gates (analyzer)	Import the project	2026-10-04T01:44:13.0188267Z [  95% ] ^[[90m^[[1mreimport^[[22m | rts-entry-60.png^[[39m^[[0m
Godot gates (analyzer)	Import the project	2026-10-04T01:44:13.0678003Z [  95% ] ^[[90m^[[1mreimport^[[22m | rts-recovery-00.png^[[39m^[[0m
Godot gates (analyzer)	Import the project	2026-10-04T01:44:13.1098557Z [  95% ] ^[[90m^[[1mreimport^[[22m | rts-recovery-06.png^[[39m^[[0m
Godot gates (analyzer)	Import the project	2026-10-04T01:44:13.1767757Z [  95% ] ^[[90m^[[1mreimport^[[22m | rts-recovery-12.png^[[39m^[[0m
Godot gates (analyzer)	Import the project	2026-10-04T01:44:13.2308535Z [  95% ] ^[[90m^[[1mreimport^[[22m | rts-recovery-18.png^[[39m^[[0m
Godot gates (analyzer)	Import the project	2026-10-04T01:44:13.2634201Z [  95% ] ^[[90m^[[1mreimport^[[22m | rts-recovery-24.png^[[39m^[[0m
Godot gates (analyzer)	Import the project	2026-10-04T01:44:13.3378327Z [  95% ] ^[[90m^[[1mreimport^[[22m | rts-recovery-30.png^[[39m^[[0m
Godot gates (analyzer)	Import the project	2026-10-04T01:44:13.3858022Z [  96% ] ^[[90m^[[1mreimport^[[22m | rts-recovery-36.png^[[39m^[[0m
Godot gates (analyzer)	Import the project	2026-10-04T01:44:13.4262106Z [  96% ] ^[[90m^[[1mreimport^[[22m | rts-recovery-42.png^[[39m^[[0m
Godot gates (analyzer)	Import the project	2026-10-04T01:44:13.5058268Z [  96% ] ^[[90m^[[1mreimport^[[22m | rts-recovery-48.png^[[39m^[[0m
Godot gates (analyzer)	Import the project	2026-10-04T01:44:13.5508011Z [  96% ] ^[[90m^[[1mreimport^[[22m | rts-recovery-54.png^[[39m^[[0m
Godot gates (analyzer)	Import the project	2026-10-04T01:44:13.5888239Z [  96% ] ^[[90m^[[1mreimport^[[22m | rts-recovery-60.png^[[39m^[[0m
Godot gates (analyzer)	Import the project	2026-10-04T01:44:13.6676332Z [  96% ] ^[[90m^[[1mreimport^[[22m | side-000-source030.png^[[39m^[[0m
Godot gates (analyzer)	Import the project	2026-10-04T01:44:13.7328354Z [  96% ] ^[[90m^[[1mreimport^[[22m | side-003-source033.png^[[39m^[[0m
Godot gates (analyzer)	Import the project	2026-10-04T01:44:13.7658099Z [  96% ] ^[[90m^[[1mreimport^[[22m | side-006-source036.png^[[39m^[[0m
Godot gates (analyzer)	Import the project	2026-10-04T01:44:13.8508284Z [  97% ] ^[[90m^[[1mreimport^[[22m | side-009-source039.png^[[39m^[[0m
Godot gates (analyzer)	Import the project	2026-10-04T01:44:13.9198226Z [  97% ] ^[[90m^[[1mreimport^[[22m | side-012-source042.png^[[39m^[[0m
Godot gates (analyzer)	Import the project	2026-10-04T01:44:13.9408041Z [  97% ] ^[[90m^[[1mreimport^[[22m | opposite-entry-48.png^[[39m^[[0m
Godot gates (analyzer)	Import the project	2026-10-04T01:44:14.0328531Z [  97% ] ^[[90m^[[1mreimport^[[22m | opposite-entry-54.png^[[39m^[[0m
Godot gates (analyzer)	Import the project	2026-10-04T01:44:14.0978473Z [  97% ] ^[[90m^[[1mreimport^[[22m | opposite-entry-60.png^[[39m^[[0m
Godot gates (analyzer)	Import the project	2026-10-04T01:44:14.1158101Z [  97% ] ^[[90m^[[1mreimport^[[22m | opposite-recovery-00.png^[[39m^[[0m
Godot gates (analyzer)	Import the project	2026-10-04T01:44:14.2128339Z [  97% ] ^[[90m^[[1mreimport^[[22m | opposite-recovery-06.png^[[39m^[[0m
Godot gates (analyzer)	Import the project	2026-10-04T01:44:14.2748198Z [  97% ] ^[[90m^[[1mreimport^[[22m | opposite-recovery-12.png^[[39m^[[0m
Godot gates (analyzer)	Import the project	2026-10-04T01:44:14.2858050Z [  98% ] ^[[90m^[[1mreimport^[[22m | opposite-recovery-18.png^[[39m^[[0m
Godot gates (analyzer)	Import the project	2026-10-04T01:44:14.3918651Z [  98% ] ^[[90m^[[1mreimport^[[22m | opposite-recovery-24.png^[[39m^[[0m
Godot gates (analyzer)	Import the project	2026-10-04T01:44:14.4483624Z [  98% ] ^[[90m^[[1mreimport^[[22m | opposite-recovery-30.png^[[39m^[[0m
Godot gates (analyzer)	Import the project	2026-10-04T01:44:14.4566145Z [  98% ] ^[[90m^[[1mreimport^[[22m | opposite-recovery-36.png^[[39m^[[0m
Godot gates (analyzer)	Import the project	2026-10-04T01:44:14.5468280Z [  98% ] ^[[90m^[[1mreimport^[[22m | opposite-recovery-42.png^[[39m^[[0m
Godot gates (analyzer)	Import the project	2026-10-04T01:44:14.6068267Z [  98% ] ^[[90m^[[1mreimport^[[22m | opposite-recovery-48.png^[[39m^[[0m
Godot gates (analyzer)	Import the project	2026-10-04T01:44:14.6097644Z [  98% ] ^[[90m^[[1mreimport^[[22m | opposite-recovery-54.png^[[39m^[[0m
Godot gates (analyzer)	Import the project	2026-10-04T01:44:14.7032695Z [  98% ] ^[[90m^[[1mreimport^[[22m | opposite-recovery-60.png^[[39m^[[0m
Godot gates (analyzer)	Import the project	2026-10-04T01:44:14.7658233Z [  99% ] ^[[90m^[[1mreimport^[[22m | rts-000-source030.png^[[39m^[[0m
Godot gates (analyzer)	Import the project	2026-10-04T01:44:14.7659087Z [  99% ] ^[[90m^[[1mreimport^[[22m | rts-003-source033.png^[[39m^[[0m
Godot gates (analyzer)	Import the project	2026-10-04T01:44:14.8628481Z [  99% ] ^[[90m^[[1mreimport^[[22m | rts-006-source036.png^[[39m^[[0m
Godot gates (analyzer)	Import the project	2026-10-04T01:44:14.9188400Z [  99% ] ^[[90m^[[1mreimport^[[22m | rts-009-source039.png^[[39m^[[0m
Godot gates (analyzer)	Import the project	2026-10-04T01:44:14.9214725Z [  99% ] ^[[90m^[[1mreimport^[[22m | rts-012-source042.png^[[39m^[[0m
Godot gates (analyzer)	Import the project	2026-10-04T01:44:14.9931025Z [  99% ] ^[[90m^[[1mreimport^[[22m | rts-015-source041.png^[[39m^[[0m
Godot gates (analyzer)	Import the project	2026-10-04T01:44:15.0538059Z [  99% ] ^[[90m^[[1mreimport^[[22m | species_mouse_body_a_lod0.glb^[[39m^[[0m
Godot gates (analyzer)	Import the project	2026-10-04T01:44:15.0541780Z [   0% ] ^[[90m^[[1mimport^[[22m | Started Import Scene (104 steps)^[[39m^[[0m
Godot gates (analyzer)	Import the project	2026-10-04T01:44:15.0542503Z [   0% ] ^[[90m^[[1mimport^[[22m | Importing Scene...^[[39m^[[0m
Godot gates (analyzer)	Import the project	2026-10-04T01:44:15.0898107Z [   1% ] ^[[90m^[[1mimport^[[22m | Running Custom Script...^[[39m^[[0m
Godot gates (analyzer)	Import the project	2026-10-04T01:44:15.0899182Z [  99% ] ^[[90m^[[1mimport^[[22m | Saving...^[[39m^[[0m
Godot gates (analyzer)	Import the project	2026-10-04T01:44:15.0945235Z ^[[92m[ DONE ]^[[39m ^[[1mimport^[[22m
Godot gates (analyzer)	Import the project	2026-10-04T01:44:15.0945687Z ^[[0m
Godot gates (analyzer)	Import the project	2026-10-04T01:44:15.0973256Z [  99% ] ^[[90m^[[1mreimport^[[22m | Finalizing Asset Import...^[[39m^[[0m
Godot gates (analyzer)	Import the project	2026-10-04T01:44:15.1031477Z ^[[92m[ DONE ]^[[39m ^[[1mreimport^[[22m
Godot gates (analyzer)	Import the project	2026-10-04T01:44:15.1031974Z ^[[0m
Godot gates (analyzer)	Import the project	2026-10-04T01:44:15.1032596Z [   0% ] ^[[90m^[[1mreimport^[[22m | Started (Re)Importing Assets (801 steps)^[[39m^[[0m
Godot gates (analyzer)	Import the project	2026-10-04T01:44:15.1033575Z [   0% ] ^[[90m^[[1mreimport^[[22m | Executing post-reimport operations...^[[39m^[[0m
Godot gates (analyzer)	Import the project	2026-10-04T01:44:15.1037937Z ^[[92m[ DONE ]^[[39m ^[[1mreimport^[[22m
Godot gates (analyzer)	Import the project	2026-10-04T01:44:15.1038389Z ^[[0m
Godot gates (analyzer)	Import the project	2026-10-04T01:44:15.1349879Z [   0% ] ^[[90m^[[1mloading_editor_layout^[[22m | Started Loading editor (5 steps)^[[39m^[[0m
Godot gates (analyzer)	Import the project	2026-10-04T01:44:15.1350554Z [   0% ] ^[[90m^[[1mloading_editor_layout^[[22m | Loading editor layout...^[[39m^[[0m
Godot gates (analyzer)	Import the project	2026-10-04T01:44:15.1351098Z [  16% ] ^[[90m^[[1mloading_editor_layout^[[22m | Loading docks...^[[39m^[[0m
Godot gates (analyzer)	Import the project	2026-10-04T01:44:15.1351531Z ^[[92m[ DONE ]^[[39m ^[[1mloading_editor_layout^[[22m
Godot gates (analyzer)	Import the project	2026-10-04T01:44:15.1351827Z ^[[0m
Godot gates (analyzer)	Runner diagnostics self-test	﻿2026-10-04T01:44:16.7746079Z ##[group]Run python3 tools/test_run_tests_diagnostics.py
Godot gates (analyzer)	Runner diagnostics self-test	2026-10-04T01:44:16.7746521Z ^[[36;1mpython3 tools/test_run_tests_diagnostics.py^[[0m
Godot gates (analyzer)	Runner diagnostics self-test	2026-10-04T01:44:16.7817398Z shell: /usr/bin/bash -e {0}
Godot gates (analyzer)	Runner diagnostics self-test	2026-10-04T01:44:16.7817670Z env:
Godot gates (analyzer)	Runner diagnostics self-test	2026-10-04T01:44:16.7817885Z   GODOT_VERSION: 4.7.2
Godot gates (analyzer)	Runner diagnostics self-test	2026-10-04T01:44:16.7818117Z ##[endgroup]
Godot gates (analyzer)	Runner diagnostics self-test	2026-10-04T01:44:17.6225343Z test_run_tests_diagnostics: PASS -- expected, missing, unexpected, tolerated and leaked all classified
Godot gates (analyzer)	GDScript analyzer warnings	﻿2026-10-04T01:44:17.6318868Z ##[group]Run python3 tools/gdscript_warnings.py --max 0
Godot gates (analyzer)	GDScript analyzer warnings	2026-10-04T01:44:17.6319304Z ^[[36;1mpython3 tools/gdscript_warnings.py --max 0^[[0m
Godot gates (analyzer)	GDScript analyzer warnings	2026-10-04T01:44:17.6387579Z shell: /usr/bin/bash -e {0}
Godot gates (analyzer)	GDScript analyzer warnings	2026-10-04T01:44:17.6387845Z env:
Godot gates (analyzer)	GDScript analyzer warnings	2026-10-04T01:44:17.6388073Z   GODOT_VERSION: 4.7.2
Godot gates (analyzer)	GDScript analyzer warnings	2026-10-04T01:44:17.6388303Z ##[endgroup]
Godot gates (analyzer)	GDScript analyzer warnings	2026-10-04T01:54:33.9009490Z 0 GDScript warning(s) in 0 of 1174 file(s)
Godot gates (analyzer)	Shard allocation and runner fault injection	﻿2026-10-04T01:54:33.9232230Z ##[group]Run python3 tools/test_ci_test_shards.py --godot
Godot gates (analyzer)	Shard allocation and runner fault injection	2026-10-04T01:54:33.9232667Z ^[[36;1mpython3 tools/test_ci_test_shards.py --godot^[[0m
Godot gates (analyzer)	Shard allocation and runner fault injection	2026-10-04T01:54:33.9299300Z shell: /usr/bin/bash -e {0}
Godot gates (analyzer)	Shard allocation and runner fault injection	2026-10-04T01:54:33.9299570Z env:
Godot gates (analyzer)	Shard allocation and runner fault injection	2026-10-04T01:54:33.9299767Z   GODOT_VERSION: 4.7.2
Godot gates (analyzer)	Shard allocation and runner fault injection	2026-10-04T01:54:33.9299992Z ##[endgroup]
Godot gates (analyzer)	Shard allocation and runner fault injection	2026-10-04T01:54:35.6033007Z test_discovery_rejects_invalid_selection_in_the_actual_godot_worker (__main__.RealRunner.test_discovery_rejects_invalid_selection_in_the_actual_godot_worker) ... ok
Godot gates (analyzer)	Shard allocation and runner fault injection	2026-10-04T01:54:44.7308937Z test_new_runner_has_zero_analyzer_warnings (__main__.RealRunner.test_new_runner_has_zero_analyzer_warnings) ... ok
Godot gates (analyzer)	Shard allocation and runner fault injection	2026-10-04T01:54:45.2562537Z test_one_leaked_object_is_counted_by_the_shard_runner_and_its_shell (__main__.RealRunner.test_one_leaked_object_is_counted_by_the_shard_runner_and_its_shell) ... ok
Godot gates (analyzer)	Shard allocation and runner fault injection	2026-10-04T01:54:46.6900683Z test_real_full_and_sharded_counts_and_diagnostics_match (__main__.RealRunner.test_real_full_and_sharded_counts_and_diagnostics_match) ... ok
Godot gates (analyzer)	Shard allocation and runner fault injection	2026-10-04T01:54:48.1586040Z test_real_unexpected_warning_abort_and_leak_fail_sharded_shell (__main__.RealRunner.test_real_unexpected_warning_abort_and_leak_fail_sharded_shell) ... ok
Godot gates (analyzer)	Shard allocation and runner fault injection	2026-10-04T01:54:48.1619845Z test_aggregate_matches_complete_baseline (__main__.ShardGuards.test_aggregate_matches_complete_baseline) ... ok
Godot gates (analyzer)	Shard allocation and runner fault injection	2026-10-04T01:54:48.1631431Z test_bad_indices_and_counts_fail (__main__.ShardGuards.test_bad_indices_and_counts_fail) ... ok
Godot gates (analyzer)	Shard allocation and runner fault injection	2026-10-04T01:54:48.1661659Z test_baseline_assertions_and_diagnostic_totals_must_match (__main__.ShardGuards.test_baseline_assertions_and_diagnostic_totals_must_match) ... ok
Godot gates (analyzer)	Shard allocation and runner fault injection	2026-10-04T01:54:48.1769759Z test_changed_counts_or_file_lists_in_json_are_caught_by_raw_log (__main__.ShardGuards.test_changed_counts_or_file_lists_in_json_are_caught_by_raw_log) ... ok
Godot gates (analyzer)	Shard allocation and runner fault injection	2026-10-04T01:54:48.1780258Z test_completed_suite_counters_must_sum_to_the_runner_totals (__main__.ShardGuards.test_completed_suite_counters_must_sum_to_the_runner_totals) ... ok
Godot gates (analyzer)	Shard allocation and runner fault injection	2026-10-04T01:54:48.1794104Z test_discovers_every_new_direct_suite_but_not_framework_or_live_scripts (__main__.ShardGuards.test_discovers_every_new_direct_suite_but_not_framework_or_live_scripts) ... ok
Godot gates (analyzer)	Shard allocation and runner fault injection	2026-10-04T01:54:48.1805713Z test_missing_duplicate_unknown_and_empty_assignments_are_refused (__main__.ShardGuards.test_missing_duplicate_unknown_and_empty_assignments_are_refused) ... ok
Godot gates (analyzer)	Shard allocation and runner fault injection	2026-10-04T01:54:48.1876268Z test_missing_or_duplicate_execution_is_refused_even_with_clean_counts (__main__.ShardGuards.test_missing_or_duplicate_execution_is_refused_even_with_clean_counts) ... ok
Godot gates (analyzer)	Shard allocation and runner fault injection	2026-10-04T01:54:48.1911549Z test_missing_result_and_extra_result_cannot_go_green (__main__.ShardGuards.test_missing_result_and_extra_result_cannot_go_green) ... ok
Godot gates (analyzer)	Shard allocation and runner fault injection	2026-10-04T01:54:48.1923638Z test_missing_summary_success_guard_and_misclassified_diagnostics_fail (__main__.ShardGuards.test_missing_summary_success_guard_and_misclassified_diagnostics_fail) ... ok
Godot gates (analyzer)	Shard allocation and runner fault injection	2026-10-04T01:54:48.1933650Z test_new_suite_invalidates_old_manifest (__main__.ShardGuards.test_new_suite_invalidates_old_manifest) ... ok
Godot gates (analyzer)	Shard allocation and runner fault injection	2026-10-04T01:54:48.1947920Z test_partition_is_stable_and_separates_long_suites (__main__.ShardGuards.test_partition_is_stable_and_separates_long_suites) ... ok
Godot gates (analyzer)	Shard allocation and runner fault injection	2026-10-04T01:54:48.1961312Z test_raw_diagnostics_leaks_and_aborts_cannot_hide_behind_clean_summaries (__main__.ShardGuards.test_raw_diagnostics_leaks_and_aborts_cannot_hide_behind_clean_summaries) ... ok
Godot gates (analyzer)	Shard allocation and runner fault injection	2026-10-04T01:54:48.1962349Z 
Godot gates (analyzer)	Shard allocation and runner fault injection	2026-10-04T01:54:48.1962594Z ----------------------------------------------------------------------
Godot gates (analyzer)	Shard allocation and runner fault injection	2026-10-04T01:54:48.1963107Z Ran 18 tests in 14.192s
Godot gates (analyzer)	Shard allocation and runner fault injection	2026-10-04T01:54:48.1963312Z 
Godot gates (analyzer)	Shard allocation and runner fault injection	2026-10-04T01:54:48.1963415Z OK
Godot gates (analyzer)	Post Cache the Godot binary	﻿2026-10-04T01:54:48.2135841Z Post job cleanup.
Godot gates (analyzer)	Post Cache the Godot binary	2026-10-04T01:54:48.3226135Z Cache hit occurred on the primary key godot-4.7.2-linux-x86_64, not saving cache.
Godot gates (analyzer)	Post Cache the Godot binary	2026-10-04T01:54:48.3227883Z (node:3063) [DEP0040] DeprecationWarning: The `punycode` module is deprecated. Please use a userland alternative instead.
Godot gates (analyzer)	Post Cache the Godot binary	2026-10-04T01:54:48.3228847Z (Use `node --trace-deprecation ...` to show where the warning was created)
Godot gates (analyzer)	Post Check out the repository	﻿2026-10-04T01:54:48.3378024Z Post job cleanup.
Godot gates (analyzer)	Post Check out the repository	2026-10-04T01:54:48.4244357Z [command]/usr/bin/git version
Godot gates (analyzer)	Post Check out the repository	2026-10-04T01:54:48.4291477Z git version 2.55.0
Godot gates (analyzer)	Post Check out the repository	2026-10-04T01:54:48.4333804Z Temporarily overriding HOME='/home/runner/work/_temp/3e4af568-3228-4a1f-b679-48d0b7fe7175' before making global git config changes
Godot gates (analyzer)	Post Check out the repository	2026-10-04T01:54:48.4334740Z Adding repository directory to the temporary git global config as a safe directory
Godot gates (analyzer)	Post Check out the repository	2026-10-04T01:54:48.4340105Z [command]/usr/bin/git config --global --add safe.directory /home/runner/work/redwall-rts/redwall-rts
Godot gates (analyzer)	Post Check out the repository	2026-10-04T01:54:48.4382785Z [command]/usr/bin/git config --local --name-only --get-regexp core\.sshCommand
Godot gates (analyzer)	Post Check out the repository	2026-10-04T01:54:48.4421417Z [command]/usr/bin/git submodule foreach --recursive sh -c "git config --local --name-only --get-regexp 'core\.sshCommand' && git config --local --unset-all 'core.sshCommand' || :"
Godot gates (analyzer)	Post Check out the repository	2026-10-04T01:54:48.4695892Z [command]/usr/bin/git config --local --name-only --get-regexp http\.https\:\/\/github\.com\/\.extraheader
Godot gates (analyzer)	Post Check out the repository	2026-10-04T01:54:48.4727452Z http.https://github.com/.extraheader
Godot gates (analyzer)	Post Check out the repository	2026-10-04T01:54:48.4739011Z [command]/usr/bin/git config --local --unset-all http.https://github.com/.extraheader
Godot gates (analyzer)	Post Check out the repository	2026-10-04T01:54:48.4778393Z [command]/usr/bin/git submodule foreach --recursive sh -c "git config --local --name-only --get-regexp 'http\.https\:\/\/github\.com\/\.extraheader' && git config --local --unset-all 'http.https://github.com/.extraheader' || :"
Godot gates (analyzer)	Post Check out the repository	2026-10-04T01:54:48.5073671Z [command]/usr/bin/git config --local --name-only --get-regexp ^includeIf\.gitdir:
Godot gates (analyzer)	Post Check out the repository	2026-10-04T01:54:48.5111048Z [command]/usr/bin/git submodule foreach --recursive git config --local --show-origin --name-only --get-regexp remote.origin.url
Godot gates (analyzer)	Complete job	﻿2026-10-04T01:54:48.5547475Z Cleaning up orphan processes
Godot gates (analyzer)	Complete job	2026-10-04T01:54:48.5881866Z ##[warning]Node.js 20 is deprecated. The following actions target Node.js 20 but are being forced to run on Node.js 24: actions/cache@v4, actions/checkout@v4. For more information see: https://github.blog/changelog/2025-09-19-deprecation-of-node-20-on-github-actions-runners/
