Godot Engine v4.7.2.stable.official.ed1daf0bf - https://godotengine.org

Godot Engine v4.7.2.stable.official.ed1daf0bf - https://godotengine.org

test_canopy_clear.gd
  PASS  test_the_eye_direction_is_the_orbit_rigs_own
  PASS  test_a_crown_is_an_ellipsoid_cut_at_its_base
  PASS  test_a_ray_spans_a_crown_between_its_entry_and_exit
  PASS  test_a_falling_ray_leaves_at_the_base
  PASS  test_a_sight_line_crosses_only_what_it_reaches
  PASS  test_an_eye_in_the_open_is_left_alone
  PASS  test_an_eye_inside_a_crown_moves_out_past_its_far_side
  PASS  test_an_eye_that_cannot_get_out_comes_in_under_the_crown
  PASS  test_the_eye_never_comes_nearer_than_the_floor
  PASS  test_the_rig_moves_the_drawn_eye_at_once_and_keeps_the_zoom
  PASS  test_only_the_crowns_in_the_way_are_thinned
  PASS  test_a_fade_eases_in_and_out_and_hands_back_the_material
  PASS  test_the_selected_residents_sight_lines_thin_their_crowns
  PASS  test_a_crown_at_the_lens_is_thinned
  PASS  test_no_more_than_max_faded_crowns_are_thinned
  PASS  test_nothing_fades_in_the_underground_view
  PASS  test_one_fade_material_per_tree_model_carrying_its_maps
  PASS  test_the_silhouette_goes_on_the_body_only
  PASS  test_the_frame_thins_a_crown_over_a_selected_resident
  PASS  test_the_silhouette_follows_the_selection_and_the_underground_view
TOLERATED ERROR: Condition "!is_inside_tree()" is true. Returning: Transform3D()
   at: get_global_transform (scene/3d/node_3d.cpp:649)
   GDScript backtrace (most recent call first):
       [0] begin_prewarm (res://demo/camera/canopy_clear.gd:482)
       [1] test_the_prewarm_leaves_only_the_selected_wearing_the_silhouette (res://test/test_canopy_clear.gd:411)
       [2] _run_test (res://test/run_tests.gd:194)
       [3] _run_suite (res://test/run_tests.gd:168)
       [4] _run_suite (/home/runner/work/redwall-rts/redwall-rts/tools/ci_test_shard_runner.gd:30)
       [5] _run_worker (res://test/run_tests.gd:121)
       [6] _initialize (res://test/run_tests.gd:108)
  PASS  test_the_prewarm_leaves_only_the_selected_wearing_the_silhouette
  PASS  test_a_hidden_faded_tree_is_handed_back
  PASS  test_a_felled_tree_leaves_the_crowns_on_the_next_frame
  PASS  test_the_rigs_own_frame_keeps_the_eye_out_of_a_crown
CI_SUITE_TIME {"assertions":107,"failures":0,"suite":"test_canopy_clear.gd","tests":24,"usec":7578048}
test_demo_bore.gd
  PASS  test_the_profile_is_a_sixteen_point_horseshoe
  PASS  test_the_profile_s_normals_face_inward
  PASS  test_a_swept_bore_holds_its_rings_and_faces_in
  PASS  test_the_rough_walls_are_rough_but_the_floor_is_flat
  PASS  test_a_32_m_bore_builds_in_under_2_ms
  PASS  test_the_centreline_follows_the_route_and_rounds_its_corners
  PASS  test_a_ramp_is_never_steeper_than_one_in_two_and_a_half
  PASS  test_a_route_too_short_for_its_ramps_is_refused_with_words
  PASS  test_each_species_stoops_by_its_height_in_a_standard_bore
  PASS  test_the_stoop_lowers_the_head_and_keeps_the_feet
  PASS  test_a_lean_tilts_the_spine_alone
  PASS  test_a_resident_on_a_ramp_leans_its_spine_back_by_half_its_pitch
  PASS  test_a_deeper_stoop_bends_further_and_is_capped
  PASS  test_a_resident_below_eases_into_its_stoop_on_the_demo_clock
  PASS  test_a_ramp_is_walked_along_its_slope_and_the_body_tilts_with_it
  PASS  test_the_void_keeps_the_nearest_bore_its_rise_and_crown
  PASS  test_a_dug_tunnel_is_stamped_down_its_ramps_too
  PASS  test_only_the_chunk_at_the_face_is_rebuilt
  PASS  test_each_ring_carries_the_day_it_was_dug
  PASS  test_stones_bed_in_the_walls_and_roots_come_only_near_trees
  PASS  test_the_lanterns_light_the_nearest_spots_up_to_the_cap
  PASS  test_the_lanterns_flicker_gently_and_hold_while_paused
  PASS  test_a_lit_tunnel_hangs_its_lanterns_under_the_ground_and_lights_them
  PASS  test_a_mouth_is_a_gateway_over_its_ramp_s_cutting
  PASS  test_the_u_view_has_its_own_environment_and_the_surface_keeps_its
  PASS  test_every_new_underground_material_is_registered_for_the_prewarm
  PASS  test_each_ring_is_jittered_along_its_normals
  PASS  test_a_fillet_never_takes_more_than_its_share_of_a_short_leg
  PASS  test_chunks_hold_whole_bands_and_the_widened_and_flooded_rings_show
  PASS  test_stones_bed_only_where_the_bore_is_under_the_ground
  PASS  test_an_instanced_sample_is_drawn_with_its_override
  PASS  test_a_right_angled_corner_folds_nothing_and_walkers_follow_the_bore
  PASS  test_the_shared_curve_follows_its_tunnel_and_samples_back_and_forth
  PASS  test_only_steps_whose_roots_stay_under_the_cut_are_dressed
EXPECTED WARNING: bore_mesh: more than 160 rings in one build
     at: push_warning (core/variant/variant_utility.cpp:1033)
     GDScript backtrace (most recent call first):
         [0] add_ring (res://demo/tunnel/bore_mesh.gd:260)
         [1] test_a_build_holds_at_most_max_rings (res://test/test_demo_bore.gd:983)
         [2] _run_test (res://test/run_tests.gd:194)
         [3] _run_suite (res://test/run_tests.gd:168)
         [4] _run_suite (/home/runner/work/redwall-rts/redwall-rts/tools/ci_test_shard_runner.gd:30)
         [5] _run_worker (res://test/run_tests.gd:121)
         [6] _initialize (res://test/run_tests.gd:108)
EXPECTED WARNING: bore_mesh: more than 160 rings in one build
     at: push_warning (core/variant/variant_utility.cpp:1033)
     GDScript backtrace (most recent call first):
         [0] add_ring (res://demo/tunnel/bore_mesh.gd:260)
         [1] test_a_build_holds_at_most_max_rings (res://test/test_demo_bore.gd:983)
         [2] _run_test (res://test/run_tests.gd:194)
         [3] _run_suite (res://test/run_tests.gd:168)
         [4] _run_suite (/home/runner/work/redwall-rts/redwall-rts/tools/ci_test_shard_runner.gd:30)
         [5] _run_worker (res://test/run_tests.gd:121)
         [6] _initialize (res://test/run_tests.gd:108)
EXPECTED WARNING: bore_mesh: more than 160 rings in one build
     at: push_warning (core/variant/variant_utility.cpp:1033)
     GDScript backtrace (most recent call first):
         [0] add_ring (res://demo/tunnel/bore_mesh.gd:260)
         [1] test_a_build_holds_at_most_max_rings (res://test/test_demo_bore.gd:983)
         [2] _run_test (res://test/run_tests.gd:194)
         [3] _run_suite (res://test/run_tests.gd:168)
         [4] _run_suite (/home/runner/work/redwall-rts/redwall-rts/tools/ci_test_shard_runner.gd:30)
         [5] _run_worker (res://test/run_tests.gd:121)
         [6] _initialize (res://test/run_tests.gd:108)
  PASS  test_a_build_holds_at_most_max_rings
  PASS  test_the_u_view_s_focus_is_where_the_camera_looks_on_the_floor
  PASS  test_the_hub_cuts_a_bore_s_floor_however_its_jitter_falls
  PASS  test_a_branch_breaking_ground_cuts_the_bores_it_joins
  PASS  test_a_hub_is_rebuilt_only_when_what_it_depends_on_changes
CI_SUITE_TIME {"assertions":478,"failures":0,"suite":"test_demo_bore.gd","tests":39,"usec":2001078}
test_demo_build.gd
  PASS  test_without_the_feature_the_game_still_opens_its_own_scene
  PASS  test_the_demo_build_boots_the_demo_maximized
  PASS  test_the_desktop_vram_format_is_imported
  PASS  test_f11_toggles_full_screen_and_back
  PASS  test_f11_is_bound_to_nothing_else
  PASS  test_a_picture_the_demo_reads_itself_is_found_in_a_project_and_in_a_pack
CI_SUITE_TIME {"assertions":214,"failures":0,"suite":"test_demo_build.gd","tests":6,"usec":9358}
test_demo_camera.gd
  PASS  test_clamp_focus_keeps_inside_points_and_clamps_outside_ones
  PASS  test_zoom_steps_are_multiplicative_and_limited
  PASS  test_pitch_is_held_between_its_limits
  PASS  test_damping_is_frame_rate_independent
  PASS  test_rig_owns_a_perspective_camera_at_forty_degrees
  PASS  test_camera_looks_at_its_focus
  PASS  test_configure_clamps_the_start_focus
  PASS  test_make_current_off_tree_marks_the_camera_current
  PASS  test_every_bound_zoom_event_zooms
  PASS  test_zoom_out_and_its_limit
  PASS  test_held_pan_moves_toward_the_view_and_stops_on_release
  PASS  test_pan_is_clamped_to_the_bounds
  PASS  test_view_eases_toward_the_target
  PASS  test_pitch_steps_and_home_resets
  PASS  test_rotation_turns_the_heading
  PASS  test_alt_page_up_pitches_and_does_not_zoom
  PASS  test_focus_loss_releases_every_held_key
  PASS  test_unrelated_input_is_left_alone
  PASS  test_every_action_the_rig_reads_exists_in_the_project
  PASS  test_the_rig_reports_its_distance_for_the_shadow_fit
  PASS  test_a_middle_drag_turns_the_view
  PASS  test_the_drag_ends_on_release_or_a_lost_button
  PASS  test_focus_loss_ends_the_drag
  PASS  test_other_buttons_do_not_start_a_drag
  PASS  test_a_diagonal_pan_is_no_faster_than_a_straight_one
  PASS  test_the_players_pans_count_and_the_modes_moves_do_not
  PASS  test_the_players_turns_count
  PASS  test_track_moves_only_the_centre_and_is_held_in_the_box
  PASS  test_aim_sets_a_whole_view_inside_the_limits
  PASS  test_aim_turns_the_shorter_way_round
  PASS  test_turn_target_turns_without_counting
  PASS  test_the_edge_push_pans_like_a_held_key_and_is_clamped
  PASS  test_the_drag_turns_per_logical_pixel_off_the_tree
  PASS  test_the_targets_read_back
  PASS  test_a_frame_of_motion_retains_nothing
CI_SUITE_TIME {"assertions":115,"failures":0,"suite":"test_demo_camera.gd","tests":35,"usec":25383}
test_demo_chronicle_ui.gd
  PASS  test_the_book_opens_on_the_newest_page_and_pages_by_season
  PASS  test_with_no_page_written_it_opens_on_the_season_so_far
  PASS  test_a_tab_shows_its_page_and_a_new_page_adds_a_tab
  PASS  test_the_book_s_type_and_buttons_meet_the_floors
  PASS  test_headings_wear_the_heading_face_and_the_facts_ink
  PASS  test_village_news_has_a_chronicle_button_that_closes_it_first
  PASS  test_the_village_guide_has_a_chronicle_button_that_closes_it_first
  PASS  test_with_no_page_staged_the_page_is_drawn_as_before
  PASS  test_the_staged_page_lies_under_the_text_scaled_to_the_sheet
  PASS  test_the_page_body_fills_the_text_area_and_the_shared_picture_keeps_its_size
  PASS  test_a_page_laid_then_unstaged_is_drawn_plain_again
CI_SUITE_TIME {"assertions":82,"failures":0,"suite":"test_demo_chronicle_ui.gd","tests":11,"usec":1495056}
test_demo_input_gate.gd
  PASS  test_a_modal_swallows_world_keys_and_lets_navigation_through
  PASS  test_a_modal_closes_on_escape_and_its_own_keys
  PASS  test_a_modal_s_tab_and_activation
  PASS  test_the_stall_banner_comes_first
  PASS  test_closing_calls_the_top_modal_s_close
  PASS  test_without_a_modal_world_keys_pass
  PASS  test_enter_and_space_go_by_focused_context
  PASS  test_a_click_s_focus_gives_the_arrows_back_and_f7_starts_from_the_world
  PASS  test_the_hud_workspace_holding_input_stops_panel_routing
  PASS  test_the_banner_takes_only_enter_and_space
  PASS  test_a_modal_presses_only_its_own_buttons
  PASS  test_closing_a_lower_modal_keeps_focus_in_the_top_one
  PASS  test_the_focus_read_is_one_reused_object
  PASS  test_tab_and_escape_in_a_region
  PASS  test_a_watched_modal_opens_and_closes_with_its_layer
  PASS  test_the_modal_s_ring_puts_its_close_last_and_focuses_content_first
  PASS  test_stacked_modals_close_top_first
  PASS  test_focusables_skip_hidden_branches_hidden_layers_and_non_buttons
  PASS  test_step_wraps_both_ways
  PASS  test_f7_cycles_world_regions_and_back_skipping_empty_ones
  PASS  test_tab_in_a_region_moves_along_its_ring
  PASS  test_press_toggles_and_emits_and_spares_a_disabled_button
  PASS  test_every_panel_button_is_a_keyboard_focus_stop
  PASS  test_the_player_panels_hold_no_test_trigger
  PASS  test_the_lab_holds_its_triggers_in_order_and_fires_them
  PASS  test_a_trigger_that_cannot_act_is_disabled_with_its_reason
  PASS  test_firing_a_trigger_reads_every_trigger_s_availability_again
  PASS  test_the_lab_opens_and_closes_on_its_key
CI_SUITE_TIME {"assertions":159,"failures":0,"suite":"test_demo_input_gate.gd","tests":28,"usec":432904}
test_demo_kitchen_round_back.gd
  PASS  test_a_brain_keeping_the_cooks_round_does_not_keep_its_kitchen
  PASS  test_the_round_is_stale_once_the_kitchen_is_gone
  PASS  test_a_drawers_trip_calls_the_draw_take_back
  PASS  test_the_round_asks_its_kitchen_while_it_lives
CI_SUITE_TIME {"assertions":11,"failures":0,"suite":"test_demo_kitchen_round_back.gd","tests":4,"usec":37914}
test_demo_levels_edges.gd
  PASS  test_a_link_s_slope_is_the_rate_of_its_drop
  PASS  test_a_clay_lens_spreads_wider_below
  PASS  test_the_layers_place_each_level
  PASS  test_the_words_carry_the_candidate_numbers
  PASS  test_a_dropped_level_2_room_leaves_its_door_a_blind_end
  PASS  test_a_passage_dropped_unbroken_takes_its_level_2_room_with_it
  PASS  test_a_passage_outliving_its_room_takes_no_other_room_with_it
  PASS  test_a_passage_is_never_dropped_from_under_a_room_begun
  PASS  test_a_level_2_room_goes_in_from_the_surface_at_its_passage_s_mouth
  PASS  test_the_rows_a_level_2_room_and_a_blind_piece_take
  PASS  test_a_link_through_deep_ground_is_cut_and_read_out_in_it
  PASS  test_a_level_2_point_opens_no_mouth_and_a_level_1_end_is_no_blind_end
  PASS  test_a_level_2_join_minds_level_2_s_nodes_only
  PASS  test_the_pillar_reads_a_link_s_void_from_its_crown_to_its_floor
  PASS  test_a_link_breaks_into_a_level_1_room_only_at_its_height
  PASS  test_a_level_1_piece_passes_over_a_level_2_room
  PASS  test_a_level_2_room_is_refused_by_its_own_level_s_edges
  PASS  test_a_level_2_nook_minds_only_its_own_level
  PASS  test_level_2_s_cap_is_coloured_from_level_2_s_ground
  PASS  test_stairs_treads_stand_as_dug_on_stairs_only
  PASS  test_a_blind_end_s_face_goes_when_the_network_runs_on
  PASS  test_a_twin_is_drawn_only_while_its_slot_is_a_link
  PASS  test_a_level_2_room_s_door_is_cut_open_once_it_breaks_ground
CI_SUITE_TIME {"assertions":269,"failures":0,"suite":"test_demo_levels_edges.gd","tests":23,"usec":1609451}
test_demo_menu.gd
  PASS  test_opening_holds_menu_and_closing_restores_the_speed
  PASS  test_a_player_pause_held_before_the_menu_is_still_held_after
  PASS  test_set_menu_pause_is_refused_before_start_and_holds_once
EXPECTED WARNING: the clock refused to release the menu's pause (LOAD_IN_PROGRESS); the menu stays open
     at: push_warning (core/variant/variant_utility.cpp:1033)
     GDScript backtrace (most recent call first):
         [0] close (res://demo/ui/demo_menu.gd:275)
         [1] test_a_refused_release_keeps_the_menu_open_and_runs_nothing (res://test/test_demo_menu.gd:102)
         [2] _run_test (res://test/run_tests.gd:194)
         [3] _run_suite (res://test/run_tests.gd:168)
         [4] _run_suite (/home/runner/work/redwall-rts/redwall-rts/tools/ci_test_shard_runner.gd:30)
         [5] _run_worker (res://test/run_tests.gd:121)
         [6] _initialize (res://test/run_tests.gd:108)
EXPECTED WARNING: the clock refused to release the menu's pause (LOAD_IN_PROGRESS); the menu stays open
     at: push_warning (core/variant/variant_utility.cpp:1033)
     GDScript backtrace (most recent call first):
         [0] close (res://demo/ui/demo_menu.gd:275)
         [1] _confirmed (res://demo/ui/demo_menu.gd:372)
         [2] test_a_refused_release_keeps_the_menu_open_and_runs_nothing (res://test/test_demo_menu.gd:106)
         [3] _run_test (res://test/run_tests.gd:194)
         [4] _run_suite (res://test/run_tests.gd:168)
         [5] _run_suite (/home/runner/work/redwall-rts/redwall-rts/tools/ci_test_shard_runner.gd:30)
         [6] _run_worker (res://test/run_tests.gd:121)
         [7] _initialize (res://test/run_tests.gd:108)
EXPECTED WARNING: the clock refused to release the menu's pause (LOAD_IN_PROGRESS); the menu stays open
     at: push_warning (core/variant/variant_utility.cpp:1033)
     GDScript backtrace (most recent call first):
         [0] close (res://demo/ui/demo_menu.gd:275)
         [1] open_lab (res://demo/ui/demo_menu.gd:380)
         [2] test_a_refused_release_keeps_the_menu_open_and_runs_nothing (res://test/test_demo_menu.gd:107)
         [3] _run_test (res://test/run_tests.gd:194)
         [4] _run_suite (res://test/run_tests.gd:168)
         [5] _run_suite (/home/runner/work/redwall-rts/redwall-rts/tools/ci_test_shard_runner.gd:30)
         [6] _run_worker (res://test/run_tests.gd:121)
         [7] _initialize (res://test/run_tests.gd:108)
EXPECTED WARNING: the clock refused to release the menu's pause (LOAD_IN_PROGRESS); the menu stays open
     at: push_warning (core/variant/variant_utility.cpp:1033)
     GDScript backtrace (most recent call first):
         [0] close (res://demo/ui/demo_menu.gd:275)
         [1] _confirmed (res://demo/ui/demo_menu.gd:372)
         [2] test_a_refused_release_keeps_the_menu_open_and_runs_nothing (res://test/test_demo_menu.gd:110)
         [3] _run_test (res://test/run_tests.gd:194)
         [4] _run_suite (res://test/run_tests.gd:168)
         [5] _run_suite (/home/runner/work/redwall-rts/redwall-rts/tools/ci_test_shard_runner.gd:30)
         [6] _run_worker (res://test/run_tests.gd:121)
         [7] _initialize (res://test/run_tests.gd:108)
  PASS  test_a_refused_release_keeps_the_menu_open_and_runs_nothing
  PASS  test_opening_twice_and_closing_twice_hold_and_release_once
  PASS  test_the_menu_page_offers_the_six_actions_and_the_no_save_line
  PASS  test_escape_goes_back_a_page_then_closes
  PASS  test_controls_list_the_demo_s_keys
  PASS  test_resume_closes
  PASS  test_restart_and_quit_ask_first_and_say_the_village_is_lost
  PASS  test_a_confirmed_restart_or_quit_releases_the_pause_and_runs
  PASS  test_the_demo_lab_entry_closes_the_menu_and_opens_the_lab
  PASS  test_settings_offer_only_the_scales_that_fit_and_the_sound
  PASS  test_choosing_a_scale_applies_it_only_where_it_fits
  PASS  test_full_screen_says_its_state_and_toggles_through_the_host
  PASS  test_the_demo_s_interface_scale_fits_and_applies
  PASS  test_every_demo_layout_site_follows_the_scale
  PASS  test_the_hud_menu_button_opens_the_host_menu_not_new_settlement
CI_SUITE_TIME {"assertions":104,"failures":0,"suite":"test_demo_menu.gd","tests":18,"usec":364829}
test_demo_panels_fit.gd
  PASS  test_the_selected_resident_is_pinned_and_the_roster_folded
  PASS  test_a_roster_row_picks_its_resident
  PASS  test_each_build_sits_under_its_kind_s_cost
  PASS  test_water_text_and_targets_meet_the_floors
  PASS  test_the_open_picker_follows_the_calendar_across_spring_5
  PASS  test_the_picker_has_one_scroll_and_a_fixed_title_and_back
  PASS  test_the_woods_and_tunnels_buttons_meet_the_floors
  PASS  test_farm_small_text_is_at_least_14_px
  PASS  test_a_pick_row_is_a_32_px_focusable_row_with_its_whole_text
  PASS  test_pick_member_selects_alone_and_centres
  PASS  test_the_picker_and_news_band_keep_clear_of_the_right_column_at_every_offered_size
  PASS  test_the_picker_falls_back_beside_the_minimap_where_the_column_gap_is_too_narrow
  PASS  test_the_incident_card_stays_between_the_side_columns
  PASS  test_a_control_under_the_cover_is_no_focus_stop
  PASS  test_the_card_tooltips_follow_the_hud_scale
  PASS  test_a_scale_is_offered_only_where_the_bottom_band_has_room
  PASS  test_a_reveal_works_in_the_scroll_s_own_pixels
  PASS  test_the_party_rows_are_a_pool_re_worded_in_place
CI_SUITE_TIME {"assertions":391,"failures":0,"suite":"test_demo_panels_fit.gd","tests":18,"usec":3306518}
test_demo_pause_ledger.gd
  PASS  test_the_player_pause_is_player_and_says_so
  PASS  test_a_run_arrival_is_the_player_pause_with_its_note
  PASS  test_the_menu_pause_holds_menu_and_says_so
  PASS  test_the_village_guide_holds_a_menu_pause_of_its_own
  PASS  test_a_planning_surface_pauses_only_with_the_setting_on
  PASS  test_a_critical_incident_pauses_and_says_which
  PASS  test_a_critical_incident_does_not_pause_with_the_setting_off
  PASS  test_a_stall_is_its_own_kind
  PASS  test_reasons_are_listed_most_urgent_first
  PASS  test_resume_clears_the_player_pause_and_the_speed_comes_back
  PASS  test_resume_clears_planning_and_critical_but_not_the_menu
  PASS  test_resume_never_acknowledges_a_stall
  PASS  test_resume_with_only_the_menu_says_close_the_menu
  PASS  test_a_resumed_planning_pause_stays_waived_until_every_surface_closes
  PASS  test_a_panel_never_overrides_the_players_pause
  PASS  test_closing_the_menu_does_not_lift_a_planning_or_critical_pause
  PASS  test_toggle_pauses_when_running_and_resumes_when_paused
  PASS  test_release_all_leaves_no_menu_reason
  PASS  test_a_stale_menu_reason_is_let_go_on_bind
  PASS  test_the_hud_pause_button_pressed_while_planning_paused_resumes
  PASS  test_the_hud_pause_button_pressed_while_running_pauses
  PASS  test_a_critical_incident_raised_pauses_through_the_time_control
  PASS  test_a_warning_incident_does_not_pause
  PASS  test_the_pause_card_says_what_resume_clears
  PASS  test_the_pause_card_rises_above_an_open_pop_up
  PASS  test_the_pause_card_hides_while_asked
  PASS  test_the_pause_card_places_again_when_its_minimum_changes
  PASS  test_the_pause_card_moves_when_what_it_sits_against_moves
  PASS  test_a_refused_release_keeps_the_hold
  PASS  test_the_hud_pause_button_releasing_player_also_waives_planning
  PASS  test_an_open_planning_surface_pauses_through_the_time_control
CI_SUITE_TIME {"assertions":99,"failures":0,"suite":"test_demo_pause_ledger.gd","tests":31,"usec":94575}
test_demo_people_live.gd
  PASS  test_the_people_on_the_real_scene_at_1280x720
  PASS  test_the_people_on_the_real_scene_at_1920x1080
CI_SUITE_TIME {"assertions":70,"failures":0,"suite":"test_demo_people_live.gd","tests":2,"usec":31362876}
test_demo_playtest_live.gd
  PASS  test_the_real_logger_captures_every_kind_of_line_and_f12_marks
CI_SUITE_TIME {"assertions":18,"failures":0,"suite":"test_demo_playtest_live.gd","tests":1,"usec":2968060}
test_demo_seasons.gd
  PASS  test_a_trees_hash_is_a_stable_function_of_its_spot
  PASS  test_the_hashes_draws_spread_over_the_whole_range
  PASS  test_summer_is_the_texture_as_authored
  PASS  test_spring_is_fresh_green_with_the_oaks_catkins
  PASS  test_autumn_turns_each_tree_its_own_colour_at_its_own_pace
  PASS  test_a_trees_pace_draw_sets_how_fast_it_turns
  PASS  test_blossom_eases_in_with_springs_blend
  PASS  test_the_autumn_colours_include_red_only_for_a_few
  PASS  test_winter_is_bare_but_for_the_trees_that_keep_dry_leaves
  PASS  test_the_thaw_leafs_the_woods_out_by_springs_first_day
  PASS  test_a_season_blends_in_over_its_window_from_the_last_seasons_end
  PASS  test_the_stagger_starts_each_trees_blend_by_its_hash
  PASS  test_evergreens_keep_their_summer_look_all_year
  PASS  test_tints_mix_by_how_much_each_is_taken
  PASS  test_a_hue_carries_its_colour_at_unit_luminance_times_the_lift
  PASS  test_every_seasons_ground_colours_stay_in_their_value_groups
  PASS  test_the_ground_targets_move_by_their_set_shares
  PASS  test_the_ground_eases_from_the_last_seasons_end
  PASS  test_the_grounds_season_follows_the_calendar
  PASS  test_leaves_fall_from_mid_autumn_into_winters_first_days
  PASS  test_bare_boughs_keep_the_bark_triangles_and_the_material
  PASS  test_moss_on_the_roots_is_never_taken_for_leaf
  PASS  test_a_triangle_is_bark_unless_its_centre_or_two_corners_are_leaf
  PASS  test_a_leaf_centre_alone_makes_a_triangle_leaf
  PASS  test_a_blue_texel_is_not_leaf
  PASS  test_both_tree_shaders_declare_the_same_instance_uniforms_in_order
  PASS  test_a_tree_material_carries_its_sources_roughness
  PASS  test_each_models_roots_mask_is_its_own_bound
  PASS  test_the_in_leaf_variant_takes_the_tree_shaders_parameters
  PASS  test_wear_follows_the_leaves_down
  PASS  test_every_staged_tree_is_dressed_once_in_its_models_materials
  PASS  test_the_view_writes_the_calendars_season_to_each_tree
  PASS  test_a_bare_tree_wears_its_bare_boughs_once_they_are_made
  PASS  test_a_mesh_is_redressed_only_when_its_wear_changes
  PASS  test_a_trees_own_material_is_its_meshs_under_any_override
  PASS  test_a_tree_drawn_twice_is_dressed_once
  PASS  test_the_hour_alone_refreshes_the_trees
  PASS  test_a_falling_trees_upper_part_is_a_new_node
  PASS  test_a_winter_recollect_keeps_each_trees_own_mesh_for_the_thaw
  PASS  test_a_revision_without_a_new_node_writes_nothing
  PASS  test_the_prewarm_draws_each_models_bare_boughs_once
  PASS  test_a_node_the_woods_replace_is_dressed_on_the_next_hour
  PASS  test_a_placeholder_tree_keeps_its_own_material
  PASS  test_the_weathers_cover_is_set_on_the_tree_materials_in_steps
  PASS  test_the_preview_draws_each_preset_and_hands_back_to_the_calendar
  PASS  test_the_lab_says_a_triggers_own_done_text
  PASS  test_leaves_fall_in_late_autumn_and_never_with_reduced_motion
  PASS  test_the_prewarm_lets_every_leaf_out_below_the_ground_then_stops
  PASS  test_a_frame_allocates_nothing
  PASS  test_the_ground_and_the_tufts_follow_the_season
CI_SUITE_TIME {"assertions":2051,"failures":0,"suite":"test_demo_seasons.gd","tests":50,"usec":1303287}
test_demo_sound.gd
  PASS  test_the_shipped_table_has_every_cue_on_a_bus_with_an_equivalent
  PASS  test_a_cue_without_an_equivalent_or_with_an_unknown_bus_is_refused
  PASS  test_each_bad_field_refuses_its_cue
EXPECTED WARNING: sound cue chop: 5 of 5 files missing (res://demo/assets/no_such_sound_folder/chop_01.wav, res://demo/assets/no_such_sound_folder/chop_02.ogg, res://demo/assets/no_such_sound_folder/chop_03.ogg, res://demo/assets/no_such_sound_folder/chop_04.ogg, res://demo/assets/no_such_sound_folder/chop_05.ogg); it plays silent until they are staged
     at: push_warning (core/variant/variant_utility.cpp:1033)
     GDScript backtrace (most recent call first):
         [0] _load_row (res://demo/sound/sound_table.gd:153)
         [1] load_streams (res://demo/sound/sound_table.gd:134)
         [2] test_missing_files_play_silent_with_one_warning_per_cue (res://test/test_demo_sound.gd:165)
         [3] _run_test (res://test/run_tests.gd:194)
         [4] _run_suite (res://test/run_tests.gd:168)
         [5] _run_suite (/home/runner/work/redwall-rts/redwall-rts/tools/ci_test_shard_runner.gd:30)
         [6] _run_worker (res://test/run_tests.gd:121)
         [7] _initialize (res://test/run_tests.gd:108)
EXPECTED WARNING: sound cue gnaw: 5 of 5 files missing (res://demo/assets/no_such_sound_folder/gnaw_01.wav, res://demo/assets/no_such_sound_folder/gnaw_02.wav, res://demo/assets/no_such_sound_folder/gnaw_03.wav, res://demo/assets/no_such_sound_folder/gnaw_04.wav, res://demo/assets/no_such_sound_folder/gnaw_05.wav); it plays silent until they are staged
     at: push_warning (core/variant/variant_utility.cpp:1033)
     GDScript backtrace (most recent call first):
         [0] _load_row (res://demo/sound/sound_table.gd:153)
         [1] load_streams (res://demo/sound/sound_table.gd:134)
         [2] test_missing_files_play_silent_with_one_warning_per_cue (res://test/test_demo_sound.gd:165)
         [3] _run_test (res://test/run_tests.gd:194)
         [4] _run_suite (res://test/run_tests.gd:168)
         [5] _run_suite (/home/runner/work/redwall-rts/redwall-rts/tools/ci_test_shard_runner.gd:30)
         [6] _run_worker (res://test/run_tests.gd:121)
         [7] _initialize (res://test/run_tests.gd:108)
EXPECTED WARNING: sound cue saw: 3 of 3 files missing (res://demo/assets/no_such_sound_folder/saw_01.wav, res://demo/assets/no_such_sound_folder/saw_02.wav, res://demo/assets/no_such_sound_folder/saw_03.wav); it plays silent until they are staged
     at: push_warning (core/variant/variant_utility.cpp:1033)
     GDScript backtrace (most recent call first):
         [0] _load_row (res://demo/sound/sound_table.gd:153)
         [1] load_streams (res://demo/sound/sound_table.gd:134)
         [2] test_missing_files_play_silent_with_one_warning_per_cue (res://test/test_demo_sound.gd:165)
         [3] _run_test (res://test/run_tests.gd:194)
         [4] _run_suite (res://test/run_tests.gd:168)
         [5] _run_suite (/home/runner/work/redwall-rts/redwall-rts/tools/ci_test_shard_runner.gd:30)
         [6] _run_worker (res://test/run_tests.gd:121)
         [7] _initialize (res://test/run_tests.gd:108)
EXPECTED WARNING: sound cue dig: 3 of 3 files missing (res://demo/assets/no_such_sound_folder/dig_01.wav, res://demo/assets/no_such_sound_folder/dig_02.wav, res://demo/assets/no_such_sound_folder/dig_03.wav); it plays silent until they are staged
     at: push_warning (core/variant/variant_utility.cpp:1033)
     GDScript backtrace (most recent call first):
         [0] _load_row (res://demo/sound/sound_table.gd:153)
         [1] load_streams (res://demo/sound/sound_table.gd:134)
         [2] test_missing_files_play_silent_with_one_warning_per_cue (res://test/test_demo_sound.gd:165)
         [3] _run_test (res://test/run_tests.gd:194)
         [4] _run_suite (res://test/run_tests.gd:168)
         [5] _run_suite (/home/runner/work/redwall-rts/redwall-rts/tools/ci_test_shard_runner.gd:30)
         [6] _run_worker (res://test/run_tests.gd:121)
         [7] _initialize (res://test/run_tests.gd:108)
EXPECTED WARNING: sound cue tree_fall: 1 of 1 files missing (res://demo/assets/no_such_sound_folder/tree_fall_01.wav); it plays silent until they are staged
     at: push_warning (core/variant/variant_utility.cpp:1033)
     GDScript backtrace (most recent call first):
         [0] _load_row (res://demo/sound/sound_table.gd:153)
         [1] load_streams (res://demo/sound/sound_table.gd:134)
         [2] test_missing_files_play_silent_with_one_warning_per_cue (res://test/test_demo_sound.gd:165)
         [3] _run_test (res://test/run_tests.gd:194)
         [4] _run_suite (res://test/run_tests.gd:168)
         [5] _run_suite (/home/runner/work/redwall-rts/redwall-rts/tools/ci_test_shard_runner.gd:30)
         [6] _run_worker (res://test/run_tests.gd:121)
         [7] _initialize (res://test/run_tests.gd:108)
EXPECTED WARNING: sound cue pickup: 3 of 3 files missing (res://demo/assets/no_such_sound_folder/pickup_01.ogg, res://demo/assets/no_such_sound_folder/pickup_02.ogg, res://demo/assets/no_such_sound_folder/pickup_03.ogg); it plays silent until they are staged
     at: push_warning (core/variant/variant_utility.cpp:1033)
     GDScript backtrace (most recent call first):
         [0] _load_row (res://demo/sound/sound_table.gd:153)
         [1] load_streams (res://demo/sound/sound_table.gd:134)
         [2] test_missing_files_play_silent_with_one_warning_per_cue (res://test/test_demo_sound.gd:165)
         [3] _run_test (res://test/run_tests.gd:194)
         [4] _run_suite (res://test/run_tests.gd:168)
         [5] _run_suite (/home/runner/work/redwall-rts/redwall-rts/tools/ci_test_shard_runner.gd:30)
         [6] _run_worker (res://test/run_tests.gd:121)
         [7] _initialize (res://test/run_tests.gd:108)
EXPECTED WARNING: sound cue drop: 4 of 4 files missing (res://demo/assets/no_such_sound_folder/drop_01.ogg, res://demo/assets/no_such_sound_folder/drop_02.ogg, res://demo/assets/no_such_sound_folder/drop_03.ogg, res://demo/assets/no_such_sound_folder/drop_04.ogg); it plays silent until they are staged
     at: push_warning (core/variant/variant_utility.cpp:1033)
     GDScript backtrace (most recent call first):
         [0] _load_row (res://demo/sound/sound_table.gd:153)
         [1] load_streams (res://demo/sound/sound_table.gd:134)
         [2] test_missing_files_play_silent_with_one_warning_per_cue (res://test/test_demo_sound.gd:165)
         [3] _run_test (res://test/run_tests.gd:194)
         [4] _run_suite (res://test/run_tests.gd:168)
         [5] _run_suite (/home/runner/work/redwall-rts/redwall-rts/tools/ci_test_shard_runner.gd:30)
         [6] _run_worker (res://test/run_tests.gd:121)
         [7] _initialize (res://test/run_tests.gd:108)
EXPECTED WARNING: sound cue step_grass: 4 of 4 files missing (res://demo/assets/no_such_sound_folder/step_grass_01.ogg, res://demo/assets/no_such_sound_folder/step_grass_02.ogg, res://demo/assets/no_such_sound_folder/step_grass_03.ogg, res://demo/assets/no_such_sound_folder/step_grass_04.ogg); it plays silent until they are staged
     at: push_warning (core/variant/variant_utility.cpp:1033)
     GDScript backtrace (most recent call first):
         [0] _load_row (res://demo/sound/sound_table.gd:153)
         [1] load_streams (res://demo/sound/sound_table.gd:134)
         [2] test_missing_files_play_silent_with_one_warning_per_cue (res://test/test_demo_sound.gd:165)
         [3] _run_test (res://test/run_tests.gd:194)
         [4] _run_suite (res://test/run_tests.gd:168)
         [5] _run_suite (/home/runner/work/redwall-rts/redwall-rts/tools/ci_test_shard_runner.gd:30)
         [6] _run_worker (res://test/run_tests.gd:121)
         [7] _initialize (res://test/run_tests.gd:108)
EXPECTED WARNING: sound cue step_dirt: 4 of 4 files missing (res://demo/assets/no_such_sound_folder/step_dirt_01.ogg, res://demo/assets/no_such_sound_folder/step_dirt_02.ogg, res://demo/assets/no_such_sound_folder/step_dirt_03.ogg, res://demo/assets/no_such_sound_folder/step_dirt_04.ogg); it plays silent until they are staged
     at: push_warning (core/variant/variant_utility.cpp:1033)
     GDScript backtrace (most recent call first):
         [0] _load_row (res://demo/sound/sound_table.gd:153)
         [1] load_streams (res://demo/sound/sound_table.gd:134)
         [2] test_missing_files_play_silent_with_one_warning_per_cue (res://test/test_demo_sound.gd:165)
         [3] _run_test (res://test/run_tests.gd:194)
         [4] _run_suite (res://test/run_tests.gd:168)
         [5] _run_suite (/home/runner/work/redwall-rts/redwall-rts/tools/ci_test_shard_runner.gd:30)
         [6] _run_worker (res://test/run_tests.gd:121)
         [7] _initialize (res://test/run_tests.gd:108)
EXPECTED WARNING: sound cue step_wood: 4 of 4 files missing (res://demo/assets/no_such_sound_folder/step_wood_01.wav, res://demo/assets/no_such_sound_folder/step_wood_02.wav, res://demo/assets/no_such_sound_folder/step_wood_03.wav, res://demo/assets/no_such_sound_folder/step_wood_04.wav); it plays silent until they are staged
     at: push_warning (core/variant/variant_utility.cpp:1033)
     GDScript backtrace (most recent call first):
         [0] _load_row (res://demo/sound/sound_table.gd:153)
         [1] load_streams (res://demo/sound/sound_table.gd:134)
         [2] test_missing_files_play_silent_with_one_warning_per_cue (res://test/test_demo_sound.gd:165)
         [3] _run_test (res://test/run_tests.gd:194)
         [4] _run_suite (res://test/run_tests.gd:168)
         [5] _run_suite (/home/runner/work/redwall-rts/redwall-rts/tools/ci_test_shard_runner.gd:30)
         [6] _run_worker (res://test/run_tests.gd:121)
         [7] _initialize (res://test/run_tests.gd:108)
EXPECTED WARNING: sound cue step_tunnel: 4 of 4 files missing (res://demo/assets/no_such_sound_folder/step_tunnel_01.ogg, res://demo/assets/no_such_sound_folder/step_tunnel_02.ogg, res://demo/assets/no_such_sound_folder/step_tunnel_03.ogg, res://demo/assets/no_such_sound_folder/step_tunnel_04.ogg); it plays silent until they are staged
     at: push_warning (core/variant/variant_utility.cpp:1033)
     GDScript backtrace (most recent call first):
         [0] _load_row (res://demo/sound/sound_table.gd:153)
         [1] load_streams (res://demo/sound/sound_table.gd:134)
         [2] test_missing_files_play_silent_with_one_warning_per_cue (res://test/test_demo_sound.gd:165)
         [3] _run_test (res://test/run_tests.gd:194)
         [4] _run_suite (res://test/run_tests.gd:168)
         [5] _run_suite (/home/runner/work/redwall-rts/redwall-rts/tools/ci_test_shard_runner.gd:30)
         [6] _run_worker (res://test/run_tests.gd:121)
         [7] _initialize (res://test/run_tests.gd:108)
EXPECTED WARNING: sound cue step_wade: 3 of 3 files missing (res://demo/assets/no_such_sound_folder/step_wade_01.ogg, res://demo/assets/no_such_sound_folder/step_wade_02.ogg, res://demo/assets/no_such_sound_folder/step_wade_03.ogg); it plays silent until they are staged
     at: push_warning (core/variant/variant_utility.cpp:1033)
     GDScript backtrace (most recent call first):
         [0] _load_row (res://demo/sound/sound_table.gd:153)
         [1] load_streams (res://demo/sound/sound_table.gd:134)
         [2] test_missing_files_play_silent_with_one_warning_per_cue (res://test/test_demo_sound.gd:165)
         [3] _run_test (res://test/run_tests.gd:194)
         [4] _run_suite (res://test/run_tests.gd:168)
         [5] _run_suite (/home/runner/work/redwall-rts/redwall-rts/tools/ci_test_shard_runner.gd:30)
         [6] _run_worker (res://test/run_tests.gd:121)
         [7] _initialize (res://test/run_tests.gd:108)
EXPECTED WARNING: sound cue splash: 3 of 3 files missing (res://demo/assets/no_such_sound_folder/splash_01.ogg, res://demo/assets/no_such_sound_folder/splash_02.ogg, res://demo/assets/no_such_sound_folder/splash_03.ogg); it plays silent until they are staged
     at: push_warning (core/variant/variant_utility.cpp:1033)
     GDScript backtrace (most recent call first):
         [0] _load_row (res://demo/sound/sound_table.gd:153)
         [1] load_streams (res://demo/sound/sound_table.gd:134)
         [2] test_missing_files_play_silent_with_one_warning_per_cue (res://test/test_demo_sound.gd:165)
         [3] _run_test (res://test/run_tests.gd:194)
         [4] _run_suite (res://test/run_tests.gd:168)
         [5] _run_suite (/home/runner/work/redwall-rts/redwall-rts/tools/ci_test_shard_runner.gd:30)
         [6] _run_worker (res://test/run_tests.gd:121)
         [7] _initialize (res://test/run_tests.gd:108)
EXPECTED WARNING: sound cue water_in: 2 of 2 files missing (res://demo/assets/no_such_sound_folder/water_in_01.ogg, res://demo/assets/no_such_sound_folder/water_in_02.ogg); it plays silent until they are staged
     at: push_warning (core/variant/variant_utility.cpp:1033)
     GDScript backtrace (most recent call first):
         [0] _load_row (res://demo/sound/sound_table.gd:153)
         [1] load_streams (res://demo/sound/sound_table.gd:134)
         [2] test_missing_files_play_silent_with_one_warning_per_cue (res://test/test_demo_sound.gd:165)
         [3] _run_test (res://test/run_tests.gd:194)
         [4] _run_suite (res://test/run_tests.gd:168)
         [5] _run_suite (/home/runner/work/redwall-rts/redwall-rts/tools/ci_test_shard_runner.gd:30)
         [6] _run_worker (res://test/run_tests.gd:121)
         [7] _initialize (res://test/run_tests.gd:108)
EXPECTED WARNING: sound cue water_out: 2 of 2 files missing (res://demo/assets/no_such_sound_folder/water_out_01.ogg, res://demo/assets/no_such_sound_folder/water_out_02.ogg); it plays silent until they are staged
     at: push_warning (core/variant/variant_utility.cpp:1033)
     GDScript backtrace (most recent call first):
         [0] _load_row (res://demo/sound/sound_table.gd:153)
         [1] load_streams (res://demo/sound/sound_table.gd:134)
         [2] test_missing_files_play_silent_with_one_warning_per_cue (res://test/test_demo_sound.gd:165)
         [3] _run_test (res://test/run_tests.gd:194)
         [4] _run_suite (res://test/run_tests.gd:168)
         [5] _run_suite (/home/runner/work/redwall-rts/redwall-rts/tools/ci_test_shard_runner.gd:30)
         [6] _run_worker (res://test/run_tests.gd:121)
         [7] _initialize (res://test/run_tests.gd:108)
EXPECTED WARNING: sound cue amb_stream: 1 of 1 files missing (res://demo/assets/no_such_sound_folder/amb_stream_01.ogg); it plays silent until they are staged
     at: push_warning (core/variant/variant_utility.cpp:1033)
     GDScript backtrace (most recent call first):
         [0] _load_row (res://demo/sound/sound_table.gd:153)
         [1] load_streams (res://demo/sound/sound_table.gd:134)
         [2] test_missing_files_play_silent_with_one_warning_per_cue (res://test/test_demo_sound.gd:165)
         [3] _run_test (res://test/run_tests.gd:194)
         [4] _run_suite (res://test/run_tests.gd:168)
         [5] _run_suite (/home/runner/work/redwall-rts/redwall-rts/tools/ci_test_shard_runner.gd:30)
         [6] _run_worker (res://test/run_tests.gd:121)
         [7] _initialize (res://test/run_tests.gd:108)
EXPECTED WARNING: sound cue amb_wind: 1 of 1 files missing (res://demo/assets/no_such_sound_folder/amb_wind_01.wav); it plays silent until they are staged
     at: push_warning (core/variant/variant_utility.cpp:1033)
     GDScript backtrace (most recent call first):
         [0] _load_row (res://demo/sound/sound_table.gd:153)
         [1] load_streams (res://demo/sound/sound_table.gd:134)
         [2] test_missing_files_play_silent_with_one_warning_per_cue (res://test/test_demo_sound.gd:165)
         [3] _run_test (res://test/run_tests.gd:194)
         [4] _run_suite (res://test/run_tests.gd:168)
         [5] _run_suite (/home/runner/work/redwall-rts/redwall-rts/tools/ci_test_shard_runner.gd:30)
         [6] _run_worker (res://test/run_tests.gd:121)
         [7] _initialize (res://test/run_tests.gd:108)
EXPECTED WARNING: sound cue amb_rain: 1 of 1 files missing (res://demo/assets/no_such_sound_folder/amb_rain_01.ogg); it plays silent until they are staged
     at: push_warning (core/variant/variant_utility.cpp:1033)
     GDScript backtrace (most recent call first):
         [0] _load_row (res://demo/sound/sound_table.gd:153)
         [1] load_streams (res://demo/sound/sound_table.gd:134)
         [2] test_missing_files_play_silent_with_one_warning_per_cue (res://test/test_demo_sound.gd:165)
         [3] _run_test (res://test/run_tests.gd:194)
         [4] _run_suite (res://test/run_tests.gd:168)
         [5] _run_suite (/home/runner/work/redwall-rts/redwall-rts/tools/ci_test_shard_runner.gd:30)
         [6] _run_worker (res://test/run_tests.gd:121)
         [7] _initialize (res://test/run_tests.gd:108)
EXPECTED WARNING: sound cue warning: 1 of 1 files missing (res://demo/assets/no_such_sound_folder/warning_01.ogg); it plays silent until they are staged
     at: push_warning (core/variant/variant_utility.cpp:1033)
     GDScript backtrace (most recent call first):
         [0] _load_row (res://demo/sound/sound_table.gd:153)
         [1] load_streams (res://demo/sound/sound_table.gd:134)
         [2] test_missing_files_play_silent_with_one_warning_per_cue (res://test/test_demo_sound.gd:165)
         [3] _run_test (res://test/run_tests.gd:194)
         [4] _run_suite (res://test/run_tests.gd:168)
         [5] _run_suite (/home/runner/work/redwall-rts/redwall-rts/tools/ci_test_shard_runner.gd:30)
         [6] _run_worker (res://test/run_tests.gd:121)
         [7] _initialize (res://test/run_tests.gd:108)
EXPECTED WARNING: sound cue complete: 1 of 1 files missing (res://demo/assets/no_such_sound_folder/complete_01.ogg); it plays silent until they are staged
     at: push_warning (core/variant/variant_utility.cpp:1033)
     GDScript backtrace (most recent call first):
         [0] _load_row (res://demo/sound/sound_table.gd:153)
         [1] load_streams (res://demo/sound/sound_table.gd:134)
         [2] test_missing_files_play_silent_with_one_warning_per_cue (res://test/test_demo_sound.gd:165)
         [3] _run_test (res://test/run_tests.gd:194)
         [4] _run_suite (res://test/run_tests.gd:168)
         [5] _run_suite (/home/runner/work/redwall-rts/redwall-rts/tools/ci_test_shard_runner.gd:30)
         [6] _run_worker (res://test/run_tests.gd:121)
         [7] _initialize (res://test/run_tests.gd:108)
EXPECTED WARNING: sound cue ui_click: 1 of 1 files missing (res://demo/assets/no_such_sound_folder/ui_click_01.ogg); it plays silent until they are staged
     at: push_warning (core/variant/variant_utility.cpp:1033)
     GDScript backtrace (most recent call first):
         [0] _load_row (res://demo/sound/sound_table.gd:153)
         [1] load_streams (res://demo/sound/sound_table.gd:134)
         [2] test_missing_files_play_silent_with_one_warning_per_cue (res://test/test_demo_sound.gd:165)
         [3] _run_test (res://test/run_tests.gd:194)
         [4] _run_suite (res://test/run_tests.gd:168)
         [5] _run_suite (/home/runner/work/redwall-rts/redwall-rts/tools/ci_test_shard_runner.gd:30)
         [6] _run_worker (res://test/run_tests.gd:121)
         [7] _initialize (res://test/run_tests.gd:108)
  PASS  test_missing_files_play_silent_with_one_warning_per_cue
TOLERATED WARNING: sound cue chop: 5 of 5 files missing (res://demo/assets/sound/chop_01.wav, res://demo/assets/sound/chop_02.ogg, res://demo/assets/sound/chop_03.ogg, res://demo/assets/sound/chop_04.ogg, res://demo/assets/sound/chop_05.ogg); it plays silent until they are staged
     at: push_warning (core/variant/variant_utility.cpp:1033)
     GDScript backtrace (most recent call first):
         [0] _load_row (res://demo/sound/sound_table.gd:153)
         [1] load_streams (res://demo/sound/sound_table.gd:134)
         [2] warm (res://demo/sound/sound_director.gd:121)
         [3] test_a_silent_cue_still_plays_its_voice_and_its_gap (res://test/test_demo_sound.gd:178)
         [4] _run_test (res://test/run_tests.gd:194)
         [5] _run_suite (res://test/run_tests.gd:168)
         [6] _run_suite (/home/runner/work/redwall-rts/redwall-rts/tools/ci_test_shard_runner.gd:30)
         [7] _run_worker (res://test/run_tests.gd:121)
         [8] _initialize (res://test/run_tests.gd:108)
TOLERATED WARNING: sound cue gnaw: 5 of 5 files missing (res://demo/assets/sound/gnaw_01.wav, res://demo/assets/sound/gnaw_02.wav, res://demo/assets/sound/gnaw_03.wav, res://demo/assets/sound/gnaw_04.wav, res://demo/assets/sound/gnaw_05.wav); it plays silent until they are staged
     at: push_warning (core/variant/variant_utility.cpp:1033)
     GDScript backtrace (most recent call first):
         [0] _load_row (res://demo/sound/sound_table.gd:153)
         [1] load_streams (res://demo/sound/sound_table.gd:134)
         [2] warm (res://demo/sound/sound_director.gd:121)
         [3] test_a_silent_cue_still_plays_its_voice_and_its_gap (res://test/test_demo_sound.gd:178)
         [4] _run_test (res://test/run_tests.gd:194)
         [5] _run_suite (res://test/run_tests.gd:168)
         [6] _run_suite (/home/runner/work/redwall-rts/redwall-rts/tools/ci_test_shard_runner.gd:30)
         [7] _run_worker (res://test/run_tests.gd:121)
         [8] _initialize (res://test/run_tests.gd:108)
TOLERATED WARNING: sound cue saw: 3 of 3 files missing (res://demo/assets/sound/saw_01.wav, res://demo/assets/sound/saw_02.wav, res://demo/assets/sound/saw_03.wav); it plays silent until they are staged
     at: push_warning (core/variant/variant_utility.cpp:1033)
     GDScript backtrace (most recent call first):
         [0] _load_row (res://demo/sound/sound_table.gd:153)
         [1] load_streams (res://demo/sound/sound_table.gd:134)
         [2] warm (res://demo/sound/sound_director.gd:121)
         [3] test_a_silent_cue_still_plays_its_voice_and_its_gap (res://test/test_demo_sound.gd:178)
         [4] _run_test (res://test/run_tests.gd:194)
         [5] _run_suite (res://test/run_tests.gd:168)
         [6] _run_suite (/home/runner/work/redwall-rts/redwall-rts/tools/ci_test_shard_runner.gd:30)
         [7] _run_worker (res://test/run_tests.gd:121)
         [8] _initialize (res://test/run_tests.gd:108)
TOLERATED WARNING: sound cue dig: 3 of 3 files missing (res://demo/assets/sound/dig_01.wav, res://demo/assets/sound/dig_02.wav, res://demo/assets/sound/dig_03.wav); it plays silent until they are staged
     at: push_warning (core/variant/variant_utility.cpp:1033)
     GDScript backtrace (most recent call first):
         [0] _load_row (res://demo/sound/sound_table.gd:153)
         [1] load_streams (res://demo/sound/sound_table.gd:134)
         [2] warm (res://demo/sound/sound_director.gd:121)
         [3] test_a_silent_cue_still_plays_its_voice_and_its_gap (res://test/test_demo_sound.gd:178)
         [4] _run_test (res://test/run_tests.gd:194)
         [5] _run_suite (res://test/run_tests.gd:168)
         [6] _run_suite (/home/runner/work/redwall-rts/redwall-rts/tools/ci_test_shard_runner.gd:30)
         [7] _run_worker (res://test/run_tests.gd:121)
         [8] _initialize (res://test/run_tests.gd:108)
TOLERATED WARNING: sound cue tree_fall: 1 of 1 files missing (res://demo/assets/sound/tree_fall_01.wav); it plays silent until they are staged
     at: push_warning (core/variant/variant_utility.cpp:1033)
     GDScript backtrace (most recent call first):
         [0] _load_row (res://demo/sound/sound_table.gd:153)
         [1] load_streams (res://demo/sound/sound_table.gd:134)
         [2] warm (res://demo/sound/sound_director.gd:121)
         [3] test_a_silent_cue_still_plays_its_voice_and_its_gap (res://test/test_demo_sound.gd:178)
         [4] _run_test (res://test/run_tests.gd:194)
         [5] _run_suite (res://test/run_tests.gd:168)
         [6] _run_suite (/home/runner/work/redwall-rts/redwall-rts/tools/ci_test_shard_runner.gd:30)
         [7] _run_worker (res://test/run_tests.gd:121)
         [8] _initialize (res://test/run_tests.gd:108)
TOLERATED WARNING: sound cue pickup: 3 of 3 files missing (res://demo/assets/sound/pickup_01.ogg, res://demo/assets/sound/pickup_02.ogg, res://demo/assets/sound/pickup_03.ogg); it plays silent until they are staged
     at: push_warning (core/variant/variant_utility.cpp:1033)
     GDScript backtrace (most recent call first):
         [0] _load_row (res://demo/sound/sound_table.gd:153)
         [1] load_streams (res://demo/sound/sound_table.gd:134)
         [2] warm (res://demo/sound/sound_director.gd:121)
         [3] test_a_silent_cue_still_plays_its_voice_and_its_gap (res://test/test_demo_sound.gd:178)
         [4] _run_test (res://test/run_tests.gd:194)
         [5] _run_suite (res://test/run_tests.gd:168)
         [6] _run_suite (/home/runner/work/redwall-rts/redwall-rts/tools/ci_test_shard_runner.gd:30)
         [7] _run_worker (res://test/run_tests.gd:121)
         [8] _initialize (res://test/run_tests.gd:108)
TOLERATED WARNING: sound cue drop: 4 of 4 files missing (res://demo/assets/sound/drop_01.ogg, res://demo/assets/sound/drop_02.ogg, res://demo/assets/sound/drop_03.ogg, res://demo/assets/sound/drop_04.ogg); it plays silent until they are staged
     at: push_warning (core/variant/variant_utility.cpp:1033)
     GDScript backtrace (most recent call first):
         [0] _load_row (res://demo/sound/sound_table.gd:153)
         [1] load_streams (res://demo/sound/sound_table.gd:134)
         [2] warm (res://demo/sound/sound_director.gd:121)
         [3] test_a_silent_cue_still_plays_its_voice_and_its_gap (res://test/test_demo_sound.gd:178)
         [4] _run_test (res://test/run_tests.gd:194)
         [5] _run_suite (res://test/run_tests.gd:168)
         [6] _run_suite (/home/runner/work/redwall-rts/redwall-rts/tools/ci_test_shard_runner.gd:30)
         [7] _run_worker (res://test/run_tests.gd:121)
         [8] _initialize (res://test/run_tests.gd:108)
TOLERATED WARNING: sound cue step_grass: 4 of 4 files missing (res://demo/assets/sound/step_grass_01.ogg, res://demo/assets/sound/step_grass_02.ogg, res://demo/assets/sound/step_grass_03.ogg, res://demo/assets/sound/step_grass_04.ogg); it plays silent until they are staged
     at: push_warning (core/variant/variant_utility.cpp:1033)
     GDScript backtrace (most recent call first):
         [0] _load_row (res://demo/sound/sound_table.gd:153)
         [1] load_streams (res://demo/sound/sound_table.gd:134)
         [2] warm (res://demo/sound/sound_director.gd:121)
         [3] test_a_silent_cue_still_plays_its_voice_and_its_gap (res://test/test_demo_sound.gd:178)
         [4] _run_test (res://test/run_tests.gd:194)
         [5] _run_suite (res://test/run_tests.gd:168)
         [6] _run_suite (/home/runner/work/redwall-rts/redwall-rts/tools/ci_test_shard_runner.gd:30)
         [7] _run_worker (res://test/run_tests.gd:121)
         [8] _initialize (res://test/run_tests.gd:108)
TOLERATED WARNING: sound cue step_dirt: 4 of 4 files missing (res://demo/assets/sound/step_dirt_01.ogg, res://demo/assets/sound/step_dirt_02.ogg, res://demo/assets/sound/step_dirt_03.ogg, res://demo/assets/sound/step_dirt_04.ogg); it plays silent until they are staged
     at: push_warning (core/variant/variant_utility.cpp:1033)
     GDScript backtrace (most recent call first):
         [0] _load_row (res://demo/sound/sound_table.gd:153)
         [1] load_streams (res://demo/sound/sound_table.gd:134)
         [2] warm (res://demo/sound/sound_director.gd:121)
         [3] test_a_silent_cue_still_plays_its_voice_and_its_gap (res://test/test_demo_sound.gd:178)
         [4] _run_test (res://test/run_tests.gd:194)
         [5] _run_suite (res://test/run_tests.gd:168)
         [6] _run_suite (/home/runner/work/redwall-rts/redwall-rts/tools/ci_test_shard_runner.gd:30)
         [7] _run_worker (res://test/run_tests.gd:121)
         [8] _initialize (res://test/run_tests.gd:108)
TOLERATED WARNING: sound cue step_wood: 4 of 4 files missing (res://demo/assets/sound/step_wood_01.wav, res://demo/assets/sound/step_wood_02.wav, res://demo/assets/sound/step_wood_03.wav, res://demo/assets/sound/step_wood_04.wav); it plays silent until they are staged
     at: push_warning (core/variant/variant_utility.cpp:1033)
     GDScript backtrace (most recent call first):
         [0] _load_row (res://demo/sound/sound_table.gd:153)
         [1] load_streams (res://demo/sound/sound_table.gd:134)
         [2] warm (res://demo/sound/sound_director.gd:121)
         [3] test_a_silent_cue_still_plays_its_voice_and_its_gap (res://test/test_demo_sound.gd:178)
         [4] _run_test (res://test/run_tests.gd:194)
         [5] _run_suite (res://test/run_tests.gd:168)
         [6] _run_suite (/home/runner/work/redwall-rts/redwall-rts/tools/ci_test_shard_runner.gd:30)
         [7] _run_worker (res://test/run_tests.gd:121)
         [8] _initialize (res://test/run_tests.gd:108)
TOLERATED WARNING: sound cue step_tunnel: 4 of 4 files missing (res://demo/assets/sound/step_tunnel_01.ogg, res://demo/assets/sound/step_tunnel_02.ogg, res://demo/assets/sound/step_tunnel_03.ogg, res://demo/assets/sound/step_tunnel_04.ogg); it plays silent until they are staged
     at: push_warning (core/variant/variant_utility.cpp:1033)
     GDScript backtrace (most recent call first):
         [0] _load_row (res://demo/sound/sound_table.gd:153)
         [1] load_streams (res://demo/sound/sound_table.gd:134)
         [2] warm (res://demo/sound/sound_director.gd:121)
         [3] test_a_silent_cue_still_plays_its_voice_and_its_gap (res://test/test_demo_sound.gd:178)
         [4] _run_test (res://test/run_tests.gd:194)
         [5] _run_suite (res://test/run_tests.gd:168)
         [6] _run_suite (/home/runner/work/redwall-rts/redwall-rts/tools/ci_test_shard_runner.gd:30)
         [7] _run_worker (res://test/run_tests.gd:121)
         [8] _initialize (res://test/run_tests.gd:108)
TOLERATED WARNING: sound cue step_wade: 3 of 3 files missing (res://demo/assets/sound/step_wade_01.ogg, res://demo/assets/sound/step_wade_02.ogg, res://demo/assets/sound/step_wade_03.ogg); it plays silent until they are staged
     at: push_warning (core/variant/variant_utility.cpp:1033)
     GDScript backtrace (most recent call first):
         [0] _load_row (res://demo/sound/sound_table.gd:153)
         [1] load_streams (res://demo/sound/sound_table.gd:134)
         [2] warm (res://demo/sound/sound_director.gd:121)
         [3] test_a_silent_cue_still_plays_its_voice_and_its_gap (res://test/test_demo_sound.gd:178)
         [4] _run_test (res://test/run_tests.gd:194)
         [5] _run_suite (res://test/run_tests.gd:168)
         [6] _run_suite (/home/runner/work/redwall-rts/redwall-rts/tools/ci_test_shard_runner.gd:30)
         [7] _run_worker (res://test/run_tests.gd:121)
         [8] _initialize (res://test/run_tests.gd:108)
TOLERATED WARNING: sound cue splash: 3 of 3 files missing (res://demo/assets/sound/splash_01.ogg, res://demo/assets/sound/splash_02.ogg, res://demo/assets/sound/splash_03.ogg); it plays silent until they are staged
     at: push_warning (core/variant/variant_utility.cpp:1033)
     GDScript backtrace (most recent call first):
         [0] _load_row (res://demo/sound/sound_table.gd:153)
         [1] load_streams (res://demo/sound/sound_table.gd:134)
         [2] warm (res://demo/sound/sound_director.gd:121)
         [3] test_a_silent_cue_still_plays_its_voice_and_its_gap (res://test/test_demo_sound.gd:178)
         [4] _run_test (res://test/run_tests.gd:194)
         [5] _run_suite (res://test/run_tests.gd:168)
         [6] _run_suite (/home/runner/work/redwall-rts/redwall-rts/tools/ci_test_shard_runner.gd:30)
         [7] _run_worker (res://test/run_tests.gd:121)
         [8] _initialize (res://test/run_tests.gd:108)
TOLERATED WARNING: sound cue water_in: 2 of 2 files missing (res://demo/assets/sound/water_in_01.ogg, res://demo/assets/sound/water_in_02.ogg); it plays silent until they are staged
     at: push_warning (core/variant/variant_utility.cpp:1033)
     GDScript backtrace (most recent call first):
         [0] _load_row (res://demo/sound/sound_table.gd:153)
         [1] load_streams (res://demo/sound/sound_table.gd:134)
         [2] warm (res://demo/sound/sound_director.gd:121)
         [3] test_a_silent_cue_still_plays_its_voice_and_its_gap (res://test/test_demo_sound.gd:178)
         [4] _run_test (res://test/run_tests.gd:194)
         [5] _run_suite (res://test/run_tests.gd:168)
         [6] _run_suite (/home/runner/work/redwall-rts/redwall-rts/tools/ci_test_shard_runner.gd:30)
         [7] _run_worker (res://test/run_tests.gd:121)
         [8] _initialize (res://test/run_tests.gd:108)
TOLERATED WARNING: sound cue water_out: 2 of 2 files missing (res://demo/assets/sound/water_out_01.ogg, res://demo/assets/sound/water_out_02.ogg); it plays silent until they are staged
     at: push_warning (core/variant/variant_utility.cpp:1033)
     GDScript backtrace (most recent call first):
         [0] _load_row (res://demo/sound/sound_table.gd:153)
         [1] load_streams (res://demo/sound/sound_table.gd:134)
         [2] warm (res://demo/sound/sound_director.gd:121)
         [3] test_a_silent_cue_still_plays_its_voice_and_its_gap (res://test/test_demo_sound.gd:178)
         [4] _run_test (res://test/run_tests.gd:194)
         [5] _run_suite (res://test/run_tests.gd:168)
         [6] _run_suite (/home/runner/work/redwall-rts/redwall-rts/tools/ci_test_shard_runner.gd:30)
         [7] _run_worker (res://test/run_tests.gd:121)
         [8] _initialize (res://test/run_tests.gd:108)
TOLERATED WARNING: sound cue amb_stream: 1 of 1 files missing (res://demo/assets/sound/amb_stream_01.ogg); it plays silent until they are staged
     at: push_warning (core/variant/variant_utility.cpp:1033)
     GDScript backtrace (most recent call first):
         [0] _load_row (res://demo/sound/sound_table.gd:153)
         [1] load_streams (res://demo/sound/sound_table.gd:134)
         [2] warm (res://demo/sound/sound_director.gd:121)
         [3] test_a_silent_cue_still_plays_its_voice_and_its_gap (res://test/test_demo_sound.gd:178)
         [4] _run_test (res://test/run_tests.gd:194)
         [5] _run_suite (res://test/run_tests.gd:168)
         [6] _run_suite (/home/runner/work/redwall-rts/redwall-rts/tools/ci_test_shard_runner.gd:30)
         [7] _run_worker (res://test/run_tests.gd:121)
         [8] _initialize (res://test/run_tests.gd:108)
TOLERATED WARNING: sound cue amb_wind: 1 of 1 files missing (res://demo/assets/sound/amb_wind_01.wav); it plays silent until they are staged
     at: push_warning (core/variant/variant_utility.cpp:1033)
     GDScript backtrace (most recent call first):
         [0] _load_row (res://demo/sound/sound_table.gd:153)
         [1] load_streams (res://demo/sound/sound_table.gd:134)
         [2] warm (res://demo/sound/sound_director.gd:121)
         [3] test_a_silent_cue_still_plays_its_voice_and_its_gap (res://test/test_demo_sound.gd:178)
         [4] _run_test (res://test/run_tests.gd:194)
         [5] _run_suite (res://test/run_tests.gd:168)
         [6] _run_suite (/home/runner/work/redwall-rts/redwall-rts/tools/ci_test_shard_runner.gd:30)
         [7] _run_worker (res://test/run_tests.gd:121)
         [8] _initialize (res://test/run_tests.gd:108)
TOLERATED WARNING: sound cue amb_rain: 1 of 1 files missing (res://demo/assets/sound/amb_rain_01.ogg); it plays silent until they are staged
     at: push_warning (core/variant/variant_utility.cpp:1033)
     GDScript backtrace (most recent call first):
         [0] _load_row (res://demo/sound/sound_table.gd:153)
         [1] load_streams (res://demo/sound/sound_table.gd:134)
         [2] warm (res://demo/sound/sound_director.gd:121)
         [3] test_a_silent_cue_still_plays_its_voice_and_its_gap (res://test/test_demo_sound.gd:178)
         [4] _run_test (res://test/run_tests.gd:194)
         [5] _run_suite (res://test/run_tests.gd:168)
         [6] _run_suite (/home/runner/work/redwall-rts/redwall-rts/tools/ci_test_shard_runner.gd:30)
         [7] _run_worker (res://test/run_tests.gd:121)
         [8] _initialize (res://test/run_tests.gd:108)
TOLERATED WARNING: sound cue warning: 1 of 1 files missing (res://demo/assets/sound/warning_01.ogg); it plays silent until they are staged
     at: push_warning (core/variant/variant_utility.cpp:1033)
     GDScript backtrace (most recent call first):
         [0] _load_row (res://demo/sound/sound_table.gd:153)
         [1] load_streams (res://demo/sound/sound_table.gd:134)
         [2] warm (res://demo/sound/sound_director.gd:121)
         [3] test_a_silent_cue_still_plays_its_voice_and_its_gap (res://test/test_demo_sound.gd:178)
         [4] _run_test (res://test/run_tests.gd:194)
         [5] _run_suite (res://test/run_tests.gd:168)
         [6] _run_suite (/home/runner/work/redwall-rts/redwall-rts/tools/ci_test_shard_runner.gd:30)
         [7] _run_worker (res://test/run_tests.gd:121)
         [8] _initialize (res://test/run_tests.gd:108)
TOLERATED WARNING: sound cue complete: 1 of 1 files missing (res://demo/assets/sound/complete_01.ogg); it plays silent until they are staged
     at: push_warning (core/variant/variant_utility.cpp:1033)
     GDScript backtrace (most recent call first):
         [0] _load_row (res://demo/sound/sound_table.gd:153)
         [1] load_streams (res://demo/sound/sound_table.gd:134)
         [2] warm (res://demo/sound/sound_director.gd:121)
         [3] test_a_silent_cue_still_plays_its_voice_and_its_gap (res://test/test_demo_sound.gd:178)
         [4] _run_test (res://test/run_tests.gd:194)
         [5] _run_suite (res://test/run_tests.gd:168)
         [6] _run_suite (/home/runner/work/redwall-rts/redwall-rts/tools/ci_test_shard_runner.gd:30)
         [7] _run_worker (res://test/run_tests.gd:121)
         [8] _initialize (res://test/run_tests.gd:108)
TOLERATED WARNING: sound cue ui_click: 1 of 1 files missing (res://demo/assets/sound/ui_click_01.ogg); it plays silent until they are staged
     at: push_warning (core/variant/variant_utility.cpp:1033)
     GDScript backtrace (most recent call first):
         [0] _load_row (res://demo/sound/sound_table.gd:153)
         [1] load_streams (res://demo/sound/sound_table.gd:134)
         [2] warm (res://demo/sound/sound_director.gd:121)
         [3] test_a_silent_cue_still_plays_its_voice_and_its_gap (res://test/test_demo_sound.gd:178)
         [4] _run_test (res://test/run_tests.gd:194)
         [5] _run_suite (res://test/run_tests.gd:168)
         [6] _run_suite (/home/runner/work/redwall-rts/redwall-rts/tools/ci_test_shard_runner.gd:30)
         [7] _run_worker (res://test/run_tests.gd:121)
         [8] _initialize (res://test/run_tests.gd:108)
  PASS  test_a_silent_cue_still_plays_its_voice_and_its_gap
TOLERATED WARNING: sound cue chop: 5 of 5 files missing (res://demo/assets/sound/chop_01.wav, res://demo/assets/sound/chop_02.ogg, res://demo/assets/sound/chop_03.ogg, res://demo/assets/sound/chop_04.ogg, res://demo/assets/sound/chop_05.ogg); it plays silent until they are staged
     at: push_warning (core/variant/variant_utility.cpp:1033)
     GDScript backtrace (most recent call first):
         [0] _load_row (res://demo/sound/sound_table.gd:153)
         [1] load_streams (res://demo/sound/sound_table.gd:134)
         [2] warm (res://demo/sound/sound_director.gd:121)
         [3] warm (res://demo/demo_prewarm.gd:77)
         [4] test_the_prewarm_loads_the_streams_at_boot (res://test/test_demo_sound.gd:195)
         [5] _run_test (res://test/run_tests.gd:194)
         [6] _run_suite (res://test/run_tests.gd:168)
         [7] _run_suite (/home/runner/work/redwall-rts/redwall-rts/tools/ci_test_shard_runner.gd:30)
         [8] _run_worker (res://test/run_tests.gd:121)
         [9] _initialize (res://test/run_tests.gd:108)
TOLERATED WARNING: sound cue gnaw: 5 of 5 files missing (res://demo/assets/sound/gnaw_01.wav, res://demo/assets/sound/gnaw_02.wav, res://demo/assets/sound/gnaw_03.wav, res://demo/assets/sound/gnaw_04.wav, res://demo/assets/sound/gnaw_05.wav); it plays silent until they are staged
     at: push_warning (core/variant/variant_utility.cpp:1033)
     GDScript backtrace (most recent call first):
         [0] _load_row (res://demo/sound/sound_table.gd:153)
         [1] load_streams (res://demo/sound/sound_table.gd:134)
         [2] warm (res://demo/sound/sound_director.gd:121)
         [3] warm (res://demo/demo_prewarm.gd:77)
         [4] test_the_prewarm_loads_the_streams_at_boot (res://test/test_demo_sound.gd:195)
         [5] _run_test (res://test/run_tests.gd:194)
         [6] _run_suite (res://test/run_tests.gd:168)
         [7] _run_suite (/home/runner/work/redwall-rts/redwall-rts/tools/ci_test_shard_runner.gd:30)
         [8] _run_worker (res://test/run_tests.gd:121)
         [9] _initialize (res://test/run_tests.gd:108)
TOLERATED WARNING: sound cue saw: 3 of 3 files missing (res://demo/assets/sound/saw_01.wav, res://demo/assets/sound/saw_02.wav, res://demo/assets/sound/saw_03.wav); it plays silent until they are staged
     at: push_warning (core/variant/variant_utility.cpp:1033)
     GDScript backtrace (most recent call first):
         [0] _load_row (res://demo/sound/sound_table.gd:153)
         [1] load_streams (res://demo/sound/sound_table.gd:134)
         [2] warm (res://demo/sound/sound_director.gd:121)
         [3] warm (res://demo/demo_prewarm.gd:77)
         [4] test_the_prewarm_loads_the_streams_at_boot (res://test/test_demo_sound.gd:195)
         [5] _run_test (res://test/run_tests.gd:194)
         [6] _run_suite (res://test/run_tests.gd:168)
         [7] _run_suite (/home/runner/work/redwall-rts/redwall-rts/tools/ci_test_shard_runner.gd:30)
         [8] _run_worker (res://test/run_tests.gd:121)
         [9] _initialize (res://test/run_tests.gd:108)
TOLERATED WARNING: sound cue dig: 3 of 3 files missing (res://demo/assets/sound/dig_01.wav, res://demo/assets/sound/dig_02.wav, res://demo/assets/sound/dig_03.wav); it plays silent until they are staged
     at: push_warning (core/variant/variant_utility.cpp:1033)
     GDScript backtrace (most recent call first):
         [0] _load_row (res://demo/sound/sound_table.gd:153)
         [1] load_streams (res://demo/sound/sound_table.gd:134)
         [2] warm (res://demo/sound/sound_director.gd:121)
         [3] warm (res://demo/demo_prewarm.gd:77)
         [4] test_the_prewarm_loads_the_streams_at_boot (res://test/test_demo_sound.gd:195)
         [5] _run_test (res://test/run_tests.gd:194)
         [6] _run_suite (res://test/run_tests.gd:168)
         [7] _run_suite (/home/runner/work/redwall-rts/redwall-rts/tools/ci_test_shard_runner.gd:30)
         [8] _run_worker (res://test/run_tests.gd:121)
         [9] _initialize (res://test/run_tests.gd:108)
TOLERATED WARNING: sound cue tree_fall: 1 of 1 files missing (res://demo/assets/sound/tree_fall_01.wav); it plays silent until they are staged
     at: push_warning (core/variant/variant_utility.cpp:1033)
     GDScript backtrace (most recent call first):
         [0] _load_row (res://demo/sound/sound_table.gd:153)
         [1] load_streams (res://demo/sound/sound_table.gd:134)
         [2] warm (res://demo/sound/sound_director.gd:121)
         [3] warm (res://demo/demo_prewarm.gd:77)
         [4] test_the_prewarm_loads_the_streams_at_boot (res://test/test_demo_sound.gd:195)
         [5] _run_test (res://test/run_tests.gd:194)
         [6] _run_suite (res://test/run_tests.gd:168)
         [7] _run_suite (/home/runner/work/redwall-rts/redwall-rts/tools/ci_test_shard_runner.gd:30)
         [8] _run_worker (res://test/run_tests.gd:121)
         [9] _initialize (res://test/run_tests.gd:108)
TOLERATED WARNING: sound cue pickup: 3 of 3 files missing (res://demo/assets/sound/pickup_01.ogg, res://demo/assets/sound/pickup_02.ogg, res://demo/assets/sound/pickup_03.ogg); it plays silent until they are staged
     at: push_warning (core/variant/variant_utility.cpp:1033)
     GDScript backtrace (most recent call first):
         [0] _load_row (res://demo/sound/sound_table.gd:153)
         [1] load_streams (res://demo/sound/sound_table.gd:134)
         [2] warm (res://demo/sound/sound_director.gd:121)
         [3] warm (res://demo/demo_prewarm.gd:77)
         [4] test_the_prewarm_loads_the_streams_at_boot (res://test/test_demo_sound.gd:195)
         [5] _run_test (res://test/run_tests.gd:194)
         [6] _run_suite (res://test/run_tests.gd:168)
         [7] _run_suite (/home/runner/work/redwall-rts/redwall-rts/tools/ci_test_shard_runner.gd:30)
         [8] _run_worker (res://test/run_tests.gd:121)
         [9] _initialize (res://test/run_tests.gd:108)
TOLERATED WARNING: sound cue drop: 4 of 4 files missing (res://demo/assets/sound/drop_01.ogg, res://demo/assets/sound/drop_02.ogg, res://demo/assets/sound/drop_03.ogg, res://demo/assets/sound/drop_04.ogg); it plays silent until they are staged
     at: push_warning (core/variant/variant_utility.cpp:1033)
     GDScript backtrace (most recent call first):
         [0] _load_row (res://demo/sound/sound_table.gd:153)
         [1] load_streams (res://demo/sound/sound_table.gd:134)
         [2] warm (res://demo/sound/sound_director.gd:121)
         [3] warm (res://demo/demo_prewarm.gd:77)
         [4] test_the_prewarm_loads_the_streams_at_boot (res://test/test_demo_sound.gd:195)
         [5] _run_test (res://test/run_tests.gd:194)
         [6] _run_suite (res://test/run_tests.gd:168)
         [7] _run_suite (/home/runner/work/redwall-rts/redwall-rts/tools/ci_test_shard_runner.gd:30)
         [8] _run_worker (res://test/run_tests.gd:121)
         [9] _initialize (res://test/run_tests.gd:108)
TOLERATED WARNING: sound cue step_grass: 4 of 4 files missing (res://demo/assets/sound/step_grass_01.ogg, res://demo/assets/sound/step_grass_02.ogg, res://demo/assets/sound/step_grass_03.ogg, res://demo/assets/sound/step_grass_04.ogg); it plays silent until they are staged
     at: push_warning (core/variant/variant_utility.cpp:1033)
     GDScript backtrace (most recent call first):
         [0] _load_row (res://demo/sound/sound_table.gd:153)
         [1] load_streams (res://demo/sound/sound_table.gd:134)
         [2] warm (res://demo/sound/sound_director.gd:121)
         [3] warm (res://demo/demo_prewarm.gd:77)
         [4] test_the_prewarm_loads_the_streams_at_boot (res://test/test_demo_sound.gd:195)
         [5] _run_test (res://test/run_tests.gd:194)
         [6] _run_suite (res://test/run_tests.gd:168)
         [7] _run_suite (/home/runner/work/redwall-rts/redwall-rts/tools/ci_test_shard_runner.gd:30)
         [8] _run_worker (res://test/run_tests.gd:121)
         [9] _initialize (res://test/run_tests.gd:108)
TOLERATED WARNING: sound cue step_dirt: 4 of 4 files missing (res://demo/assets/sound/step_dirt_01.ogg, res://demo/assets/sound/step_dirt_02.ogg, res://demo/assets/sound/step_dirt_03.ogg, res://demo/assets/sound/step_dirt_04.ogg); it plays silent until they are staged
     at: push_warning (core/variant/variant_utility.cpp:1033)
     GDScript backtrace (most recent call first):
         [0] _load_row (res://demo/sound/sound_table.gd:153)
         [1] load_streams (res://demo/sound/sound_table.gd:134)
         [2] warm (res://demo/sound/sound_director.gd:121)
         [3] warm (res://demo/demo_prewarm.gd:77)
         [4] test_the_prewarm_loads_the_streams_at_boot (res://test/test_demo_sound.gd:195)
         [5] _run_test (res://test/run_tests.gd:194)
         [6] _run_suite (res://test/run_tests.gd:168)
         [7] _run_suite (/home/runner/work/redwall-rts/redwall-rts/tools/ci_test_shard_runner.gd:30)
         [8] _run_worker (res://test/run_tests.gd:121)
         [9] _initialize (res://test/run_tests.gd:108)
TOLERATED WARNING: sound cue step_wood: 4 of 4 files missing (res://demo/assets/sound/step_wood_01.wav, res://demo/assets/sound/step_wood_02.wav, res://demo/assets/sound/step_wood_03.wav, res://demo/assets/sound/step_wood_04.wav); it plays silent until they are staged
     at: push_warning (core/variant/variant_utility.cpp:1033)
     GDScript backtrace (most recent call first):
         [0] _load_row (res://demo/sound/sound_table.gd:153)
         [1] load_streams (res://demo/sound/sound_table.gd:134)
         [2] warm (res://demo/sound/sound_director.gd:121)
         [3] warm (res://demo/demo_prewarm.gd:77)
         [4] test_the_prewarm_loads_the_streams_at_boot (res://test/test_demo_sound.gd:195)
         [5] _run_test (res://test/run_tests.gd:194)
         [6] _run_suite (res://test/run_tests.gd:168)
         [7] _run_suite (/home/runner/work/redwall-rts/redwall-rts/tools/ci_test_shard_runner.gd:30)
         [8] _run_worker (res://test/run_tests.gd:121)
         [9] _initialize (res://test/run_tests.gd:108)
TOLERATED WARNING: sound cue step_tunnel: 4 of 4 files missing (res://demo/assets/sound/step_tunnel_01.ogg, res://demo/assets/sound/step_tunnel_02.ogg, res://demo/assets/sound/step_tunnel_03.ogg, res://demo/assets/sound/step_tunnel_04.ogg); it plays silent until they are staged
     at: push_warning (core/variant/variant_utility.cpp:1033)
     GDScript backtrace (most recent call first):
         [0] _load_row (res://demo/sound/sound_table.gd:153)
         [1] load_streams (res://demo/sound/sound_table.gd:134)
         [2] warm (res://demo/sound/sound_director.gd:121)
         [3] warm (res://demo/demo_prewarm.gd:77)
         [4] test_the_prewarm_loads_the_streams_at_boot (res://test/test_demo_sound.gd:195)
         [5] _run_test (res://test/run_tests.gd:194)
         [6] _run_suite (res://test/run_tests.gd:168)
         [7] _run_suite (/home/runner/work/redwall-rts/redwall-rts/tools/ci_test_shard_runner.gd:30)
         [8] _run_worker (res://test/run_tests.gd:121)
         [9] _initialize (res://test/run_tests.gd:108)
TOLERATED WARNING: sound cue step_wade: 3 of 3 files missing (res://demo/assets/sound/step_wade_01.ogg, res://demo/assets/sound/step_wade_02.ogg, res://demo/assets/sound/step_wade_03.ogg); it plays silent until they are staged
     at: push_warning (core/variant/variant_utility.cpp:1033)
     GDScript backtrace (most recent call first):
         [0] _load_row (res://demo/sound/sound_table.gd:153)
         [1] load_streams (res://demo/sound/sound_table.gd:134)
         [2] warm (res://demo/sound/sound_director.gd:121)
         [3] warm (res://demo/demo_prewarm.gd:77)
         [4] test_the_prewarm_loads_the_streams_at_boot (res://test/test_demo_sound.gd:195)
         [5] _run_test (res://test/run_tests.gd:194)
         [6] _run_suite (res://test/run_tests.gd:168)
         [7] _run_suite (/home/runner/work/redwall-rts/redwall-rts/tools/ci_test_shard_runner.gd:30)
         [8] _run_worker (res://test/run_tests.gd:121)
         [9] _initialize (res://test/run_tests.gd:108)
TOLERATED WARNING: sound cue splash: 3 of 3 files missing (res://demo/assets/sound/splash_01.ogg, res://demo/assets/sound/splash_02.ogg, res://demo/assets/sound/splash_03.ogg); it plays silent until they are staged
     at: push_warning (core/variant/variant_utility.cpp:1033)
     GDScript backtrace (most recent call first):
         [0] _load_row (res://demo/sound/sound_table.gd:153)
         [1] load_streams (res://demo/sound/sound_table.gd:134)
         [2] warm (res://demo/sound/sound_director.gd:121)
         [3] warm (res://demo/demo_prewarm.gd:77)
         [4] test_the_prewarm_loads_the_streams_at_boot (res://test/test_demo_sound.gd:195)
         [5] _run_test (res://test/run_tests.gd:194)
         [6] _run_suite (res://test/run_tests.gd:168)
         [7] _run_suite (/home/runner/work/redwall-rts/redwall-rts/tools/ci_test_shard_runner.gd:30)
         [8] _run_worker (res://test/run_tests.gd:121)
         [9] _initialize (res://test/run_tests.gd:108)
TOLERATED WARNING: sound cue water_in: 2 of 2 files missing (res://demo/assets/sound/water_in_01.ogg, res://demo/assets/sound/water_in_02.ogg); it plays silent until they are staged
     at: push_warning (core/variant/variant_utility.cpp:1033)
     GDScript backtrace (most recent call first):
         [0] _load_row (res://demo/sound/sound_table.gd:153)
         [1] load_streams (res://demo/sound/sound_table.gd:134)
         [2] warm (res://demo/sound/sound_director.gd:121)
         [3] warm (res://demo/demo_prewarm.gd:77)
         [4] test_the_prewarm_loads_the_streams_at_boot (res://test/test_demo_sound.gd:195)
         [5] _run_test (res://test/run_tests.gd:194)
         [6] _run_suite (res://test/run_tests.gd:168)
         [7] _run_suite (/home/runner/work/redwall-rts/redwall-rts/tools/ci_test_shard_runner.gd:30)
         [8] _run_worker (res://test/run_tests.gd:121)
         [9] _initialize (res://test/run_tests.gd:108)
TOLERATED WARNING: sound cue water_out: 2 of 2 files missing (res://demo/assets/sound/water_out_01.ogg, res://demo/assets/sound/water_out_02.ogg); it plays silent until they are staged
     at: push_warning (core/variant/variant_utility.cpp:1033)
     GDScript backtrace (most recent call first):
         [0] _load_row (res://demo/sound/sound_table.gd:153)
         [1] load_streams (res://demo/sound/sound_table.gd:134)
         [2] warm (res://demo/sound/sound_director.gd:121)
         [3] warm (res://demo/demo_prewarm.gd:77)
         [4] test_the_prewarm_loads_the_streams_at_boot (res://test/test_demo_sound.gd:195)
         [5] _run_test (res://test/run_tests.gd:194)
         [6] _run_suite (res://test/run_tests.gd:168)
         [7] _run_suite (/home/runner/work/redwall-rts/redwall-rts/tools/ci_test_shard_runner.gd:30)
         [8] _run_worker (res://test/run_tests.gd:121)
         [9] _initialize (res://test/run_tests.gd:108)
TOLERATED WARNING: sound cue amb_stream: 1 of 1 files missing (res://demo/assets/sound/amb_stream_01.ogg); it plays silent until they are staged
     at: push_warning (core/variant/variant_utility.cpp:1033)
     GDScript backtrace (most recent call first):
         [0] _load_row (res://demo/sound/sound_table.gd:153)
         [1] load_streams (res://demo/sound/sound_table.gd:134)
         [2] warm (res://demo/sound/sound_director.gd:121)
         [3] warm (res://demo/demo_prewarm.gd:77)
         [4] test_the_prewarm_loads_the_streams_at_boot (res://test/test_demo_sound.gd:195)
         [5] _run_test (res://test/run_tests.gd:194)
         [6] _run_suite (res://test/run_tests.gd:168)
         [7] _run_suite (/home/runner/work/redwall-rts/redwall-rts/tools/ci_test_shard_runner.gd:30)
         [8] _run_worker (res://test/run_tests.gd:121)
         [9] _initialize (res://test/run_tests.gd:108)
TOLERATED WARNING: sound cue amb_wind: 1 of 1 files missing (res://demo/assets/sound/amb_wind_01.wav); it plays silent until they are staged
     at: push_warning (core/variant/variant_utility.cpp:1033)
     GDScript backtrace (most recent call first):
         [0] _load_row (res://demo/sound/sound_table.gd:153)
         [1] load_streams (res://demo/sound/sound_table.gd:134)
         [2] warm (res://demo/sound/sound_director.gd:121)
         [3] warm (res://demo/demo_prewarm.gd:77)
         [4] test_the_prewarm_loads_the_streams_at_boot (res://test/test_demo_sound.gd:195)
         [5] _run_test (res://test/run_tests.gd:194)
         [6] _run_suite (res://test/run_tests.gd:168)
         [7] _run_suite (/home/runner/work/redwall-rts/redwall-rts/tools/ci_test_shard_runner.gd:30)
         [8] _run_worker (res://test/run_tests.gd:121)
         [9] _initialize (res://test/run_tests.gd:108)
TOLERATED WARNING: sound cue amb_rain: 1 of 1 files missing (res://demo/assets/sound/amb_rain_01.ogg); it plays silent until they are staged
     at: push_warning (core/variant/variant_utility.cpp:1033)
     GDScript backtrace (most recent call first):
         [0] _load_row (res://demo/sound/sound_table.gd:153)
         [1] load_streams (res://demo/sound/sound_table.gd:134)
         [2] warm (res://demo/sound/sound_director.gd:121)
         [3] warm (res://demo/demo_prewarm.gd:77)
         [4] test_the_prewarm_loads_the_streams_at_boot (res://test/test_demo_sound.gd:195)
         [5] _run_test (res://test/run_tests.gd:194)
         [6] _run_suite (res://test/run_tests.gd:168)
         [7] _run_suite (/home/runner/work/redwall-rts/redwall-rts/tools/ci_test_shard_runner.gd:30)
         [8] _run_worker (res://test/run_tests.gd:121)
         [9] _initialize (res://test/run_tests.gd:108)
TOLERATED WARNING: sound cue warning: 1 of 1 files missing (res://demo/assets/sound/warning_01.ogg); it plays silent until they are staged
     at: push_warning (core/variant/variant_utility.cpp:1033)
     GDScript backtrace (most recent call first):
         [0] _load_row (res://demo/sound/sound_table.gd:153)
         [1] load_streams (res://demo/sound/sound_table.gd:134)
         [2] warm (res://demo/sound/sound_director.gd:121)
         [3] warm (res://demo/demo_prewarm.gd:77)
         [4] test_the_prewarm_loads_the_streams_at_boot (res://test/test_demo_sound.gd:195)
         [5] _run_test (res://test/run_tests.gd:194)
         [6] _run_suite (res://test/run_tests.gd:168)
         [7] _run_suite (/home/runner/work/redwall-rts/redwall-rts/tools/ci_test_shard_runner.gd:30)
         [8] _run_worker (res://test/run_tests.gd:121)
         [9] _initialize (res://test/run_tests.gd:108)
TOLERATED WARNING: sound cue complete: 1 of 1 files missing (res://demo/assets/sound/complete_01.ogg); it plays silent until they are staged
     at: push_warning (core/variant/variant_utility.cpp:1033)
     GDScript backtrace (most recent call first):
         [0] _load_row (res://demo/sound/sound_table.gd:153)
         [1] load_streams (res://demo/sound/sound_table.gd:134)
         [2] warm (res://demo/sound/sound_director.gd:121)
         [3] warm (res://demo/demo_prewarm.gd:77)
         [4] test_the_prewarm_loads_the_streams_at_boot (res://test/test_demo_sound.gd:195)
         [5] _run_test (res://test/run_tests.gd:194)
         [6] _run_suite (res://test/run_tests.gd:168)
         [7] _run_suite (/home/runner/work/redwall-rts/redwall-rts/tools/ci_test_shard_runner.gd:30)
         [8] _run_worker (res://test/run_tests.gd:121)
         [9] _initialize (res://test/run_tests.gd:108)
TOLERATED WARNING: sound cue ui_click: 1 of 1 files missing (res://demo/assets/sound/ui_click_01.ogg); it plays silent until they are staged
     at: push_warning (core/variant/variant_utility.cpp:1033)
     GDScript backtrace (most recent call first):
         [0] _load_row (res://demo/sound/sound_table.gd:153)
         [1] load_streams (res://demo/sound/sound_table.gd:134)
         [2] warm (res://demo/sound/sound_director.gd:121)
         [3] warm (res://demo/demo_prewarm.gd:77)
         [4] test_the_prewarm_loads_the_streams_at_boot (res://test/test_demo_sound.gd:195)
         [5] _run_test (res://test/run_tests.gd:194)
         [6] _run_suite (res://test/run_tests.gd:168)
         [7] _run_suite (/home/runner/work/redwall-rts/redwall-rts/tools/ci_test_shard_runner.gd:30)
         [8] _run_worker (res://test/run_tests.gd:121)
         [9] _initialize (res://test/run_tests.gd:108)
  PASS  test_the_prewarm_loads_the_streams_at_boot
  PASS  test_the_shipped_table_is_staged_whole_or_not_at_all
  PASS  test_buses_are_made_once_and_route_to_master_and_work
  PASS  test_each_cue_sounds_on_its_bus_and_work_below_goes_through_work_under
  PASS  test_the_gap_folds_a_cue_played_again_too_soon
  PASS  test_a_cue_never_sounds_on_more_voices_than_its_cap
  PASS  test_a_full_bus_refuses_until_a_voice_frees
  PASS  test_ambience_has_no_one_shot_voices
  PASS  test_four_x_raises_more_strikes_but_never_stacks_them
  PASS  test_a_chop_at_four_x_plays_at_pitch_one_its_range_and_its_variants
EXPECTED WARNING: sound cue drone: 1 of 2 files missing (res://demo/assets/sound/no_such.ogg); it plays silent until they are staged
     at: push_warning (core/variant/variant_utility.cpp:1033)
     GDScript backtrace (most recent call first):
         [0] _load_row (res://demo/sound/sound_table.gd:153)
         [1] load_streams (res://demo/sound/sound_table.gd:134)
         [2] test_a_staged_file_loads_without_a_warning_and_loops_as_its_cue_says (res://test/test_demo_sound.gd:447)
         [3] _run_test (res://test/run_tests.gd:194)
         [4] _run_suite (res://test/run_tests.gd:168)
         [5] _run_suite (/home/runner/work/redwall-rts/redwall-rts/tools/ci_test_shard_runner.gd:30)
         [6] _run_worker (res://test/run_tests.gd:121)
         [7] _initialize (res://test/run_tests.gd:108)
  PASS  test_a_staged_file_loads_without_a_warning_and_loops_as_its_cue_says
  PASS  test_a_looping_cue_s_files_are_set_to_loop
  PASS  test_the_listener_turns_with_the_camera
  PASS  test_pausing_ducks_ambience_stops_work_and_keeps_cues
  PASS  test_leaving_the_tree_silences_every_voice_and_loop
  PASS  test_the_clock_drives_the_pause
  PASS  test_the_u_view_switches_the_underground_filter
  PASS  test_a_far_cue_takes_no_voice_and_zooming_out_lifts_the_listener
  PASS  test_settings_move_the_bus_volumes_and_mute
  PASS  test_down_is_refused_at_silence_and_up_at_full
  PASS  test_quiet_focus_sets_the_mix_and_a_custom_volume_unlights_it
  PASS  test_the_settings_outlast_the_menu_as_the_interface_scale_does
  PASS  test_the_menu_settings_page_offers_sound_and_says_it_is_silent
  PASS  test_nothing_sounds_for_what_already_stood_when_watching_began
  PASS  test_a_carry_sounds_pickup_and_drop_once_each
  PASS  test_a_strike_sounds_only_once_the_work_has_begun_and_a_beat_is_done
  PASS  test_a_beaver_fells_by_gnawing
  PASS  test_sawing_strokes_and_grubbing_digs
  PASS  test_a_tree_sounds_its_fall_only_when_it_falls
  PASS  test_a_tree_blown_down_falls_too
  PASS  test_a_dig_sounds_each_cut_and_completes_on_opening
  PASS  test_a_bridge_completes_once_when_it_opens
  PASS  test_a_new_warning_chimes_and_a_note_or_a_folded_repeat_does_not
  PASS  test_a_critical_incident_chimes_once_and_a_warning_or_a_merged_repeat_does_not
  PASS  test_water_edges_and_a_splash_as_swimming_begins
  PASS  test_footsteps_follow_the_ground_underfoot
  PASS  test_wading_steps_splash_softly
  PASS  test_a_work_begun_again_strikes_from_its_first_beat
  PASS  test_a_worn_path_sounds_as_dirt
  PASS  test_ambience_follows_the_weather_and_the_nearest_bank
  PASS  test_the_loops_ease_towards_the_map_s_levels
  PASS  test_ui_buttons_click_once_hooked_and_only_once
CI_SUITE_TIME {"assertions":529,"failures":0,"suite":"test_demo_sound.gd","tests":47,"usec":1673682}
test_demo_underground_view.gd
  PASS  test_the_layer_masks
  PASS  test_set_layers_walks_the_tree_and_skips_one_branch
TOLERATED ERROR: Condition "!is_inside_tree()" is true. Returning: Transform3D()
   at: get_global_transform (scene/3d/node_3d.cpp:649)
   GDScript backtrace (most recent call first):
       [0] _light (res://demo/burrow/fixture_view.gd:378)
       [1] refresh (res://demo/burrow/fixture_view.gd:173)
       [2] _process (res://demo/tunnel/tunnel_ext.gd:399)
       [3] _frame (res://test/test_demo_underground_view.gd:202)
       [4] _dig (res://test/test_demo_underground_view.gd:122)
       [5] test_every_drawn_node_is_on_exactly_one_view_and_the_surface_stays_up (res://test/test_demo_underground_view.gd:270)
       [6] _run_test (res://test/run_tests.gd:194)
       [7] _run_suite (res://test/run_tests.gd:168)
       [8] _run_suite (/home/runner/work/redwall-rts/redwall-rts/tools/ci_test_shard_runner.gd:30)
       [9] _run_worker (res://test/run_tests.gd:121)
       [10] _initialize (res://test/run_tests.gd:108)
TOLERATED ERROR: Condition "!is_inside_tree()" is true. Returning: Transform3D()
   at: get_global_transform (scene/3d/node_3d.cpp:649)
   GDScript backtrace (most recent call first):
       [0] _place_rings (res://demo/control/demo_command.gd:815)
       [1] _frame (res://test/test_demo_underground_view.gd:204)
       [2] _dig (res://test/test_demo_underground_view.gd:122)
       [3] test_every_drawn_node_is_on_exactly_one_view_and_the_surface_stays_up (res://test/test_demo_underground_view.gd:270)
       [4] _run_test (res://test/run_tests.gd:194)
       [5] _run_suite (res://test/run_tests.gd:168)
       [6] _run_suite (/home/runner/work/redwall-rts/redwall-rts/tools/ci_test_shard_runner.gd:30)
       [7] _run_worker (res://test/run_tests.gd:121)
       [8] _initialize (res://test/run_tests.gd:108)
  PASS  test_every_drawn_node_is_on_exactly_one_view_and_the_surface_stays_up
TOLERATED ERROR: Condition "!is_inside_tree()" is true. Returning: Transform3D()
   at: get_global_transform (scene/3d/node_3d.cpp:649)
   GDScript backtrace (most recent call first):
       [0] _light (res://demo/burrow/fixture_view.gd:378)
       [1] refresh (res://demo/burrow/fixture_view.gd:173)
       [2] _process (res://demo/tunnel/tunnel_ext.gd:399)
       [3] _frame (res://test/test_demo_underground_view.gd:202)
       [4] _dig (res://test/test_demo_underground_view.gd:122)
       [5] test_no_transparency_or_material_is_written_by_twenty_switches (res://test/test_demo_underground_view.gd:325)
       [6] _run_test (res://test/run_tests.gd:194)
       [7] _run_suite (res://test/run_tests.gd:168)
       [8] _run_suite (/home/runner/work/redwall-rts/redwall-rts/tools/ci_test_shard_runner.gd:30)
       [9] _run_worker (res://test/run_tests.gd:121)
       [10] _initialize (res://test/run_tests.gd:108)
TOLERATED ERROR: Condition "!is_inside_tree()" is true. Returning: Transform3D()
   at: get_global_transform (scene/3d/node_3d.cpp:649)
   GDScript backtrace (most recent call first):
       [0] _place_rings (res://demo/control/demo_command.gd:815)
       [1] _frame (res://test/test_demo_underground_view.gd:204)
       [2] _dig (res://test/test_demo_underground_view.gd:122)
       [3] test_no_transparency_or_material_is_written_by_twenty_switches (res://test/test_demo_underground_view.gd:325)
       [4] _run_test (res://test/run_tests.gd:194)
       [5] _run_suite (res://test/run_tests.gd:168)
       [6] _run_suite (/home/runner/work/redwall-rts/redwall-rts/tools/ci_test_shard_runner.gd:30)
       [7] _run_worker (res://test/run_tests.gd:121)
       [8] _initialize (res://test/run_tests.gd:108)
TOLERATED ERROR: Condition "!is_inside_tree()" is true. Returning: Transform3D()
   at: get_global_transform (scene/3d/node_3d.cpp:649)
   GDScript backtrace (most recent call first):
       [0] _place_rings (res://demo/control/demo_command.gd:815)
       [1] _frame (res://test/test_demo_underground_view.gd:204)
       [2] test_no_transparency_or_material_is_written_by_twenty_switches (res://test/test_demo_underground_view.gd:334)
       [3] _run_test (res://test/run_tests.gd:194)
       [4] _run_suite (res://test/run_tests.gd:168)
       [5] _run_suite (/home/runner/work/redwall-rts/redwall-rts/tools/ci_test_shard_runner.gd:30)
       [6] _run_worker (res://test/run_tests.gd:121)
       [7] _initialize (res://test/run_tests.gd:108)
TOLERATED ERROR: Condition "!is_inside_tree()" is true. Returning: Transform3D()
   at: get_global_transform (scene/3d/node_3d.cpp:649)
   GDScript backtrace (most recent call first):
       [0] _place_rings (res://demo/control/demo_command.gd:815)
       [1] _frame (res://test/test_demo_underground_view.gd:204)
       [2] test_no_transparency_or_material_is_written_by_twenty_switches (res://test/test_demo_underground_view.gd:334)
       [3] _run_test (res://test/run_tests.gd:194)
       [4] _run_suite (res://test/run_tests.gd:168)
       [5] _run_suite (/home/runner/work/redwall-rts/redwall-rts/tools/ci_test_shard_runner.gd:30)
       [6] _run_worker (res://test/run_tests.gd:121)
       [7] _initialize (res://test/run_tests.gd:108)
TOLERATED ERROR: Condition "!is_inside_tree()" is true. Returning: Transform3D()
   at: get_global_transform (scene/3d/node_3d.cpp:649)
   GDScript backtrace (most recent call first):
       [0] _place_rings (res://demo/control/demo_command.gd:815)
       [1] _frame (res://test/test_demo_underground_view.gd:204)
       [2] test_no_transparency_or_material_is_written_by_twenty_switches (res://test/test_demo_underground_view.gd:334)
       [3] _run_test (res://test/run_tests.gd:194)
       [4] _run_suite (res://test/run_tests.gd:168)
       [5] _run_suite (/home/runner/work/redwall-rts/redwall-rts/tools/ci_test_shard_runner.gd:30)
       [6] _run_worker (res://test/run_tests.gd:121)
       [7] _initialize (res://test/run_tests.gd:108)
TOLERATED ERROR: Condition "!is_inside_tree()" is true. Returning: Transform3D()
   at: get_global_transform (scene/3d/node_3d.cpp:649)
   GDScript backtrace (most recent call first):
       [0] _place_rings (res://demo/control/demo_command.gd:815)
       [1] _frame (res://test/test_demo_underground_view.gd:204)
       [2] test_no_transparency_or_material_is_written_by_twenty_switches (res://test/test_demo_underground_view.gd:334)
       [3] _run_test (res://test/run_tests.gd:194)
       [4] _run_suite (res://test/run_tests.gd:168)
       [5] _run_suite (/home/runner/work/redwall-rts/redwall-rts/tools/ci_test_shard_runner.gd:30)
       [6] _run_worker (res://test/run_tests.gd:121)
       [7] _initialize (res://test/run_tests.gd:108)
TOLERATED ERROR: Condition "!is_inside_tree()" is true. Returning: Transform3D()
   at: get_global_transform (scene/3d/node_3d.cpp:649)
   GDScript backtrace (most recent call first):
       [0] _place_rings (res://demo/control/demo_command.gd:815)
       [1] _frame (res://test/test_demo_underground_view.gd:204)
       [2] test_no_transparency_or_material_is_written_by_twenty_switches (res://test/test_demo_underground_view.gd:334)
       [3] _run_test (res://test/run_tests.gd:194)
       [4] _run_suite (res://test/run_tests.gd:168)
       [5] _run_suite (/home/runner/work/redwall-rts/redwall-rts/tools/ci_test_shard_runner.gd:30)
       [6] _run_worker (res://test/run_tests.gd:121)
       [7] _initialize (res://test/run_tests.gd:108)
TOLERATED ERROR: Condition "!is_inside_tree()" is true. Returning: Transform3D()
   at: get_global_transform (scene/3d/node_3d.cpp:649)
   GDScript backtrace (most recent call first):
       [0] _place_rings (res://demo/control/demo_command.gd:815)
       [1] _frame (res://test/test_demo_underground_view.gd:204)
       [2] test_no_transparency_or_material_is_written_by_twenty_switches (res://test/test_demo_underground_view.gd:334)
       [3] _run_test (res://test/run_tests.gd:194)
       [4] _run_suite (res://test/run_tests.gd:168)
       [5] _run_suite (/home/runner/work/redwall-rts/redwall-rts/tools/ci_test_shard_runner.gd:30)
       [6] _run_worker (res://test/run_tests.gd:121)
       [7] _initialize (res://test/run_tests.gd:108)
TOLERATED ERROR: Condition "!is_inside_tree()" is true. Returning: Transform3D()
   at: get_global_transform (scene/3d/node_3d.cpp:649)
   GDScript backtrace (most recent call first):
       [0] _place_rings (res://demo/control/demo_command.gd:815)
       [1] _frame (res://test/test_demo_underground_view.gd:204)
       [2] test_no_transparency_or_material_is_written_by_twenty_switches (res://test/test_demo_underground_view.gd:334)
       [3] _run_test (res://test/run_tests.gd:194)
       [4] _run_suite (res://test/run_tests.gd:168)
       [5] _run_suite (/home/runner/work/redwall-rts/redwall-rts/tools/ci_test_shard_runner.gd:30)
       [6] _run_worker (res://test/run_tests.gd:121)
       [7] _initialize (res://test/run_tests.gd:108)
TOLERATED ERROR: Condition "!is_inside_tree()" is true. Returning: Transform3D()
   at: get_global_transform (scene/3d/node_3d.cpp:649)
   GDScript backtrace (most recent call first):
       [0] _place_rings (res://demo/control/demo_command.gd:815)
       [1] _frame (res://test/test_demo_underground_view.gd:204)
       [2] test_no_transparency_or_material_is_written_by_twenty_switches (res://test/test_demo_underground_view.gd:334)
       [3] _run_test (res://test/run_tests.gd:194)
       [4] _run_suite (res://test/run_tests.gd:168)
       [5] _run_suite (/home/runner/work/redwall-rts/redwall-rts/tools/ci_test_shard_runner.gd:30)
       [6] _run_worker (res://test/run_tests.gd:121)
       [7] _initialize (res://test/run_tests.gd:108)
TOLERATED ERROR: Condition "!is_inside_tree()" is true. Returning: Transform3D()
   at: get_global_transform (scene/3d/node_3d.cpp:649)
   GDScript backtrace (most recent call first):
       [0] _place_rings (res://demo/control/demo_command.gd:815)
       [1] _frame (res://test/test_demo_underground_view.gd:204)
       [2] test_no_transparency_or_material_is_written_by_twenty_switches (res://test/test_demo_underground_view.gd:334)
       [3] _run_test (res://test/run_tests.gd:194)
       [4] _run_suite (res://test/run_tests.gd:168)
       [5] _run_suite (/home/runner/work/redwall-rts/redwall-rts/tools/ci_test_shard_runner.gd:30)
       [6] _run_worker (res://test/run_tests.gd:121)
       [7] _initialize (res://test/run_tests.gd:108)
TOLERATED ERROR: Condition "!is_inside_tree()" is true. Returning: Transform3D()
   at: get_global_transform (scene/3d/node_3d.cpp:649)
   GDScript backtrace (most recent call first):
       [0] _place_rings (res://demo/control/demo_command.gd:815)
       [1] _frame (res://test/test_demo_underground_view.gd:204)
       [2] test_no_transparency_or_material_is_written_by_twenty_switches (res://test/test_demo_underground_view.gd:334)
       [3] _run_test (res://test/run_tests.gd:194)
       [4] _run_suite (res://test/run_tests.gd:168)
       [5] _run_suite (/home/runner/work/redwall-rts/redwall-rts/tools/ci_test_shard_runner.gd:30)
       [6] _run_worker (res://test/run_tests.gd:121)
       [7] _initialize (res://test/run_tests.gd:108)
TOLERATED ERROR: Condition "!is_inside_tree()" is true. Returning: Transform3D()
   at: get_global_transform (scene/3d/node_3d.cpp:649)
   GDScript backtrace (most recent call first):
       [0] _place_rings (res://demo/control/demo_command.gd:815)
       [1] _frame (res://test/test_demo_underground_view.gd:204)
       [2] test_no_transparency_or_material_is_written_by_twenty_switches (res://test/test_demo_underground_view.gd:334)
       [3] _run_test (res://test/run_tests.gd:194)
       [4] _run_suite (res://test/run_tests.gd:168)
       [5] _run_suite (/home/runner/work/redwall-rts/redwall-rts/tools/ci_test_shard_runner.gd:30)
       [6] _run_worker (res://test/run_tests.gd:121)
       [7] _initialize (res://test/run_tests.gd:108)
TOLERATED ERROR: Condition "!is_inside_tree()" is true. Returning: Transform3D()
   at: get_global_transform (scene/3d/node_3d.cpp:649)
   GDScript backtrace (most recent call first):
       [0] _place_rings (res://demo/control/demo_command.gd:815)
       [1] _frame (res://test/test_demo_underground_view.gd:204)
       [2] test_no_transparency_or_material_is_written_by_twenty_switches (res://test/test_demo_underground_view.gd:334)
       [3] _run_test (res://test/run_tests.gd:194)
       [4] _run_suite (res://test/run_tests.gd:168)
       [5] _run_suite (/home/runner/work/redwall-rts/redwall-rts/tools/ci_test_shard_runner.gd:30)
       [6] _run_worker (res://test/run_tests.gd:121)
       [7] _initialize (res://test/run_tests.gd:108)
TOLERATED ERROR: Condition "!is_inside_tree()" is true. Returning: Transform3D()
   at: get_global_transform (scene/3d/node_3d.cpp:649)
   GDScript backtrace (most recent call first):
       [0] _place_rings (res://demo/control/demo_command.gd:815)
       [1] _frame (res://test/test_demo_underground_view.gd:204)
       [2] test_no_transparency_or_material_is_written_by_twenty_switches (res://test/test_demo_underground_view.gd:334)
       [3] _run_test (res://test/run_tests.gd:194)
       [4] _run_suite (res://test/run_tests.gd:168)
       [5] _run_suite (/home/runner/work/redwall-rts/redwall-rts/tools/ci_test_shard_runner.gd:30)
       [6] _run_worker (res://test/run_tests.gd:121)
       [7] _initialize (res://test/run_tests.gd:108)
TOLERATED ERROR: Condition "!is_inside_tree()" is true. Returning: Transform3D()
   at: get_global_transform (scene/3d/node_3d.cpp:649)
   GDScript backtrace (most recent call first):
       [0] _place_rings (res://demo/control/demo_command.gd:815)
       [1] _frame (res://test/test_demo_underground_view.gd:204)
       [2] test_no_transparency_or_material_is_written_by_twenty_switches (res://test/test_demo_underground_view.gd:334)
       [3] _run_test (res://test/run_tests.gd:194)
       [4] _run_suite (res://test/run_tests.gd:168)
       [5] _run_suite (/home/runner/work/redwall-rts/redwall-rts/tools/ci_test_shard_runner.gd:30)
       [6] _run_worker (res://test/run_tests.gd:121)
       [7] _initialize (res://test/run_tests.gd:108)
TOLERATED ERROR: Condition "!is_inside_tree()" is true. Returning: Transform3D()
   at: get_global_transform (scene/3d/node_3d.cpp:649)
   GDScript backtrace (most recent call first):
       [0] _place_rings (res://demo/control/demo_command.gd:815)
       [1] _frame (res://test/test_demo_underground_view.gd:204)
       [2] test_no_transparency_or_material_is_written_by_twenty_switches (res://test/test_demo_underground_view.gd:334)
       [3] _run_test (res://test/run_tests.gd:194)
       [4] _run_suite (res://test/run_tests.gd:168)
       [5] _run_suite (/home/runner/work/redwall-rts/redwall-rts/tools/ci_test_shard_runner.gd:30)
       [6] _run_worker (res://test/run_tests.gd:121)
       [7] _initialize (res://test/run_tests.gd:108)
TOLERATED ERROR: Condition "!is_inside_tree()" is true. Returning: Transform3D()
   at: get_global_transform (scene/3d/node_3d.cpp:649)
   GDScript backtrace (most recent call first):
       [0] _place_rings (res://demo/control/demo_command.gd:815)
       [1] _frame (res://test/test_demo_underground_view.gd:204)
       [2] test_no_transparency_or_material_is_written_by_twenty_switches (res://test/test_demo_underground_view.gd:334)
       [3] _run_test (res://test/run_tests.gd:194)
       [4] _run_suite (res://test/run_tests.gd:168)
       [5] _run_suite (/home/runner/work/redwall-rts/redwall-rts/tools/ci_test_shard_runner.gd:30)
       [6] _run_worker (res://test/run_tests.gd:121)
       [7] _initialize (res://test/run_tests.gd:108)
TOLERATED ERROR: Condition "!is_inside_tree()" is true. Returning: Transform3D()
   at: get_global_transform (scene/3d/node_3d.cpp:649)
   GDScript backtrace (most recent call first):
       [0] _place_rings (res://demo/control/demo_command.gd:815)
       [1] _frame (res://test/test_demo_underground_view.gd:204)
       [2] test_no_transparency_or_material_is_written_by_twenty_switches (res://test/test_demo_underground_view.gd:334)
       [3] _run_test (res://test/run_tests.gd:194)
       [4] _run_suite (res://test/run_tests.gd:168)
       [5] _run_suite (/home/runner/work/redwall-rts/redwall-rts/tools/ci_test_shard_runner.gd:30)
       [6] _run_worker (res://test/run_tests.gd:121)
       [7] _initialize (res://test/run_tests.gd:108)
TOLERATED ERROR: Condition "!is_inside_tree()" is true. Returning: Transform3D()
   at: get_global_transform (scene/3d/node_3d.cpp:649)
   GDScript backtrace (most recent call first):
       [0] _place_rings (res://demo/control/demo_command.gd:815)
       [1] _frame (res://test/test_demo_underground_view.gd:204)
       [2] test_no_transparency_or_material_is_written_by_twenty_switches (res://test/test_demo_underground_view.gd:334)
       [3] _run_test (res://test/run_tests.gd:194)
       [4] _run_suite (res://test/run_tests.gd:168)
       [5] _run_suite (/home/runner/work/redwall-rts/redwall-rts/tools/ci_test_shard_runner.gd:30)
       [6] _run_worker (res://test/run_tests.gd:121)
       [7] _initialize (res://test/run_tests.gd:108)
TOLERATED ERROR: Condition "!is_inside_tree()" is true. Returning: Transform3D()
   at: get_global_transform (scene/3d/node_3d.cpp:649)
   GDScript backtrace (most recent call first):
       [0] _place_rings (res://demo/control/demo_command.gd:815)
       [1] _frame (res://test/test_demo_underground_view.gd:204)
       [2] test_no_transparency_or_material_is_written_by_twenty_switches (res://test/test_demo_underground_view.gd:334)
       [3] _run_test (res://test/run_tests.gd:194)
       [4] _run_suite (res://test/run_tests.gd:168)
       [5] _run_suite (/home/runner/work/redwall-rts/redwall-rts/tools/ci_test_shard_runner.gd:30)
       [6] _run_worker (res://test/run_tests.gd:121)
       [7] _initialize (res://test/run_tests.gd:108)
TOLERATED ERROR: Condition "!is_inside_tree()" is true. Returning: Transform3D()
   at: get_global_transform (scene/3d/node_3d.cpp:649)
   GDScript backtrace (most recent call first):
       [0] _place_rings (res://demo/control/demo_command.gd:815)
       [1] _frame (res://test/test_demo_underground_view.gd:204)
       [2] test_no_transparency_or_material_is_written_by_twenty_switches (res://test/test_demo_underground_view.gd:334)
       [3] _run_test (res://test/run_tests.gd:194)
       [4] _run_suite (res://test/run_tests.gd:168)
       [5] _run_suite (/home/runner/work/redwall-rts/redwall-rts/tools/ci_test_shard_runner.gd:30)
       [6] _run_worker (res://test/run_tests.gd:121)
       [7] _initialize (res://test/run_tests.gd:108)
  PASS  test_no_transparency_or_material_is_written_by_twenty_switches
TOLERATED ERROR: Condition "!is_inside_tree()" is true. Returning: Transform3D()
   at: get_global_transform (scene/3d/node_3d.cpp:649)
   GDScript backtrace (most recent call first):
       [0] _light (res://demo/burrow/fixture_view.gd:378)
       [1] refresh (res://demo/burrow/fixture_view.gd:173)
       [2] _process (res://demo/tunnel/tunnel_ext.gd:399)
       [3] _frame (res://test/test_demo_underground_view.gd:202)
       [4] _dig (res://test/test_demo_underground_view.gd:122)
       [5] test_the_prewarm_registry_covers_every_underground_material (res://test/test_demo_underground_view.gd:399)
       [6] _run_test (res://test/run_tests.gd:194)
       [7] _run_suite (res://test/run_tests.gd:168)
       [8] _run_suite (/home/runner/work/redwall-rts/redwall-rts/tools/ci_test_shard_runner.gd:30)
       [9] _run_worker (res://test/run_tests.gd:121)
       [10] _initialize (res://test/run_tests.gd:108)
TOLERATED ERROR: Condition "!is_inside_tree()" is true. Returning: Transform3D()
   at: get_global_transform (scene/3d/node_3d.cpp:649)
   GDScript backtrace (most recent call first):
       [0] _place_rings (res://demo/control/demo_command.gd:815)
       [1] _frame (res://test/test_demo_underground_view.gd:204)
       [2] _dig (res://test/test_demo_underground_view.gd:122)
       [3] test_the_prewarm_registry_covers_every_underground_material (res://test/test_demo_underground_view.gd:399)
       [4] _run_test (res://test/run_tests.gd:194)
       [5] _run_suite (res://test/run_tests.gd:168)
       [6] _run_suite (/home/runner/work/redwall-rts/redwall-rts/tools/ci_test_shard_runner.gd:30)
       [7] _run_worker (res://test/run_tests.gd:121)
       [8] _initialize (res://test/run_tests.gd:108)
  PASS  test_the_prewarm_registry_covers_every_underground_material
  PASS  test_the_registry_answers_by_material_and_label_style
  PASS  test_the_prewarm_draws_a_sample_of_everything_then_gives_the_view_back
TOLERATED ERROR: Condition "!is_inside_tree()" is true. Returning: Transform3D()
   at: get_global_transform (scene/3d/node_3d.cpp:649)
   GDScript backtrace (most recent call first):
       [0] _light (res://demo/burrow/fixture_view.gd:378)
       [1] refresh (res://demo/burrow/fixture_view.gd:173)
       [2] _process (res://demo/tunnel/tunnel_ext.gd:399)
       [3] _frame (res://test/test_demo_underground_view.gd:202)
       [4] _dig (res://test/test_demo_underground_view.gd:122)
       [5] test_the_cap_opens_over_a_dug_bore_and_room_only (res://test/test_demo_underground_view.gd:484)
       [6] _run_test (res://test/run_tests.gd:194)
       [7] _run_suite (res://test/run_tests.gd:168)
       [8] _run_suite (/home/runner/work/redwall-rts/redwall-rts/tools/ci_test_shard_runner.gd:30)
       [9] _run_worker (res://test/run_tests.gd:121)
       [10] _initialize (res://test/run_tests.gd:108)
TOLERATED ERROR: Condition "!is_inside_tree()" is true. Returning: Transform3D()
   at: get_global_transform (scene/3d/node_3d.cpp:649)
   GDScript backtrace (most recent call first):
       [0] _place_rings (res://demo/control/demo_command.gd:815)
       [1] _frame (res://test/test_demo_underground_view.gd:204)
       [2] _dig (res://test/test_demo_underground_view.gd:122)
       [3] test_the_cap_opens_over_a_dug_bore_and_room_only (res://test/test_demo_underground_view.gd:484)
       [4] _run_test (res://test/run_tests.gd:194)
       [5] _run_suite (res://test/run_tests.gd:168)
       [6] _run_suite (/home/runner/work/redwall-rts/redwall-rts/tools/ci_test_shard_runner.gd:30)
       [7] _run_worker (res://test/run_tests.gd:121)
       [8] _initialize (res://test/run_tests.gd:108)
  PASS  test_the_cap_opens_over_a_dug_bore_and_room_only
TOLERATED ERROR: Condition "!is_inside_tree()" is true. Returning: Transform3D()
   at: get_global_transform (scene/3d/node_3d.cpp:649)
   GDScript backtrace (most recent call first):
       [0] _light (res://demo/burrow/fixture_view.gd:378)
       [1] refresh (res://demo/burrow/fixture_view.gd:173)
       [2] _process (res://demo/tunnel/tunnel_ext.gd:399)
       [3] _frame (res://test/test_demo_underground_view.gd:202)
       [4] _dig (res://test/test_demo_underground_view.gd:122)
       [5] test_a_room_s_mound_wears_the_village_ground (res://test/test_demo_underground_view.gd:507)
       [6] _run_test (res://test/run_tests.gd:194)
       [7] _run_suite (res://test/run_tests.gd:168)
       [8] _run_suite (/home/runner/work/redwall-rts/redwall-rts/tools/ci_test_shard_runner.gd:30)
       [9] _run_worker (res://test/run_tests.gd:121)
       [10] _initialize (res://test/run_tests.gd:108)
TOLERATED ERROR: Condition "!is_inside_tree()" is true. Returning: Transform3D()
   at: get_global_transform (scene/3d/node_3d.cpp:649)
   GDScript backtrace (most recent call first):
       [0] _place_rings (res://demo/control/demo_command.gd:815)
       [1] _frame (res://test/test_demo_underground_view.gd:204)
       [2] _dig (res://test/test_demo_underground_view.gd:122)
       [3] test_a_room_s_mound_wears_the_village_ground (res://test/test_demo_underground_view.gd:507)
       [4] _run_test (res://test/run_tests.gd:194)
       [5] _run_suite (res://test/run_tests.gd:168)
       [6] _run_suite (/home/runner/work/redwall-rts/redwall-rts/tools/ci_test_shard_runner.gd:30)
       [7] _run_worker (res://test/run_tests.gd:121)
       [8] _initialize (res://test/run_tests.gd:108)
  PASS  test_a_room_s_mound_wears_the_village_ground
  PASS  test_the_cap_marks_water_footings_and_roots
  PASS  test_a_footing_is_its_circle_and_a_half_bore
  PASS  test_the_void_disc_is_the_bore_width
  PASS  test_a_tunnel_being_dug_opens_the_cap_up_to_its_face_only
  PASS  test_a_dig_face_opens_only_the_half_behind_it
  PASS  test_the_pick_plane_lands_on_the_floor_point_under_the_pointer
  PASS  test_in_the_u_view_a_surface_resident_is_picked_at_its_marker
TOLERATED ERROR: Condition "!is_inside_tree()" is true. Returning: Transform3D()
   at: get_global_transform (scene/3d/node_3d.cpp:649)
   GDScript backtrace (most recent call first):
       [0] _place_rings (res://demo/control/demo_command.gd:815)
       [1] test_the_u_views_marks_are_drawn_over_the_cap_on_its_own_layer (res://test/test_demo_underground_view.gd:667)
       [2] _run_test (res://test/run_tests.gd:194)
       [3] _run_suite (res://test/run_tests.gd:168)
       [4] _run_suite (/home/runner/work/redwall-rts/redwall-rts/tools/ci_test_shard_runner.gd:30)
       [5] _run_worker (res://test/run_tests.gd:121)
       [6] _initialize (res://test/run_tests.gd:108)
  PASS  test_the_u_views_marks_are_drawn_over_the_cap_on_its_own_layer
  PASS  test_the_u_view_keeps_releases_and_keys_for_the_surface_tools
  PASS  test_the_views_plane_is_where_a_ray_lands
  PASS  test_the_sun_lights_only_the_surface_and_the_fill_light_only_below
TOLERATED ERROR: Camera is not inside scene.
   at: project_ray_origin (scene/3d/camera_3d.cpp:430)
   GDScript backtrace (most recent call first):
       [0] pick (res://demo/control/demo_command.gd:663)
       [1] _finish_select (res://demo/control/demo_command.gd:542)
       [2] test_the_u_view_does_not_hand_clicks_to_surface_handlers (res://test/test_demo_underground_view.gd:745)
       [3] _run_test (res://test/run_tests.gd:194)
       [4] _run_suite (res://test/run_tests.gd:168)
       [5] _run_suite (/home/runner/work/redwall-rts/redwall-rts/tools/ci_test_shard_runner.gd:30)
       [6] _run_worker (res://test/run_tests.gd:121)
       [7] _initialize (res://test/run_tests.gd:108)
TOLERATED ERROR: Camera is not inside scene.
   at: project_local_ray_normal (scene/3d/camera_3d.cpp:412)
   GDScript backtrace (most recent call first):
       [0] pick (res://demo/control/demo_command.gd:664)
       [1] _finish_select (res://demo/control/demo_command.gd:542)
       [2] test_the_u_view_does_not_hand_clicks_to_surface_handlers (res://test/test_demo_underground_view.gd:745)
       [3] _run_test (res://test/run_tests.gd:194)
       [4] _run_suite (res://test/run_tests.gd:168)
       [5] _run_suite (/home/runner/work/redwall-rts/redwall-rts/tools/ci_test_shard_runner.gd:30)
       [6] _run_worker (res://test/run_tests.gd:121)
       [7] _initialize (res://test/run_tests.gd:108)
TOLERATED ERROR: Condition "!is_inside_tree()" is true. Returning: Transform3D()
   at: get_global_transform (scene/3d/node_3d.cpp:649)
   GDScript backtrace (most recent call first):
       [0] pick (res://demo/control/demo_command.gd:664)
       [1] _finish_select (res://demo/control/demo_command.gd:542)
       [2] test_the_u_view_does_not_hand_clicks_to_surface_handlers (res://test/test_demo_underground_view.gd:745)
       [3] _run_test (res://test/run_tests.gd:194)
       [4] _run_suite (res://test/run_tests.gd:168)
       [5] _run_suite (/home/runner/work/redwall-rts/redwall-rts/tools/ci_test_shard_runner.gd:30)
       [6] _run_worker (res://test/run_tests.gd:121)
       [7] _initialize (res://test/run_tests.gd:108)
TOLERATED ERROR: Camera is not inside scene.
   at: project_ray_origin (scene/3d/camera_3d.cpp:430)
   GDScript backtrace (most recent call first):
       [0] ground_at (res://demo/tunnel/tunnel_view.gd:318)
       [1] _ground_at (res://demo/tunnel/tunnel_ext.gd:450)
       [2] select_at_screen (res://demo/tunnel/tunnel_ext.gd:461)
       [3] select_tunnel_at (res://demo/tunnel/tunnel_control.gd:1176)
       [4] _finish_select (res://demo/control/demo_command.gd:547)
       [5] test_the_u_view_does_not_hand_clicks_to_surface_handlers (res://test/test_demo_underground_view.gd:745)
       [6] _run_test (res://test/run_tests.gd:194)
       [7] _run_suite (res://test/run_tests.gd:168)
       [8] _run_suite (/home/runner/work/redwall-rts/redwall-rts/tools/ci_test_shard_runner.gd:30)
       [9] _run_worker (res://test/run_tests.gd:121)
       [10] _initialize (res://test/run_tests.gd:108)
TOLERATED ERROR: Camera is not inside scene.
   at: project_local_ray_normal (scene/3d/camera_3d.cpp:412)
   GDScript backtrace (most recent call first):
       [0] ground_at (res://demo/tunnel/tunnel_view.gd:318)
       [1] _ground_at (res://demo/tunnel/tunnel_ext.gd:450)
       [2] select_at_screen (res://demo/tunnel/tunnel_ext.gd:461)
       [3] select_tunnel_at (res://demo/tunnel/tunnel_control.gd:1176)
       [4] _finish_select (res://demo/control/demo_command.gd:547)
       [5] test_the_u_view_does_not_hand_clicks_to_surface_handlers (res://test/test_demo_underground_view.gd:745)
       [6] _run_test (res://test/run_tests.gd:194)
       [7] _run_suite (res://test/run_tests.gd:168)
       [8] _run_suite (/home/runner/work/redwall-rts/redwall-rts/tools/ci_test_shard_runner.gd:30)
       [9] _run_worker (res://test/run_tests.gd:121)
       [10] _initialize (res://test/run_tests.gd:108)
TOLERATED ERROR: Condition "!is_inside_tree()" is true. Returning: Transform3D()
   at: get_global_transform (scene/3d/node_3d.cpp:649)
   GDScript backtrace (most recent call first):
       [0] ground_at (res://demo/tunnel/tunnel_view.gd:318)
       [1] _ground_at (res://demo/tunnel/tunnel_ext.gd:450)
       [2] select_at_screen (res://demo/tunnel/tunnel_ext.gd:461)
       [3] select_tunnel_at (res://demo/tunnel/tunnel_control.gd:1176)
       [4] _finish_select (res://demo/control/demo_command.gd:547)
       [5] test_the_u_view_does_not_hand_clicks_to_surface_handlers (res://test/test_demo_underground_view.gd:745)
       [6] _run_test (res://test/run_tests.gd:194)
       [7] _run_suite (res://test/run_tests.gd:168)
       [8] _run_suite (/home/runner/work/redwall-rts/redwall-rts/tools/ci_test_shard_runner.gd:30)
       [9] _run_worker (res://test/run_tests.gd:121)
       [10] _initialize (res://test/run_tests.gd:108)
TOLERATED ERROR: Camera is not inside scene.
   at: project_ray_origin (scene/3d/camera_3d.cpp:430)
   GDScript backtrace (most recent call first):
       [0] order_at (res://demo/control/demo_command.gd:729)
       [1] test_the_u_view_does_not_hand_clicks_to_surface_handlers (res://test/test_demo_underground_view.gd:747)
       [2] _run_test (res://test/run_tests.gd:194)
       [3] _run_suite (res://test/run_tests.gd:168)
       [4] _run_suite (/home/runner/work/redwall-rts/redwall-rts/tools/ci_test_shard_runner.gd:30)
       [5] _run_worker (res://test/run_tests.gd:121)
       [6] _initialize (res://test/run_tests.gd:108)
TOLERATED ERROR: Camera is not inside scene.
   at: project_local_ray_normal (scene/3d/camera_3d.cpp:412)
   GDScript backtrace (most recent call first):
       [0] order_at (res://demo/control/demo_command.gd:729)
       [1] test_the_u_view_does_not_hand_clicks_to_surface_handlers (res://test/test_demo_underground_view.gd:747)
       [2] _run_test (res://test/run_tests.gd:194)
       [3] _run_suite (res://test/run_tests.gd:168)
       [4] _run_suite (/home/runner/work/redwall-rts/redwall-rts/tools/ci_test_shard_runner.gd:30)
       [5] _run_worker (res://test/run_tests.gd:121)
       [6] _initialize (res://test/run_tests.gd:108)
TOLERATED ERROR: Condition "!is_inside_tree()" is true. Returning: Transform3D()
   at: get_global_transform (scene/3d/node_3d.cpp:649)
   GDScript backtrace (most recent call first):
       [0] order_at (res://demo/control/demo_command.gd:729)
       [1] test_the_u_view_does_not_hand_clicks_to_surface_handlers (res://test/test_demo_underground_view.gd:747)
       [2] _run_test (res://test/run_tests.gd:194)
       [3] _run_suite (res://test/run_tests.gd:168)
       [4] _run_suite (/home/runner/work/redwall-rts/redwall-rts/tools/ci_test_shard_runner.gd:30)
       [5] _run_worker (res://test/run_tests.gd:121)
       [6] _initialize (res://test/run_tests.gd:108)
TOLERATED ERROR: Camera is not inside scene.
   at: project_ray_origin (scene/3d/camera_3d.cpp:430)
   GDScript backtrace (most recent call first):
       [0] pick (res://demo/control/demo_command.gd:663)
       [1] _finish_select (res://demo/control/demo_command.gd:542)
       [2] test_the_u_view_does_not_hand_clicks_to_surface_handlers (res://test/test_demo_underground_view.gd:751)
       [3] _run_test (res://test/run_tests.gd:194)
       [4] _run_suite (res://test/run_tests.gd:168)
       [5] _run_suite (/home/runner/work/redwall-rts/redwall-rts/tools/ci_test_shard_runner.gd:30)
       [6] _run_worker (res://test/run_tests.gd:121)
       [7] _initialize (res://test/run_tests.gd:108)
TOLERATED ERROR: Camera is not inside scene.
   at: project_local_ray_normal (scene/3d/camera_3d.cpp:412)
   GDScript backtrace (most recent call first):
       [0] pick (res://demo/control/demo_command.gd:664)
       [1] _finish_select (res://demo/control/demo_command.gd:542)
       [2] test_the_u_view_does_not_hand_clicks_to_surface_handlers (res://test/test_demo_underground_view.gd:751)
       [3] _run_test (res://test/run_tests.gd:194)
       [4] _run_suite (res://test/run_tests.gd:168)
       [5] _run_suite (/home/runner/work/redwall-rts/redwall-rts/tools/ci_test_shard_runner.gd:30)
       [6] _run_worker (res://test/run_tests.gd:121)
       [7] _initialize (res://test/run_tests.gd:108)
TOLERATED ERROR: Condition "!is_inside_tree()" is true. Returning: Transform3D()
   at: get_global_transform (scene/3d/node_3d.cpp:649)
   GDScript backtrace (most recent call first):
       [0] pick (res://demo/control/demo_command.gd:664)
       [1] _finish_select (res://demo/control/demo_command.gd:542)
       [2] test_the_u_view_does_not_hand_clicks_to_surface_handlers (res://test/test_demo_underground_view.gd:751)
       [3] _run_test (res://test/run_tests.gd:194)
       [4] _run_suite (res://test/run_tests.gd:168)
       [5] _run_suite (/home/runner/work/redwall-rts/redwall-rts/tools/ci_test_shard_runner.gd:30)
       [6] _run_worker (res://test/run_tests.gd:121)
       [7] _initialize (res://test/run_tests.gd:108)
  PASS  test_the_u_view_does_not_hand_clicks_to_surface_handlers
  PASS  test_a_resident_changes_layer_going_down_and_up_and_its_parts_follow
CI_SUITE_TIME {"assertions":3516,"failures":0,"suite":"test_demo_underground_view.gd","tests":22,"usec":45097468}
test_demo_water_play.gd
  PASS  test_who_swims_is_the_demo_table_by_species
  PASS  test_fixed_ticks_keep_their_remainder_and_stop_while_paused
  PASS  test_stamina_drain_counts_cold_and_flow
  PASS  test_a_swimmer_makes_good_what_its_speed_leaves_across_the_flow
  PASS  test_a_ferry_heading_angles_into_the_flow_to_hold_its_line
  PASS  test_a_planned_dive_is_admitted_only_with_its_air_and_reserve
  PASS  test_bridge_arithmetic_spans_decks_piers_costs_and_work
  PASS  test_swim_rows_are_seeded_by_species_full_and_on_land
  PASS  test_air_is_spent_below_and_breathed_back_above_on_fixed_ticks
  PASS  test_rest_comes_back_on_land_three_times_as_fast_resting
  PASS  test_tired_and_exhausted_are_latched_once_and_rearm_at_4000
  PASS  test_low_air_and_air_out_are_raised_below_the_surface
  PASS  test_entry_needs_health_seventy_and_no_untreated_injury
  PASS  test_a_hurt_or_weak_swimmer_is_refused_the_water
  PASS  test_a_patient_is_not_drafted_as_a_rescuer
  PASS  test_the_infirmary_answers_the_water_s_fitness
  PASS  test_a_swim_is_refused_naming_its_failed_condition
  PASS  test_blocked_width_is_the_radius_less_the_mouse_wade_ramp
  PASS  test_the_band_walls_off_deep_water_and_leaves_the_ford_open
  PASS  test_swim_links_cross_deep_water_between_dry_land_ends
  PASS  test_a_link_whose_land_end_is_blocked_is_not_published
  PASS  test_the_way_in_weighs_the_walk_against_the_swim
  PASS  test_the_bridge_candidates_are_the_maps_spans_inside_the_area
  PASS  test_the_neck_takes_a_plank_footbridge_without_piers
  PASS  test_a_line_over_two_waters_is_not_one_span
  PASS  test_a_survey_says_why_a_bridge_cannot_stand
  PASS  test_footings_and_decks_keep_clear_and_bridges_apart
  PASS  test_a_bridge_is_built_stage_by_stage_and_opens_with_its_last_wu
  PASS  test_a_deck_stands_on_its_footings_and_a_plank_deck_arches
  PASS  test_crossings_have_their_own_leg_codes_and_a_cap
  PASS  test_the_planning_area_keeps_every_node_inside_it
  PASS  test_the_base_hook_offers_nothing_and_changes_no_walk
  PASS  test_a_swimmer_is_offered_the_links_and_plans_across_the_run
  PASS  test_a_non_swimmer_walks_round_until_a_bridge_opens_then_takes_it
  PASS  test_wading_slows_the_walk_and_puts_the_feet_on_the_bed
  PASS  test_a_swimmer_crosses_on_its_link_in_the_water_and_climbs_out
  PASS  test_a_swim_order_treads_the_spot_then_tires_home
  PASS  test_a_swim_order_refuses_a_non_swimmer_by_name_and_a_tired_one_at_the_water
  PASS  test_a_planned_dive_waits_for_its_air_goes_down_and_brings_up_a_find
  PASS  test_a_diver_hurt_on_the_way_is_refused_at_the_water
  PASS  test_a_diver_hurt_at_the_surface_turns_for_home
  PASS  test_a_dive_turns_back_when_the_air_says_so
  PASS  test_a_swimmer_in_difficulty_is_rescued_at_a_landing_and_rests
  PASS  test_with_no_swimmer_free_a_line_is_thrown_from_the_landing
  PASS  test_the_rescuer_is_the_nearest_by_route_not_by_straight_line
  PASS  test_a_rescuer_the_straight_bound_favours_still_loses_on_its_route
  PASS  test_a_thrower_is_ranked_by_its_route_to_the_landing_and_the_boxed_in_lose
  PASS  test_route_length_sums_the_legs_from_the_start
  PASS  test_a_victim_nobody_reaches_washes_ashore_unhurt
  PASS  test_tiring_on_a_link_turns_back_to_the_nearer_bank
  PASS  test_building_pays_from_the_one_stores_all_or_nothing
  PASS  test_a_log_bridge_takes_a_log_from_the_log_stack_without_a_trunk
  PASS  test_the_builder_fetches_carries_and_builds_to_open
  PASS  test_the_bridgewright_starts_skilled_and_skill_only_changes_the_time
  PASS  test_the_sunken_finds_follow_the_dives_deterministically
  PASS  test_the_walking_area_widens_over_the_water
  PASS  test_the_mill_and_the_bank_props_become_obstacles_on_the_widened_ground
  PASS  test_the_right_column_has_a_water_tab_and_the_feed_a_water_source
  PASS  test_the_water_panel_shows_the_site_and_disables_what_cannot_be_built
  PASS  test_the_party_panel_shows_each_owners_skills_a_line_apiece
  PASS  test_the_overlay_paints_the_zones_for_the_selected_body
  PASS  test_the_actor_loads_the_water_clips
  PASS  test_an_emergency_takes_a_resident_off_its_crossing_where_it_is
  PASS  test_a_walker_wades_the_ford_on_its_bed_at_its_wading_pace
  PASS  test_an_order_in_the_water_swims_ashore_first
  PASS  test_a_flood_sweeps_the_weaker_swimmers_off_their_links
  PASS  test_treading_holds_the_spot_and_drifting_never_goes_ashore
  PASS  test_the_stream_turning_cold_is_announced_once_by_the_day
  PASS  test_an_otter_is_refused_a_dive_where_the_water_is_not_deeper_than_it_is_tall
  PASS  test_a_held_resident_takes_no_order_or_release
  PASS  test_in_the_water_is_off_the_walking_surface_but_not_in_a_bore
  PASS  test_a_waiting_bridge_is_taken_by_the_routine_bridgewright
  PASS  test_a_builder_called_away_leaves_the_bridge_where_it_got_to
  PASS  test_nothing_is_sent_to_stand_in_the_water
  PASS  test_a_resident_let_down_off_a_root_mound_stands_on_the_carved_bank
  PASS  test_a_bridge_is_drawn_stage_by_stage
  PASS  test_swimmers_show_ripples_divers_bubbles_and_a_thrower_its_line
  PASS  test_a_route_through_the_ford_costs_its_wading
  PASS  test_a_tow_goes_to_a_landing_it_can_reach_against_the_flow
  PASS  test_a_site_is_surveyed_again_when_it_or_the_bridges_change
  PASS  test_the_water_panel_is_filled_only_while_it_is_shown
  PASS  test_lookups_refuse_when_there_is_nothing_to_find
  PASS  test_a_rescuer_stands_down_once_its_victim_is_ashore
  PASS  test_a_line_thrower_stands_down_once_its_victim_is_ashore
  PASS  test_a_tow_names_its_landing_at_the_tow_speed
  PASS  test_the_nearest_landing_is_one_that_can_be_stood_on
  PASS  test_the_router_is_handed_the_wading_cost_when_it_plans_with_the_water
  PASS  test_a_selection_ring_sits_on_the_ground_and_never_below_the_surface
  PASS  test_piers_stand_evenly_along_the_deck
  PASS  test_a_rescue_task_whose_victim_is_no_longer_held_ends_where_it_is
  PASS  test_a_selection_ring_is_put_at_its_residents_ground
  PASS  test_the_rescue_tally_is_a_heading_note_and_not_an_alert
  PASS  test_the_site_text_names_the_piers_once
  PASS  test_a_ranking_with_nobody_routable_plans_at_most_its_cap
CI_SUITE_TIME {"assertions":793,"failures":0,"suite":"test_demo_water_play.gd","tests":94,"usec":18061791}
test_demo_water_safety.gd
  PASS  test_consent_turned_off_on_the_way_is_rechecked_at_the_bank
  PASS  test_a_flood_risen_since_planning_turns_a_weak_swimmer_back_at_the_bank
  PASS  test_the_bank_recheck_names_each_failed_condition
  PASS  test_a_swimmer_already_in_the_stream_is_not_pulled_out
  PASS  test_one_dive_at_the_air_boundary_posts_one_low_air_notice
  PASS  test_the_air_advisory_and_air_out_rearm_only_back_at_the_surface
  PASS  test_a_fresh_dive_rearms_the_advisory_even_short_of_600
  PASS  test_two_divers_at_the_boundary_say_low_air_once_each_and_the_history_survives
  PASS  test_a_victim_held_below_says_air_out_once
  PASS  test_a_submerged_victim_gets_the_farther_diver_not_the_nearer_swimmer
  PASS  test_a_rescuer_called_away_frees_the_victim_for_the_next_diver
  PASS  test_a_second_victim_gets_a_stated_fallback_and_nobody_answers_two
  PASS  test_with_no_swimmer_free_a_line_waits_and_a_diver_come_free_takes_over
  PASS  test_with_nobody_able_to_swim_the_safety_net_still_brings_it_ashore
  PASS  test_a_diver_short_of_air_is_passed_over_with_the_reason_until_it_has_breathed
  PASS  test_a_reservation_is_released_only_by_the_rescuer_that_holds_it
  PASS  test_a_rescuer_fetches_only_with_the_air_for_down_up_and_the_reserve
  PASS  test_a_line_hauling_in_is_not_replaced_by_a_swimmer_come_free
  PASS  test_one_waiting_above_is_kept_while_the_victim_floats_up
  PASS  test_a_watcher_that_dives_is_promoted_once_it_has_breathed_not_relieved
  PASS  test_a_thrower_called_away_mid_haul_frees_the_victim
  PASS  test_a_rescuer_whose_consent_is_withdrawn_does_not_go_in
  PASS  test_a_rescue_task_no_longer_holding_its_victim_ends
CI_SUITE_TIME {"assertions":144,"failures":0,"suite":"test_demo_water_safety.gd","tests":23,"usec":11453771}
test_demo_winter.gd
  PASS  test_the_burn_rate_follows_the_season_and_the_ten_degree_line
  PASS  test_a_hearth_burns_on_the_hour_boundaries_of_its_day
  PASS  test_the_accumulator_takes_exactly_the_day_with_no_drift
  PASS  test_out_of_fuel_converges_the_room_and_wood_relights_it
  PASS  test_warm_beds_and_comfort_follow_the_fuel
  PASS  test_fuel_days_and_the_last_heated_hour
  PASS  test_m4_fuel_counts_winter_days_whatever_the_season
  PASS  test_the_cooking_mean_is_the_last_three_whole_days
  PASS  test_the_twelve_day_projection
  PASS  test_exposure_constants_are_the_needs_store_s
  PASS  test_exposure_integrates_exactly_however_the_ticks_are_cut
  PASS  test_chilled_enters_at_four_hours_and_leaves_warmed_through
  PASS  test_the_work_rate_slows_the_credit_exactly
  PASS  test_the_heating_fuel_cell_s_words_and_warning
  PASS  test_the_hud_model_reads_the_winter_and_keeps_planks_in_the_ledger
  PASS  test_the_firewood_order_stands_and_goes_urgent_under_two_days
  PASS  test_out_of_fuel_raises_its_incident_and_the_low_fuel_warning
  PASS  test_a_resident_outdoors_in_winter_is_chilled_and_goes_to_warm_up
  PASS  test_chilled_and_hurt_compose_on_the_one_work_pace
  PASS  test_a_fitted_hearth_heats_its_home_and_its_comfort_follows_the_fuel
  PASS  test_a_frost_night_s_day_demands_heat_so_its_sleepers_warm
  PASS  test_consolidate_packs_sleepers_into_the_fewest_homes_and_lets_the_rest_go_out
  PASS  test_a_cold_home_warning_needs_a_hearth_that_wood_would_light
  PASS  test_a_resident_in_a_home_s_void_is_in_that_home
  PASS  test_the_skip_does_not_count_its_days_as_days_without_cooking
  PASS  test_the_skip_can_forgive_the_settlement_clock
  PASS  test_no_break_while_carrying_or_to_a_fire_about_to_go_out
  PASS  test_a_skip_is_not_lived
  PASS  test_beds_go_to_warm_homes_first
  PASS  test_the_skip_lands_exactly_and_deterministically
  PASS  test_three_skips_reach_winter_with_its_hearth_burning_and_the_summary
  PASS  test_no_objects_are_kept_per_hour
  PASS  test_the_planner_s_fuel_lane
  PASS  test_the_guide_has_a_heating_topic_and_entry
  PASS  test_a_patient_warms_at_the_infirmary_s_own_hearth_whatever_the_hall_s
  PASS  test_the_infirmary_s_hearth_burns_and_counts_in_the_fuel_days
  PASS  test_a_cold_infirmary_with_patients_is_a_cold_home_and_its_words
  PASS  test_consolidation_neither_lets_the_infirmary_go_out_nor_counts_it_as_saved
  PASS  test_a_real_patient_in_the_real_infirmary_warms_at_its_hearth
CI_SUITE_TIME {"assertions":297,"failures":0,"suite":"test_demo_winter.gd","tests":39,"usec":5158567}
test_excavation_entry_claim_batch.gd
  PASS  test_entry_union_reserves_actual_unique_corridor_cuts_without_goods_or_void
  PASS  test_prepared_or_already_published_entry_batch_cannot_publish_again
  PASS  test_entry_claims_require_permanent_corridor_purpose
  PASS  test_every_late_entry_request_or_candidate_change_refuses_all_writes
  PASS  test_late_external_history_survives_refusal_without_partial_entry_claims
  PASS  test_same_sized_replacement_lease_refuses_before_allocation_and_at_final_guard
  PASS  test_foreign_actual_arena_with_coincident_token_refuses_before_private_copy
  PASS  test_scope_callback_shape_mutation_and_shifted_domain_refuse_before_copy
  PASS  test_retained_history_and_capacity_cannot_partly_reserve_entry
  PASS  test_sorted_merge_preserves_full_existing_site_references_and_gaps
  PASS  test_entry_image_coexistence_has_explicit_bounded_admission
  PASS  test_only_the_attested_domain_snapshot_can_choose_entry_physical_keys
  PASS  test_only_the_attested_domain_snapshot_can_choose_flat_room_physical_keys
  PASS  test_second_domain_lease_observer_cannot_run_between_private_and_interval_copies
  PASS  test_first_domain_namespace_or_lease_mutation_refuses_before_private_copy
CI_SUITE_TIME {"assertions":500,"failures":0,"suite":"test_excavation_entry_claim_batch.gd","tests":15,"usec":4991820}
test_excavation_physical.gd
  PASS  test_real_cut_uses_actual_spatial_endpoint_and_refuses_surface_alias
  PASS  test_spatial_cut_commit_rolls_back_on_support_change_after_actual_output_creation
  PASS  test_spatial_output_revision_change_stops_productivity_before_xp_and_wear
  PASS  test_two_real_cut_projects_keep_each_others_spatial_output_reservation
  PASS  test_unstarted_spatial_cut_cancellation_preserves_another_paid_project
  PASS  test_real_worker_brace_cut_finish_matches_adopted_arithmetic_and_wear
  PASS  test_backfill_and_recut_withdraw_embedded_earth_without_new_virgin_source
  PASS  test_immutable_datum_overlap_and_stale_site_identity_refuse_without_mutation
  PASS  test_direct_construction_cannot_bypass_real_paid_owner
  PASS  test_direct_construction_pause_stops_work_without_wu_xp_wear_or_inventory_mutation
  PASS  test_started_brace_cancel_returns_80_percent_and_requires_full_new_input
  PASS  test_unopened_support_close_has_salvage_but_no_earth_input_or_output
  PASS  test_late_requester_job_blocks_refund_without_orphaning_its_claims
  PASS  test_sparse_history_budget_refuses_before_payment_and_never_recycles_retired_keys
  PASS  test_material_free_cancel_and_resume_retains_actual_cut_work_without_refund_storage
  PASS  test_paused_paid_phase_resumes_with_same_wip_after_real_worker_rebind
  PASS  test_required_tool_gate_never_allows_unclaimed_bare_hands_work
  PASS  test_four_builders_per_room_project_and_one_actual_worker_per_face
  PASS  test_blocked_output_commit_preserves_ready_work_and_retry_charges_no_additional_wear
  PASS  test_backfill_cancellation_preserves_void_support_and_books_exact_earth_loss
  PASS  test_support_contact_and_stale_world_refusals_precede_all_productive_state
  PASS  test_manual_job_counter_and_callback_cannot_impersonate_real_work_transaction
  PASS  test_work_ready_cancel_requires_full_refunding_but_no_additional_productive_tick
  PASS  test_real_inventory_lot_exhaustion_keeps_cut_ready_after_worker_release
  PASS  test_cancelled_partial_cut_can_safely_remove_unopened_support_without_earth
  PASS  test_concrete_first_cut_uses_finite_staging_then_actual_ground_pile
  PASS  test_unbound_spatial_contract_never_supplies_production_permission
  PASS  test_external_worker_detach_is_diagnosed_before_replacement_or_retirement
UG06_WORK_256 mean_usec=27248 max_usec=27455 sparse_owner_image_bytes=2421168
UG06_STAGES_256 preflight_usec=15408 publication_usec=3869 commit_usec=1619
UG06_PACKED S=256 R=512 sites_bytes=65808 funding_bytes=2381824 total_bytes=2447632
UG06_GATE_BOUND_256 mean_usec=3194 max_usec=3314
UG06_GATE_SPACE_256 mean_usec=852 max_usec=872
UG06_GATE_OUTPUT_256 mean_usec=213 max_usec=223
UG06_GATE_WORKER_256 mean_usec=3474 max_usec=3645
UG06_GATE_PRODUCTIVE_256 mean_usec=8619 max_usec=9636
UG06_CANCEL_8192 mean_usec=9170 max_usec=9200
  PASS  test_256_resident_work_and_full_job_table_transition_microbenchmark
  PASS  test_child_excavation_is_forbidden_even_when_generic_job_and_fixture_contact_accept
  PASS  test_productive_ticks_do_not_prepare_geometry_and_failed_transitions_discard_candidates
  PASS  test_sites_huge_budget_refuses_without_variable_allocation_or_owner_binding
  PASS  test_sites_preflights_both_owner_bindings_without_partial_initialization
  PASS  test_refused_null_owner_public_methods_fail_safely
  PASS  test_owner_identity_readers_refuse_numeric_aliases_null_and_expired_space
  PASS  test_support_reader_follows_paid_brace_cut_finish_and_canceled_closure
  PASS  test_support_reader_clears_only_at_paid_backfill_or_unopened_closure
  PASS  test_support_reader_refuses_stale_site_room_world_and_expired_authority
  PASS  test_support_reader_rechecks_world_after_room_callback_and_recycled_world
  PASS  test_jobs_reader_returns_actual_store_without_numeric_alias_permission
  PASS  test_history_capacity_reader_preserves_state_and_refuses_dead_world_or_expired_owner
  PASS  test_history_capacity_reader_rejects_recycled_world_generation
  PASS  test_spatial_publication_attests_only_the_exact_committed_callback
UG06_BASELINE_WORK_256 mean_usec=6547 max_usec=6667
  PASS  test_256_resident_existing_work_baseline_microbenchmark_without_excavation
  PASS  test_sites_reject_foreign_inventory_catalog_and_claim_pool_with_matching_numeric_refs
  PASS  test_spatial_adapter_reads_exact_current_site_room_project_operation_and_job
  PASS  test_late_catalog_rebinding_stops_actual_paid_worker_without_state_changes
  PASS  test_late_work_gear_rebinding_stops_funded_phase_without_state_changes
  PASS  test_shared_funding_reader_requires_exact_live_world_composition
  PASS  test_expired_shared_earth_owner_cannot_be_interpreted_as_zero_stock
CI_SUITE_TIME {"assertions":23926,"failures":0,"suite":"test_excavation_physical.gd","tests":50,"usec":7697956}
test_field_policy.gd
  PASS  test_a_new_policy_carries_the_default_grain_beans_roots_rotation
  PASS  test_a_new_policy_starts_at_rotation_cursor_zero
  PASS  test_a_new_policy_has_auto_rotation_off
  PASS  test_a_new_policy_has_the_seed_reserve_on
  PASS  test_a_new_policy_is_idle_with_no_cycle_and_no_request
  PASS  test_a_mixed_duration_field_advances_its_cursor_exactly_once
  PASS  test_a_resolution_after_the_cycle_closed_cannot_advance_again
  PASS  test_the_same_plot_cannot_resolve_twice_inside_one_cycle
  PASS  test_a_plot_enrolled_after_others_resolved_holds_the_cycle_open
  PASS  test_a_cleared_withered_plot_counts_as_a_resolution
  PASS  test_the_advance_requests_the_next_configured_crop_and_no_other
  PASS  test_a_blocked_rotation_entry_is_not_skipped_and_no_crop_is_substituted
  PASS  test_a_blocked_entry_does_not_advance_onward_to_the_next_configured_crop
  PASS  test_the_cursor_wraps_from_the_third_entry_back_to_the_first
  PASS  test_three_completed_cycles_walk_the_whole_rotation_in_order
  PASS  test_a_future_legal_window_retains_the_request
  PASS  test_a_missed_window_warns_and_waits
  PASS  test_a_missed_window_is_not_replaced_by_a_crop_that_is_in_season
  PASS  test_a_player_edit_resolves_a_missed_window_without_starting_work
  PASS  test_a_rotation_edit_creates_no_request_where_none_stood
  PASS  test_a_cursor_edit_re_evaluates_an_outstanding_request
  PASS  test_opening_the_next_cycle_consumes_the_retained_request
  PASS  test_a_crop_naming_no_legal_day_reports_its_own_blocked_reason
  PASS  test_auto_rotation_off_never_requests_another_sowing_cycle
  PASS  test_ten_completed_cycles_with_auto_off_never_move_the_cursor
  PASS  test_enabling_auto_rotation_does_not_retroactively_advance_a_closed_cycle
  PASS  test_erasing_a_tile_is_not_counted_as_a_harvest
  PASS  test_erasing_every_tile_abandons_the_cycle_and_advances_nothing
  PASS  test_a_resolved_plot_cannot_then_be_withdrawn
  PASS  test_a_withdrawn_plot_cannot_then_be_recorded_as_harvested
  PASS  test_record_plot_resolved_refuses_the_withdrawn_outcome
  PASS  test_erasing_the_last_unresolved_plot_completes_what_genuinely_resolved
  PASS  test_a_cancelled_cycle_records_a_cancellation_not_a_completion
  PASS  test_a_cancellation_needs_an_open_cycle
  PASS  test_cancellation_and_completion_histories_are_kept_separately
  PASS  test_the_seed_reserve_gate_is_unanswerable_while_the_reserve_is_on
  PASS  test_the_seed_reserve_gate_is_not_required_once_the_policy_is_off
  PASS  test_a_seed_release_refuses_while_the_reserve_is_enabled
  PASS  test_a_seed_release_is_unconstrained_once_the_reserve_is_off
  PASS  test_the_seed_requirement_is_the_crops_own_per_tile_cost_times_the_tiles
  PASS  test_the_seed_requirement_follows_a_retained_request_rather_than_the_cursor
  PASS  test_the_seed_requirement_refuses_a_negative_tile_count_and_an_overflow
  PASS  test_the_seed_requirement_refuses_an_unconfigured_rotation_entry
  PASS  test_a_policy_binds_only_to_a_farm_type_zone
  PASS  test_a_policy_refuses_a_reference_that_names_no_live_zone
  PASS  test_a_second_policy_on_the_same_live_zone_refuses
  PASS  test_a_row_whose_zone_was_destroyed_is_reclaimed_by_the_next_zone
  PASS  test_an_enrolment_does_not_survive_its_policy_row_being_rebound
  PASS  test_destroy_policy_retires_the_row_and_its_open_cycle
  PASS  test_field_slot_of_resolves_a_live_policy_and_refuses_anything_else
  PASS  test_the_zone_reference_reader_answers_the_null_reference_for_an_empty_row
  PASS  test_a_second_open_while_a_cycle_runs_refuses
  PASS  test_each_open_cycle_takes_the_next_ordinal
  PASS  test_the_cycle_ordinal_refuses_at_int32s_maximum_rather_than_wrapping
  PASS  test_enrolment_validates_the_plot_and_the_open_cycle
  PASS  test_a_plot_cannot_be_enrolled_in_two_open_cycles
  PASS  test_a_plot_can_be_enrolled_again_in_the_next_cycle
  PASS  test_one_fields_plot_cannot_be_resolved_through_another_field
  PASS  test_a_negative_tick_refuses_on_every_entry_point_that_takes_one
  PASS  test_a_rotation_edit_refuses_a_value_that_names_no_crop
  PASS  test_a_rotation_edit_accepts_the_empty_catalog_id
  PASS  test_a_cursor_edit_refuses_a_position_outside_the_three_entry_list
  PASS  test_every_edit_entry_point_refuses_a_zone_with_no_policy
  PASS  test_the_auto_rotation_and_seed_reserve_flags_round_trip
  PASS  test_every_reader_refuses_a_row_that_holds_no_policy
  PASS  test_a_rotation_entry_reader_refuses_an_index_outside_the_list
  PASS  test_the_plot_field_reader_refuses_rather_than_answering_the_null_row
  PASS  test_the_blocked_reason_table_covers_every_request_state
  PASS  test_the_into_readers_agree_with_their_allocating_forms
  PASS  test_more_into_readers_agree_with_their_allocating_forms
  PASS  test_history_and_gate_into_readers_agree_with_their_allocating_forms
  PASS  test_the_store_allocates_its_columns_once_and_clear_refills_them
  PASS  test_the_store_exposes_the_two_collaborators_it_validates_against
  PASS  test_slot_predicates_bound_both_tables
  PASS  test_two_fields_advance_independently
  PASS  test_the_global_counters_track_every_field
  PASS  test_a_window_starting_tomorrow_is_future_and_not_missed
  PASS  test_the_one_day_window_is_ready_on_its_own_day_and_missed_after_it
  PASS  test_a_crop_reaching_ripe_does_not_resolve_its_own_cycle
  PASS  test_a_crop_withering_and_being_cleared_does_not_resolve_its_own_cycle
  PASS  test_the_explicit_resolution_path_is_the_only_one_that_advances
  PASS  test_record_plot_resolved_still_refuses_every_outcome_that_is_not_a_job_completion
CI_SUITE_TIME {"assertions":1002,"failures":0,"suite":"test_field_policy.gd","tests":82,"usec":4981284}
test_gear.gd
  PASS  test_allocator_and_claim_bytes_match_the_ruling
  PASS  test_eligibility_predicate_is_not_the_gear_category
  PASS  test_candle_cannot_be_given_a_gear_instance
  PASS  test_wear_models_are_assigned_per_item
  PASS  test_cycle_wear_matches_the_gear_table
  PASS  test_durability_caps_follow_manufacture_and_model
  PASS  test_iron_manufacture_belongs_to_tool_alone
  PASS  test_new_gear_starts_at_its_cap_and_unclaimed
  PASS  test_gear_lot_must_be_indivisible
  PASS  test_one_lot_carries_at_most_one_instance
  PASS  test_create_refuses_inside_an_open_inventory_transaction
  PASS  test_allocates_through_slot_16383
  PASS  test_full_pool_creation_refuses_atomically
  PASS  test_lowest_freed_row_is_reused_deterministically
  PASS  test_no_row_is_published_before_it_is_initialised
  PASS  test_stale_lot_handle_fails
  PASS  test_stale_job_handle_fails
  PASS  test_stale_owner_handle_fails
  PASS  test_installed_owner_kinds_are_refused_not_guessed
  PASS  test_two_jobs_cannot_claim_one_gear_object
  PASS  test_exact_wear_starts_and_one_below_refuses
  PASS  test_repeated_completion_cannot_double_debit
  PASS  test_repeated_cancellation_cannot_double_release
  PASS  test_repair_and_ownership_change_refused_while_claimed
  PASS  test_outfit_tier2_keeps_identity_but_never_wears
  PASS  test_a_broken_general_tool_cannot_start_work
  PASS  test_general_wear_is_one_point_per_ten_work_units
  PASS  test_general_wear_preserves_its_remainder_across_tasks
  PASS  test_repeated_general_wear_cannot_double_debit
  PASS  test_general_wear_floors_at_zero_and_reports_breaking
  PASS  test_the_two_wear_models_never_cross
  PASS  test_general_wear_rejects_an_out_of_range_remainder
  PASS  test_repair_clamps_to_the_basic_general_cap
  PASS  test_repair_clamps_to_the_iron_general_cap
  PASS  test_repair_clamps_to_the_fishing_cap
  PASS  test_repair_is_not_a_durability_reset
  PASS  test_the_two_repair_recipes_stay_distinct
  PASS  test_destroy_refuses_while_the_lot_is_still_live
  PASS  test_destroy_refuses_while_claimed
  PASS  test_restore_rebuilds_the_free_heap_ascending
  PASS  test_restore_refuses_an_impossible_row
  PASS  test_a_row_is_never_published_without_its_identity
  PASS  test_state_image_is_row_history_independent
  PASS  test_a_created_gear_row_is_not_equipped_and_keeps_its_container
  PASS  test_equip_preserves_identity_age_provenance_quantity_and_durability
  PASS  test_an_equipped_lot_has_a_null_container_and_charges_no_mass
  PASS  test_unequip_returns_the_same_lot_without_resetting_durability
  PASS  test_equip_and_unequip_move_the_equipment_mirror_together
  PASS  test_wear_and_repair_write_through_to_the_equipment_mirror
  PASS  test_the_mirror_audit_catches_a_hand_written_mirror
  PASS  test_the_mirror_audit_catches_a_mirror_with_no_equipped_instance
  PASS  test_a_refused_equip_leaves_every_store_byte_identical
  PASS  test_an_equip_that_fails_after_the_mirror_write_rolls_all_three_back
  PASS  test_an_unequip_that_fails_to_shelve_restores_the_equipped_relation
  PASS  test_equip_and_unequip_refuse_while_a_job_holds_the_claim
  PASS  test_set_owner_clear_owner_and_destroy_refuse_while_equipped
  PASS  test_a_dead_owner_stops_attesting_and_the_inventory_audit_reports_the_orphan
  PASS  test_only_the_general_tool_may_be_equipped
  PASS  test_equipping_refuses_an_owner_who_is_not_a_live_resident
  PASS  test_equip_refuses_without_its_bindings
  PASS  test_unequip_lands_in_a_reserved_destination
  PASS  test_rebinding_the_equip_collaborators_refuses_while_gear_is_equipped
  PASS  test_the_starter_allotment_constants_are_the_gdd_numbers
  PASS  test_seeding_creates_24_tools_with_12_equipped_and_12_stored
  PASS  test_every_seeded_tool_starts_at_durability_1000
  PASS  test_starter_seeding_mints_no_outfit_tier2_item
  PASS  test_seeding_refuses_a_cohort_that_is_not_twelve_residents
  PASS  test_seeding_refuses_a_repeated_owner
  PASS  test_a_seeding_that_runs_out_of_container_space_undoes_itself_whole
  PASS  test_seeding_refuses_whole_when_the_gear_pool_cannot_hold_24
  PASS  test_owned_but_unequipped_gear_attests_nothing
  PASS  test_equipping_a_worn_tool_carries_its_wear_with_it
  PASS  test_accrued_wear_keeps_the_claim_and_applied_wear_releases_it
  PASS  test_accrual_carries_the_remainder_exactly_as_the_applied_form_does
  PASS  test_preflight_general_wear_reports_durability_and_writes_nothing
  PASS  test_preflight_general_wear_refuses_a_wrong_job_and_a_wrong_wear_model
  PASS  test_accrual_refuses_a_fishing_model_and_an_out_of_range_remainder
  PASS  test_accrual_can_break_a_tool_without_giving_the_claim_back
  PASS  test_combined_equipped_work_claim_checks_every_full_identity_without_mutation
  PASS  test_equipment_binding_matches_actual_owners_not_equal_numeric_references
  PASS  test_lot_index_survives_independent_gear_and_lot_reuse_then_clear
  PASS  test_wrong_index_target_cannot_grant_another_lots_gear
CI_SUITE_TIME {"assertions":1169,"failures":0,"suite":"test_gear.gd","tests":82,"usec":2716285}
test_haul_carry.gd
  PASS  test_binding_reader_rejects_each_foreign_store_and_null_without_mutation
  PASS  test_a_satchel_is_minted_only_by_its_own_door
  PASS  test_the_satchel_door_refuses_a_bad_owner_or_carry
  PASS  test_a_satchel_cannot_be_placed_and_only_a_satchel_is_destroyed_as_one
  PASS  test_a_saved_satchel_on_a_tile_is_refused_on_restore
  PASS  test_the_audit_refuses_a_satchel_on_a_tile
  PASS  test_the_anchored_cursor_walks_placed_containers_in_slot_order
  PASS  test_loading_mints_a_satchel_at_the_species_carry_limit
  PASS  test_a_partial_load_splits_exactly_and_carries_the_claim
  PASS  test_a_whole_lot_load_moves_the_lot_itself
  PASS  test_a_load_over_the_carry_limit_refuses_and_changes_nothing
  PASS  test_a_hauler_already_carrying_cannot_load_a_second_satchel
  PASS  test_a_load_refuses_without_a_claim_a_hauler_or_with_a_transaction_open
  PASS  test_a_load_refused_inside_its_transaction_leaves_no_satchel
  PASS  test_unloading_into_a_store_delivers_releases_and_destroys_the_satchel
  PASS  test_an_unload_refuses_without_a_satchel_or_a_claim
  PASS  test_a_pair_naming_someone_elses_satchel_is_stale
  PASS  test_an_unload_the_store_cannot_take_refuses_and_keeps_the_goods_carried
  PASS  test_unloading_into_piles_moves_the_goods_and_frees_the_satchel
  PASS  test_a_pile_unload_with_nowhere_to_go_refuses_and_keeps_the_claim
  PASS  test_a_dying_haulers_satchel_drops_onto_a_pile_at_its_tile
  PASS  test_a_drop_inside_a_footprint_starts_at_that_buildings_ring
  PASS  test_a_hauler_carrying_nothing_drops_nothing
  PASS  test_a_reposted_haul_loads_by_re_keying_the_goods_already_carried
  PASS  test_only_the_satchels_owner_hauls_its_goods
  PASS  test_a_drop_with_nowhere_to_go_refuses_and_keeps_every_claim
  PASS  test_dropping_an_empty_satchel_just_destroys_it
  PASS  test_a_second_claim_on_the_satchel_lot_rolls_the_unload_back
  PASS  test_a_pile_unload_reports_the_claimed_quantity
CI_SUITE_TIME {"assertions":173,"failures":0,"suite":"test_haul_carry.gd","tests":29,"usec":1984352}
test_input_map.gd
  PASS  test_every_action_named_by_section_5_is_registered
  PASS  test_every_action_is_declared_by_the_project_file
  PASS  test_the_four_prototype_action_ids_are_gone
  PASS  test_pause_is_time_pause_on_space
  PASS  test_escape_belongs_to_the_dismissal_ladder_and_never_to_pause
  PASS  test_no_two_actions_share_an_exact_chord_outside_the_specified_ladders
  PASS  test_modifier_shadowing_pairs_are_exactly_the_documented_set
  PASS  test_movement_keys_use_physical_positions
  PASS  test_arrow_keys_pan_in_the_specified_directions
  PASS  test_text_editing_actions_use_logical_keys_with_both_modifiers
  PASS  test_os_reserved_chords_are_not_captured
  PASS  test_control_group_families_carry_their_specified_digits
  PASS  test_router_only_actions_are_registered_but_unbound
  PASS  test_only_the_wheel_is_bound_as_a_raw_pointer_event
  PASS  test_ui_accept_drops_the_engine_default_space_binding
  PASS  test_speed_actions_cover_one_two_and_four_with_no_third_speed
  PASS  test_the_boot_scene_consumes_time_pause_and_no_prototype_action
CI_SUITE_TIME {"assertions":606,"failures":0,"suite":"test_input_map.gd","tests":17,"usec":33764}
test_inventory_spatial.gd
  PASS  test_stacked_floors_hold_distinct_piles_without_aliasing_surface_tiles
  PASS  test_duplicate_location_handles_cannot_own_the_same_placement_cell
  PASS  test_endpoint_exhaustion_and_full_generation_reuse_are_atomic
  PASS  test_actual_capacity_never_exceeds_the_adopted_finite_ground_pile_bound
  PASS  test_output_and_promotion_abort_restore_every_container_lot_and_endpoint_byte
  PASS  test_staging_create_and_destroy_rollback_restore_the_sparse_row_with_container
  PASS  test_empty_pile_auto_retirement_releases_only_its_actual_floor_endpoint
  PASS  test_flat_authority_readers_and_legacy_codec_cannot_reinterpret_spatial_locations
  PASS  test_stale_existing_endpoint_and_late_foreign_binding_refuse_before_admission
  PASS  test_reentrant_authority_poison_aborts_before_container_or_endpoint_publication
  PASS  test_reentrant_lifecycle_cannot_publish_discard_or_reset_prior_provisional_goods
  PASS  test_read_callback_cannot_open_close_or_clear_a_transaction
  PASS  test_read_callback_cannot_rewire_catalog_or_authorities_outside_a_transaction
  PASS  test_flat_complete_footprint_query_refuses_without_partial_output_when_spatial_goods_exist
  PASS  test_empty_claimed_spatial_pile_refuses_goods_removal_without_releasing_ownership
  PASS  test_journal_exhaustion_aborts_new_endpoint_and_preserves_existing_state
  PASS  test_foreign_provider_or_oversized_configuration_cannot_replace_existing_history
  PASS  test_promotion_revalidates_the_exact_location_after_output_is_staged
CI_SUITE_TIME {"assertions":274,"failures":0,"suite":"test_inventory_spatial.gd","tests":18,"usec":537061}
test_modular_inventory.gd
  PASS  test_three_line_catalog_bill_consumes_all_inputs_and_refunds_exact_metadata
  PASS  test_extra_input_wrong_purpose_and_expired_claims_refuse_without_consumption
  PASS  test_direct_output_calls_cannot_clear_paid_wip_and_no_output_completion_is_once_only
  PASS  test_first_pile_refusal_rolls_back_outputs_reservation_and_wip_before_retry
  PASS  test_shared_container_keeps_another_projects_output_claim_and_source_claim
  PASS  test_second_output_allocation_failure_rolls_back_first_output_and_every_receipt
  PASS  test_zero_input_cancel_requires_no_destination_and_does_not_debit_source_stock
  PASS  test_output_provenance_and_overflow_refuse_before_reserving_or_consuming
  PASS  test_foreign_inventory_composition_is_rejected_even_with_matching_numeric_lots
  PASS  test_blocked_modular_refund_retains_wip_and_books_loss_once_after_retry
  PASS  test_connector_refund_has_its_own_persistent_loss_domain_and_exact_retry
  PASS  test_excavation_support_and_furniture_receipts_remain_separate_in_one_arena
CI_SUITE_TIME {"assertions":292,"failures":0,"suite":"test_modular_inventory.gd","tests":12,"usec":1469612}
test_mole_profile_driver.gd
  PASS  test_pause_and_refusal_preserve_exact_visible_frame_and_integer_phase
  PASS  test_productive_interruption_completes_retrace_before_contact_or_job_handoff
  PASS  test_actual_tool_assignment_content_and_pose_drift_never_become_a_successful_recovery
  PASS  test_ground_walk_uses_complete_fade_and_safe_hub_before_switching_to_work
  PASS  test_cold_pins_are_copied_and_retirement_releases_no_actual_owner_state
  PASS  test_swapped_work_tuples_cannot_pair_a_downward_clip_with_the_upper_contact
  PASS  test_compact_version_requires_explicit_protocol_and_preserves_original_refusals
  PASS  test_compact_front_uses_its_own_clip_then_recovers_to_the_single_shared_hub
CI_SUITE_TIME {"assertions":167,"failures":0,"suite":"test_mole_profile_driver.gd","tests":8,"usec":635508}
test_needs_columns.gd
  PASS  test_column_order_matches_the_canonical_registry_artifact
  PASS  test_the_three_order_tables_are_the_same_length
  PASS  test_a_populated_store_round_trips_into_a_different_instance
  PASS  test_a_released_rows_retained_bytes_survive_and_no_reader_can_see_them
  PASS  test_a_dead_but_present_row_survives_as_present_and_not_living
  PASS  test_an_empty_columns_object_matches_a_cleared_store
  PASS  test_a_short_column_refuses_on_shape
  PASS  test_an_out_of_domain_status_byte_refuses
  PASS  test_a_need_above_ten_thousand_refuses
  PASS  test_a_negative_health_refuses_and_the_test_proves_it_is_negative
  PASS  test_a_remainder_at_its_denominator_refuses
  PASS  test_the_remainder_bound_is_exclusive_on_both_ends
  PASS  test_a_negative_starvation_clock_refuses
  PASS  test_an_occupancy_byte_that_is_neither_zero_nor_one_refuses
  PASS  test_a_boolean_input_column_holding_two_refuses
  PASS  test_a_clothing_tier_of_zero_refuses
  PASS  test_a_free_row_carrying_a_live_value_refuses
  PASS  test_a_free_row_that_is_not_dead_refuses
  PASS  test_more_than_the_cap_of_living_residents_refuses
  PASS  test_exactly_the_cap_of_living_residents_is_accepted
  PASS  test_a_column_refusal_does_not_touch_the_operation_channel
  PASS  test_every_published_column_refusal_code_is_prefixed
  PASS  test_a_successful_restore_clears_the_column_refusal
  PASS  test_a_restored_store_integrates_exactly_as_the_source_does
CI_SUITE_TIME {"assertions":149,"failures":0,"suite":"test_needs_columns.gd","tests":24,"usec":156667}
test_reservations.gd
  PASS  test_connector_input_entry_requires_typed_bound_settlement_before_any_journal
  PASS  test_claim_metadata_mutation_observes_only_its_actual_inventory_transaction
  PASS  test_indexing_allocation_matches_the_decision_0019_budget
  PASS  test_capacity_requests_are_clamped_to_the_specified_maxima
  PASS  test_recipe_reserves_across_five_or_more_lots
  PASS  test_one_job_may_claim_far_more_lots_than_four
  PASS  test_job_list_is_iterated_in_canonical_lot_order
  PASS  test_rows_come_from_the_lowest_free_index
  PASS  test_freed_rows_return_to_the_pool
  PASS  test_clear_returns_every_row_to_the_pool
  PASS  test_identical_job_lot_purpose_claims_coalesce_into_one_row
  PASS  test_a_different_purpose_or_job_gets_its_own_row
  PASS  test_coalescing_keeps_the_later_expiry_and_never_the_earlier
  PASS  test_pool_exhaustion_refuses_explicitly_with_no_partial_reservations
  PASS  test_a_full_pool_still_accepts_a_batch_that_only_coalesces
  PASS  test_a_batch_that_outruns_one_lot_reserves_nothing
  PASS  test_an_invalid_lot_anywhere_in_the_batch_voids_the_whole_batch
  PASS  test_reserved_milli_equals_the_sum_of_active_rows
  PASS  test_audit_catches_a_reserved_total_that_drifts
  PASS  test_audit_reports_a_healthy_pool_and_counts_its_rows
  PASS  test_audit_bites_on_structural_corruption
  PASS  test_a_release_refuses_when_the_inventory_no_longer_covers_the_rows
  PASS  test_a_claim_is_never_found_under_the_wrong_job_generation
  PASS  test_spoiling_a_reserved_lot_releases_every_claim_in_stable_order
  PASS  test_a_lot_consumed_to_nothing_leaves_droppable_rows
  PASS  test_replacing_a_party_member_leaves_the_coordinator_claims_intact
  PASS  test_cancelling_the_coordinator_releases_only_the_shared_claims
  PASS  test_releasing_a_job_with_no_claims_is_not_a_refusal
  PASS  test_two_logically_identical_worlds_serialize_identically
  PASS  test_a_different_claim_changes_the_image
  PASS  test_expired_claims_release_and_live_ones_survive
  PASS  test_renewal_only_ever_extends_a_lease
  PASS  test_batch_refuses_an_unusable_job_reference
  PASS  test_batch_refuses_malformed_input
  PASS  test_batch_refuses_to_join_an_open_inventory_transaction
  PASS  test_a_reused_job_slot_refuses_until_the_old_claims_are_released
  PASS  test_a_null_inventory_is_refused_rather_than_dereferenced
  PASS  test_releasing_an_unknown_claim_is_an_explicit_refusal
  PASS  test_claim_expiry_is_reported_without_a_sentinel
  PASS  test_row_accessors_refuse_an_inactive_row
  PASS  test_foreign_inventory_refuses_all_reservation_mutation_doors_before_changes
  PASS  test_failed_claim_does_not_bind_and_empty_bound_pool_never_switches_world
  PASS  test_inventory_aware_restore_binds_only_success_and_rejects_foreign_recovery
  PASS  test_save_adapter_passes_actual_inventory_binding_before_restore_publication
  PASS  test_expired_weak_inventory_binding_never_licenses_a_new_world
CI_SUITE_TIME {"assertions":467,"failures":0,"suite":"test_reservations.gd","tests":45,"usec":3863129}
test_room_catalog.gd
  PASS  test_all_eight_protected_purposes_keep_ids_and_independent_labels
  PASS  test_room_presets_are_aliases_and_ambiguous_building_or_style_names_refuse
  PASS  test_complete_compatibility_matrix_specializes_equipment_and_keeps_shared_fittings
  PASS  test_permanent_type_rule_is_independent_of_furniture_and_service_state
  PASS  test_all_nine_furniture_facts_match_exact_gdd_footprints_work_and_materials
  PASS  test_quarter_turns_preserve_physical_size_and_exact_recipe
  PASS  test_unknown_equipment_and_bad_rotations_have_no_valid_looking_facts
  PASS  test_returned_facts_and_requirements_do_not_mutate_source_tables
  PASS  test_shared_shelves_and_hearths_do_not_gain_unrelated_service_capacity
  PASS  test_every_room_keeps_required_live_owner_gates
  PASS  test_sleeping_room_count_rules_and_exact_area_thresholds
  PASS  test_kitchen_dining_and_common_count_rules_remain_distinct
  PASS  test_infirmary_pantry_and_corridor_count_rules_do_not_attest_heat_or_routes
  PASS  test_bad_count_input_and_overflow_values_refuse_without_mutation
CI_SUITE_TIME {"assertions":606,"failures":0,"suite":"test_room_catalog.gd","tests":14,"usec":14663}
test_room_footprint_packed.gd
  PASS  test_every_four_by_four_subset_matches_unchanged_contour_semantics
  PASS  test_original_refusal_precedence_is_unchanged
  PASS  test_signed_extremes_and_huge_sparse_spans_keep_exact_neighbors
  PASS  test_packed_allocation_is_exact_and_invalid_requests_allocate_nothing
  PASS  test_full_existing_capacity_and_long_staircase_do_not_inherit_477_cell_limit
  PASS  test_repeated_rotated_and_reflected_queries_never_reuse_visited_state
  PASS  test_multiple_holes_and_connected_corridors_match_contour_count
ROOM_FOOTPRINT_PACKED cells=16384 packed_bytes=212992 capacity_scalar_bytes=8 four_calls_usec=258504
  PASS  test_full_capacity_cold_timing_is_reported_without_a_budget_claim
CI_SUITE_TIME {"assertions":196768,"failures":0,"suite":"test_room_footprint_packed.gd","tests":8,"usec":5313252}
test_save_owner_resource_nodes.gd
  PASS  test_layout_defaults_and_full_integer_endpoints
  PASS  test_retained_inactive_history_and_local_duplicate_scope
  PASS  test_every_physical_position_has_a_value_witness
  PASS  test_scalar_extrema_and_all_seventeen_clause_witnesses
  PASS  test_tile_and_global_directory_reference_boundaries
  PASS  test_global_gate_priority_at_opposite_rows
  PASS  test_every_shape_precedes_values_and_typed_bucket_shapes
  PASS  test_public_wide_harvest_overflow_regrow_and_destroy_history
CI_SUITE_TIME {"assertions":85132,"failures":0,"suite":"test_save_owner_resource_nodes.gd","tests":8,"usec":24213904}
test_save_section_inventories.gd
  PASS  test_store_count_and_owner_order_are_ascii
  PASS  test_owner_schema_versions_match_the_registry
  PASS  test_section_opens_with_a_store_count_of_six
  PASS  test_default_capacity_section_has_the_declared_byte_vector
  PASS  test_small_record_block_arithmetic_is_exact
  PASS  test_empty_record_round_trips_byte_identically
  PASS  test_populated_record_round_trips_byte_identically
  PASS  test_offset_decoding_reads_the_same_section
  PASS  test_free_stack_order_survives_a_round_trip
  PASS  test_free_stack_garbage_tail_is_not_persisted
  PASS  test_declared_slot_list_tail_is_not_persisted
  PASS  test_free_stack_naming_a_live_slot_is_refused
  PASS  test_slot_that_is_neither_live_nor_free_must_be_retired
  PASS  test_free_count_above_capacity_is_refused
  PASS  test_gear_declares_no_generation_of_its_own
  PASS  test_reservations_declares_no_generation_of_its_own
  PASS  test_generation_high_bit_is_read_signed
  PASS  test_every_published_provenance_member_is_accepted
  PASS  test_provenance_six_is_refused_not_clamped
  PASS  test_out_of_domain_provenance_refuses_a_full_length_section_without_writing
  PASS  test_child_extent_is_not_the_first_column_length
  PASS  test_only_inventory_declares_a_child_extent
  PASS  test_child_extent_above_the_compiled_lot_capacity_is_refused
  PASS  test_primary_count_bounds_are_enforced_per_owner
  PASS  test_blocks_out_of_ascii_order_are_refused
  PASS  test_wrong_owner_schema_version_is_refused
  PASS  test_declared_payload_length_must_match_what_the_block_consumes
  PASS  test_wrong_element_count_is_refused
  PASS  test_wrong_store_count_is_refused
  PASS  test_extent_refusal_is_the_primary_gate
  PASS  test_truncated_section_leaves_the_target_untouched
  PASS  test_chunk_cursor_is_bounded_and_reproduces_the_section
  PASS  test_large_column_is_split_into_bounded_chunks
  PASS  test_occupancy_byte_above_one_is_refused
  PASS  test_released_row_residue_is_refused
  PASS  test_reserved_above_quantity_is_refused
  PASS  test_negative_age_is_refused
  PASS  test_container_over_capacity_is_refused
  PASS  test_storage_class_outside_the_domain_is_refused
  PASS  test_declared_list_must_match_the_storage_classes
  PASS  test_undeclared_container_carries_no_declaration_generation
  PASS  test_source_holds_no_float
  PASS  test_the_reserved_merge_residue_is_real_in_the_live_store
  PASS  test_normalized_reserved_merge_residue_at_literal_wire_offsets
  PASS  test_capture_does_not_touch_one_byte_of_the_live_store
  PASS  test_one_free_lot_slot_transfer_survives_capture_and_restore
  PASS  test_save_load_save_is_byte_identical_through_a_live_store
  PASS  test_two_histories_with_different_residue_produce_identical_bytes
  PASS  test_meaningful_differences_still_change_the_canonical_stream
  PASS  test_free_max_live_max_and_retired_max_stay_three_distinct_states
  PASS  test_final_reuse_of_a_generation_max_slot_is_captured
  PASS  test_capture_refuses_a_boundary_that_is_not_quiescent
  PASS  test_capture_refuses_a_store_whose_extents_are_not_the_records
  PASS  test_generation_zero_on_an_inactive_row_is_refused_under_schema_three
  PASS  test_every_noncanonical_inactive_value_is_refused_one_at_a_time
  PASS  test_a_noncanonical_inactive_provenance_is_refused_and_never_mapped_to_ordinary
  PASS  test_publication_refuses_without_writing_a_byte_of_the_target_store
  PASS  test_restoration_rebuilds_the_derived_counts_and_scan_bounds
  PASS  test_the_adapter_supplies_every_declared_field_and_refuses_any_other
  PASS  test_the_free_stack_fields_hash_only_their_used_prefix
  PASS  test_residue_only_differences_produce_the_same_digest
  PASS  test_a_live_difference_still_changes_the_digest
  PASS  test_fishing_old_owner_and_section_versions_refuse_without_publication
  PASS  test_eighth_fishing_column_has_independent_blank_and_slot_gates
  PASS  test_the_anchor_column_is_appended_as_ordinal_thirty
  PASS  test_anchors_round_trip_through_capture_encode_decode_and_publish
  PASS  test_a_section_schema_four_descriptor_is_refused_without_publication
  PASS  test_the_codec_refuses_a_live_anchor_outside_the_grid
  PASS  test_a_refused_anchor_is_never_published_into_the_target_store
  PASS  test_the_digest_hashes_live_anchors_and_ignores_dead_anchor_residue
CI_SUITE_TIME {"assertions":1366,"failures":0,"suite":"test_save_section_inventories.gd","tests":70,"usec":51870109}
test_save_section_job_indexes.gd
  PASS  test_declared_ordinals_match_the_registry_artifact
  PASS  test_extents_come_from_the_owning_schema
  PASS  test_layout_constants_match_their_recomputation
  PASS  test_field_tables_agree_with_each_other
  PASS  test_payload_tiles_with_no_gaps
  PASS  test_empty_record_holds_the_declared_unused_values
  PASS  test_framing_bytes_are_pinned
  PASS  test_the_pinned_offsets_are_the_modules_offsets
  PASS  test_element_counts_are_each_field_own_extent
  PASS  test_column_major_values_are_pinned
  PASS  test_canonical_bytes_exclude_the_framing
  PASS  test_round_trip_is_byte_identical
  PASS  test_primary_count_is_the_designated_pending_service_table
  PASS  test_the_caller_cannot_choose_a_primary_count
  PASS  test_a_primary_count_that_is_not_the_designated_table_refuses
  PASS  test_the_encoder_writes_the_ruled_count_unconditionally
  PASS  test_production_write_is_ready_for_the_implemented_section8_owner
  PASS  test_capture_and_apply_use_the_real_planner_column_api
  PASS  test_apply_reports_semantic_errors_after_participants_and_barrier
  PASS  test_capture_record_into_is_all_or_nothing
  PASS  test_a_full_length_invalid_section_leaves_the_record_byte_identical
  PASS  test_truncation_and_offsets_are_gated_before_any_read
  PASS  test_section_length_refusal_checks_a_descriptor
  PASS  test_a_payload_length_that_disagrees_with_the_body_refuses
  PASS  test_the_owner_wrapper_is_checked_field_by_field
  PASS  test_an_element_count_from_another_table_refuses
  PASS  test_a_record_of_the_wrong_shape_refuses_before_indexing
  PASS  test_a_generation_of_0x80000000_is_refused_as_negative
  PASS  test_the_largest_representable_generation_survives
  PASS  test_bounded_byte_columns_refuse_a_value_outside_their_own_domain
  PASS  test_flag_columns_hold_only_zero_or_one
  PASS  test_slot_columns_are_directory_slots
  PASS  test_days_cycles_and_quantities_are_never_negative
  PASS  test_requested_crop_is_a_compiled_crop_or_no_crop
  PASS  test_a_free_row_keeps_no_residue_of_what_it_carried
  PASS  test_the_history_a_free_row_is_allowed_to_keep
  PASS  test_a_tend_row_carries_no_sowing_state
  PASS  test_a_sowing_row_carries_no_day
  PASS  test_an_outstanding_cycle_agrees_with_its_owner_cursor
  PASS  test_an_outstanding_sowing_row_names_a_real_crop
  PASS  test_exactly_the_pending_rows_carry_a_job
  PASS  test_a_used_row_names_its_owner_in_both_halves
  PASS  test_an_enabled_designation_names_its_zone
  PASS  test_requested_status_belongs_only_to_sowing
  PASS  test_encode_refuses_an_invalid_record
  PASS  test_this_build_is_little_endian
  PASS  test_module_source_holds_no_float
CI_SUITE_TIME {"assertions":541,"failures":0,"suite":"test_save_section_job_indexes.gd","tests":47,"usec":867183}
test_save_section_navigation.gd
  PASS  test_section_identity_matches_the_ruling
  PASS  test_owner_schema_version_is_the_route_semantics_gate
  PASS  test_field_tables_are_the_declared_registry_order
  PASS  test_declared_ordinal_is_not_gdscript_declaration_order
  PASS  test_every_group_slot_is_used_exactly_once
  PASS  test_canonical_type_codes
  PASS  test_byte_order_is_little_endian_on_this_build
  PASS  test_block_and_section_byte_arithmetic
  PASS  test_section_bytes_track_the_two_used_prefixes
  PASS  test_wire_offsets_walk_the_declared_layout
  PASS  test_pinned_framing_vector
  PASS  test_blocks_tile_the_section_with_no_gaps
  PASS  test_each_declared_ordinal_lands_on_its_own_column
  PASS  test_empty_navigator_round_trip
  PASS  test_populated_round_trip_is_byte_identical
  PASS  test_round_trip_preserves_the_route_generation_namespace
  PASS  test_decode_at_a_nonzero_offset
  PASS  test_arena_tail_garbage_is_dropped_at_capture
  PASS  test_heap_tail_garbage_is_dropped_at_capture
  PASS  test_a_record_carrying_tail_residue_is_refused
  PASS  test_decode_restores_a_zero_tail
  PASS  test_prefix_count_beyond_capacity_is_refused
  PASS  test_wrong_store_count_is_refused
  PASS  test_blocks_out_of_ascii_order_are_refused
  PASS  test_wrong_owner_schema_versions_are_refused
  PASS  test_primary_counts_are_designated_tables_not_a_census
  PASS  test_wire_primary_counts_are_pinned_at_absolute_offsets
  PASS  test_section_descriptor_row_count_is_8192_and_not_the_sum
  PASS  test_a_descriptor_claiming_8704_is_refused_at_the_header_boundary
  PASS  test_wrong_primary_counts_are_refused
  PASS  test_payload_length_disagreeing_with_the_body_is_refused
  PASS  test_payload_length_outside_the_compiled_bounds_is_refused_before_reading
  PASS  test_wrong_element_count_is_refused
  PASS  test_extent_and_truncation_gates
  PASS  test_section_length_refusal_compares_against_this_state
  PASS  test_full_length_invalid_section_leaves_the_record_untouched
  PASS  test_full_length_invalid_arena_window_leaves_the_record_untouched
  PASS  test_the_int32_sign_trap_on_a_route_generation
  PASS  test_start_cell_must_equal_exact_start
  PASS  test_a_route_hold_is_checked_against_the_descriptor_generation
  PASS  test_a_route_hold_outside_ready_is_refused
  PASS  test_descriptor_refcounts_must_match_their_holders
  PASS  test_retired_descriptor_rules
  PASS  test_overlapping_route_blocks_are_refused
  PASS  test_the_free_list_threads_exactly_the_free_rows
  PASS  test_the_pending_queue_holds_exactly_the_queued_rows
  PASS  test_queue_order_is_state
  PASS  test_one_request_holds_the_builder
  PASS  test_heap_positions_must_agree_with_the_heap
  PASS  test_a_stamp_above_the_search_serial_is_refused
  PASS  test_a_state_byte_outside_the_enum_is_refused
  PASS  test_a_detached_cursor_carries_the_whole_null_tuple
  PASS  test_an_attached_cursor_names_a_real_request_and_admission
  PASS  test_a_stale_cursor_is_legal_state
  PASS  test_movement_columns_are_installed_in_declared_ordinal_order
  PASS  test_a_serviced_navigator_captures_encodes_and_decodes
  PASS  test_a_captured_navigator_agrees_with_the_live_store
  PASS  test_a_captured_partial_search_keeps_its_heap_and_progress
  PASS  test_a_disagreeing_store_is_reported
  PASS  test_the_source_holds_no_float
  PASS  test_record_copy_and_equality_cover_every_block
CI_SUITE_TIME {"assertions":644,"failures":0,"suite":"test_save_section_navigation.gd","tests":61,"usec":6073875}
test_scheduler_events.gd
  PASS  test_byte_offsets_and_stride_are_the_contracts_own_literals
  PASS  test_capacity_and_control_make_the_ledgers_8224_bytes
  PASS  test_the_control_header_offsets_span_exactly_32_bytes
  PASS  test_the_two_kinds_and_their_values_are_the_contracts
  PASS  test_the_initial_control_state_is_the_contracts
  PASS  test_a_record_round_trips_through_its_32_bytes
  PASS  test_each_field_lands_at_its_own_offset_and_nowhere_else
  PASS  test_encoding_refuses_a_buffer_that_cannot_hold_the_record
  PASS  test_unsigned_ordering_survives_the_sign_bit
  PASS  test_unsigned_ordering_survives_a_high_word_STORED_as_a_negative_i32
  PASS  test_a_stamped_event_whose_HIGH_word_crosses_the_sign_bit_is_admitted
  PASS  test_two_stamped_events_across_the_sign_bit_keep_their_order
  PASS  test_a_stamped_replay_record_crossing_the_sign_bit_is_admitted
  PASS  test_the_low_word_carries_into_the_high_word_without_exhausting
  PASS  test_the_last_u64_sequence_is_usable_and_then_exhaustion_refuses
  PASS  test_exhaustion_refuses_rather_than_wrapping_to_sequence_one
  PASS  test_the_sentinel_is_never_a_valid_stamped_event
  PASS  test_this_sequence_space_is_independent_of_the_economic_one
  PASS  test_only_speeds_one_two_and_four_are_selectable
  PASS  test_a_speed_event_must_carry_a_zero_reason
  PASS  test_a_nonzero_reserved_word_refuses
  PASS  test_an_unknown_kind_refuses
  PASS  test_a_composite_or_unknown_pause_reason_refuses
  PASS  test_a_pause_value_other_than_zero_or_one_refuses
  PASS  test_a_producer_may_only_name_its_own_pause_reason
  PASS  test_the_ordinary_resume_clears_player_and_only_player
  PASS  test_a_refusal_leaves_the_next_sequence_and_the_queue_unchanged
  PASS  test_a_user_repeat_takes_a_new_sequence
  PASS  test_an_internal_duplicate_hold_coalesces_and_consumes_no_sequence
  PASS  test_a_hold_after_a_pending_clear_is_not_dropped
  PASS  test_a_hold_already_held_by_the_clock_coalesces
  PASS  test_normal_traffic_stops_at_250_then_the_reserve_takes_six_control_events
  PASS  test_a_full_queue_refuses_every_class_of_event
  PASS  test_the_overload_producer_issues_at_most_one_downgrade_per_frame
  PASS  test_an_overload_target_that_is_not_a_ladder_rung_refuses
  PASS  test_a_capacity_refusal_is_visible_and_retryable
  PASS  test_events_are_stamped_with_the_current_completed_boundary
  PASS  test_the_pump_applies_a_prefix_in_sequence_order
  PASS  test_the_last_drained_boundary_never_suppresses_a_second_drain
  PASS  test_an_empty_pump_is_counted_and_records_its_boundary
  PASS  test_an_event_produced_inside_tick_k_is_stamped_k_not_k_minus_one
  PASS  test_a_pump_from_inside_tick_k_drains_nothing_and_changes_no_state
  PASS  test_a_pause_during_an_eight_tick_catch_up_frame_stops_the_next_tick
  PASS  test_the_queue_is_the_only_stamper_on_a_submission_path
  PASS  test_a_stamped_record_at_the_wrong_boundary_refuses
  PASS  test_a_stale_or_repeated_stamped_sequence_refuses
  PASS  test_a_stamped_sequence_at_or_below_the_last_applied_refuses
  PASS  test_the_tail_derives_from_head_and_count_across_a_full_wrap
  PASS  test_a_reused_row_carries_nothing_from_its_previous_occupant
  PASS  test_reading_outside_the_queue_refuses_rather_than_returning_a_row
  PASS  test_all_five_reasons_compose_and_closing_one_never_clears_another
  PASS  test_clearing_one_reason_leaves_the_other_four_holding
  PASS  test_no_elapsed_time_accrues_while_paused
  PASS  test_unpause_arrives_while_the_queue_still_holds_pending_events
  PASS  test_a_speed_change_does_not_scale_retained_debt
  PASS  test_the_offset_calendar_still_puts_the_first_midnight_at_13500
  PASS  test_overload_equality_is_not_overload
  PASS  test_a_backlog_strictly_over_the_threshold_queues_the_diagnostic_hold
  PASS  test_the_ladder_runs_four_to_two_to_one_to_diagnostic_and_retains_debt
  PASS  test_a_queued_ladder_rung_still_records_the_clocks_own_counters
  PASS  test_the_clocks_direct_ladder_is_unchanged_when_no_hook_is_supplied
  PASS  test_no_whole_tick_is_ever_discarded_without_an_explicit_acknowledgement
  PASS  test_acknowledge_without_catchup_keeps_its_recorded_behaviour
  PASS  test_the_extension_length_is_48_plus_32_per_record
  PASS  test_the_section_prefix_bounds_are_the_contracts
  PASS  test_the_section_prefix_writes_five_u32_and_one_u64_in_order
  PASS  test_a_pending_queue_round_trips_through_its_extension
  PASS  test_the_extension_serializes_no_unused_row
  PASS  test_a_ring_that_has_wrapped_serializes_in_queue_order_with_head_zero
  PASS  test_a_corrupt_tag_or_version_refuses_before_mutating_the_live_queue
  PASS  test_an_oversized_or_disagreeing_length_refuses
  PASS  test_a_count_above_the_capacity_refuses
  PASS  test_a_noncanonical_saved_head_refuses
  PASS  test_a_record_whose_boundary_is_not_the_saved_completed_tick_refuses
  PASS  test_a_stale_or_unordered_saved_sequence_refuses
  PASS  test_a_next_sequence_not_above_every_admitted_one_refuses
  PASS  test_a_corrupt_record_field_refuses_with_its_own_reason
  PASS  test_a_saved_record_with_a_negative_boundary_refuses
  PASS  test_a_restored_queue_zeroes_every_unused_row
  PASS  test_the_codec_is_local_only_because_no_writer_exists
  PASS  test_rebinding_or_restoring_under_a_pending_queue_refuses
  PASS  test_clear_returns_every_counter_to_the_contracts_initial_state
  PASS  test_a_second_queue_on_the_same_clock_sees_the_same_boundary
  PASS  test_the_queue_reads_the_clocks_barrier_and_holds_none_of_its_own
  PASS  test_every_admission_is_barred_and_leaves_the_queue_byte_identical
  PASS  test_a_barred_admission_is_not_counted_as_a_queue_refusal
  PASS  test_pumping_is_barred_so_a_restored_queue_applies_nothing_mid_load
  PASS  test_clear_is_barred_so_a_load_cannot_discard_the_queue_it_is_restoring
  PASS  test_rebinding_is_barred_on_an_EMPTY_queue_that_would_otherwise_rebind_freely
  PASS  test_frame_entry_points_are_barred_at_the_queue_as_well_as_at_the_clock
  PASS  test_the_loaders_own_install_operations_pass_through_the_barrier
  PASS  test_a_restored_paused_queue_applies_once_in_order_after_the_guard_releases
CI_SUITE_TIME {"assertions":2790,"failures":0,"suite":"test_scheduler_events.gd","tests":92,"usec":94757}
test_ui_resident_header.gd
  PASS  test_the_published_table_matches_the_rulings_own_numbers
  PASS  test_the_name_column_is_never_the_old_280_px_minimum
  PASS  test_the_row_equation_reproduces_the_published_column
  PASS  test_the_panel_widths_are_the_inherited_layout_widths
  PASS  test_the_medallion_sits_at_the_top_left_of_the_identity_block
  PASS  test_the_name_column_starts_beside_the_medallion_and_not_below_it
  PASS  test_close_keeps_a_44_px_target_at_the_rows_right_edge
  PASS  test_the_whole_row_closes_on_the_panel_width_with_nothing_overlapping
  PASS  test_identity_height_is_the_maximum_of_the_three_pieces
  PASS  test_close_alone_floors_the_identity_height
  PASS  test_a_text_block_counts_its_own_declared_line_gap
  PASS  test_the_footer_is_64_high_and_its_action_is_44
  PASS  test_the_body_takes_what_the_header_and_footer_leave
  PASS  test_a_body_with_no_room_is_reported_rather_than_drawn_negative
  PASS  test_an_unknown_profile_returns_nothing_rather_than_a_guessed_column
  PASS  test_close_follows_a_panel_that_is_not_its_nominal_width
CI_SUITE_TIME {"assertions":96,"failures":0,"suite":"test_ui_resident_header.gd","tests":16,"usec":9758}
test_underground_budget.gd
  PASS  test_joint_pack_keeps_actual_known_buffers_and_positive_remaining_budget
  PASS  test_invalid_and_oversized_requests_leave_the_shared_arena_unchanged
  PASS  test_two_consumers_cannot_each_claim_the_full_cold_budget
  PASS  test_nested_companions_charge_their_full_simultaneous_peak
  PASS  test_stale_or_unissued_token_cannot_grow_or_release_the_next_operation
  PASS  test_exhausted_token_space_refuses_without_wrapping
CI_SUITE_TIME {"assertions":58,"failures":0,"suite":"test_underground_budget.gd","tests":6,"usec":3038}
test_underground_connector_catalog.gd
  PASS  test_exact_actual_pace_uses_movement_source_and_explicit_family_rows
  PASS  test_all_family_metadata_and_exact_output_shapes_are_copied_without_aliases
  PASS  test_arena_admission_precedes_all_packed_allocation
  PASS  test_foreign_actual_owners_and_rebinding_refuse
  PASS  test_every_stale_refusal_preserves_all_output_fields
  PASS  test_atomic_failed_replacement_preserves_live_hash_and_queries
  PASS  test_truncation_trailing_bytes_hash_and_oversized_counts_refuse
  PASS  test_short_record_decode_refuses_without_overwriting_destination
  PASS  test_complete_prefix_census_endpoint_and_opening_targets_are_required
  PASS  test_extreme_coordinates_primitive_ranges_and_material_scale_refuse
  PASS  test_pace_identity_never_borrows_species_stage_or_unprofiled_badger
  PASS  test_changed_movement_profile_and_replaced_physical_content_refuse_live_queries
  PASS  test_retired_world_and_changed_source_digest_cannot_publish_content
  PASS  test_material_scale_and_refused_shapes_preserve_caller_scratch
  PASS  test_final_source_leaf_reads_actual_banks_without_observers_or_writes
  PASS  test_final_source_leaf_refuses_bad_tuple_digest_and_uninitialized_owner
  PASS  test_final_source_leaf_refuses_actual_profile_and_foreign_owner_changes
  PASS  test_final_source_leaf_checks_live_full_world_identity
CI_SUITE_TIME {"assertions":332,"failures":0,"suite":"test_underground_connector_catalog.gd","tests":18,"usec":1195581}
test_underground_entry_frontier.gd
  PASS  test_exact_tables_fill_caller_outputs_without_publishing_physical_permission
  PASS  test_capacity_is_admitted_before_allocation_and_cannot_grow
  PASS  test_wrong_sha_truncated_extra_and_empty_sources_refuse_without_live_rows
  PASS  test_source_revisions_counts_and_digests_are_exact
  PASS  test_installation_ordinals_ranges_and_full_group_partition_are_required
  PASS  test_pending_assembly_cannot_supply_its_own_floor_or_bearing
  PASS  test_cuts_use_whole_datum_cubes_and_exact_stable_phase_tags
  PASS  test_station_requires_actual_source_work_patch_posture_and_revision
  PASS  test_episode_masks_stations_and_ranges_do_not_invent_paid_phases
  PASS  test_duplicate_cube_operation_refuses_even_when_ranges_are_grouped_differently
  PASS  test_actual_profile_reload_rejects_existing_frontier
  PASS  test_actual_world_generation_reuse_rejects_existing_frontier
  PASS  test_refused_queries_preserve_all_caller_outputs
  PASS  test_endpoint_travel_is_explicit_and_refusal_preserves_paired_outputs
  PASS  test_each_allowed_rotation_selects_its_exact_source_profile_without_rotating_output_coordinates
  PASS  test_rotated_work_source_cannot_be_missing_wrong_yaw_or_stale
  PASS  test_installed_endpoint_names_actual_catalog_landing_floor_with_exact_half_open_point
CI_SUITE_TIME {"assertions":402,"failures":0,"suite":"test_underground_entry_frontier.gd","tests":17,"usec":1169576}
test_underground_final_facts.gd
  PASS  test_room_final_is_pure_and_ordinary_snapshot_remains_live_only
  PASS  test_room_final_precharges_whole_census_and_mutable_input_comparison
  PASS  test_room_final_rejects_replaced_original_lease_and_foreign_same_number_budget
  PASS  test_room_final_rederives_actual_free_identity_and_whole_candidate
  PASS  test_room_final_catches_late_actual_source_drift_without_observation
  PASS  test_room_final_future_exception_is_only_own_metadata_and_claims
  PASS  test_room_final_rejects_foreign_companion_and_active_observer_states
  PASS  test_room_commit_requires_actual_publishing_bracket_and_original_budget
  PASS  test_room_commit_does_not_borrow_replacement_lease_or_changed_after_facts
  PASS  test_final_sources_skip_observer_and_preserve_authority
  PASS  test_late_building_change_refuses_without_geometry_revision_change
  PASS  test_all_nonresident_leaf_facts_equal_normal_observation
  PASS  test_project_claim_generation_remains_mandatory
  PASS  test_budget_refuses_before_any_leaf_read
  PASS  test_admitted_real_capacity_uses_actual_source_census
  PASS  test_foreign_binding_stale_revision_and_busy_owners_refuse
  PASS  test_endpoint_match_compares_every_packed_payload_and_proof_field
  PASS  test_retired_reused_endpoint_does_not_match_old_generation
  PASS  test_idle_resident_matches_actual_transform_and_location
  PASS  test_idle_final_leaf_skips_late_public_transform_reader
  PASS  test_transit_final_leaf_skips_late_public_transform_reader
  PASS  test_final_pose_requires_actual_persistent_transform_binding
  PASS  test_final_pose_requires_full_directory_generation_and_reverse_row
  PASS  test_transit_resident_uses_exact_current_segment_and_generation
  PASS  test_retired_world_invalidates_facts_and_endpoint_observation
  PASS  test_full_256_resident_leaf_census_fits_unchanged_domain_budget
  PASS  test_actor_and_world_generation_reuse_cannot_match_stored_sources
  PASS  test_domain_and_source_kind_changes_refuse_without_public_observers
  PASS  test_static_leaf_never_substitutes_unbound_resident_or_half_null_reference
CI_SUITE_TIME {"assertions":1132,"failures":0,"suite":"test_underground_final_facts.gd","tests":29,"usec":3617079}
test_underground_layout_sources.gd
  PASS  test_unbound_or_expired_coordinator_cannot_manufacture_a_scope_or_success
  PASS  test_exact_source_scope_rejects_copied_tokens_foreign_rooms_and_wrong_peak
  PASS  test_read_uses_actual_room_type_and_generation_in_the_current_finite_scope
  PASS  test_source_keeps_actual_coordinator_alive_only_until_synchronous_release
  PASS  test_hover_preview_does_not_hold_the_shared_arena_after_consumption
  PASS  test_abandoned_guide_is_diagnosed_and_released_at_the_input_boundary
  PASS  test_layout_mode_accepts_all_real_pairs_and_individual_mode_uses_the_same_owner
  PASS  test_late_physical_refusal_retains_drafts_and_can_retry_without_partial_world_rows
CI_SUITE_TIME {"assertions":340,"failures":0,"suite":"test_underground_layout_sources.gd","tests":8,"usec":741212}
test_underground_room_bindings.gd
  PASS  test_fine_hole_and_upper_cube_use_actual_section_without_changing_any_owner
  PASS  test_actual_binding_is_once_only_and_unqualified_gates_still_refuse
  PASS  test_invalid_scope_and_underfunded_or_bare_tokens_refuse_before_surveys
  PASS  test_limits_are_exact_and_metadata_output_is_unchanged_on_refusal
  PASS  test_duplicate_claims_refuse_instead_of_double_counting_paid_usable_volume
  PASS  test_foreign_room_and_physical_cavity_never_fill_the_exact_room_hole
  PASS  test_ambiguous_section_and_real_geometry_revision_change_refuse
  PASS  test_expired_or_reacquired_lease_never_reaches_a_later_copy_boundary
  PASS  test_final_validation_expiry_clears_filled_output_and_allows_exact_retry
  PASS  test_initial_domain_callback_reentry_is_exclusive_without_clearing_outer_scratch
  PASS  test_changed_site_claim_project_and_world_lifetime_refuse_without_reusing_old_proof
  PASS  test_actual_domain_wiring_cannot_follow_changed_synthetic_geometry_numbers
  PASS  test_complete_scan_allowance_is_admitted_before_handle_or_mask_growth
  PASS  test_nested_pair_work_exhaustion_clears_the_complete_partial_mask
  PASS  test_numerically_equal_foreign_sites_cannot_bind_actual_construction_namespace
  PASS  test_retired_actual_room_preserves_prior_metadata_and_clears_prior_mask
  PASS  test_phase_composer_identity_never_substitutes_same_store_or_expired_owner
CI_SUITE_TIME {"assertions":604,"failures":0,"suite":"test_underground_room_bindings.gd","tests":17,"usec":10756729}
test_underground_terrain.gd
  PASS  test_binding_requires_actual_generated_resource_and_source_owners
  PASS  test_wrong_datum_and_extended_depth_cannot_invent_terrain
  PASS  test_dry_clipped_survey_has_exact_source_and_no_map_wide_protected_support
  PASS  test_exact_dry_water_boundary_and_real_ford_height
  PASS  test_every_water_mask_has_finite_excavation_protection_without_fake_floor
  PASS  test_tree_stump_regrowth_and_retirement_are_seen_without_sparse_revision_changes
  PASS  test_exhausted_nonrenewable_deposit_does_not_keep_a_phantom_resource
  PASS  test_unknown_resource_item_refuses_instead_of_guessing_tree_or_stone
  PASS  test_real_rotated_unfinished_building_protects_foundation_and_body
  PASS  test_open_stockpile_and_paths_do_not_invent_filled_upper_obstacles
  PASS  test_cold_building_rows_require_registered_current_nonzero_revision
  PASS  test_capacity_lease_and_off_domain_refusals_clear_every_output_column
  PASS  test_published_world_reset_full_ref_retirement_and_unknown_terrain_refuse
  PASS  test_world_and_resource_into_readers_erase_stale_facts_and_preserve_generations
  PASS  test_surveys_do_not_mutate_or_refill_retained_paid_space
  PASS  test_natural_observation_is_separate_from_live_exclusion_and_sparse_source_registration
  PASS  test_natural_survey_preserves_clipping_capacity_and_exact_budget_contract
  PASS  test_mixed_height_exclusions_do_not_imply_empty_space_or_support
  PASS  test_mixed_height_exclusions_keep_exact_water_surface_and_ford_edges
  PASS  test_mixed_height_exclusions_read_live_roots_harvest_and_regrowth
  PASS  test_mixed_height_exclusions_protect_live_unregistered_building_and_exact_faces
  PASS  test_world_source_proof_is_reused_only_until_actual_geometry_publication
  PASS  test_world_source_proof_never_pins_a_revision_changed_during_its_read
  PASS  test_final_local_facts_read_fresh_unregistered_obstacles_without_observation_hook
  PASS  test_final_local_facts_require_current_attested_wiring_and_exact_finite_bounds
  PASS  test_prepared_local_facts_require_the_exact_sealed_candidate_and_original_lease
  PASS  test_prepared_local_facts_see_late_actual_obstacles_without_public_observers
  PASS  test_prepared_local_facts_never_adopt_a_replacement_cold_lease
CI_SUITE_TIME {"assertions":1042,"failures":0,"suite":"test_underground_terrain.gd","tests":28,"usec":15199581}
test_underground_world_identities.gd
  PASS  test_empty_registered_kitchen_has_identity_without_service_or_physical_permission
  PASS  test_unregistered_stale_and_changed_purpose_rooms_refuse
  PASS  test_live_surface_room_cannot_be_borrowed_as_an_underground_room
  PASS  test_actual_job_assignment_is_read_live_and_released_without_retaining_previous_worker
  PASS  test_wrong_site_job_generation_and_requester_cannot_supply_an_assignment
  PASS  test_worker_generation_and_reciprocal_agent_mirror_are_mandatory
  PASS  test_retired_world_and_unbound_composer_never_return_room_or_worker_identity
  PASS  test_structural_scope_requires_the_exact_operation_stage_and_full_site_room
  PASS  test_replacement_cold_scope_cannot_reuse_old_operation_or_token
CI_SUITE_TIME {"assertions":131,"failures":0,"suite":"test_underground_world_identities.gd","tests":9,"usec":5144074}
test_weather.gd
  PASS  test_row_width_matches_the_schema
  PASS  test_a_new_store_has_no_event_and_no_forecast
  PASS  test_clear_returns_a_used_row_to_empty
  PASS  test_event_ids_are_the_generated_ascii_order
  PASS  test_the_event_keys_are_in_compiled_id_order
  PASS  test_the_selection_traversal_is_the_printed_order_not_the_id_order
  PASS  test_event_weights_are_the_raw_stated_integers
  PASS  test_event_durations_are_the_stated_days
  PASS  test_start_day_is_six_except_early_frost_at_ten
  PASS  test_forecast_day_is_three_days_before_the_start
  PASS  test_eligible_seasons_match_the_stated_column
  PASS  test_eligible_counts_match_the_stated_column
  PASS  test_weight_sums_are_the_ruled_values
  PASS  test_weight_sum_equals_the_hand_added_eligible_weights
  PASS  test_every_roll_of_every_season_maps_to_the_ruled_row
  PASS  test_both_sides_of_every_interval_boundary
  PASS  test_the_comparison_is_strictly_less_than_cumulative
  PASS  test_each_interval_is_exactly_as_wide_as_its_raw_weight
  PASS  test_a_roll_outside_the_weight_sum_is_refused
  PASS  test_an_invalid_season_is_refused_by_the_mapping
  PASS  test_the_forced_first_spring_consumes_no_draw
  PASS  test_an_ordinary_season_consumes_exactly_one_draw
  PASS  test_selection_replays_the_stream_without_reseeding
  PASS  test_a_season_change_does_not_reseed_the_stream
  PASS  test_selection_touches_no_other_stream
  PASS  test_the_module_uses_the_weather_stream
  PASS  test_a_refused_schedule_consumes_no_draw
  PASS  test_an_unseeded_rng_is_refused_without_writing_the_row
  PASS  test_the_same_seed_replays_the_same_seasons
  PASS  test_is_forced_first_spring_names_year_one_spring_only
  PASS  test_the_forecast_is_not_due_before_three_days_out
  PASS  test_the_disclosed_forecast_holds_event_start_and_duration
  PASS  test_disclosure_is_idempotent_and_consumes_no_draw
  PASS  test_early_frost_is_disclosed_on_day_seven
  PASS  test_disclosure_without_a_scheduled_event_is_refused
  PASS  test_scheduling_a_new_event_clears_the_previous_forecast
  PASS  test_the_event_window_covers_start_through_start_plus_duration_minus_one
  PASS  test_early_frost_occupies_days_ten_and_eleven
  PASS  test_an_out_of_range_day_is_never_active
  PASS  test_season_baseline_temperatures_are_the_stated_tenths
  PASS  test_season_baseline_rain_is_the_stated_column
  PASS  test_daylight_windows_match_the_stated_hours
  PASS  test_both_sides_of_every_daylight_boundary
  PASS  test_an_hour_outside_the_day_is_never_daylight
  PASS  test_the_darkness_work_factor_is_seven_hundred_and_fifty_per_thousand
  PASS  test_winter_hunger_demand_is_multiplied_by_one_point_two
  PASS  test_ideal_spell_temperature_is_eighteen_degrees_except_two_in_winter
  PASS  test_heavy_rain_is_three_degrees_below_its_season_baseline
  PASS  test_the_absolute_event_temperatures_are_the_stated_degrees
  PASS  test_blight_and_calm_days_leave_the_baseline_temperature_alone
  PASS  test_no_event_reports_the_plain_season_baseline
  PASS  test_event_rain_follows_the_stated_additions
  PASS  test_an_ineligible_event_is_refused_rather_than_evaluated
  PASS  test_the_reported_effect_factors_are_the_stated_numbers
  PASS  test_effect_factors_are_neutral_with_no_event_and_refused_for_a_non_row
  PASS  test_the_stated_access_flags_belong_to_one_row_each
  PASS  test_affected_system_masks_name_each_rows_stated_effects
  PASS  test_blight_is_reported_active_only_inside_its_window
  PASS  test_a_non_blight_event_never_reports_blight
  PASS  test_daily_evaporation_is_six_hundred_and_nine_hundred_in_summer
  PASS  test_the_net_daily_moisture_change_evaporates_before_rain
  PASS  test_the_published_moisture_probe_is_reproduced_day_by_day
  PASS  test_moisture_is_clamped_to_the_stated_range
  PASS  test_a_moisture_outside_the_stated_range_is_refused
  PASS  test_the_daily_row_records_the_baseline_outside_the_event_window
  PASS  test_the_daily_row_records_the_event_inside_its_window
  PASS  test_refresh_daily_refuses_an_impossible_day_or_season
  PASS  test_refresh_daily_never_applies_another_seasons_event
  PASS  test_ending_an_event_removes_its_modifiers_and_keeps_the_forecast
  PASS  test_ending_an_event_twice_is_refused_and_consumes_no_draw
  PASS  test_an_ended_event_leaves_the_window_readers_empty
  PASS  test_season_days_run_from_one_to_twelve
  PASS  test_the_season_enum_comes_from_the_protected_catalog_table
  PASS  test_the_season_boundary_is_the_exact_midnight_of_a_new_season
  PASS  test_an_ordinary_midnight_is_not_a_season_boundary
  PASS  test_the_amended_row_is_eight_i32_columns_plus_two_i64_columns
  PASS  test_a_cleared_row_has_no_temporal_identity_at_all
  PASS  test_the_absolute_season_is_the_floor_of_day_minus_one_over_twelve
  PASS  test_the_matching_season_ordinal_is_the_absolute_season_modulo_four
  PASS  test_a_scheduled_event_is_not_active_in_another_absolute_season
  PASS  test_the_event_window_is_half_open_at_start_plus_duration
  PASS  test_the_scheduled_once_latch_refuses_a_second_draw_for_one_season
  PASS  test_the_latch_survives_expiry_and_moves_only_on_a_new_schedule
  PASS  test_a_disclosed_forecast_keeps_its_absolute_season_after_expiry
  PASS  test_disclosure_refuses_a_season_the_row_was_not_scheduled_for
  PASS  test_the_forced_first_spring_refuses_any_other_absolute_season
  PASS  test_the_twelve_effect_bits_are_the_ruled_positions_zero_to_eleven
  PASS  test_the_effect_mask_strips_mussel_harvest_for_non_summer_blight
  PASS  test_a_temperature_or_rain_event_is_never_reported_as_crops_only
  PASS  test_calm_days_has_no_modifiers_and_still_gets_its_forecast
  PASS  test_closes_mussel_harvest_on_is_summer_blight_and_nothing_else
  PASS  test_a_non_blight_event_never_closes_the_mussel_harvest
  PASS  test_an_old_snapshot_without_season_identity_is_refused
  PASS  test_a_snapshot_season_that_its_event_contradicts_is_refused
  PASS  test_adopting_a_consistent_snapshot_identity_writes_both_columns
  PASS  test_an_event_eligible_in_several_seasons_is_named_as_such
  PASS  test_the_event_catalog_is_verifiable_for_the_boundary_preflight
CI_SUITE_TIME {"assertions":1377,"failures":0,"suite":"test_weather.gd","tests":97,"usec":63465}
[EntityManager] ready
[GameManager] ready
[SettlementSystem] ready
[EconomySystem] ready
[UIManager] ready


1442 test(s), 331533 assertion(s), 0 failure(s)
diagnostics: 0 unexpected error(s), 0 unexpected warning(s), 29 expected, 86 tolerated; leaked at exit: 0 object(s), 0 resource(s)
[EntityManager] ready
[GameManager] ready
[SettlementSystem] ready
[EconomySystem] ready
[UIManager] ready
log: 0 unexpected error(s), 0 unexpected warning(s); leaked at exit: 0 object(s), 0 resource(s).
ok: 1442 tests, 331533 assertions, 0 failures.
