Godot Engine v4.7.2.stable.official.ed1daf0bf - https://godotengine.org

Godot Engine v4.7.2.stable.official.ed1daf0bf - https://godotengine.org

test_buildings_spatial.gd
  PASS  test_authority_binding_refuses_unbound_foreign_replacement_and_expiration
  PASS  test_room_identity_is_real_permanent_and_not_limited_to_sixteen_surface_rooms
  PASS  test_candidate_preflight_never_creates_until_exact_publication_window
  PASS  test_candidate_wrong_kind_foreign_owner_and_wrong_type_leave_both_stores_unchanged
  PASS  test_candidate_stale_after_intervening_allocation_cannot_roll_back_identity_history
  PASS  test_building_spatial_identity_reads_current_actual_type_rotation_origin_and_state
  PASS  test_building_spatial_identity_clears_stale_wrong_kind_and_unmirrored_rows
  PASS  test_building_spatial_identity_rejects_and_clears_wrong_sized_output_without_resize
  PASS  test_unknown_type_wrong_permit_and_stale_identity_refuse_without_writes
  PASS  test_pending_bed_reserves_identity_membership_but_supplies_no_presence_or_use
  PASS  test_installation_is_owner_scoped_idempotent_and_generation_safe
  PASS  test_pending_pantry_and_kitchen_furniture_grant_no_service_capacity
  PASS  test_area_and_countable_rules_use_actual_floor_identity_without_rounding_up
  PASS  test_legacy_mutators_cannot_reassign_remove_or_validate_spatial_rows
  PASS  test_exact_installed_user_condition_and_temperature_publications_remain_available
  PASS  test_late_foreign_owner_rewiring_blocks_mutations_and_service_reads
  PASS  test_spatial_removal_requires_occupants_released_and_new_purpose_gets_fresh_identity
  PASS  test_surface_and_spatial_slot_reuse_initializes_both_new_columns
  PASS  test_clear_resets_pending_flags_and_preserves_only_weak_owner_wiring
  PASS  test_legacy_capture_and_restore_refuse_spatial_or_unknown_state_atomically
  PASS  test_legacy_restore_explicitly_initializes_old_live_furniture_and_rejects_unknowns
CI_SUITE_TIME {"assertions":434,"failures":0,"suite":"test_buildings_spatial.gd","tests":21,"usec":2383401}
test_commands.gd
  PASS  test_every_field_sits_at_its_own_section_8_1_offset
  PASS  test_every_intent_field_round_trips_through_the_queue
  PASS  test_the_stride_is_sixty_four_bytes_and_the_queue_holds_four_thousand_and_ninety_six
  PASS  test_a_record_round_trips_through_its_own_bytes
  PASS  test_all_twenty_four_kinds_compile_to_their_ascii_order
  PASS  test_the_kind_domain_is_the_ascii_compilation_of_its_own_keys
  PASS  test_an_unknown_kind_is_refused_and_queues_nothing
  PASS  test_sequence_order_is_unsigned_across_the_sign_bit
  PASS  test_compare_key_parts_orders_by_tick_then_player_then_high_then_low
  PASS  test_permuted_arrival_produces_the_canonical_order
  PASS  test_a_repeated_ordering_key_is_refused
  PASS  test_a_stamped_record_due_at_a_completed_tick_is_refused
  PASS  test_a_foreign_player_id_is_refused
  PASS  test_a_submitted_command_is_due_at_the_next_tick
  PASS  test_paused_edits_share_one_tick_with_increasing_sequences
  PASS  test_pending_commands_survive_a_pause_without_being_consumed
  PASS  test_a_group_with_one_invalid_member_commits_none_of_it
  PASS  test_a_valid_group_commits_every_member_in_order
  PASS  test_a_single_refusal_never_reports_a_previous_group_member
  PASS  test_an_id_group_refuses_an_envelope_that_also_carries_payload_bytes
  PASS  test_compare_keys_reads_a_whole_record_through_the_same_comparison
  PASS  test_a_reset_envelope_is_the_empty_one
  PASS  test_an_empty_or_mistyped_group_is_refused
  PASS  test_an_id_group_validates_every_reference_before_writing_one
  PASS  test_an_id_group_refuses_an_unsorted_or_malformed_list
  PASS  test_reserved_zero_must_be_zero
  PASS  test_an_undefined_flag_bit_is_refused
  PASS  test_a_target_is_generation_checked_against_the_directory
  PASS  test_the_null_reference_is_a_legal_absent_target
  PASS  test_an_out_of_range_field_is_refused
  PASS  test_the_four_thousand_and_ninety_seventh_command_refuses_cleanly
  PASS  test_a_payload_larger_than_the_arena_refuses
  PASS  test_the_arena_is_reclaimed_only_when_the_queue_empties
  PASS  test_a_payload_round_trips_through_the_arena
  PASS  test_a_payload_span_outside_the_arena_is_refused
  PASS  test_the_session_sequence_exhausts_instead_of_wrapping
  PASS  test_the_sequence_carries_into_the_high_word
  PASS  test_restore_sequence_refuses_a_bad_word_or_a_busy_queue
  PASS  test_rows_are_never_handed_out_twice_across_churn
  PASS  test_reading_outside_the_queue_refuses
  PASS  test_only_due_commands_drain
  PASS  test_clear_returns_the_queue_to_its_initial_state
  PASS  test_the_counters_report_admissions_refusals_and_drains
  PASS  test_the_queue_shares_the_clock_and_directory_it_was_given
  PASS  test_rebind_clock_refuses_a_non_empty_queue_and_a_null_clock
CI_SUITE_TIME {"assertions":469,"failures":0,"suite":"test_commands.gd","tests":45,"usec":1326392}
test_commands_arena_restore.gd
  PASS  test_restore_retains_permuted_offsets_holes_dead_tail_and_capacity
  PASS  test_zero_length_spans_share_offsets_and_may_equal_highwater
  PASS  test_restore_requires_current_held_barrier_even_when_previously_released
  PASS  test_malformed_late_records_and_spans_refuse_before_mutation
  PASS  test_stale_target_and_reversed_duplicate_or_past_keys_refuse
  PASS  test_unsigned_record_keys_and_terminal_allocator_are_distinct
  PASS  test_every_ordinary_mutator_is_barred_without_counter_or_output_changes
  PASS  test_constructor_under_barrier_and_rebind_to_barred_clock
  PASS  test_real_mixed_tick_admission_and_partial_drain_round_trip
  PASS  test_codec_requires_same_clock_same_tick_and_held_barrier
  PASS  test_late_scheduler_failure_restores_prior_empty_economic_allocator
  PASS  test_late_scheduler_failure_can_recover_a_terminal_prior_allocator
  PASS  test_failed_economic_recovery_reports_uncertainty_and_holds_barrier
  PASS  test_first_economic_install_failure_leaves_both_queues_unchanged
  PASS  test_success_preserves_nonzero_admission_refusal_and_drain_counters
  PASS  test_high_sequence_word_order_is_unsigned_too
  PASS  test_exact_record_capacity_restores_without_allocating_sequences
CI_SUITE_TIME {"assertions":17124,"failures":0,"suite":"test_commands_arena_restore.gd","tests":17,"usec":629531}
test_demo_actor_underground_heading.gd
  PASS  test_first_pose_and_explicit_replacement_initialize_without_a_turn
  PASS  test_surface_heading_keeps_its_existing_brain_turn_behavior
  PASS  test_bore_reversal_uses_shortest_arc_existing_rate_and_shared_pitch_progress
  PASS  test_pause_keeps_an_in_progress_visible_turn_and_pitch_still
  PASS  test_pending_reversal_finishes_after_leaving_the_bore_without_an_exit_snap
  PASS  test_wrap_and_retarget_do_not_choose_the_long_arc_or_overshoot
  PASS  test_tail_pull_follows_the_rendered_heading_during_recovery
  PASS  test_stoop_counterlean_uses_the_same_rendered_pitch_during_the_turn
  PASS  test_actual_reversal_does_not_change_progress_route_or_grants
  PASS  test_actual_nearest_exit_retreat_does_not_change_progress_route_or_grants
CI_SUITE_TIME {"assertions":2619,"failures":0,"suite":"test_demo_actor_underground_heading.gd","tests":10,"usec":540048}
test_demo_camera_modes.gd
  PASS  test_the_slots_are_one_to_four
  PASS  test_a_slot_keeps_its_view_until_cleared
  PASS  test_ctrl_shift_digit_saves_and_shift_digit_goes_back
  PASS  test_an_empty_slot_says_how_to_fill_it
  PASS  test_with_reduced_motion_a_bookmark_lands_at_once
  PASS  test_other_digit_chords_are_not_bookmarks
  PASS  test_no_key_works_behind_a_modal
  PASS  test_end_with_nobody_selected_says_so
  PASS  test_end_follows_the_selected_resident_as_they_walk
  PASS  test_with_reduced_motion_the_follow_holds_them_without_easing
  PASS  test_a_pan_breaks_the_follow_and_turning_zooming_do_not
  PASS  test_a_go_to_breaks_the_follow
  PASS  test_end_on_a_resident_who_is_nowhere_says_so
  PASS  test_end_again_stops_and_a_vanished_resident_ends_it
  PASS  test_shift_o_orbits_the_building_in_view
  PASS  test_far_from_any_building_the_orbit_turns_round_the_centre
  PASS  test_esc_shift_o_a_pan_or_a_turn_stops_the_orbit_and_zoom_does_not
  PASS  test_esc_without_an_orbit_is_left_for_the_ladder
  PASS  test_follow_and_orbit_replace_each_other
  PASS  test_shift_u_turns_the_u_view_on_at_the_cutaway_angle_over_the_network
  PASS  test_shift_u_again_gives_your_angle_back
  PASS  test_leaving_the_u_view_gives_your_angle_back
  PASS  test_a_one_node_network_is_still_framed
  PASS  test_with_no_network_the_cutaway_keeps_the_centre_and_distance
  PASS  test_a_refused_u_view_takes_no_angle
  PASS  test_the_cutaway_keeps_a_follow_and_ends_an_orbit
  PASS  test_every_village_building_is_listed_with_words_and_a_radius
  PASS  test_the_nearest_building_is_within_reach_only
  PASS  test_the_orbit_and_cutaway_distances_are_held_in_their_bands
  PASS  test_the_network_extent_is_the_shown_levels_nodes
  PASS  test_the_key_reading_helpers
  PASS  test_plain_o_and_u_are_left_to_their_owners
  PASS  test_the_follow_key_is_the_projects_camera_follow
  PASS  test_a_frame_of_the_modes_creates_no_object
  PASS  test_the_band_is_twelve_logical_pixels_at_every_size
  PASS  test_the_push_by_edge_and_corner
  PASS  test_the_edge_pans_after_the_dwell_and_stops_off_the_band
  PASS  test_the_edge_pan_ends_a_follow
  PASS  test_the_edge_pan_is_off_when_it_should_be
  PASS  test_off_the_tree_the_window_has_no_focus
  PASS  test_a_button_release_ends_a_drag_for_the_edge
  PASS  test_the_modes_own_an_edge_pan_off_behind_a_modal
  PASS  test_the_strip_shows_a_mode_and_flashes_over_it
  PASS  test_the_strip_stands_in_its_own_row_above_the_commands
  PASS  test_a_line_wider_than_the_gap_takes_the_gap
  PASS  test_a_long_line_is_moved_in_to_stay_in_the_gap
  PASS  test_the_strip_reserves_its_row_only_while_shown
  PASS  test_edge_scroll_is_a_setting_on_by_default_under_camera
  PASS  test_the_party_panel_follow_button
  PASS  test_the_modes_tell_whether_a_follow_is_on
CI_SUITE_TIME {"assertions":280,"failures":0,"suite":"test_demo_camera_modes.gd","tests":50,"usec":1490366}
test_demo_clock.gd
  PASS  test_the_clock_reads_the_game_s_effective_speed
  PASS  test_a_frame_is_split_into_exact_sub_steps
  PASS  test_paused_no_resident_moves_turns_or_changes_clip
  PASS  test_a_walker_at_2x_covers_twice_the_ground_of_1x
  PASS  test_resuming_continues_exactly_where_it_paused
  PASS  test_digging_stops_while_paused_and_runs_twice_as_fast_at_2x
  PASS  test_clips_freeze_paused_and_play_faster_at_speed
  PASS  test_the_mound_holds_still_while_paused
  PASS  test_a_game_hour_is_25_seconds_at_1x_and_a_day_ten_minutes
CI_SUITE_TIME {"assertions":61,"failures":0,"suite":"test_demo_clock.gd","tests":9,"usec":390970}
test_demo_command.gd
  PASS  test_a_ray_down_onto_a_capsule_hits_its_top
  PASS  test_a_level_ray_hits_the_side_and_a_near_miss_misses
  PASS  test_the_nearest_capsule_on_the_ray_wins
  PASS  test_the_ground_ray_meets_the_plane
  PASS  test_box_membership_is_by_screen_position
  PASS  test_formations_are_distinct_clear_and_inside_for_one_to_eight
  PASS  test_a_spot_closer_than_the_spacing_to_one_taken_is_refused
  PASS  test_a_move_order_releases_held_slots_and_holds_without_wandering
  PASS  test_release_hands_a_holder_back_to_wandering
  PASS  test_a_work_order_fills_the_free_slots_and_the_rest_queue_facing_it
  PASS  test_unreachable_orders_snap_and_hopeless_ones_are_refused
  PASS  test_a_click_near_a_poi_is_a_work_order_there
  PASS  test_matching_pairs_the_nearest_first
  PASS  test_panel_text_for_nobody_one_and_several
  PASS  test_state_words
  PASS  test_panel_placement_keeps_clear_of_the_hud_at_every_size
  PASS  test_panel_text_contrast_on_parchment
  PASS  test_friendly_names
  PASS  test_the_notice_line_is_each_resident_s_own
  PASS  test_one_resident_s_orders_are_listed_with_the_gated_ones_explained
  PASS  test_the_panel_lists_one_resident_s_orders_in_full_and_never_hides
  PASS  test_a_state_splits_into_its_command_and_its_progress
  PASS  test_a_refusal_step_reads_as_why_not_progress
  PASS  test_the_fed_rows_follow_what_a_resident_is_doing
  PASS  test_a_group_summary_tallies_its_activities_most_first
  PASS  test_every_member_is_a_row_that_picks_it
  PASS  test_the_ledger_never_hides_the_panel
  PASS  test_the_panel_says_what_a_resident_will_go_back_to
  PASS  test_the_dig_button_says_what_it_does_and_its_key
  PASS  test_a_tunnel_s_own_news_is_kept_for_its_mole
CI_SUITE_TIME {"assertions":157,"failures":0,"suite":"test_demo_command.gd","tests":30,"usec":1802682}
test_demo_crop_roles.gd
  PASS  test_each_row_has_its_role_and_every_sibling_shares_it
  PASS  test_the_two_differences_are_the_rows_own_numbers
  PASS  test_the_words_for_days_and_seasons
  PASS  test_uses_are_read_from_the_kitchen_and_the_mill
  PASS  test_the_role_line
  PASS  test_the_picker_shows_each_crop_s_role
CI_SUITE_TIME {"assertions":106,"failures":0,"suite":"test_demo_crop_roles.gd","tests":6,"usec":1239746}
test_demo_daylight.gd
  PASS  test_the_calendar_tick_reads_as_a_minute_of_the_day_and_a_season
  PASS  test_the_windows_are_the_gdd_s_daylight_and_the_brief_s_spring
  PASS  test_each_key_is_met_exactly_on_its_hour
  PASS  test_between_keys_the_curves_ease
  PASS  test_the_shadow_is_off_while_the_light_swings
  PASS  test_grey_is_the_rec_709_luminance
  PASS  test_the_phases_change_on_the_window_s_edges
  PASS  test_every_curve_is_continuous_across_every_boundary
  PASS  test_the_light_rises_through_the_dawn_and_falls_through_the_dusk
  PASS  test_the_seasons_shift_the_windows
  PASS  test_the_sun_rises_in_the_east_peaks_in_the_south_and_sets_in_the_west
  PASS  test_the_light_is_the_moon_at_night_and_the_sun_by_day
  PASS  test_the_day_key_is_the_world_s_own_look
  PASS  test_the_gloom_of_each_sky
  PASS  test_gloom_darkens_and_greys_whatever_the_hour
  PASS  test_the_weather_multiplies_the_hour_and_the_cycle_is_the_one_writer
  PASS  test_the_falls_and_the_smoke_darken_with_the_night
  PASS  test_noon_and_midnight_on_the_world_s_light
  PASS  test_it_writes_only_when_the_calendar_or_the_weather_moved
  PASS  test_the_underground_is_never_touched
  PASS  test_brighter_nights_raises_the_night_and_leaves_the_day
  PASS  test_brighter_nights_is_a_setting_and_part_of_large_readable
  PASS  test_the_homes_are_lit_at_their_fronts
  PASS  test_the_pool_is_capped_and_goes_to_the_nearest_spots
  PASS  test_a_home_is_lit_only_when_its_query_says_so
  PASS  test_the_lamps_follow_the_level_and_flicker_gently
  PASS  test_the_tunnel_mouths_lanterns_are_read_from_the_overlay
  PASS  test_the_boot_s_first_frames_are_held_at_noon_with_the_shadow_on
  PASS  test_a_weather_s_ease_writes_at_most_every_quarter_second
  PASS  test_the_prewarm_draws_the_night_and_gives_the_hour_back
  PASS  test_the_date_trigger_wears_a_sun_by_day_and_a_moon_by_night
    daylight: 2000 frames, 285 writes, 11.5 us a frame (writes included)
  PASS  test_a_frame_allocates_nothing_and_costs_little
CI_SUITE_TIME {"assertions":586,"failures":0,"suite":"test_demo_daylight.gd","tests":32,"usec":931338}
test_demo_farm.gd
  PASS  test_every_item_is_a_pantry_leaf_with_a_crop_row
  PASS  test_families_follow_the_crop_rows
  PASS  test_shelf_hours_match_the_item_catalog
  PASS  test_beds_are_the_world_crop_beds_with_their_neighbours
  PASS  test_a_bed_is_found_under_a_point
  PASS  test_the_calendar_turns_demo_microseconds_into_ticks_exactly
  PASS  test_hour_crossings_follow_the_offset_calendar
  PASS  test_frost_nights_and_outbreaks_are_on_their_days
  PASS  test_a_frost_night_is_the_early_hours
  PASS  test_a_frost_is_due_from_its_warning_to_its_last_hour
  PASS  test_bed_temperature_takes_frost_cover_and_raising
  PASS  test_the_farm_opens_with_its_history
  PASS  test_a_day_runs_real_weather_and_ripens_the_carrots
  PASS  test_a_harvest_yields_the_formula_and_costs_fertility
  PASS  test_rotation_preview_is_the_real_rule
  PASS  test_sowing_is_gated_by_fallow_soil_and_window
  PASS  test_sowing_starts_and_finishes
  PASS  test_a_frost_night_hurts_growing_crops_unless_covered
  PASS  test_a_raised_bed_is_frost_free_at_minus_three
  PASS  test_blight_damages_daily_halves_when_tended_and_spreads
  PASS  test_clearing_a_blighted_crop_uproots_it_for_compost
  PASS  test_compost_takes_two_units_once_a_season
  PASS  test_tunnels_drain_irrigate_and_spoil_raises
  PASS  test_drainage_stops_at_the_low_side_and_irrigation_lifts_a_dry_bed
  PASS  test_an_empty_bed_rests_back_its_fertility
  PASS  test_every_visible_change_moves_the_revision
  PASS  test_a_banked_bed_keeps_half_of_a_dry_day
  PASS  test_every_bed_sheds_down_toward_its_band_s_top
  PASS  test_draining_drops_a_wet_bed_to_its_band_s_top_and_ditches_it
  PASS  test_a_ditched_bed_sheds_toward_its_low_side_at_midnight
  PASS  test_waterlogging_is_read_from_the_bands
  PASS  test_an_outbreak_takes_a_growing_bed_on_spring_12
  PASS  test_the_first_spring_spaces_waterlogging_frost_and_blight
  PASS  test_the_opening_radish_waterlogs_only_with_the_ideal_spell
  PASS  test_storage_starts_with_the_covered_store
  PASS  test_providers_add_cellars_and_bad_entries_are_refused
  PASS  test_deliveries_go_where_food_keeps_longest
  PASS  test_pantry_refuses_bad_deliveries
  PASS  test_food_spoils_at_the_section_5_8_rate
  PASS  test_hours_left_are_the_oldest_lot_s
  PASS  test_a_cellar_slows_spoilage_by_its_multiplier
  PASS  test_lots_follow_their_cellar_and_fall_back_to_the_store
  PASS  test_a_full_lot_table_merges_keeping_the_older_age
  PASS  test_the_farm_s_water_edge_is_the_real_stream_s_bank
  PASS  test_segment_nearness_is_exact_in_integers
  PASS  test_a_pond_tunnel_irrigates_and_another_drains
  PASS  test_the_water_query_is_pluggable
  PASS  test_an_unfinished_tunnel_does_nothing_for_the_beds
  PASS  test_spoil_is_taken_off_a_heap_and_the_heap_shrinks
  PASS  test_the_nearest_heap_with_enough_earth_is_chosen
  PASS  test_jobs_open_once_per_kind_and_bed
  PASS  test_a_watering_job_walks_its_plan_and_keeps_work_on_rewind
  PASS  test_a_drain_job_walks_to_the_bed_and_digs
  PASS  test_compost_goes_to_the_bed_and_never_to_a_heap
  PASS  test_verbs_are_offered_by_the_bed_state
  PASS  test_compost_is_the_store_s_and_no_amount_of_earth_stands_in
CI_SUITE_TIME {"assertions":607,"failures":0,"suite":"test_demo_farm.gd","tests":56,"usec":888903}
test_demo_garden.gd
  PASS  test_the_sites_stand_clear_of_every_obstacle_and_bed
  PASS  test_a_click_finds_a_site_by_its_own_square
  PASS  test_a_tunnel_runs_under_a_garden_bed_within_its_tile
  PASS  test_a_bare_site_grows_nothing_and_takes_no_job
  PASS  test_laying_out_and_taking_up_keep_the_soil
  PASS  test_the_garden_lays_out_puts_up_its_shelf_and_keeps_it
  PASS  test_the_walking_each_place_costs
  PASS  test_one_plan_sows_every_empty_garden_bed
  PASS  test_the_cook_is_kept_the_garden_between_meals
  PASS  test_a_kept_job_follows_the_board_and_is_released_after_an_hour
  PASS  test_a_site_s_panel_lays_out_a_bed_and_the_shelf_stands
  PASS  test_a_garden_harvest_goes_to_the_shelf
  PASS  test_the_garden_tab_lists_the_sites_and_runs_the_plan
  PASS  test_a_worker_stands_off_a_garden_bed_by_its_own_edge
  PASS  test_a_refused_garden_sowing_keeps_the_bed_s_own_choice
  PASS  test_a_tunnel_passes_under_a_garden_bed_only_within_its_tile
  PASS  test_a_bed_taken_up_draws_no_works
  PASS  test_a_load_in_hand_is_never_kept_for_the_cook
  PASS  test_a_bed_with_a_job_is_not_taken_up
CI_SUITE_TIME {"assertions":1022,"failures":0,"suite":"test_demo_garden.gd","tests":19,"usec":4255573}
test_demo_guide.gd
  PASS  test_meeting_completes_on_a_selection_only
  PASS  test_meeting_with_everyone_indoors_offers_the_roster
  PASS  test_a_harvest_counts_only_once_it_is_shelved
  PASS  test_the_harvest_card_follows_the_beds
  PASS  test_a_lost_harvest_target_never_softlocks
  PASS  test_every_farm_state_has_a_next_action
  PASS  test_supper_counts_only_once_a_resident_has_eaten_it
  PASS  test_a_portion_held_or_raw_food_is_not_a_supper_eaten
  PASS  test_meals_are_still_seen_after_the_log_is_full
  PASS  test_breakfast_or_a_supper_nobody_ate_is_not_the_supper
  PASS  test_a_bridge_counts_once_built_and_walked_over
  PASS  test_a_tunnel_counts_once_walked_through_to_somewhere_else
  PASS  test_a_readied_field_counts_only_with_a_crop_standing
  PASS  test_the_season_card_names_the_frost_and_all_three_ways
  PASS  test_one_objective_at_a_time_in_order_with_its_confirmation
  PASS  test_an_objective_done_before_its_card_is_recognised
  PASS  test_skip_and_reopen_grant_and_lose_nothing
  PASS  test_completion_is_announced_once
  PASS  test_a_hidden_guide_completes_quietly_and_is_still_chronicled
  PASS  test_watching_an_unchanged_village_latches_nothing
  PASS  test_the_first_way_done_is_the_one_kept
  PASS  test_stepping_onto_a_deck_is_not_yet_crossing
  PASS  test_an_empty_pantry_says_the_kitchen_s_own_blocker
  PASS  test_a_partial_delivery_counts_what_was_shelved
  PASS  test_a_catch_or_the_rack_s_and_mill_s_goods_are_no_harvest
  PASS  test_the_owner_counts_confirmations_in_unpaused_time_and_chronicles_once
  PASS  test_hiding_the_finished_guide_card_hides_it
CI_SUITE_TIME {"assertions":139,"failures":0,"suite":"test_demo_guide.gd","tests":27,"usec":2768584}
test_demo_guide_live.gd
  PASS  test_the_guide_by_real_input_at_1280x720
  PASS  test_the_guide_by_real_input_at_1920x1080
CI_SUITE_TIME {"assertions":122,"failures":0,"suite":"test_demo_guide_live.gd","tests":2,"usec":32916452}
test_demo_hall.gd
  PASS  test_the_upgrade_is_req_set_136s_package_and_a_banner_is_the_decoration_row
  PASS  test_rows_map_to_projects_and_back
  PASS  test_a_load_is_the_carriers_capacity_at_the_materials_mass
  PASS  test_req_set_126_refunds_all_before_work_and_eighty_percent_after_floored
  PASS  test_comfort_fuel_and_the_feasts_seats
  PASS  test_the_unlock_is_one_data_constant_the_first_harvest
  PASS  test_the_upgrade_is_refused_while_locked_then_planned_once
  PASS  test_building_starts_only_once_everything_is_delivered
  PASS  test_the_upgrade_raises_tier_2_once_and_a_second_is_refused
  PASS  test_a_cancel_before_work_gives_everything_back
  PASS  test_a_cancel_after_work_gives_eighty_percent_back
  PASS  test_a_cancel_brings_back_a_load_still_in_arms
  PASS  test_a_finished_project_cannot_be_cancelled
  PASS  test_reservations_never_take_from_the_stores_and_lifting_takes_what_is_there
  PASS  test_what_is_reserved_is_no_longer_outstanding
  PASS  test_every_milli_u_is_conserved_through_a_round_and_a_return
  PASS  test_four_banners_at_most_and_their_comfort
  PASS  test_progress_reads_delivery_then_work
  PASS  test_the_tapestry_weaves_entries_in_date_order
  PASS  test_the_tapestry_refuses_in_words
  PASS  test_the_tapestry_cuts_long_words
  PASS  test_builders_carry_the_upgrade_in_and_raise_the_great_hall
  PASS  test_a_place_waits_only_while_there_is_something_to_do
  PASS  test_a_carrier_called_away_puts_its_load_back_and_comes_back_to_it
  PASS  test_a_carrier_that_finds_the_stores_empty_carries_nothing
  PASS  test_letting_a_builder_go_never_hands_it_the_project_again
  PASS  test_a_cancelled_project_is_not_taken_back_after_it_is_planned_again
  PASS  test_the_players_pause_and_reassign
  PASS  test_releasing_a_project_returns_every_load
  PASS  test_a_builder_in_the_water_or_held_is_not_eligible
  PASS  test_the_work_board_lists_the_hall_and_hands_it_out
  PASS  test_a_place_with_nothing_to_do_shows_why_on_the_board
  PASS  test_the_panel_says_what_the_hall_gives_and_where_the_upgrade_stands
  PASS  test_the_panels_buttons_follow_the_projects
  PASS  test_the_open_panel_follows_the_work_and_its_cancel_terms
  PASS  test_the_banner_and_stock_lines
  PASS  test_the_view_shows_each_stage
  PASS  test_the_tapestry_panel_draws_every_entry
  PASS  test_with_no_art_staged_the_tapestry_keeps_its_drawn_cloth
  PASS  test_the_staged_ground_is_the_cloth_and_each_kind_wears_its_emblem
  PASS  test_the_field_is_the_area_inside_the_border_on_the_picture_and_the_cloth
  PASS  test_the_hall_weaves_its_history_and_opens_with_the_first_harvest
  PASS  test_the_hall_plans_cancels_and_answers_the_gathering_query
  PASS  test_cancelling_puts_a_load_in_arms_back
  PASS  test_the_hall_tells_a_finished_project
  PASS  test_watching_allocates_nothing_once_settled
CI_SUITE_TIME {"assertions":384,"failures":0,"suite":"test_demo_hall.gd","tests":46,"usec":1123907}
test_demo_handoffs.gd
  PASS  test_a_surface_hand_stays_on_the_crew_over_each_boundary_in_either_cast_order
  PASS  test_the_crew_stays_on_over_each_boundary_at_four_times
  PASS  test_the_crew_follows_a_level_two_dig_over_its_crossing
  PASS  test_a_crew_left_behind_two_segments_moves_on_to_the_one_being_dug
  PASS  test_a_member_below_stays_on_the_crew_over_each_boundary
  PASS  test_a_dig_ending_on_the_surface_takes_the_saved_job_back_up
  PASS  test_a_dig_ending_underground_takes_the_saved_job_back_up
  PASS  test_a_dig_finished_at_night_keeps_the_job_for_the_morning
  PASS  test_a_new_order_while_stepping_clear_is_obeyed_not_overridden
  PASS  test_an_order_while_walking_out_below_is_obeyed_not_overridden
  PASS  test_the_players_release_mid_dig_still_forgets_the_saved_jobs
  PASS  test_a_node_cut_off_before_the_mouth_is_reached_is_refused_with_a_reason
  PASS  test_a_spoil_worker_walled_off_from_the_heap_digs_nothing_from_afar
  PASS  test_a_paused_spoil_worker_says_it_cannot_reach_it
  PASS  test_a_basket_with_nowhere_reachable_to_tip_is_kept_then_put_back
  PASS  test_a_worker_called_away_with_an_undelivered_basket_puts_it_back
  PASS  test_a_spoil_worker_pushed_off_its_spot_stops_digging
  PASS  test_a_basket_whose_walk_out_failed_goes_back_to_the_pile
  PASS  test_a_basket_is_tipped_only_at_its_tip_spot
  PASS  test_a_bridge_builder_walled_off_from_the_material_loads_nothing_and_says_so
  PASS  test_a_bridge_refused_its_spot_names_the_builder_it_was_given_to
EXPECTED ERROR: demo cast: no actor -1 (of 6)
   at: push_error (core/variant/variant_utility.cpp:1023)
   GDScript backtrace (most recent call first):
       [0] actor (res://demo/cast/demo_cast.gd:179)
       [1] test_a_resident_index_that_names_nobody_is_refused (res://test/test_demo_handoffs.gd:778)
       [2] _run_test (res://test/run_tests.gd:194)
       [3] _run_suite (res://test/run_tests.gd:168)
       [4] _run_suite (/home/runner/work/redwall-rts/redwall-rts/tools/ci_test_shard_runner.gd:30)
       [5] _run_worker (res://test/run_tests.gd:121)
       [6] _initialize (res://test/run_tests.gd:108)
EXPECTED ERROR: demo cast: no actor 6 (of 6)
   at: push_error (core/variant/variant_utility.cpp:1023)
   GDScript backtrace (most recent call first):
       [0] actor (res://demo/cast/demo_cast.gd:179)
       [1] test_a_resident_index_that_names_nobody_is_refused (res://test/test_demo_handoffs.gd:779)
       [2] _run_test (res://test/run_tests.gd:194)
       [3] _run_suite (res://test/run_tests.gd:168)
       [4] _run_suite (/home/runner/work/redwall-rts/redwall-rts/tools/ci_test_shard_runner.gd:30)
       [5] _run_worker (res://test/run_tests.gd:121)
       [6] _initialize (res://test/run_tests.gd:108)
EXPECTED ERROR: bridge crew: no resident -1 to name
   at: push_error (core/variant/variant_utility.cpp:1023)
   GDScript backtrace (most recent call first):
       [0] name_of (res://demo/waterplay/bridge_crew.gd:645)
       [1] test_a_resident_index_that_names_nobody_is_refused (res://test/test_demo_handoffs.gd:781)
       [2] _run_test (res://test/run_tests.gd:194)
       [3] _run_suite (res://test/run_tests.gd:168)
       [4] _run_suite (/home/runner/work/redwall-rts/redwall-rts/tools/ci_test_shard_runner.gd:30)
       [5] _run_worker (res://test/run_tests.gd:121)
       [6] _initialize (res://test/run_tests.gd:108)
  PASS  test_a_resident_index_that_names_nobody_is_refused
  PASS  test_a_connection_between_bores_is_dug_with_every_mouth_taken
  PASS  test_a_piece_needing_a_mouth_is_refused_naming_the_mouths
  PASS  test_the_dig_tool_refuses_only_when_no_piece_could_fit_naming_what_ran_out
  PASS  test_the_dig_tools_card_refuses_as_the_tool_does
  PASS  test_an_unreached_bridge_says_so_while_the_crew_leaves_it
CI_SUITE_TIME {"assertions":212,"failures":0,"suite":"test_demo_handoffs.gd","tests":27,"usec":16183753}
test_demo_p7_assets.gd
  PASS  test_the_underground_props_are_sized_by_their_rule
  PASS  test_a_model_in_parts_is_staged_only_with_every_part
  PASS  test_every_part_shares_the_whole_model_s_fit
  PASS  test_fitted_bakes_the_fit_into_one_mesh_with_its_materials
  PASS  test_the_staged_hand_lantern_glows_from_its_panes
  PASS  test_the_staged_basket_is_the_library_s_and_holds_its_spoil_at_the_rim
  PASS  test_the_staged_hanging_stores_hang_string_by_string_from_the_beam
  PASS  test_the_hanging_stores_back_meets_the_ring_beam
  PASS  test_the_root_bin_rug_chimney_and_large_bed_swap_in_where_staged
  PASS  test_a_door_swings_open_for_a_resident_below_and_shuts_behind
  PASS  test_a_dug_home_hangs_its_door_leaf_on_a_hinge_at_the_cutting_s_foot
  PASS  test_the_cutting_follows_the_ramp_down_to_the_portal_and_its_throat
  PASS  test_the_ground_is_cut_by_the_cutting_s_footprint_and_conserved
  PASS  test_a_replaced_ground_is_read_again_as_uncut
  PASS  test_a_dug_tunnel_opens_its_mouths_and_cuts_the_ground_over_them
  PASS  test_a_walker_is_in_the_open_cutting_until_the_bore_goes_under
  PASS  test_nobody_is_sent_to_stand_over_an_open_cutting
  PASS  test_a_resident_in_the_cutting_is_drawn_on_the_surface_too
  PASS  test_the_stairs_have_timber_treads_with_a_nosing_over_their_risers
  PASS  test_a_walk_crouches_where_the_resident_stoops_and_a_dig_swings
  PASS  test_a_mouse_crouches_in_a_bore_and_a_mole_walks_upright
  PASS  test_the_dig_swings_once_a_strike_landing_on_the_cut
  PASS  test_a_quick_dig_swings_back_to_back_with_a_rest_between
  PASS  test_the_prewarm_covers_every_new_prop_s_material
  PASS  test_a_hole_moved_or_wound_the_other_way_is_cut_again
  PASS  test_the_cutting_s_width_floor_and_ends
  PASS  test_an_exit_s_cutting_a_planned_mouth_and_a_room_being_dug
  PASS  test_the_staged_arch_s_forecourt_is_its_piers_width
  PASS  test_a_whole_model_has_no_parts_and_a_parted_one_its_whole_bound
  PASS  test_a_digger_strikes_only_at_an_underground_face
  PASS  test_the_swing_plays_once_and_the_walks_loop
  PASS  test_a_cellar_s_hatch_has_no_cutting_and_heaps_keep_off_a_cutting_s_banks
  PASS  test_a_new_face_begun_within_a_frame_is_owed_its_first_swing
  PASS  test_a_hole_splits_no_triangle_it_misses_and_leaves_no_slivers
CI_SUITE_TIME {"assertions":969,"failures":0,"suite":"test_demo_p7_assets.gd","tests":34,"usec":254422}
test_demo_people_ui.gd
EXPECTED WARNING: demo cast: mouse_keeper has no loadable body; using a placeholder
     at: push_warning (core/variant/variant_utility.cpp:1033)
     GDScript backtrace (most recent call first):
         [0] setup_creature (res://demo/cast/demo_actor.gd:211)
         [1] build (res://demo/cast/demo_cast.gd:159)
         [2] _rig (res://test/test_demo_people_ui.gd:88)
         [3] test_the_same_person_on_the_roster_the_panel_work_and_news (res://test/test_demo_people_ui.gd:149)
         [4] _run_test (res://test/run_tests.gd:194)
         [5] _run_suite (res://test/run_tests.gd:168)
         [6] _run_suite (/home/runner/work/redwall-rts/redwall-rts/tools/ci_test_shard_runner.gd:30)
         [7] _run_worker (res://test/run_tests.gd:121)
         [8] _initialize (res://test/run_tests.gd:108)
EXPECTED WARNING: demo cast: mouse_fieldworker has no loadable body; using a placeholder
     at: push_warning (core/variant/variant_utility.cpp:1033)
     GDScript backtrace (most recent call first):
         [0] setup_creature (res://demo/cast/demo_actor.gd:211)
         [1] build (res://demo/cast/demo_cast.gd:159)
         [2] _rig (res://test/test_demo_people_ui.gd:88)
         [3] test_the_same_person_on_the_roster_the_panel_work_and_news (res://test/test_demo_people_ui.gd:149)
         [4] _run_test (res://test/run_tests.gd:194)
         [5] _run_suite (res://test/run_tests.gd:168)
         [6] _run_suite (/home/runner/work/redwall-rts/redwall-rts/tools/ci_test_shard_runner.gd:30)
         [7] _run_worker (res://test/run_tests.gd:121)
         [8] _initialize (res://test/run_tests.gd:108)
EXPECTED WARNING: demo cast: squirrel_gatherer has no loadable body; using a placeholder
     at: push_warning (core/variant/variant_utility.cpp:1033)
     GDScript backtrace (most recent call first):
         [0] setup_creature (res://demo/cast/demo_actor.gd:211)
         [1] build (res://demo/cast/demo_cast.gd:159)
         [2] _rig (res://test/test_demo_people_ui.gd:88)
         [3] test_the_same_person_on_the_roster_the_panel_work_and_news (res://test/test_demo_people_ui.gd:149)
         [4] _run_test (res://test/run_tests.gd:194)
         [5] _run_suite (res://test/run_tests.gd:168)
         [6] _run_suite (/home/runner/work/redwall-rts/redwall-rts/tools/ci_test_shard_runner.gd:30)
         [7] _run_worker (res://test/run_tests.gd:121)
         [8] _initialize (res://test/run_tests.gd:108)
EXPECTED WARNING: demo cast: squirrel_forester has no loadable body; using a placeholder
     at: push_warning (core/variant/variant_utility.cpp:1033)
     GDScript backtrace (most recent call first):
         [0] setup_creature (res://demo/cast/demo_actor.gd:211)
         [1] build (res://demo/cast/demo_cast.gd:159)
         [2] _rig (res://test/test_demo_people_ui.gd:88)
         [3] test_the_same_person_on_the_roster_the_panel_work_and_news (res://test/test_demo_people_ui.gd:149)
         [4] _run_test (res://test/run_tests.gd:194)
         [5] _run_suite (res://test/run_tests.gd:168)
         [6] _run_suite (/home/runner/work/redwall-rts/redwall-rts/tools/ci_test_shard_runner.gd:30)
         [7] _run_worker (res://test/run_tests.gd:121)
         [8] _initialize (res://test/run_tests.gd:108)
EXPECTED WARNING: demo cast: otter_boatwright has no loadable body; using a placeholder
     at: push_warning (core/variant/variant_utility.cpp:1033)
     GDScript backtrace (most recent call first):
         [0] setup_creature (res://demo/cast/demo_actor.gd:211)
         [1] build (res://demo/cast/demo_cast.gd:159)
         [2] _rig (res://test/test_demo_people_ui.gd:88)
         [3] test_the_same_person_on_the_roster_the_panel_work_and_news (res://test/test_demo_people_ui.gd:149)
         [4] _run_test (res://test/run_tests.gd:194)
         [5] _run_suite (res://test/run_tests.gd:168)
         [6] _run_suite (/home/runner/work/redwall-rts/redwall-rts/tools/ci_test_shard_runner.gd:30)
         [7] _run_worker (res://test/run_tests.gd:121)
         [8] _initialize (res://test/run_tests.gd:108)
EXPECTED WARNING: demo cast: otter_fisher has no loadable body; using a placeholder
     at: push_warning (core/variant/variant_utility.cpp:1033)
     GDScript backtrace (most recent call first):
         [0] setup_creature (res://demo/cast/demo_actor.gd:211)
         [1] build (res://demo/cast/demo_cast.gd:159)
         [2] _rig (res://test/test_demo_people_ui.gd:88)
         [3] test_the_same_person_on_the_roster_the_panel_work_and_news (res://test/test_demo_people_ui.gd:149)
         [4] _run_test (res://test/run_tests.gd:194)
         [5] _run_suite (res://test/run_tests.gd:168)
         [6] _run_suite (/home/runner/work/redwall-rts/redwall-rts/tools/ci_test_shard_runner.gd:30)
         [7] _run_worker (res://test/run_tests.gd:121)
         [8] _initialize (res://test/run_tests.gd:108)
EXPECTED WARNING: demo cast: mole_digger has no loadable body; using a placeholder
     at: push_warning (core/variant/variant_utility.cpp:1033)
     GDScript backtrace (most recent call first):
         [0] setup_creature (res://demo/cast/demo_actor.gd:211)
         [1] build (res://demo/cast/demo_cast.gd:159)
         [2] _rig (res://test/test_demo_people_ui.gd:88)
         [3] test_the_same_person_on_the_roster_the_panel_work_and_news (res://test/test_demo_people_ui.gd:149)
         [4] _run_test (res://test/run_tests.gd:194)
         [5] _run_suite (res://test/run_tests.gd:168)
         [6] _run_suite (/home/runner/work/redwall-rts/redwall-rts/tools/ci_test_shard_runner.gd:30)
         [7] _run_worker (res://test/run_tests.gd:121)
         [8] _initialize (res://test/run_tests.gd:108)
EXPECTED WARNING: demo cast: badger_quarryman has no loadable body; using a placeholder
     at: push_warning (core/variant/variant_utility.cpp:1033)
     GDScript backtrace (most recent call first):
         [0] setup_creature (res://demo/cast/demo_actor.gd:211)
         [1] build (res://demo/cast/demo_cast.gd:159)
         [2] _rig (res://test/test_demo_people_ui.gd:88)
         [3] test_the_same_person_on_the_roster_the_panel_work_and_news (res://test/test_demo_people_ui.gd:149)
         [4] _run_test (res://test/run_tests.gd:194)
         [5] _run_suite (res://test/run_tests.gd:168)
         [6] _run_suite (/home/runner/work/redwall-rts/redwall-rts/tools/ci_test_shard_runner.gd:30)
         [7] _run_worker (res://test/run_tests.gd:121)
         [8] _initialize (res://test/run_tests.gd:108)
EXPECTED WARNING: demo cast: beaver_bridgewright has no loadable body; using a placeholder
     at: push_warning (core/variant/variant_utility.cpp:1033)
     GDScript backtrace (most recent call first):
         [0] setup_creature (res://demo/cast/demo_actor.gd:211)
         [1] build (res://demo/cast/demo_cast.gd:159)
         [2] _rig (res://test/test_demo_people_ui.gd:88)
         [3] test_the_same_person_on_the_roster_the_panel_work_and_news (res://test/test_demo_people_ui.gd:149)
         [4] _run_test (res://test/run_tests.gd:194)
         [5] _run_suite (res://test/run_tests.gd:168)
         [6] _run_suite (/home/runner/work/redwall-rts/redwall-rts/tools/ci_test_shard_runner.gd:30)
         [7] _run_worker (res://test/run_tests.gd:121)
         [8] _initialize (res://test/run_tests.gd:108)
  PASS  test_the_same_person_on_the_roster_the_panel_work_and_news
EXPECTED WARNING: demo cast: mouse_keeper has no loadable body; using a placeholder
     at: push_warning (core/variant/variant_utility.cpp:1033)
     GDScript backtrace (most recent call first):
         [0] setup_creature (res://demo/cast/demo_actor.gd:211)
         [1] build (res://demo/cast/demo_cast.gd:159)
         [2] _rig (res://test/test_demo_people_ui.gd:88)
         [3] test_names_reach_the_action_cards_crews_and_feeds (res://test/test_demo_people_ui.gd:174)
         [4] _run_test (res://test/run_tests.gd:194)
         [5] _run_suite (res://test/run_tests.gd:168)
         [6] _run_suite (/home/runner/work/redwall-rts/redwall-rts/tools/ci_test_shard_runner.gd:30)
         [7] _run_worker (res://test/run_tests.gd:121)
         [8] _initialize (res://test/run_tests.gd:108)
EXPECTED WARNING: demo cast: mouse_fieldworker has no loadable body; using a placeholder
     at: push_warning (core/variant/variant_utility.cpp:1033)
     GDScript backtrace (most recent call first):
         [0] setup_creature (res://demo/cast/demo_actor.gd:211)
         [1] build (res://demo/cast/demo_cast.gd:159)
         [2] _rig (res://test/test_demo_people_ui.gd:88)
         [3] test_names_reach_the_action_cards_crews_and_feeds (res://test/test_demo_people_ui.gd:174)
         [4] _run_test (res://test/run_tests.gd:194)
         [5] _run_suite (res://test/run_tests.gd:168)
         [6] _run_suite (/home/runner/work/redwall-rts/redwall-rts/tools/ci_test_shard_runner.gd:30)
         [7] _run_worker (res://test/run_tests.gd:121)
         [8] _initialize (res://test/run_tests.gd:108)
EXPECTED WARNING: demo cast: squirrel_gatherer has no loadable body; using a placeholder
     at: push_warning (core/variant/variant_utility.cpp:1033)
     GDScript backtrace (most recent call first):
         [0] setup_creature (res://demo/cast/demo_actor.gd:211)
         [1] build (res://demo/cast/demo_cast.gd:159)
         [2] _rig (res://test/test_demo_people_ui.gd:88)
         [3] test_names_reach_the_action_cards_crews_and_feeds (res://test/test_demo_people_ui.gd:174)
         [4] _run_test (res://test/run_tests.gd:194)
         [5] _run_suite (res://test/run_tests.gd:168)
         [6] _run_suite (/home/runner/work/redwall-rts/redwall-rts/tools/ci_test_shard_runner.gd:30)
         [7] _run_worker (res://test/run_tests.gd:121)
         [8] _initialize (res://test/run_tests.gd:108)
EXPECTED WARNING: demo cast: squirrel_forester has no loadable body; using a placeholder
     at: push_warning (core/variant/variant_utility.cpp:1033)
     GDScript backtrace (most recent call first):
         [0] setup_creature (res://demo/cast/demo_actor.gd:211)
         [1] build (res://demo/cast/demo_cast.gd:159)
         [2] _rig (res://test/test_demo_people_ui.gd:88)
         [3] test_names_reach_the_action_cards_crews_and_feeds (res://test/test_demo_people_ui.gd:174)
         [4] _run_test (res://test/run_tests.gd:194)
         [5] _run_suite (res://test/run_tests.gd:168)
         [6] _run_suite (/home/runner/work/redwall-rts/redwall-rts/tools/ci_test_shard_runner.gd:30)
         [7] _run_worker (res://test/run_tests.gd:121)
         [8] _initialize (res://test/run_tests.gd:108)
EXPECTED WARNING: demo cast: otter_boatwright has no loadable body; using a placeholder
     at: push_warning (core/variant/variant_utility.cpp:1033)
     GDScript backtrace (most recent call first):
         [0] setup_creature (res://demo/cast/demo_actor.gd:211)
         [1] build (res://demo/cast/demo_cast.gd:159)
         [2] _rig (res://test/test_demo_people_ui.gd:88)
         [3] test_names_reach_the_action_cards_crews_and_feeds (res://test/test_demo_people_ui.gd:174)
         [4] _run_test (res://test/run_tests.gd:194)
         [5] _run_suite (res://test/run_tests.gd:168)
         [6] _run_suite (/home/runner/work/redwall-rts/redwall-rts/tools/ci_test_shard_runner.gd:30)
         [7] _run_worker (res://test/run_tests.gd:121)
         [8] _initialize (res://test/run_tests.gd:108)
EXPECTED WARNING: demo cast: otter_fisher has no loadable body; using a placeholder
     at: push_warning (core/variant/variant_utility.cpp:1033)
     GDScript backtrace (most recent call first):
         [0] setup_creature (res://demo/cast/demo_actor.gd:211)
         [1] build (res://demo/cast/demo_cast.gd:159)
         [2] _rig (res://test/test_demo_people_ui.gd:88)
         [3] test_names_reach_the_action_cards_crews_and_feeds (res://test/test_demo_people_ui.gd:174)
         [4] _run_test (res://test/run_tests.gd:194)
         [5] _run_suite (res://test/run_tests.gd:168)
         [6] _run_suite (/home/runner/work/redwall-rts/redwall-rts/tools/ci_test_shard_runner.gd:30)
         [7] _run_worker (res://test/run_tests.gd:121)
         [8] _initialize (res://test/run_tests.gd:108)
EXPECTED WARNING: demo cast: mole_digger has no loadable body; using a placeholder
     at: push_warning (core/variant/variant_utility.cpp:1033)
     GDScript backtrace (most recent call first):
         [0] setup_creature (res://demo/cast/demo_actor.gd:211)
         [1] build (res://demo/cast/demo_cast.gd:159)
         [2] _rig (res://test/test_demo_people_ui.gd:88)
         [3] test_names_reach_the_action_cards_crews_and_feeds (res://test/test_demo_people_ui.gd:174)
         [4] _run_test (res://test/run_tests.gd:194)
         [5] _run_suite (res://test/run_tests.gd:168)
         [6] _run_suite (/home/runner/work/redwall-rts/redwall-rts/tools/ci_test_shard_runner.gd:30)
         [7] _run_worker (res://test/run_tests.gd:121)
         [8] _initialize (res://test/run_tests.gd:108)
EXPECTED WARNING: demo cast: badger_quarryman has no loadable body; using a placeholder
     at: push_warning (core/variant/variant_utility.cpp:1033)
     GDScript backtrace (most recent call first):
         [0] setup_creature (res://demo/cast/demo_actor.gd:211)
         [1] build (res://demo/cast/demo_cast.gd:159)
         [2] _rig (res://test/test_demo_people_ui.gd:88)
         [3] test_names_reach_the_action_cards_crews_and_feeds (res://test/test_demo_people_ui.gd:174)
         [4] _run_test (res://test/run_tests.gd:194)
         [5] _run_suite (res://test/run_tests.gd:168)
         [6] _run_suite (/home/runner/work/redwall-rts/redwall-rts/tools/ci_test_shard_runner.gd:30)
         [7] _run_worker (res://test/run_tests.gd:121)
         [8] _initialize (res://test/run_tests.gd:108)
EXPECTED WARNING: demo cast: beaver_bridgewright has no loadable body; using a placeholder
     at: push_warning (core/variant/variant_utility.cpp:1033)
     GDScript backtrace (most recent call first):
         [0] setup_creature (res://demo/cast/demo_actor.gd:211)
         [1] build (res://demo/cast/demo_cast.gd:159)
         [2] _rig (res://test/test_demo_people_ui.gd:88)
         [3] test_names_reach_the_action_cards_crews_and_feeds (res://test/test_demo_people_ui.gd:174)
         [4] _run_test (res://test/run_tests.gd:194)
         [5] _run_suite (res://test/run_tests.gd:168)
         [6] _run_suite (/home/runner/work/redwall-rts/redwall-rts/tools/ci_test_shard_runner.gd:30)
         [7] _run_worker (res://test/run_tests.gd:121)
         [8] _initialize (res://test/run_tests.gd:108)
  PASS  test_names_reach_the_action_cards_crews_and_feeds
EXPECTED WARNING: demo cast: mouse_keeper has no loadable body; using a placeholder
     at: push_warning (core/variant/variant_utility.cpp:1033)
     GDScript backtrace (most recent call first):
         [0] setup_creature (res://demo/cast/demo_actor.gd:211)
         [1] build (res://demo/cast/demo_cast.gd:159)
         [2] _rig (res://test/test_demo_people_ui.gd:88)
         [3] test_a_notable_resident_is_starred_on_the_roster_only (res://test/test_demo_people_ui.gd:195)
         [4] _run_test (res://test/run_tests.gd:194)
         [5] _run_suite (res://test/run_tests.gd:168)
         [6] _run_suite (/home/runner/work/redwall-rts/redwall-rts/tools/ci_test_shard_runner.gd:30)
         [7] _run_worker (res://test/run_tests.gd:121)
         [8] _initialize (res://test/run_tests.gd:108)
EXPECTED WARNING: demo cast: mouse_fieldworker has no loadable body; using a placeholder
     at: push_warning (core/variant/variant_utility.cpp:1033)
     GDScript backtrace (most recent call first):
         [0] setup_creature (res://demo/cast/demo_actor.gd:211)
         [1] build (res://demo/cast/demo_cast.gd:159)
         [2] _rig (res://test/test_demo_people_ui.gd:88)
         [3] test_a_notable_resident_is_starred_on_the_roster_only (res://test/test_demo_people_ui.gd:195)
         [4] _run_test (res://test/run_tests.gd:194)
         [5] _run_suite (res://test/run_tests.gd:168)
         [6] _run_suite (/home/runner/work/redwall-rts/redwall-rts/tools/ci_test_shard_runner.gd:30)
         [7] _run_worker (res://test/run_tests.gd:121)
         [8] _initialize (res://test/run_tests.gd:108)
EXPECTED WARNING: demo cast: squirrel_gatherer has no loadable body; using a placeholder
     at: push_warning (core/variant/variant_utility.cpp:1033)
     GDScript backtrace (most recent call first):
         [0] setup_creature (res://demo/cast/demo_actor.gd:211)
         [1] build (res://demo/cast/demo_cast.gd:159)
         [2] _rig (res://test/test_demo_people_ui.gd:88)
         [3] test_a_notable_resident_is_starred_on_the_roster_only (res://test/test_demo_people_ui.gd:195)
         [4] _run_test (res://test/run_tests.gd:194)
         [5] _run_suite (res://test/run_tests.gd:168)
         [6] _run_suite (/home/runner/work/redwall-rts/redwall-rts/tools/ci_test_shard_runner.gd:30)
         [7] _run_worker (res://test/run_tests.gd:121)
         [8] _initialize (res://test/run_tests.gd:108)
EXPECTED WARNING: demo cast: squirrel_forester has no loadable body; using a placeholder
     at: push_warning (core/variant/variant_utility.cpp:1033)
     GDScript backtrace (most recent call first):
         [0] setup_creature (res://demo/cast/demo_actor.gd:211)
         [1] build (res://demo/cast/demo_cast.gd:159)
         [2] _rig (res://test/test_demo_people_ui.gd:88)
         [3] test_a_notable_resident_is_starred_on_the_roster_only (res://test/test_demo_people_ui.gd:195)
         [4] _run_test (res://test/run_tests.gd:194)
         [5] _run_suite (res://test/run_tests.gd:168)
         [6] _run_suite (/home/runner/work/redwall-rts/redwall-rts/tools/ci_test_shard_runner.gd:30)
         [7] _run_worker (res://test/run_tests.gd:121)
         [8] _initialize (res://test/run_tests.gd:108)
EXPECTED WARNING: demo cast: otter_boatwright has no loadable body; using a placeholder
     at: push_warning (core/variant/variant_utility.cpp:1033)
     GDScript backtrace (most recent call first):
         [0] setup_creature (res://demo/cast/demo_actor.gd:211)
         [1] build (res://demo/cast/demo_cast.gd:159)
         [2] _rig (res://test/test_demo_people_ui.gd:88)
         [3] test_a_notable_resident_is_starred_on_the_roster_only (res://test/test_demo_people_ui.gd:195)
         [4] _run_test (res://test/run_tests.gd:194)
         [5] _run_suite (res://test/run_tests.gd:168)
         [6] _run_suite (/home/runner/work/redwall-rts/redwall-rts/tools/ci_test_shard_runner.gd:30)
         [7] _run_worker (res://test/run_tests.gd:121)
         [8] _initialize (res://test/run_tests.gd:108)
EXPECTED WARNING: demo cast: otter_fisher has no loadable body; using a placeholder
     at: push_warning (core/variant/variant_utility.cpp:1033)
     GDScript backtrace (most recent call first):
         [0] setup_creature (res://demo/cast/demo_actor.gd:211)
         [1] build (res://demo/cast/demo_cast.gd:159)
         [2] _rig (res://test/test_demo_people_ui.gd:88)
         [3] test_a_notable_resident_is_starred_on_the_roster_only (res://test/test_demo_people_ui.gd:195)
         [4] _run_test (res://test/run_tests.gd:194)
         [5] _run_suite (res://test/run_tests.gd:168)
         [6] _run_suite (/home/runner/work/redwall-rts/redwall-rts/tools/ci_test_shard_runner.gd:30)
         [7] _run_worker (res://test/run_tests.gd:121)
         [8] _initialize (res://test/run_tests.gd:108)
EXPECTED WARNING: demo cast: mole_digger has no loadable body; using a placeholder
     at: push_warning (core/variant/variant_utility.cpp:1033)
     GDScript backtrace (most recent call first):
         [0] setup_creature (res://demo/cast/demo_actor.gd:211)
         [1] build (res://demo/cast/demo_cast.gd:159)
         [2] _rig (res://test/test_demo_people_ui.gd:88)
         [3] test_a_notable_resident_is_starred_on_the_roster_only (res://test/test_demo_people_ui.gd:195)
         [4] _run_test (res://test/run_tests.gd:194)
         [5] _run_suite (res://test/run_tests.gd:168)
         [6] _run_suite (/home/runner/work/redwall-rts/redwall-rts/tools/ci_test_shard_runner.gd:30)
         [7] _run_worker (res://test/run_tests.gd:121)
         [8] _initialize (res://test/run_tests.gd:108)
EXPECTED WARNING: demo cast: badger_quarryman has no loadable body; using a placeholder
     at: push_warning (core/variant/variant_utility.cpp:1033)
     GDScript backtrace (most recent call first):
         [0] setup_creature (res://demo/cast/demo_actor.gd:211)
         [1] build (res://demo/cast/demo_cast.gd:159)
         [2] _rig (res://test/test_demo_people_ui.gd:88)
         [3] test_a_notable_resident_is_starred_on_the_roster_only (res://test/test_demo_people_ui.gd:195)
         [4] _run_test (res://test/run_tests.gd:194)
         [5] _run_suite (res://test/run_tests.gd:168)
         [6] _run_suite (/home/runner/work/redwall-rts/redwall-rts/tools/ci_test_shard_runner.gd:30)
         [7] _run_worker (res://test/run_tests.gd:121)
         [8] _initialize (res://test/run_tests.gd:108)
EXPECTED WARNING: demo cast: beaver_bridgewright has no loadable body; using a placeholder
     at: push_warning (core/variant/variant_utility.cpp:1033)
     GDScript backtrace (most recent call first):
         [0] setup_creature (res://demo/cast/demo_actor.gd:211)
         [1] build (res://demo/cast/demo_cast.gd:159)
         [2] _rig (res://test/test_demo_people_ui.gd:88)
         [3] test_a_notable_resident_is_starred_on_the_roster_only (res://test/test_demo_people_ui.gd:195)
         [4] _run_test (res://test/run_tests.gd:194)
         [5] _run_suite (res://test/run_tests.gd:168)
         [6] _run_suite (/home/runner/work/redwall-rts/redwall-rts/tools/ci_test_shard_runner.gd:30)
         [7] _run_worker (res://test/run_tests.gd:121)
         [8] _initialize (res://test/run_tests.gd:108)
  PASS  test_a_notable_resident_is_starred_on_the_roster_only
EXPECTED WARNING: demo cast: mouse_keeper has no loadable body; using a placeholder
     at: push_warning (core/variant/variant_utility.cpp:1033)
     GDScript backtrace (most recent call first):
         [0] setup_creature (res://demo/cast/demo_actor.gd:211)
         [1] build (res://demo/cast/demo_cast.gd:159)
         [2] _rig (res://test/test_demo_people_ui.gd:88)
         [3] test_the_inspector_shows_skills_as_meters_and_keeps_details_optional (res://test/test_demo_people_ui.gd:209)
         [4] _run_test (res://test/run_tests.gd:194)
         [5] _run_suite (res://test/run_tests.gd:168)
         [6] _run_suite (/home/runner/work/redwall-rts/redwall-rts/tools/ci_test_shard_runner.gd:30)
         [7] _run_worker (res://test/run_tests.gd:121)
         [8] _initialize (res://test/run_tests.gd:108)
EXPECTED WARNING: demo cast: mouse_fieldworker has no loadable body; using a placeholder
     at: push_warning (core/variant/variant_utility.cpp:1033)
     GDScript backtrace (most recent call first):
         [0] setup_creature (res://demo/cast/demo_actor.gd:211)
         [1] build (res://demo/cast/demo_cast.gd:159)
         [2] _rig (res://test/test_demo_people_ui.gd:88)
         [3] test_the_inspector_shows_skills_as_meters_and_keeps_details_optional (res://test/test_demo_people_ui.gd:209)
         [4] _run_test (res://test/run_tests.gd:194)
         [5] _run_suite (res://test/run_tests.gd:168)
         [6] _run_suite (/home/runner/work/redwall-rts/redwall-rts/tools/ci_test_shard_runner.gd:30)
         [7] _run_worker (res://test/run_tests.gd:121)
         [8] _initialize (res://test/run_tests.gd:108)
EXPECTED WARNING: demo cast: squirrel_gatherer has no loadable body; using a placeholder
     at: push_warning (core/variant/variant_utility.cpp:1033)
     GDScript backtrace (most recent call first):
         [0] setup_creature (res://demo/cast/demo_actor.gd:211)
         [1] build (res://demo/cast/demo_cast.gd:159)
         [2] _rig (res://test/test_demo_people_ui.gd:88)
         [3] test_the_inspector_shows_skills_as_meters_and_keeps_details_optional (res://test/test_demo_people_ui.gd:209)
         [4] _run_test (res://test/run_tests.gd:194)
         [5] _run_suite (res://test/run_tests.gd:168)
         [6] _run_suite (/home/runner/work/redwall-rts/redwall-rts/tools/ci_test_shard_runner.gd:30)
         [7] _run_worker (res://test/run_tests.gd:121)
         [8] _initialize (res://test/run_tests.gd:108)
EXPECTED WARNING: demo cast: squirrel_forester has no loadable body; using a placeholder
     at: push_warning (core/variant/variant_utility.cpp:1033)
     GDScript backtrace (most recent call first):
         [0] setup_creature (res://demo/cast/demo_actor.gd:211)
         [1] build (res://demo/cast/demo_cast.gd:159)
         [2] _rig (res://test/test_demo_people_ui.gd:88)
         [3] test_the_inspector_shows_skills_as_meters_and_keeps_details_optional (res://test/test_demo_people_ui.gd:209)
         [4] _run_test (res://test/run_tests.gd:194)
         [5] _run_suite (res://test/run_tests.gd:168)
         [6] _run_suite (/home/runner/work/redwall-rts/redwall-rts/tools/ci_test_shard_runner.gd:30)
         [7] _run_worker (res://test/run_tests.gd:121)
         [8] _initialize (res://test/run_tests.gd:108)
EXPECTED WARNING: demo cast: otter_boatwright has no loadable body; using a placeholder
     at: push_warning (core/variant/variant_utility.cpp:1033)
     GDScript backtrace (most recent call first):
         [0] setup_creature (res://demo/cast/demo_actor.gd:211)
         [1] build (res://demo/cast/demo_cast.gd:159)
         [2] _rig (res://test/test_demo_people_ui.gd:88)
         [3] test_the_inspector_shows_skills_as_meters_and_keeps_details_optional (res://test/test_demo_people_ui.gd:209)
         [4] _run_test (res://test/run_tests.gd:194)
         [5] _run_suite (res://test/run_tests.gd:168)
         [6] _run_suite (/home/runner/work/redwall-rts/redwall-rts/tools/ci_test_shard_runner.gd:30)
         [7] _run_worker (res://test/run_tests.gd:121)
         [8] _initialize (res://test/run_tests.gd:108)
EXPECTED WARNING: demo cast: otter_fisher has no loadable body; using a placeholder
     at: push_warning (core/variant/variant_utility.cpp:1033)
     GDScript backtrace (most recent call first):
         [0] setup_creature (res://demo/cast/demo_actor.gd:211)
         [1] build (res://demo/cast/demo_cast.gd:159)
         [2] _rig (res://test/test_demo_people_ui.gd:88)
         [3] test_the_inspector_shows_skills_as_meters_and_keeps_details_optional (res://test/test_demo_people_ui.gd:209)
         [4] _run_test (res://test/run_tests.gd:194)
         [5] _run_suite (res://test/run_tests.gd:168)
         [6] _run_suite (/home/runner/work/redwall-rts/redwall-rts/tools/ci_test_shard_runner.gd:30)
         [7] _run_worker (res://test/run_tests.gd:121)
         [8] _initialize (res://test/run_tests.gd:108)
EXPECTED WARNING: demo cast: mole_digger has no loadable body; using a placeholder
     at: push_warning (core/variant/variant_utility.cpp:1033)
     GDScript backtrace (most recent call first):
         [0] setup_creature (res://demo/cast/demo_actor.gd:211)
         [1] build (res://demo/cast/demo_cast.gd:159)
         [2] _rig (res://test/test_demo_people_ui.gd:88)
         [3] test_the_inspector_shows_skills_as_meters_and_keeps_details_optional (res://test/test_demo_people_ui.gd:209)
         [4] _run_test (res://test/run_tests.gd:194)
         [5] _run_suite (res://test/run_tests.gd:168)
         [6] _run_suite (/home/runner/work/redwall-rts/redwall-rts/tools/ci_test_shard_runner.gd:30)
         [7] _run_worker (res://test/run_tests.gd:121)
         [8] _initialize (res://test/run_tests.gd:108)
EXPECTED WARNING: demo cast: badger_quarryman has no loadable body; using a placeholder
     at: push_warning (core/variant/variant_utility.cpp:1033)
     GDScript backtrace (most recent call first):
         [0] setup_creature (res://demo/cast/demo_actor.gd:211)
         [1] build (res://demo/cast/demo_cast.gd:159)
         [2] _rig (res://test/test_demo_people_ui.gd:88)
         [3] test_the_inspector_shows_skills_as_meters_and_keeps_details_optional (res://test/test_demo_people_ui.gd:209)
         [4] _run_test (res://test/run_tests.gd:194)
         [5] _run_suite (res://test/run_tests.gd:168)
         [6] _run_suite (/home/runner/work/redwall-rts/redwall-rts/tools/ci_test_shard_runner.gd:30)
         [7] _run_worker (res://test/run_tests.gd:121)
         [8] _initialize (res://test/run_tests.gd:108)
EXPECTED WARNING: demo cast: beaver_bridgewright has no loadable body; using a placeholder
     at: push_warning (core/variant/variant_utility.cpp:1033)
     GDScript backtrace (most recent call first):
         [0] setup_creature (res://demo/cast/demo_actor.gd:211)
         [1] build (res://demo/cast/demo_cast.gd:159)
         [2] _rig (res://test/test_demo_people_ui.gd:88)
         [3] test_the_inspector_shows_skills_as_meters_and_keeps_details_optional (res://test/test_demo_people_ui.gd:209)
         [4] _run_test (res://test/run_tests.gd:194)
         [5] _run_suite (res://test/run_tests.gd:168)
         [6] _run_suite (/home/runner/work/redwall-rts/redwall-rts/tools/ci_test_shard_runner.gd:30)
         [7] _run_worker (res://test/run_tests.gd:121)
         [8] _initialize (res://test/run_tests.gd:108)
  PASS  test_the_inspector_shows_skills_as_meters_and_keeps_details_optional
EXPECTED WARNING: demo cast: mouse_keeper has no loadable body; using a placeholder
     at: push_warning (core/variant/variant_utility.cpp:1033)
     GDScript backtrace (most recent call first):
         [0] setup_creature (res://demo/cast/demo_actor.gd:211)
         [1] build (res://demo/cast/demo_cast.gd:159)
         [2] _rig (res://test/test_demo_people_ui.gd:88)
         [3] test_moments_go_to_their_place_and_person (res://test/test_demo_people_ui.gd:238)
         [4] _run_test (res://test/run_tests.gd:194)
         [5] _run_suite (res://test/run_tests.gd:168)
         [6] _run_suite (/home/runner/work/redwall-rts/redwall-rts/tools/ci_test_shard_runner.gd:30)
         [7] _run_worker (res://test/run_tests.gd:121)
         [8] _initialize (res://test/run_tests.gd:108)
EXPECTED WARNING: demo cast: mouse_fieldworker has no loadable body; using a placeholder
     at: push_warning (core/variant/variant_utility.cpp:1033)
     GDScript backtrace (most recent call first):
         [0] setup_creature (res://demo/cast/demo_actor.gd:211)
         [1] build (res://demo/cast/demo_cast.gd:159)
         [2] _rig (res://test/test_demo_people_ui.gd:88)
         [3] test_moments_go_to_their_place_and_person (res://test/test_demo_people_ui.gd:238)
         [4] _run_test (res://test/run_tests.gd:194)
         [5] _run_suite (res://test/run_tests.gd:168)
         [6] _run_suite (/home/runner/work/redwall-rts/redwall-rts/tools/ci_test_shard_runner.gd:30)
         [7] _run_worker (res://test/run_tests.gd:121)
         [8] _initialize (res://test/run_tests.gd:108)
EXPECTED WARNING: demo cast: squirrel_gatherer has no loadable body; using a placeholder
     at: push_warning (core/variant/variant_utility.cpp:1033)
     GDScript backtrace (most recent call first):
         [0] setup_creature (res://demo/cast/demo_actor.gd:211)
         [1] build (res://demo/cast/demo_cast.gd:159)
         [2] _rig (res://test/test_demo_people_ui.gd:88)
         [3] test_moments_go_to_their_place_and_person (res://test/test_demo_people_ui.gd:238)
         [4] _run_test (res://test/run_tests.gd:194)
         [5] _run_suite (res://test/run_tests.gd:168)
         [6] _run_suite (/home/runner/work/redwall-rts/redwall-rts/tools/ci_test_shard_runner.gd:30)
         [7] _run_worker (res://test/run_tests.gd:121)
         [8] _initialize (res://test/run_tests.gd:108)
EXPECTED WARNING: demo cast: squirrel_forester has no loadable body; using a placeholder
     at: push_warning (core/variant/variant_utility.cpp:1033)
     GDScript backtrace (most recent call first):
         [0] setup_creature (res://demo/cast/demo_actor.gd:211)
         [1] build (res://demo/cast/demo_cast.gd:159)
         [2] _rig (res://test/test_demo_people_ui.gd:88)
         [3] test_moments_go_to_their_place_and_person (res://test/test_demo_people_ui.gd:238)
         [4] _run_test (res://test/run_tests.gd:194)
         [5] _run_suite (res://test/run_tests.gd:168)
         [6] _run_suite (/home/runner/work/redwall-rts/redwall-rts/tools/ci_test_shard_runner.gd:30)
         [7] _run_worker (res://test/run_tests.gd:121)
         [8] _initialize (res://test/run_tests.gd:108)
EXPECTED WARNING: demo cast: otter_boatwright has no loadable body; using a placeholder
     at: push_warning (core/variant/variant_utility.cpp:1033)
     GDScript backtrace (most recent call first):
         [0] setup_creature (res://demo/cast/demo_actor.gd:211)
         [1] build (res://demo/cast/demo_cast.gd:159)
         [2] _rig (res://test/test_demo_people_ui.gd:88)
         [3] test_moments_go_to_their_place_and_person (res://test/test_demo_people_ui.gd:238)
         [4] _run_test (res://test/run_tests.gd:194)
         [5] _run_suite (res://test/run_tests.gd:168)
         [6] _run_suite (/home/runner/work/redwall-rts/redwall-rts/tools/ci_test_shard_runner.gd:30)
         [7] _run_worker (res://test/run_tests.gd:121)
         [8] _initialize (res://test/run_tests.gd:108)
EXPECTED WARNING: demo cast: otter_fisher has no loadable body; using a placeholder
     at: push_warning (core/variant/variant_utility.cpp:1033)
     GDScript backtrace (most recent call first):
         [0] setup_creature (res://demo/cast/demo_actor.gd:211)
         [1] build (res://demo/cast/demo_cast.gd:159)
         [2] _rig (res://test/test_demo_people_ui.gd:88)
         [3] test_moments_go_to_their_place_and_person (res://test/test_demo_people_ui.gd:238)
         [4] _run_test (res://test/run_tests.gd:194)
         [5] _run_suite (res://test/run_tests.gd:168)
         [6] _run_suite (/home/runner/work/redwall-rts/redwall-rts/tools/ci_test_shard_runner.gd:30)
         [7] _run_worker (res://test/run_tests.gd:121)
         [8] _initialize (res://test/run_tests.gd:108)
EXPECTED WARNING: demo cast: mole_digger has no loadable body; using a placeholder
     at: push_warning (core/variant/variant_utility.cpp:1033)
     GDScript backtrace (most recent call first):
         [0] setup_creature (res://demo/cast/demo_actor.gd:211)
         [1] build (res://demo/cast/demo_cast.gd:159)
         [2] _rig (res://test/test_demo_people_ui.gd:88)
         [3] test_moments_go_to_their_place_and_person (res://test/test_demo_people_ui.gd:238)
         [4] _run_test (res://test/run_tests.gd:194)
         [5] _run_suite (res://test/run_tests.gd:168)
         [6] _run_suite (/home/runner/work/redwall-rts/redwall-rts/tools/ci_test_shard_runner.gd:30)
         [7] _run_worker (res://test/run_tests.gd:121)
         [8] _initialize (res://test/run_tests.gd:108)
EXPECTED WARNING: demo cast: badger_quarryman has no loadable body; using a placeholder
     at: push_warning (core/variant/variant_utility.cpp:1033)
     GDScript backtrace (most recent call first):
         [0] setup_creature (res://demo/cast/demo_actor.gd:211)
         [1] build (res://demo/cast/demo_cast.gd:159)
         [2] _rig (res://test/test_demo_people_ui.gd:88)
         [3] test_moments_go_to_their_place_and_person (res://test/test_demo_people_ui.gd:238)
         [4] _run_test (res://test/run_tests.gd:194)
         [5] _run_suite (res://test/run_tests.gd:168)
         [6] _run_suite (/home/runner/work/redwall-rts/redwall-rts/tools/ci_test_shard_runner.gd:30)
         [7] _run_worker (res://test/run_tests.gd:121)
         [8] _initialize (res://test/run_tests.gd:108)
EXPECTED WARNING: demo cast: beaver_bridgewright has no loadable body; using a placeholder
     at: push_warning (core/variant/variant_utility.cpp:1033)
     GDScript backtrace (most recent call first):
         [0] setup_creature (res://demo/cast/demo_actor.gd:211)
         [1] build (res://demo/cast/demo_cast.gd:159)
         [2] _rig (res://test/test_demo_people_ui.gd:88)
         [3] test_moments_go_to_their_place_and_person (res://test/test_demo_people_ui.gd:238)
         [4] _run_test (res://test/run_tests.gd:194)
         [5] _run_suite (res://test/run_tests.gd:168)
         [6] _run_suite (/home/runner/work/redwall-rts/redwall-rts/tools/ci_test_shard_runner.gd:30)
         [7] _run_worker (res://test/run_tests.gd:121)
         [8] _initialize (res://test/run_tests.gd:108)
  PASS  test_moments_go_to_their_place_and_person
EXPECTED WARNING: demo cast: mouse_keeper has no loadable body; using a placeholder
     at: push_warning (core/variant/variant_utility.cpp:1033)
     GDScript backtrace (most recent call first):
         [0] setup_creature (res://demo/cast/demo_actor.gd:211)
         [1] build (res://demo/cast/demo_cast.gd:159)
         [2] _rig (res://test/test_demo_people_ui.gd:88)
         [3] test_the_notable_pin_in_the_inspector (res://test/test_demo_people_ui.gd:277)
         [4] _run_test (res://test/run_tests.gd:194)
         [5] _run_suite (res://test/run_tests.gd:168)
         [6] _run_suite (/home/runner/work/redwall-rts/redwall-rts/tools/ci_test_shard_runner.gd:30)
         [7] _run_worker (res://test/run_tests.gd:121)
         [8] _initialize (res://test/run_tests.gd:108)
EXPECTED WARNING: demo cast: mouse_fieldworker has no loadable body; using a placeholder
     at: push_warning (core/variant/variant_utility.cpp:1033)
     GDScript backtrace (most recent call first):
         [0] setup_creature (res://demo/cast/demo_actor.gd:211)
         [1] build (res://demo/cast/demo_cast.gd:159)
         [2] _rig (res://test/test_demo_people_ui.gd:88)
         [3] test_the_notable_pin_in_the_inspector (res://test/test_demo_people_ui.gd:277)
         [4] _run_test (res://test/run_tests.gd:194)
         [5] _run_suite (res://test/run_tests.gd:168)
         [6] _run_suite (/home/runner/work/redwall-rts/redwall-rts/tools/ci_test_shard_runner.gd:30)
         [7] _run_worker (res://test/run_tests.gd:121)
         [8] _initialize (res://test/run_tests.gd:108)
EXPECTED WARNING: demo cast: squirrel_gatherer has no loadable body; using a placeholder
     at: push_warning (core/variant/variant_utility.cpp:1033)
     GDScript backtrace (most recent call first):
         [0] setup_creature (res://demo/cast/demo_actor.gd:211)
         [1] build (res://demo/cast/demo_cast.gd:159)
         [2] _rig (res://test/test_demo_people_ui.gd:88)
         [3] test_the_notable_pin_in_the_inspector (res://test/test_demo_people_ui.gd:277)
         [4] _run_test (res://test/run_tests.gd:194)
         [5] _run_suite (res://test/run_tests.gd:168)
         [6] _run_suite (/home/runner/work/redwall-rts/redwall-rts/tools/ci_test_shard_runner.gd:30)
         [7] _run_worker (res://test/run_tests.gd:121)
         [8] _initialize (res://test/run_tests.gd:108)
EXPECTED WARNING: demo cast: squirrel_forester has no loadable body; using a placeholder
     at: push_warning (core/variant/variant_utility.cpp:1033)
     GDScript backtrace (most recent call first):
         [0] setup_creature (res://demo/cast/demo_actor.gd:211)
         [1] build (res://demo/cast/demo_cast.gd:159)
         [2] _rig (res://test/test_demo_people_ui.gd:88)
         [3] test_the_notable_pin_in_the_inspector (res://test/test_demo_people_ui.gd:277)
         [4] _run_test (res://test/run_tests.gd:194)
         [5] _run_suite (res://test/run_tests.gd:168)
         [6] _run_suite (/home/runner/work/redwall-rts/redwall-rts/tools/ci_test_shard_runner.gd:30)
         [7] _run_worker (res://test/run_tests.gd:121)
         [8] _initialize (res://test/run_tests.gd:108)
EXPECTED WARNING: demo cast: otter_boatwright has no loadable body; using a placeholder
     at: push_warning (core/variant/variant_utility.cpp:1033)
     GDScript backtrace (most recent call first):
         [0] setup_creature (res://demo/cast/demo_actor.gd:211)
         [1] build (res://demo/cast/demo_cast.gd:159)
         [2] _rig (res://test/test_demo_people_ui.gd:88)
         [3] test_the_notable_pin_in_the_inspector (res://test/test_demo_people_ui.gd:277)
         [4] _run_test (res://test/run_tests.gd:194)
         [5] _run_suite (res://test/run_tests.gd:168)
         [6] _run_suite (/home/runner/work/redwall-rts/redwall-rts/tools/ci_test_shard_runner.gd:30)
         [7] _run_worker (res://test/run_tests.gd:121)
         [8] _initialize (res://test/run_tests.gd:108)
EXPECTED WARNING: demo cast: otter_fisher has no loadable body; using a placeholder
     at: push_warning (core/variant/variant_utility.cpp:1033)
     GDScript backtrace (most recent call first):
         [0] setup_creature (res://demo/cast/demo_actor.gd:211)
         [1] build (res://demo/cast/demo_cast.gd:159)
         [2] _rig (res://test/test_demo_people_ui.gd:88)
         [3] test_the_notable_pin_in_the_inspector (res://test/test_demo_people_ui.gd:277)
         [4] _run_test (res://test/run_tests.gd:194)
         [5] _run_suite (res://test/run_tests.gd:168)
         [6] _run_suite (/home/runner/work/redwall-rts/redwall-rts/tools/ci_test_shard_runner.gd:30)
         [7] _run_worker (res://test/run_tests.gd:121)
         [8] _initialize (res://test/run_tests.gd:108)
EXPECTED WARNING: demo cast: mole_digger has no loadable body; using a placeholder
     at: push_warning (core/variant/variant_utility.cpp:1033)
     GDScript backtrace (most recent call first):
         [0] setup_creature (res://demo/cast/demo_actor.gd:211)
         [1] build (res://demo/cast/demo_cast.gd:159)
         [2] _rig (res://test/test_demo_people_ui.gd:88)
         [3] test_the_notable_pin_in_the_inspector (res://test/test_demo_people_ui.gd:277)
         [4] _run_test (res://test/run_tests.gd:194)
         [5] _run_suite (res://test/run_tests.gd:168)
         [6] _run_suite (/home/runner/work/redwall-rts/redwall-rts/tools/ci_test_shard_runner.gd:30)
         [7] _run_worker (res://test/run_tests.gd:121)
         [8] _initialize (res://test/run_tests.gd:108)
EXPECTED WARNING: demo cast: badger_quarryman has no loadable body; using a placeholder
     at: push_warning (core/variant/variant_utility.cpp:1033)
     GDScript backtrace (most recent call first):
         [0] setup_creature (res://demo/cast/demo_actor.gd:211)
         [1] build (res://demo/cast/demo_cast.gd:159)
         [2] _rig (res://test/test_demo_people_ui.gd:88)
         [3] test_the_notable_pin_in_the_inspector (res://test/test_demo_people_ui.gd:277)
         [4] _run_test (res://test/run_tests.gd:194)
         [5] _run_suite (res://test/run_tests.gd:168)
         [6] _run_suite (/home/runner/work/redwall-rts/redwall-rts/tools/ci_test_shard_runner.gd:30)
         [7] _run_worker (res://test/run_tests.gd:121)
         [8] _initialize (res://test/run_tests.gd:108)
EXPECTED WARNING: demo cast: beaver_bridgewright has no loadable body; using a placeholder
     at: push_warning (core/variant/variant_utility.cpp:1033)
     GDScript backtrace (most recent call first):
         [0] setup_creature (res://demo/cast/demo_actor.gd:211)
         [1] build (res://demo/cast/demo_cast.gd:159)
         [2] _rig (res://test/test_demo_people_ui.gd:88)
         [3] test_the_notable_pin_in_the_inspector (res://test/test_demo_people_ui.gd:277)
         [4] _run_test (res://test/run_tests.gd:194)
         [5] _run_suite (res://test/run_tests.gd:168)
         [6] _run_suite (/home/runner/work/redwall-rts/redwall-rts/tools/ci_test_shard_runner.gd:30)
         [7] _run_worker (res://test/run_tests.gd:121)
         [8] _initialize (res://test/run_tests.gd:108)
  PASS  test_the_notable_pin_in_the_inspector
EXPECTED WARNING: demo cast: mouse_keeper has no loadable body; using a placeholder
     at: push_warning (core/variant/variant_utility.cpp:1033)
     GDScript backtrace (most recent call first):
         [0] setup_creature (res://demo/cast/demo_actor.gd:211)
         [1] build (res://demo/cast/demo_cast.gd:159)
         [2] _rig (res://test/test_demo_people_ui.gd:88)
         [3] test_why_names_the_owner_that_has_the_resident (res://test/test_demo_people_ui.gd:295)
         [4] _run_test (res://test/run_tests.gd:194)
         [5] _run_suite (res://test/run_tests.gd:168)
         [6] _run_suite (/home/runner/work/redwall-rts/redwall-rts/tools/ci_test_shard_runner.gd:30)
         [7] _run_worker (res://test/run_tests.gd:121)
         [8] _initialize (res://test/run_tests.gd:108)
EXPECTED WARNING: demo cast: mouse_fieldworker has no loadable body; using a placeholder
     at: push_warning (core/variant/variant_utility.cpp:1033)
     GDScript backtrace (most recent call first):
         [0] setup_creature (res://demo/cast/demo_actor.gd:211)
         [1] build (res://demo/cast/demo_cast.gd:159)
         [2] _rig (res://test/test_demo_people_ui.gd:88)
         [3] test_why_names_the_owner_that_has_the_resident (res://test/test_demo_people_ui.gd:295)
         [4] _run_test (res://test/run_tests.gd:194)
         [5] _run_suite (res://test/run_tests.gd:168)
         [6] _run_suite (/home/runner/work/redwall-rts/redwall-rts/tools/ci_test_shard_runner.gd:30)
         [7] _run_worker (res://test/run_tests.gd:121)
         [8] _initialize (res://test/run_tests.gd:108)
EXPECTED WARNING: demo cast: squirrel_gatherer has no loadable body; using a placeholder
     at: push_warning (core/variant/variant_utility.cpp:1033)
     GDScript backtrace (most recent call first):
         [0] setup_creature (res://demo/cast/demo_actor.gd:211)
         [1] build (res://demo/cast/demo_cast.gd:159)
         [2] _rig (res://test/test_demo_people_ui.gd:88)
         [3] test_why_names_the_owner_that_has_the_resident (res://test/test_demo_people_ui.gd:295)
         [4] _run_test (res://test/run_tests.gd:194)
         [5] _run_suite (res://test/run_tests.gd:168)
         [6] _run_suite (/home/runner/work/redwall-rts/redwall-rts/tools/ci_test_shard_runner.gd:30)
         [7] _run_worker (res://test/run_tests.gd:121)
         [8] _initialize (res://test/run_tests.gd:108)
EXPECTED WARNING: demo cast: squirrel_forester has no loadable body; using a placeholder
     at: push_warning (core/variant/variant_utility.cpp:1033)
     GDScript backtrace (most recent call first):
         [0] setup_creature (res://demo/cast/demo_actor.gd:211)
         [1] build (res://demo/cast/demo_cast.gd:159)
         [2] _rig (res://test/test_demo_people_ui.gd:88)
         [3] test_why_names_the_owner_that_has_the_resident (res://test/test_demo_people_ui.gd:295)
         [4] _run_test (res://test/run_tests.gd:194)
         [5] _run_suite (res://test/run_tests.gd:168)
         [6] _run_suite (/home/runner/work/redwall-rts/redwall-rts/tools/ci_test_shard_runner.gd:30)
         [7] _run_worker (res://test/run_tests.gd:121)
         [8] _initialize (res://test/run_tests.gd:108)
EXPECTED WARNING: demo cast: otter_boatwright has no loadable body; using a placeholder
     at: push_warning (core/variant/variant_utility.cpp:1033)
     GDScript backtrace (most recent call first):
         [0] setup_creature (res://demo/cast/demo_actor.gd:211)
         [1] build (res://demo/cast/demo_cast.gd:159)
         [2] _rig (res://test/test_demo_people_ui.gd:88)
         [3] test_why_names_the_owner_that_has_the_resident (res://test/test_demo_people_ui.gd:295)
         [4] _run_test (res://test/run_tests.gd:194)
         [5] _run_suite (res://test/run_tests.gd:168)
         [6] _run_suite (/home/runner/work/redwall-rts/redwall-rts/tools/ci_test_shard_runner.gd:30)
         [7] _run_worker (res://test/run_tests.gd:121)
         [8] _initialize (res://test/run_tests.gd:108)
EXPECTED WARNING: demo cast: otter_fisher has no loadable body; using a placeholder
     at: push_warning (core/variant/variant_utility.cpp:1033)
     GDScript backtrace (most recent call first):
         [0] setup_creature (res://demo/cast/demo_actor.gd:211)
         [1] build (res://demo/cast/demo_cast.gd:159)
         [2] _rig (res://test/test_demo_people_ui.gd:88)
         [3] test_why_names_the_owner_that_has_the_resident (res://test/test_demo_people_ui.gd:295)
         [4] _run_test (res://test/run_tests.gd:194)
         [5] _run_suite (res://test/run_tests.gd:168)
         [6] _run_suite (/home/runner/work/redwall-rts/redwall-rts/tools/ci_test_shard_runner.gd:30)
         [7] _run_worker (res://test/run_tests.gd:121)
         [8] _initialize (res://test/run_tests.gd:108)
EXPECTED WARNING: demo cast: mole_digger has no loadable body; using a placeholder
     at: push_warning (core/variant/variant_utility.cpp:1033)
     GDScript backtrace (most recent call first):
         [0] setup_creature (res://demo/cast/demo_actor.gd:211)
         [1] build (res://demo/cast/demo_cast.gd:159)
         [2] _rig (res://test/test_demo_people_ui.gd:88)
         [3] test_why_names_the_owner_that_has_the_resident (res://test/test_demo_people_ui.gd:295)
         [4] _run_test (res://test/run_tests.gd:194)
         [5] _run_suite (res://test/run_tests.gd:168)
         [6] _run_suite (/home/runner/work/redwall-rts/redwall-rts/tools/ci_test_shard_runner.gd:30)
         [7] _run_worker (res://test/run_tests.gd:121)
         [8] _initialize (res://test/run_tests.gd:108)
EXPECTED WARNING: demo cast: badger_quarryman has no loadable body; using a placeholder
     at: push_warning (core/variant/variant_utility.cpp:1033)
     GDScript backtrace (most recent call first):
         [0] setup_creature (res://demo/cast/demo_actor.gd:211)
         [1] build (res://demo/cast/demo_cast.gd:159)
         [2] _rig (res://test/test_demo_people_ui.gd:88)
         [3] test_why_names_the_owner_that_has_the_resident (res://test/test_demo_people_ui.gd:295)
         [4] _run_test (res://test/run_tests.gd:194)
         [5] _run_suite (res://test/run_tests.gd:168)
         [6] _run_suite (/home/runner/work/redwall-rts/redwall-rts/tools/ci_test_shard_runner.gd:30)
         [7] _run_worker (res://test/run_tests.gd:121)
         [8] _initialize (res://test/run_tests.gd:108)
EXPECTED WARNING: demo cast: beaver_bridgewright has no loadable body; using a placeholder
     at: push_warning (core/variant/variant_utility.cpp:1033)
     GDScript backtrace (most recent call first):
         [0] setup_creature (res://demo/cast/demo_actor.gd:211)
         [1] build (res://demo/cast/demo_cast.gd:159)
         [2] _rig (res://test/test_demo_people_ui.gd:88)
         [3] test_why_names_the_owner_that_has_the_resident (res://test/test_demo_people_ui.gd:295)
         [4] _run_test (res://test/run_tests.gd:194)
         [5] _run_suite (res://test/run_tests.gd:168)
         [6] _run_suite (/home/runner/work/redwall-rts/redwall-rts/tools/ci_test_shard_runner.gd:30)
         [7] _run_worker (res://test/run_tests.gd:121)
         [8] _initialize (res://test/run_tests.gd:108)
  PASS  test_why_names_the_owner_that_has_the_resident
EXPECTED WARNING: demo cast: mouse_keeper has no loadable body; using a placeholder
     at: push_warning (core/variant/variant_utility.cpp:1033)
     GDScript backtrace (most recent call first):
         [0] setup_creature (res://demo/cast/demo_actor.gd:211)
         [1] build (res://demo/cast/demo_cast.gd:159)
         [2] _rig (res://test/test_demo_people_ui.gd:88)
         [3] test_a_distinctive_deed_offers_a_spotlight_once_and_pinning_changes_nothing_else (res://test/test_demo_people_ui.gd:322)
         [4] _run_test (res://test/run_tests.gd:194)
         [5] _run_suite (res://test/run_tests.gd:168)
         [6] _run_suite (/home/runner/work/redwall-rts/redwall-rts/tools/ci_test_shard_runner.gd:30)
         [7] _run_worker (res://test/run_tests.gd:121)
         [8] _initialize (res://test/run_tests.gd:108)
EXPECTED WARNING: demo cast: mouse_fieldworker has no loadable body; using a placeholder
     at: push_warning (core/variant/variant_utility.cpp:1033)
     GDScript backtrace (most recent call first):
         [0] setup_creature (res://demo/cast/demo_actor.gd:211)
         [1] build (res://demo/cast/demo_cast.gd:159)
         [2] _rig (res://test/test_demo_people_ui.gd:88)
         [3] test_a_distinctive_deed_offers_a_spotlight_once_and_pinning_changes_nothing_else (res://test/test_demo_people_ui.gd:322)
         [4] _run_test (res://test/run_tests.gd:194)
         [5] _run_suite (res://test/run_tests.gd:168)
         [6] _run_suite (/home/runner/work/redwall-rts/redwall-rts/tools/ci_test_shard_runner.gd:30)
         [7] _run_worker (res://test/run_tests.gd:121)
         [8] _initialize (res://test/run_tests.gd:108)
EXPECTED WARNING: demo cast: squirrel_gatherer has no loadable body; using a placeholder
     at: push_warning (core/variant/variant_utility.cpp:1033)
     GDScript backtrace (most recent call first):
         [0] setup_creature (res://demo/cast/demo_actor.gd:211)
         [1] build (res://demo/cast/demo_cast.gd:159)
         [2] _rig (res://test/test_demo_people_ui.gd:88)
         [3] test_a_distinctive_deed_offers_a_spotlight_once_and_pinning_changes_nothing_else (res://test/test_demo_people_ui.gd:322)
         [4] _run_test (res://test/run_tests.gd:194)
         [5] _run_suite (res://test/run_tests.gd:168)
         [6] _run_suite (/home/runner/work/redwall-rts/redwall-rts/tools/ci_test_shard_runner.gd:30)
         [7] _run_worker (res://test/run_tests.gd:121)
         [8] _initialize (res://test/run_tests.gd:108)
EXPECTED WARNING: demo cast: squirrel_forester has no loadable body; using a placeholder
     at: push_warning (core/variant/variant_utility.cpp:1033)
     GDScript backtrace (most recent call first):
         [0] setup_creature (res://demo/cast/demo_actor.gd:211)
         [1] build (res://demo/cast/demo_cast.gd:159)
         [2] _rig (res://test/test_demo_people_ui.gd:88)
         [3] test_a_distinctive_deed_offers_a_spotlight_once_and_pinning_changes_nothing_else (res://test/test_demo_people_ui.gd:322)
         [4] _run_test (res://test/run_tests.gd:194)
         [5] _run_suite (res://test/run_tests.gd:168)
         [6] _run_suite (/home/runner/work/redwall-rts/redwall-rts/tools/ci_test_shard_runner.gd:30)
         [7] _run_worker (res://test/run_tests.gd:121)
         [8] _initialize (res://test/run_tests.gd:108)
EXPECTED WARNING: demo cast: otter_boatwright has no loadable body; using a placeholder
     at: push_warning (core/variant/variant_utility.cpp:1033)
     GDScript backtrace (most recent call first):
         [0] setup_creature (res://demo/cast/demo_actor.gd:211)
         [1] build (res://demo/cast/demo_cast.gd:159)
         [2] _rig (res://test/test_demo_people_ui.gd:88)
         [3] test_a_distinctive_deed_offers_a_spotlight_once_and_pinning_changes_nothing_else (res://test/test_demo_people_ui.gd:322)
         [4] _run_test (res://test/run_tests.gd:194)
         [5] _run_suite (res://test/run_tests.gd:168)
         [6] _run_suite (/home/runner/work/redwall-rts/redwall-rts/tools/ci_test_shard_runner.gd:30)
         [7] _run_worker (res://test/run_tests.gd:121)
         [8] _initialize (res://test/run_tests.gd:108)
EXPECTED WARNING: demo cast: otter_fisher has no loadable body; using a placeholder
     at: push_warning (core/variant/variant_utility.cpp:1033)
     GDScript backtrace (most recent call first):
         [0] setup_creature (res://demo/cast/demo_actor.gd:211)
         [1] build (res://demo/cast/demo_cast.gd:159)
         [2] _rig (res://test/test_demo_people_ui.gd:88)
         [3] test_a_distinctive_deed_offers_a_spotlight_once_and_pinning_changes_nothing_else (res://test/test_demo_people_ui.gd:322)
         [4] _run_test (res://test/run_tests.gd:194)
         [5] _run_suite (res://test/run_tests.gd:168)
         [6] _run_suite (/home/runner/work/redwall-rts/redwall-rts/tools/ci_test_shard_runner.gd:30)
         [7] _run_worker (res://test/run_tests.gd:121)
         [8] _initialize (res://test/run_tests.gd:108)
EXPECTED WARNING: demo cast: mole_digger has no loadable body; using a placeholder
     at: push_warning (core/variant/variant_utility.cpp:1033)
     GDScript backtrace (most recent call first):
         [0] setup_creature (res://demo/cast/demo_actor.gd:211)
         [1] build (res://demo/cast/demo_cast.gd:159)
         [2] _rig (res://test/test_demo_people_ui.gd:88)
         [3] test_a_distinctive_deed_offers_a_spotlight_once_and_pinning_changes_nothing_else (res://test/test_demo_people_ui.gd:322)
         [4] _run_test (res://test/run_tests.gd:194)
         [5] _run_suite (res://test/run_tests.gd:168)
         [6] _run_suite (/home/runner/work/redwall-rts/redwall-rts/tools/ci_test_shard_runner.gd:30)
         [7] _run_worker (res://test/run_tests.gd:121)
         [8] _initialize (res://test/run_tests.gd:108)
EXPECTED WARNING: demo cast: badger_quarryman has no loadable body; using a placeholder
     at: push_warning (core/variant/variant_utility.cpp:1033)
     GDScript backtrace (most recent call first):
         [0] setup_creature (res://demo/cast/demo_actor.gd:211)
         [1] build (res://demo/cast/demo_cast.gd:159)
         [2] _rig (res://test/test_demo_people_ui.gd:88)
         [3] test_a_distinctive_deed_offers_a_spotlight_once_and_pinning_changes_nothing_else (res://test/test_demo_people_ui.gd:322)
         [4] _run_test (res://test/run_tests.gd:194)
         [5] _run_suite (res://test/run_tests.gd:168)
         [6] _run_suite (/home/runner/work/redwall-rts/redwall-rts/tools/ci_test_shard_runner.gd:30)
         [7] _run_worker (res://test/run_tests.gd:121)
         [8] _initialize (res://test/run_tests.gd:108)
EXPECTED WARNING: demo cast: beaver_bridgewright has no loadable body; using a placeholder
     at: push_warning (core/variant/variant_utility.cpp:1033)
     GDScript backtrace (most recent call first):
         [0] setup_creature (res://demo/cast/demo_actor.gd:211)
         [1] build (res://demo/cast/demo_cast.gd:159)
         [2] _rig (res://test/test_demo_people_ui.gd:88)
         [3] test_a_distinctive_deed_offers_a_spotlight_once_and_pinning_changes_nothing_else (res://test/test_demo_people_ui.gd:322)
         [4] _run_test (res://test/run_tests.gd:194)
         [5] _run_suite (res://test/run_tests.gd:168)
         [6] _run_suite (/home/runner/work/redwall-rts/redwall-rts/tools/ci_test_shard_runner.gd:30)
         [7] _run_worker (res://test/run_tests.gd:121)
         [8] _initialize (res://test/run_tests.gd:108)
  PASS  test_a_distinctive_deed_offers_a_spotlight_once_and_pinning_changes_nothing_else
EXPECTED WARNING: demo cast: mouse_keeper has no loadable body; using a placeholder
     at: push_warning (core/variant/variant_utility.cpp:1033)
     GDScript backtrace (most recent call first):
         [0] setup_creature (res://demo/cast/demo_actor.gd:211)
         [1] build (res://demo/cast/demo_cast.gd:159)
         [2] _rig (res://test/test_demo_people_ui.gd:88)
         [3] test_offers_queue_and_yield_to_the_incident_card (res://test/test_demo_people_ui.gd:354)
         [4] _run_test (res://test/run_tests.gd:194)
         [5] _run_suite (res://test/run_tests.gd:168)
         [6] _run_suite (/home/runner/work/redwall-rts/redwall-rts/tools/ci_test_shard_runner.gd:30)
         [7] _run_worker (res://test/run_tests.gd:121)
         [8] _initialize (res://test/run_tests.gd:108)
EXPECTED WARNING: demo cast: mouse_fieldworker has no loadable body; using a placeholder
     at: push_warning (core/variant/variant_utility.cpp:1033)
     GDScript backtrace (most recent call first):
         [0] setup_creature (res://demo/cast/demo_actor.gd:211)
         [1] build (res://demo/cast/demo_cast.gd:159)
         [2] _rig (res://test/test_demo_people_ui.gd:88)
         [3] test_offers_queue_and_yield_to_the_incident_card (res://test/test_demo_people_ui.gd:354)
         [4] _run_test (res://test/run_tests.gd:194)
         [5] _run_suite (res://test/run_tests.gd:168)
         [6] _run_suite (/home/runner/work/redwall-rts/redwall-rts/tools/ci_test_shard_runner.gd:30)
         [7] _run_worker (res://test/run_tests.gd:121)
         [8] _initialize (res://test/run_tests.gd:108)
EXPECTED WARNING: demo cast: squirrel_gatherer has no loadable body; using a placeholder
     at: push_warning (core/variant/variant_utility.cpp:1033)
     GDScript backtrace (most recent call first):
         [0] setup_creature (res://demo/cast/demo_actor.gd:211)
         [1] build (res://demo/cast/demo_cast.gd:159)
         [2] _rig (res://test/test_demo_people_ui.gd:88)
         [3] test_offers_queue_and_yield_to_the_incident_card (res://test/test_demo_people_ui.gd:354)
         [4] _run_test (res://test/run_tests.gd:194)
         [5] _run_suite (res://test/run_tests.gd:168)
         [6] _run_suite (/home/runner/work/redwall-rts/redwall-rts/tools/ci_test_shard_runner.gd:30)
         [7] _run_worker (res://test/run_tests.gd:121)
         [8] _initialize (res://test/run_tests.gd:108)
EXPECTED WARNING: demo cast: squirrel_forester has no loadable body; using a placeholder
     at: push_warning (core/variant/variant_utility.cpp:1033)
     GDScript backtrace (most recent call first):
         [0] setup_creature (res://demo/cast/demo_actor.gd:211)
         [1] build (res://demo/cast/demo_cast.gd:159)
         [2] _rig (res://test/test_demo_people_ui.gd:88)
         [3] test_offers_queue_and_yield_to_the_incident_card (res://test/test_demo_people_ui.gd:354)
         [4] _run_test (res://test/run_tests.gd:194)
         [5] _run_suite (res://test/run_tests.gd:168)
         [6] _run_suite (/home/runner/work/redwall-rts/redwall-rts/tools/ci_test_shard_runner.gd:30)
         [7] _run_worker (res://test/run_tests.gd:121)
         [8] _initialize (res://test/run_tests.gd:108)
EXPECTED WARNING: demo cast: otter_boatwright has no loadable body; using a placeholder
     at: push_warning (core/variant/variant_utility.cpp:1033)
     GDScript backtrace (most recent call first):
         [0] setup_creature (res://demo/cast/demo_actor.gd:211)
         [1] build (res://demo/cast/demo_cast.gd:159)
         [2] _rig (res://test/test_demo_people_ui.gd:88)
         [3] test_offers_queue_and_yield_to_the_incident_card (res://test/test_demo_people_ui.gd:354)
         [4] _run_test (res://test/run_tests.gd:194)
         [5] _run_suite (res://test/run_tests.gd:168)
         [6] _run_suite (/home/runner/work/redwall-rts/redwall-rts/tools/ci_test_shard_runner.gd:30)
         [7] _run_worker (res://test/run_tests.gd:121)
         [8] _initialize (res://test/run_tests.gd:108)
EXPECTED WARNING: demo cast: otter_fisher has no loadable body; using a placeholder
     at: push_warning (core/variant/variant_utility.cpp:1033)
     GDScript backtrace (most recent call first):
         [0] setup_creature (res://demo/cast/demo_actor.gd:211)
         [1] build (res://demo/cast/demo_cast.gd:159)
         [2] _rig (res://test/test_demo_people_ui.gd:88)
         [3] test_offers_queue_and_yield_to_the_incident_card (res://test/test_demo_people_ui.gd:354)
         [4] _run_test (res://test/run_tests.gd:194)
         [5] _run_suite (res://test/run_tests.gd:168)
         [6] _run_suite (/home/runner/work/redwall-rts/redwall-rts/tools/ci_test_shard_runner.gd:30)
         [7] _run_worker (res://test/run_tests.gd:121)
         [8] _initialize (res://test/run_tests.gd:108)
EXPECTED WARNING: demo cast: mole_digger has no loadable body; using a placeholder
     at: push_warning (core/variant/variant_utility.cpp:1033)
     GDScript backtrace (most recent call first):
         [0] setup_creature (res://demo/cast/demo_actor.gd:211)
         [1] build (res://demo/cast/demo_cast.gd:159)
         [2] _rig (res://test/test_demo_people_ui.gd:88)
         [3] test_offers_queue_and_yield_to_the_incident_card (res://test/test_demo_people_ui.gd:354)
         [4] _run_test (res://test/run_tests.gd:194)
         [5] _run_suite (res://test/run_tests.gd:168)
         [6] _run_suite (/home/runner/work/redwall-rts/redwall-rts/tools/ci_test_shard_runner.gd:30)
         [7] _run_worker (res://test/run_tests.gd:121)
         [8] _initialize (res://test/run_tests.gd:108)
EXPECTED WARNING: demo cast: badger_quarryman has no loadable body; using a placeholder
     at: push_warning (core/variant/variant_utility.cpp:1033)
     GDScript backtrace (most recent call first):
         [0] setup_creature (res://demo/cast/demo_actor.gd:211)
         [1] build (res://demo/cast/demo_cast.gd:159)
         [2] _rig (res://test/test_demo_people_ui.gd:88)
         [3] test_offers_queue_and_yield_to_the_incident_card (res://test/test_demo_people_ui.gd:354)
         [4] _run_test (res://test/run_tests.gd:194)
         [5] _run_suite (res://test/run_tests.gd:168)
         [6] _run_suite (/home/runner/work/redwall-rts/redwall-rts/tools/ci_test_shard_runner.gd:30)
         [7] _run_worker (res://test/run_tests.gd:121)
         [8] _initialize (res://test/run_tests.gd:108)
EXPECTED WARNING: demo cast: beaver_bridgewright has no loadable body; using a placeholder
     at: push_warning (core/variant/variant_utility.cpp:1033)
     GDScript backtrace (most recent call first):
         [0] setup_creature (res://demo/cast/demo_actor.gd:211)
         [1] build (res://demo/cast/demo_cast.gd:159)
         [2] _rig (res://test/test_demo_people_ui.gd:88)
         [3] test_offers_queue_and_yield_to_the_incident_card (res://test/test_demo_people_ui.gd:354)
         [4] _run_test (res://test/run_tests.gd:194)
         [5] _run_suite (res://test/run_tests.gd:168)
         [6] _run_suite (/home/runner/work/redwall-rts/redwall-rts/tools/ci_test_shard_runner.gd:30)
         [7] _run_worker (res://test/run_tests.gd:121)
         [8] _initialize (res://test/run_tests.gd:108)
  PASS  test_offers_queue_and_yield_to_the_incident_card
EXPECTED WARNING: demo cast: mouse_keeper has no loadable body; using a placeholder
     at: push_warning (core/variant/variant_utility.cpp:1033)
     GDScript backtrace (most recent call first):
         [0] setup_creature (res://demo/cast/demo_actor.gd:211)
         [1] build (res://demo/cast/demo_cast.gd:159)
         [2] _rig (res://test/test_demo_people_ui.gd:88)
         [3] test_a_season_s_end_offers_its_moments_to_pin_keep_or_dismiss (res://test/test_demo_people_ui.gd:375)
         [4] _run_test (res://test/run_tests.gd:194)
         [5] _run_suite (res://test/run_tests.gd:168)
         [6] _run_suite (/home/runner/work/redwall-rts/redwall-rts/tools/ci_test_shard_runner.gd:30)
         [7] _run_worker (res://test/run_tests.gd:121)
         [8] _initialize (res://test/run_tests.gd:108)
EXPECTED WARNING: demo cast: mouse_fieldworker has no loadable body; using a placeholder
     at: push_warning (core/variant/variant_utility.cpp:1033)
     GDScript backtrace (most recent call first):
         [0] setup_creature (res://demo/cast/demo_actor.gd:211)
         [1] build (res://demo/cast/demo_cast.gd:159)
         [2] _rig (res://test/test_demo_people_ui.gd:88)
         [3] test_a_season_s_end_offers_its_moments_to_pin_keep_or_dismiss (res://test/test_demo_people_ui.gd:375)
         [4] _run_test (res://test/run_tests.gd:194)
         [5] _run_suite (res://test/run_tests.gd:168)
         [6] _run_suite (/home/runner/work/redwall-rts/redwall-rts/tools/ci_test_shard_runner.gd:30)
         [7] _run_worker (res://test/run_tests.gd:121)
         [8] _initialize (res://test/run_tests.gd:108)
EXPECTED WARNING: demo cast: squirrel_gatherer has no loadable body; using a placeholder
     at: push_warning (core/variant/variant_utility.cpp:1033)
     GDScript backtrace (most recent call first):
         [0] setup_creature (res://demo/cast/demo_actor.gd:211)
         [1] build (res://demo/cast/demo_cast.gd:159)
         [2] _rig (res://test/test_demo_people_ui.gd:88)
         [3] test_a_season_s_end_offers_its_moments_to_pin_keep_or_dismiss (res://test/test_demo_people_ui.gd:375)
         [4] _run_test (res://test/run_tests.gd:194)
         [5] _run_suite (res://test/run_tests.gd:168)
         [6] _run_suite (/home/runner/work/redwall-rts/redwall-rts/tools/ci_test_shard_runner.gd:30)
         [7] _run_worker (res://test/run_tests.gd:121)
         [8] _initialize (res://test/run_tests.gd:108)
EXPECTED WARNING: demo cast: squirrel_forester has no loadable body; using a placeholder
     at: push_warning (core/variant/variant_utility.cpp:1033)
     GDScript backtrace (most recent call first):
         [0] setup_creature (res://demo/cast/demo_actor.gd:211)
         [1] build (res://demo/cast/demo_cast.gd:159)
         [2] _rig (res://test/test_demo_people_ui.gd:88)
         [3] test_a_season_s_end_offers_its_moments_to_pin_keep_or_dismiss (res://test/test_demo_people_ui.gd:375)
         [4] _run_test (res://test/run_tests.gd:194)
         [5] _run_suite (res://test/run_tests.gd:168)
         [6] _run_suite (/home/runner/work/redwall-rts/redwall-rts/tools/ci_test_shard_runner.gd:30)
         [7] _run_worker (res://test/run_tests.gd:121)
         [8] _initialize (res://test/run_tests.gd:108)
EXPECTED WARNING: demo cast: otter_boatwright has no loadable body; using a placeholder
     at: push_warning (core/variant/variant_utility.cpp:1033)
     GDScript backtrace (most recent call first):
         [0] setup_creature (res://demo/cast/demo_actor.gd:211)
         [1] build (res://demo/cast/demo_cast.gd:159)
         [2] _rig (res://test/test_demo_people_ui.gd:88)
         [3] test_a_season_s_end_offers_its_moments_to_pin_keep_or_dismiss (res://test/test_demo_people_ui.gd:375)
         [4] _run_test (res://test/run_tests.gd:194)
         [5] _run_suite (res://test/run_tests.gd:168)
         [6] _run_suite (/home/runner/work/redwall-rts/redwall-rts/tools/ci_test_shard_runner.gd:30)
         [7] _run_worker (res://test/run_tests.gd:121)
         [8] _initialize (res://test/run_tests.gd:108)
EXPECTED WARNING: demo cast: otter_fisher has no loadable body; using a placeholder
     at: push_warning (core/variant/variant_utility.cpp:1033)
     GDScript backtrace (most recent call first):
         [0] setup_creature (res://demo/cast/demo_actor.gd:211)
         [1] build (res://demo/cast/demo_cast.gd:159)
         [2] _rig (res://test/test_demo_people_ui.gd:88)
         [3] test_a_season_s_end_offers_its_moments_to_pin_keep_or_dismiss (res://test/test_demo_people_ui.gd:375)
         [4] _run_test (res://test/run_tests.gd:194)
         [5] _run_suite (res://test/run_tests.gd:168)
         [6] _run_suite (/home/runner/work/redwall-rts/redwall-rts/tools/ci_test_shard_runner.gd:30)
         [7] _run_worker (res://test/run_tests.gd:121)
         [8] _initialize (res://test/run_tests.gd:108)
EXPECTED WARNING: demo cast: mole_digger has no loadable body; using a placeholder
     at: push_warning (core/variant/variant_utility.cpp:1033)
     GDScript backtrace (most recent call first):
         [0] setup_creature (res://demo/cast/demo_actor.gd:211)
         [1] build (res://demo/cast/demo_cast.gd:159)
         [2] _rig (res://test/test_demo_people_ui.gd:88)
         [3] test_a_season_s_end_offers_its_moments_to_pin_keep_or_dismiss (res://test/test_demo_people_ui.gd:375)
         [4] _run_test (res://test/run_tests.gd:194)
         [5] _run_suite (res://test/run_tests.gd:168)
         [6] _run_suite (/home/runner/work/redwall-rts/redwall-rts/tools/ci_test_shard_runner.gd:30)
         [7] _run_worker (res://test/run_tests.gd:121)
         [8] _initialize (res://test/run_tests.gd:108)
EXPECTED WARNING: demo cast: badger_quarryman has no loadable body; using a placeholder
     at: push_warning (core/variant/variant_utility.cpp:1033)
     GDScript backtrace (most recent call first):
         [0] setup_creature (res://demo/cast/demo_actor.gd:211)
         [1] build (res://demo/cast/demo_cast.gd:159)
         [2] _rig (res://test/test_demo_people_ui.gd:88)
         [3] test_a_season_s_end_offers_its_moments_to_pin_keep_or_dismiss (res://test/test_demo_people_ui.gd:375)
         [4] _run_test (res://test/run_tests.gd:194)
         [5] _run_suite (res://test/run_tests.gd:168)
         [6] _run_suite (/home/runner/work/redwall-rts/redwall-rts/tools/ci_test_shard_runner.gd:30)
         [7] _run_worker (res://test/run_tests.gd:121)
         [8] _initialize (res://test/run_tests.gd:108)
EXPECTED WARNING: demo cast: beaver_bridgewright has no loadable body; using a placeholder
     at: push_warning (core/variant/variant_utility.cpp:1033)
     GDScript backtrace (most recent call first):
         [0] setup_creature (res://demo/cast/demo_actor.gd:211)
         [1] build (res://demo/cast/demo_cast.gd:159)
         [2] _rig (res://test/test_demo_people_ui.gd:88)
         [3] test_a_season_s_end_offers_its_moments_to_pin_keep_or_dismiss (res://test/test_demo_people_ui.gd:375)
         [4] _run_test (res://test/run_tests.gd:194)
         [5] _run_suite (res://test/run_tests.gd:168)
         [6] _run_suite (/home/runner/work/redwall-rts/redwall-rts/tools/ci_test_shard_runner.gd:30)
         [7] _run_worker (res://test/run_tests.gd:121)
         [8] _initialize (res://test/run_tests.gd:108)
  PASS  test_a_season_s_end_offers_its_moments_to_pin_keep_or_dismiss
EXPECTED WARNING: demo cast: mouse_keeper has no loadable body; using a placeholder
     at: push_warning (core/variant/variant_utility.cpp:1033)
     GDScript backtrace (most recent call first):
         [0] setup_creature (res://demo/cast/demo_actor.gd:211)
         [1] build (res://demo/cast/demo_cast.gd:159)
         [2] _rig (res://test/test_demo_people_ui.gd:88)
         [3] test_later_leaves_the_moments_uncurated (res://test/test_demo_people_ui.gd:410)
         [4] _run_test (res://test/run_tests.gd:194)
         [5] _run_suite (res://test/run_tests.gd:168)
         [6] _run_suite (/home/runner/work/redwall-rts/redwall-rts/tools/ci_test_shard_runner.gd:30)
         [7] _run_worker (res://test/run_tests.gd:121)
         [8] _initialize (res://test/run_tests.gd:108)
EXPECTED WARNING: demo cast: mouse_fieldworker has no loadable body; using a placeholder
     at: push_warning (core/variant/variant_utility.cpp:1033)
     GDScript backtrace (most recent call first):
         [0] setup_creature (res://demo/cast/demo_actor.gd:211)
         [1] build (res://demo/cast/demo_cast.gd:159)
         [2] _rig (res://test/test_demo_people_ui.gd:88)
         [3] test_later_leaves_the_moments_uncurated (res://test/test_demo_people_ui.gd:410)
         [4] _run_test (res://test/run_tests.gd:194)
         [5] _run_suite (res://test/run_tests.gd:168)
         [6] _run_suite (/home/runner/work/redwall-rts/redwall-rts/tools/ci_test_shard_runner.gd:30)
         [7] _run_worker (res://test/run_tests.gd:121)
         [8] _initialize (res://test/run_tests.gd:108)
EXPECTED WARNING: demo cast: squirrel_gatherer has no loadable body; using a placeholder
     at: push_warning (core/variant/variant_utility.cpp:1033)
     GDScript backtrace (most recent call first):
         [0] setup_creature (res://demo/cast/demo_actor.gd:211)
         [1] build (res://demo/cast/demo_cast.gd:159)
         [2] _rig (res://test/test_demo_people_ui.gd:88)
         [3] test_later_leaves_the_moments_uncurated (res://test/test_demo_people_ui.gd:410)
         [4] _run_test (res://test/run_tests.gd:194)
         [5] _run_suite (res://test/run_tests.gd:168)
         [6] _run_suite (/home/runner/work/redwall-rts/redwall-rts/tools/ci_test_shard_runner.gd:30)
         [7] _run_worker (res://test/run_tests.gd:121)
         [8] _initialize (res://test/run_tests.gd:108)
EXPECTED WARNING: demo cast: squirrel_forester has no loadable body; using a placeholder
     at: push_warning (core/variant/variant_utility.cpp:1033)
     GDScript backtrace (most recent call first):
         [0] setup_creature (res://demo/cast/demo_actor.gd:211)
         [1] build (res://demo/cast/demo_cast.gd:159)
         [2] _rig (res://test/test_demo_people_ui.gd:88)
         [3] test_later_leaves_the_moments_uncurated (res://test/test_demo_people_ui.gd:410)
         [4] _run_test (res://test/run_tests.gd:194)
         [5] _run_suite (res://test/run_tests.gd:168)
         [6] _run_suite (/home/runner/work/redwall-rts/redwall-rts/tools/ci_test_shard_runner.gd:30)
         [7] _run_worker (res://test/run_tests.gd:121)
         [8] _initialize (res://test/run_tests.gd:108)
EXPECTED WARNING: demo cast: otter_boatwright has no loadable body; using a placeholder
     at: push_warning (core/variant/variant_utility.cpp:1033)
     GDScript backtrace (most recent call first):
         [0] setup_creature (res://demo/cast/demo_actor.gd:211)
         [1] build (res://demo/cast/demo_cast.gd:159)
         [2] _rig (res://test/test_demo_people_ui.gd:88)
         [3] test_later_leaves_the_moments_uncurated (res://test/test_demo_people_ui.gd:410)
         [4] _run_test (res://test/run_tests.gd:194)
         [5] _run_suite (res://test/run_tests.gd:168)
         [6] _run_suite (/home/runner/work/redwall-rts/redwall-rts/tools/ci_test_shard_runner.gd:30)
         [7] _run_worker (res://test/run_tests.gd:121)
         [8] _initialize (res://test/run_tests.gd:108)
EXPECTED WARNING: demo cast: otter_fisher has no loadable body; using a placeholder
     at: push_warning (core/variant/variant_utility.cpp:1033)
     GDScript backtrace (most recent call first):
         [0] setup_creature (res://demo/cast/demo_actor.gd:211)
         [1] build (res://demo/cast/demo_cast.gd:159)
         [2] _rig (res://test/test_demo_people_ui.gd:88)
         [3] test_later_leaves_the_moments_uncurated (res://test/test_demo_people_ui.gd:410)
         [4] _run_test (res://test/run_tests.gd:194)
         [5] _run_suite (res://test/run_tests.gd:168)
         [6] _run_suite (/home/runner/work/redwall-rts/redwall-rts/tools/ci_test_shard_runner.gd:30)
         [7] _run_worker (res://test/run_tests.gd:121)
         [8] _initialize (res://test/run_tests.gd:108)
EXPECTED WARNING: demo cast: mole_digger has no loadable body; using a placeholder
     at: push_warning (core/variant/variant_utility.cpp:1033)
     GDScript backtrace (most recent call first):
         [0] setup_creature (res://demo/cast/demo_actor.gd:211)
         [1] build (res://demo/cast/demo_cast.gd:159)
         [2] _rig (res://test/test_demo_people_ui.gd:88)
         [3] test_later_leaves_the_moments_uncurated (res://test/test_demo_people_ui.gd:410)
         [4] _run_test (res://test/run_tests.gd:194)
         [5] _run_suite (res://test/run_tests.gd:168)
         [6] _run_suite (/home/runner/work/redwall-rts/redwall-rts/tools/ci_test_shard_runner.gd:30)
         [7] _run_worker (res://test/run_tests.gd:121)
         [8] _initialize (res://test/run_tests.gd:108)
EXPECTED WARNING: demo cast: badger_quarryman has no loadable body; using a placeholder
     at: push_warning (core/variant/variant_utility.cpp:1033)
     GDScript backtrace (most recent call first):
         [0] setup_creature (res://demo/cast/demo_actor.gd:211)
         [1] build (res://demo/cast/demo_cast.gd:159)
         [2] _rig (res://test/test_demo_people_ui.gd:88)
         [3] test_later_leaves_the_moments_uncurated (res://test/test_demo_people_ui.gd:410)
         [4] _run_test (res://test/run_tests.gd:194)
         [5] _run_suite (res://test/run_tests.gd:168)
         [6] _run_suite (/home/runner/work/redwall-rts/redwall-rts/tools/ci_test_shard_runner.gd:30)
         [7] _run_worker (res://test/run_tests.gd:121)
         [8] _initialize (res://test/run_tests.gd:108)
EXPECTED WARNING: demo cast: beaver_bridgewright has no loadable body; using a placeholder
     at: push_warning (core/variant/variant_utility.cpp:1033)
     GDScript backtrace (most recent call first):
         [0] setup_creature (res://demo/cast/demo_actor.gd:211)
         [1] build (res://demo/cast/demo_cast.gd:159)
         [2] _rig (res://test/test_demo_people_ui.gd:88)
         [3] test_later_leaves_the_moments_uncurated (res://test/test_demo_people_ui.gd:410)
         [4] _run_test (res://test/run_tests.gd:194)
         [5] _run_suite (res://test/run_tests.gd:168)
         [6] _run_suite (/home/runner/work/redwall-rts/redwall-rts/tools/ci_test_shard_runner.gd:30)
         [7] _run_worker (res://test/run_tests.gd:121)
         [8] _initialize (res://test/run_tests.gd:108)
  PASS  test_later_leaves_the_moments_uncurated
EXPECTED WARNING: demo cast: mouse_keeper has no loadable body; using a placeholder
     at: push_warning (core/variant/variant_utility.cpp:1033)
     GDScript backtrace (most recent call first):
         [0] setup_creature (res://demo/cast/demo_actor.gd:211)
         [1] build (res://demo/cast/demo_cast.gd:159)
         [2] _rig (res://test/test_demo_people_ui.gd:88)
         [3] test_one_evening_line_a_day_from_a_free_resident (res://test/test_demo_people_ui.gd:430)
         [4] _run_test (res://test/run_tests.gd:194)
         [5] _run_suite (res://test/run_tests.gd:168)
         [6] _run_suite (/home/runner/work/redwall-rts/redwall-rts/tools/ci_test_shard_runner.gd:30)
         [7] _run_worker (res://test/run_tests.gd:121)
         [8] _initialize (res://test/run_tests.gd:108)
EXPECTED WARNING: demo cast: mouse_fieldworker has no loadable body; using a placeholder
     at: push_warning (core/variant/variant_utility.cpp:1033)
     GDScript backtrace (most recent call first):
         [0] setup_creature (res://demo/cast/demo_actor.gd:211)
         [1] build (res://demo/cast/demo_cast.gd:159)
         [2] _rig (res://test/test_demo_people_ui.gd:88)
         [3] test_one_evening_line_a_day_from_a_free_resident (res://test/test_demo_people_ui.gd:430)
         [4] _run_test (res://test/run_tests.gd:194)
         [5] _run_suite (res://test/run_tests.gd:168)
         [6] _run_suite (/home/runner/work/redwall-rts/redwall-rts/tools/ci_test_shard_runner.gd:30)
         [7] _run_worker (res://test/run_tests.gd:121)
         [8] _initialize (res://test/run_tests.gd:108)
EXPECTED WARNING: demo cast: squirrel_gatherer has no loadable body; using a placeholder
     at: push_warning (core/variant/variant_utility.cpp:1033)
     GDScript backtrace (most recent call first):
         [0] setup_creature (res://demo/cast/demo_actor.gd:211)
         [1] build (res://demo/cast/demo_cast.gd:159)
         [2] _rig (res://test/test_demo_people_ui.gd:88)
         [3] test_one_evening_line_a_day_from_a_free_resident (res://test/test_demo_people_ui.gd:430)
         [4] _run_test (res://test/run_tests.gd:194)
         [5] _run_suite (res://test/run_tests.gd:168)
         [6] _run_suite (/home/runner/work/redwall-rts/redwall-rts/tools/ci_test_shard_runner.gd:30)
         [7] _run_worker (res://test/run_tests.gd:121)
         [8] _initialize (res://test/run_tests.gd:108)
EXPECTED WARNING: demo cast: squirrel_forester has no loadable body; using a placeholder
     at: push_warning (core/variant/variant_utility.cpp:1033)
     GDScript backtrace (most recent call first):
         [0] setup_creature (res://demo/cast/demo_actor.gd:211)
         [1] build (res://demo/cast/demo_cast.gd:159)
         [2] _rig (res://test/test_demo_people_ui.gd:88)
         [3] test_one_evening_line_a_day_from_a_free_resident (res://test/test_demo_people_ui.gd:430)
         [4] _run_test (res://test/run_tests.gd:194)
         [5] _run_suite (res://test/run_tests.gd:168)
         [6] _run_suite (/home/runner/work/redwall-rts/redwall-rts/tools/ci_test_shard_runner.gd:30)
         [7] _run_worker (res://test/run_tests.gd:121)
         [8] _initialize (res://test/run_tests.gd:108)
EXPECTED WARNING: demo cast: otter_boatwright has no loadable body; using a placeholder
     at: push_warning (core/variant/variant_utility.cpp:1033)
     GDScript backtrace (most recent call first):
         [0] setup_creature (res://demo/cast/demo_actor.gd:211)
         [1] build (res://demo/cast/demo_cast.gd:159)
         [2] _rig (res://test/test_demo_people_ui.gd:88)
         [3] test_one_evening_line_a_day_from_a_free_resident (res://test/test_demo_people_ui.gd:430)
         [4] _run_test (res://test/run_tests.gd:194)
         [5] _run_suite (res://test/run_tests.gd:168)
         [6] _run_suite (/home/runner/work/redwall-rts/redwall-rts/tools/ci_test_shard_runner.gd:30)
         [7] _run_worker (res://test/run_tests.gd:121)
         [8] _initialize (res://test/run_tests.gd:108)
EXPECTED WARNING: demo cast: otter_fisher has no loadable body; using a placeholder
     at: push_warning (core/variant/variant_utility.cpp:1033)
     GDScript backtrace (most recent call first):
         [0] setup_creature (res://demo/cast/demo_actor.gd:211)
         [1] build (res://demo/cast/demo_cast.gd:159)
         [2] _rig (res://test/test_demo_people_ui.gd:88)
         [3] test_one_evening_line_a_day_from_a_free_resident (res://test/test_demo_people_ui.gd:430)
         [4] _run_test (res://test/run_tests.gd:194)
         [5] _run_suite (res://test/run_tests.gd:168)
         [6] _run_suite (/home/runner/work/redwall-rts/redwall-rts/tools/ci_test_shard_runner.gd:30)
         [7] _run_worker (res://test/run_tests.gd:121)
         [8] _initialize (res://test/run_tests.gd:108)
EXPECTED WARNING: demo cast: mole_digger has no loadable body; using a placeholder
     at: push_warning (core/variant/variant_utility.cpp:1033)
     GDScript backtrace (most recent call first):
         [0] setup_creature (res://demo/cast/demo_actor.gd:211)
         [1] build (res://demo/cast/demo_cast.gd:159)
         [2] _rig (res://test/test_demo_people_ui.gd:88)
         [3] test_one_evening_line_a_day_from_a_free_resident (res://test/test_demo_people_ui.gd:430)
         [4] _run_test (res://test/run_tests.gd:194)
         [5] _run_suite (res://test/run_tests.gd:168)
         [6] _run_suite (/home/runner/work/redwall-rts/redwall-rts/tools/ci_test_shard_runner.gd:30)
         [7] _run_worker (res://test/run_tests.gd:121)
         [8] _initialize (res://test/run_tests.gd:108)
EXPECTED WARNING: demo cast: badger_quarryman has no loadable body; using a placeholder
     at: push_warning (core/variant/variant_utility.cpp:1033)
     GDScript backtrace (most recent call first):
         [0] setup_creature (res://demo/cast/demo_actor.gd:211)
         [1] build (res://demo/cast/demo_cast.gd:159)
         [2] _rig (res://test/test_demo_people_ui.gd:88)
         [3] test_one_evening_line_a_day_from_a_free_resident (res://test/test_demo_people_ui.gd:430)
         [4] _run_test (res://test/run_tests.gd:194)
         [5] _run_suite (res://test/run_tests.gd:168)
         [6] _run_suite (/home/runner/work/redwall-rts/redwall-rts/tools/ci_test_shard_runner.gd:30)
         [7] _run_worker (res://test/run_tests.gd:121)
         [8] _initialize (res://test/run_tests.gd:108)
EXPECTED WARNING: demo cast: beaver_bridgewright has no loadable body; using a placeholder
     at: push_warning (core/variant/variant_utility.cpp:1033)
     GDScript backtrace (most recent call first):
         [0] setup_creature (res://demo/cast/demo_actor.gd:211)
         [1] build (res://demo/cast/demo_cast.gd:159)
         [2] _rig (res://test/test_demo_people_ui.gd:88)
         [3] test_one_evening_line_a_day_from_a_free_resident (res://test/test_demo_people_ui.gd:430)
         [4] _run_test (res://test/run_tests.gd:194)
         [5] _run_suite (res://test/run_tests.gd:168)
         [6] _run_suite (/home/runner/work/redwall-rts/redwall-rts/tools/ci_test_shard_runner.gd:30)
         [7] _run_worker (res://test/run_tests.gd:121)
         [8] _initialize (res://test/run_tests.gd:108)
  PASS  test_one_evening_line_a_day_from_a_free_resident
EXPECTED WARNING: demo cast: mouse_keeper has no loadable body; using a placeholder
     at: push_warning (core/variant/variant_utility.cpp:1033)
     GDScript backtrace (most recent call first):
         [0] setup_creature (res://demo/cast/demo_actor.gd:211)
         [1] build (res://demo/cast/demo_cast.gd:159)
         [2] _rig (res://test/test_demo_people_ui.gd:88)
         [3] test_a_pleased_line_follows_only_a_deed_of_that_day (res://test/test_demo_people_ui.gd:450)
         [4] _run_test (res://test/run_tests.gd:194)
         [5] _run_suite (res://test/run_tests.gd:168)
         [6] _run_suite (/home/runner/work/redwall-rts/redwall-rts/tools/ci_test_shard_runner.gd:30)
         [7] _run_worker (res://test/run_tests.gd:121)
         [8] _initialize (res://test/run_tests.gd:108)
EXPECTED WARNING: demo cast: mouse_fieldworker has no loadable body; using a placeholder
     at: push_warning (core/variant/variant_utility.cpp:1033)
     GDScript backtrace (most recent call first):
         [0] setup_creature (res://demo/cast/demo_actor.gd:211)
         [1] build (res://demo/cast/demo_cast.gd:159)
         [2] _rig (res://test/test_demo_people_ui.gd:88)
         [3] test_a_pleased_line_follows_only_a_deed_of_that_day (res://test/test_demo_people_ui.gd:450)
         [4] _run_test (res://test/run_tests.gd:194)
         [5] _run_suite (res://test/run_tests.gd:168)
         [6] _run_suite (/home/runner/work/redwall-rts/redwall-rts/tools/ci_test_shard_runner.gd:30)
         [7] _run_worker (res://test/run_tests.gd:121)
         [8] _initialize (res://test/run_tests.gd:108)
EXPECTED WARNING: demo cast: squirrel_gatherer has no loadable body; using a placeholder
     at: push_warning (core/variant/variant_utility.cpp:1033)
     GDScript backtrace (most recent call first):
         [0] setup_creature (res://demo/cast/demo_actor.gd:211)
         [1] build (res://demo/cast/demo_cast.gd:159)
         [2] _rig (res://test/test_demo_people_ui.gd:88)
         [3] test_a_pleased_line_follows_only_a_deed_of_that_day (res://test/test_demo_people_ui.gd:450)
         [4] _run_test (res://test/run_tests.gd:194)
         [5] _run_suite (res://test/run_tests.gd:168)
         [6] _run_suite (/home/runner/work/redwall-rts/redwall-rts/tools/ci_test_shard_runner.gd:30)
         [7] _run_worker (res://test/run_tests.gd:121)
         [8] _initialize (res://test/run_tests.gd:108)
EXPECTED WARNING: demo cast: squirrel_forester has no loadable body; using a placeholder
     at: push_warning (core/variant/variant_utility.cpp:1033)
     GDScript backtrace (most recent call first):
         [0] setup_creature (res://demo/cast/demo_actor.gd:211)
         [1] build (res://demo/cast/demo_cast.gd:159)
         [2] _rig (res://test/test_demo_people_ui.gd:88)
         [3] test_a_pleased_line_follows_only_a_deed_of_that_day (res://test/test_demo_people_ui.gd:450)
         [4] _run_test (res://test/run_tests.gd:194)
         [5] _run_suite (res://test/run_tests.gd:168)
         [6] _run_suite (/home/runner/work/redwall-rts/redwall-rts/tools/ci_test_shard_runner.gd:30)
         [7] _run_worker (res://test/run_tests.gd:121)
         [8] _initialize (res://test/run_tests.gd:108)
EXPECTED WARNING: demo cast: otter_boatwright has no loadable body; using a placeholder
     at: push_warning (core/variant/variant_utility.cpp:1033)
     GDScript backtrace (most recent call first):
         [0] setup_creature (res://demo/cast/demo_actor.gd:211)
         [1] build (res://demo/cast/demo_cast.gd:159)
         [2] _rig (res://test/test_demo_people_ui.gd:88)
         [3] test_a_pleased_line_follows_only_a_deed_of_that_day (res://test/test_demo_people_ui.gd:450)
         [4] _run_test (res://test/run_tests.gd:194)
         [5] _run_suite (res://test/run_tests.gd:168)
         [6] _run_suite (/home/runner/work/redwall-rts/redwall-rts/tools/ci_test_shard_runner.gd:30)
         [7] _run_worker (res://test/run_tests.gd:121)
         [8] _initialize (res://test/run_tests.gd:108)
EXPECTED WARNING: demo cast: otter_fisher has no loadable body; using a placeholder
     at: push_warning (core/variant/variant_utility.cpp:1033)
     GDScript backtrace (most recent call first):
         [0] setup_creature (res://demo/cast/demo_actor.gd:211)
         [1] build (res://demo/cast/demo_cast.gd:159)
         [2] _rig (res://test/test_demo_people_ui.gd:88)
         [3] test_a_pleased_line_follows_only_a_deed_of_that_day (res://test/test_demo_people_ui.gd:450)
         [4] _run_test (res://test/run_tests.gd:194)
         [5] _run_suite (res://test/run_tests.gd:168)
         [6] _run_suite (/home/runner/work/redwall-rts/redwall-rts/tools/ci_test_shard_runner.gd:30)
         [7] _run_worker (res://test/run_tests.gd:121)
         [8] _initialize (res://test/run_tests.gd:108)
EXPECTED WARNING: demo cast: mole_digger has no loadable body; using a placeholder
     at: push_warning (core/variant/variant_utility.cpp:1033)
     GDScript backtrace (most recent call first):
         [0] setup_creature (res://demo/cast/demo_actor.gd:211)
         [1] build (res://demo/cast/demo_cast.gd:159)
         [2] _rig (res://test/test_demo_people_ui.gd:88)
         [3] test_a_pleased_line_follows_only_a_deed_of_that_day (res://test/test_demo_people_ui.gd:450)
         [4] _run_test (res://test/run_tests.gd:194)
         [5] _run_suite (res://test/run_tests.gd:168)
         [6] _run_suite (/home/runner/work/redwall-rts/redwall-rts/tools/ci_test_shard_runner.gd:30)
         [7] _run_worker (res://test/run_tests.gd:121)
         [8] _initialize (res://test/run_tests.gd:108)
EXPECTED WARNING: demo cast: badger_quarryman has no loadable body; using a placeholder
     at: push_warning (core/variant/variant_utility.cpp:1033)
     GDScript backtrace (most recent call first):
         [0] setup_creature (res://demo/cast/demo_actor.gd:211)
         [1] build (res://demo/cast/demo_cast.gd:159)
         [2] _rig (res://test/test_demo_people_ui.gd:88)
         [3] test_a_pleased_line_follows_only_a_deed_of_that_day (res://test/test_demo_people_ui.gd:450)
         [4] _run_test (res://test/run_tests.gd:194)
         [5] _run_suite (res://test/run_tests.gd:168)
         [6] _run_suite (/home/runner/work/redwall-rts/redwall-rts/tools/ci_test_shard_runner.gd:30)
         [7] _run_worker (res://test/run_tests.gd:121)
         [8] _initialize (res://test/run_tests.gd:108)
EXPECTED WARNING: demo cast: beaver_bridgewright has no loadable body; using a placeholder
     at: push_warning (core/variant/variant_utility.cpp:1033)
     GDScript backtrace (most recent call first):
         [0] setup_creature (res://demo/cast/demo_actor.gd:211)
         [1] build (res://demo/cast/demo_cast.gd:159)
         [2] _rig (res://test/test_demo_people_ui.gd:88)
         [3] test_a_pleased_line_follows_only_a_deed_of_that_day (res://test/test_demo_people_ui.gd:450)
         [4] _run_test (res://test/run_tests.gd:194)
         [5] _run_suite (res://test/run_tests.gd:168)
         [6] _run_suite (/home/runner/work/redwall-rts/redwall-rts/tools/ci_test_shard_runner.gd:30)
         [7] _run_worker (res://test/run_tests.gd:121)
         [8] _initialize (res://test/run_tests.gd:108)
  PASS  test_a_pleased_line_follows_only_a_deed_of_that_day
EXPECTED WARNING: demo cast: mouse_keeper has no loadable body; using a placeholder
     at: push_warning (core/variant/variant_utility.cpp:1033)
     GDScript backtrace (most recent call first):
         [0] setup_creature (res://demo/cast/demo_actor.gd:211)
         [1] build (res://demo/cast/demo_cast.gd:159)
         [2] _rig (res://test/test_demo_people_ui.gd:88)
         [3] test_dialect_only_in_tuppen_s_own_lines_never_in_functional_text (res://test/test_demo_people_ui.gd:467)
         [4] _run_test (res://test/run_tests.gd:194)
         [5] _run_suite (res://test/run_tests.gd:168)
         [6] _run_suite (/home/runner/work/redwall-rts/redwall-rts/tools/ci_test_shard_runner.gd:30)
         [7] _run_worker (res://test/run_tests.gd:121)
         [8] _initialize (res://test/run_tests.gd:108)
EXPECTED WARNING: demo cast: mouse_fieldworker has no loadable body; using a placeholder
     at: push_warning (core/variant/variant_utility.cpp:1033)
     GDScript backtrace (most recent call first):
         [0] setup_creature (res://demo/cast/demo_actor.gd:211)
         [1] build (res://demo/cast/demo_cast.gd:159)
         [2] _rig (res://test/test_demo_people_ui.gd:88)
         [3] test_dialect_only_in_tuppen_s_own_lines_never_in_functional_text (res://test/test_demo_people_ui.gd:467)
         [4] _run_test (res://test/run_tests.gd:194)
         [5] _run_suite (res://test/run_tests.gd:168)
         [6] _run_suite (/home/runner/work/redwall-rts/redwall-rts/tools/ci_test_shard_runner.gd:30)
         [7] _run_worker (res://test/run_tests.gd:121)
         [8] _initialize (res://test/run_tests.gd:108)
EXPECTED WARNING: demo cast: squirrel_gatherer has no loadable body; using a placeholder
     at: push_warning (core/variant/variant_utility.cpp:1033)
     GDScript backtrace (most recent call first):
         [0] setup_creature (res://demo/cast/demo_actor.gd:211)
         [1] build (res://demo/cast/demo_cast.gd:159)
         [2] _rig (res://test/test_demo_people_ui.gd:88)
         [3] test_dialect_only_in_tuppen_s_own_lines_never_in_functional_text (res://test/test_demo_people_ui.gd:467)
         [4] _run_test (res://test/run_tests.gd:194)
         [5] _run_suite (res://test/run_tests.gd:168)
         [6] _run_suite (/home/runner/work/redwall-rts/redwall-rts/tools/ci_test_shard_runner.gd:30)
         [7] _run_worker (res://test/run_tests.gd:121)
         [8] _initialize (res://test/run_tests.gd:108)
EXPECTED WARNING: demo cast: squirrel_forester has no loadable body; using a placeholder
     at: push_warning (core/variant/variant_utility.cpp:1033)
     GDScript backtrace (most recent call first):
         [0] setup_creature (res://demo/cast/demo_actor.gd:211)
         [1] build (res://demo/cast/demo_cast.gd:159)
         [2] _rig (res://test/test_demo_people_ui.gd:88)
         [3] test_dialect_only_in_tuppen_s_own_lines_never_in_functional_text (res://test/test_demo_people_ui.gd:467)
         [4] _run_test (res://test/run_tests.gd:194)
         [5] _run_suite (res://test/run_tests.gd:168)
         [6] _run_suite (/home/runner/work/redwall-rts/redwall-rts/tools/ci_test_shard_runner.gd:30)
         [7] _run_worker (res://test/run_tests.gd:121)
         [8] _initialize (res://test/run_tests.gd:108)
EXPECTED WARNING: demo cast: otter_boatwright has no loadable body; using a placeholder
     at: push_warning (core/variant/variant_utility.cpp:1033)
     GDScript backtrace (most recent call first):
         [0] setup_creature (res://demo/cast/demo_actor.gd:211)
         [1] build (res://demo/cast/demo_cast.gd:159)
         [2] _rig (res://test/test_demo_people_ui.gd:88)
         [3] test_dialect_only_in_tuppen_s_own_lines_never_in_functional_text (res://test/test_demo_people_ui.gd:467)
         [4] _run_test (res://test/run_tests.gd:194)
         [5] _run_suite (res://test/run_tests.gd:168)
         [6] _run_suite (/home/runner/work/redwall-rts/redwall-rts/tools/ci_test_shard_runner.gd:30)
         [7] _run_worker (res://test/run_tests.gd:121)
         [8] _initialize (res://test/run_tests.gd:108)
EXPECTED WARNING: demo cast: otter_fisher has no loadable body; using a placeholder
     at: push_warning (core/variant/variant_utility.cpp:1033)
     GDScript backtrace (most recent call first):
         [0] setup_creature (res://demo/cast/demo_actor.gd:211)
         [1] build (res://demo/cast/demo_cast.gd:159)
         [2] _rig (res://test/test_demo_people_ui.gd:88)
         [3] test_dialect_only_in_tuppen_s_own_lines_never_in_functional_text (res://test/test_demo_people_ui.gd:467)
         [4] _run_test (res://test/run_tests.gd:194)
         [5] _run_suite (res://test/run_tests.gd:168)
         [6] _run_suite (/home/runner/work/redwall-rts/redwall-rts/tools/ci_test_shard_runner.gd:30)
         [7] _run_worker (res://test/run_tests.gd:121)
         [8] _initialize (res://test/run_tests.gd:108)
EXPECTED WARNING: demo cast: mole_digger has no loadable body; using a placeholder
     at: push_warning (core/variant/variant_utility.cpp:1033)
     GDScript backtrace (most recent call first):
         [0] setup_creature (res://demo/cast/demo_actor.gd:211)
         [1] build (res://demo/cast/demo_cast.gd:159)
         [2] _rig (res://test/test_demo_people_ui.gd:88)
         [3] test_dialect_only_in_tuppen_s_own_lines_never_in_functional_text (res://test/test_demo_people_ui.gd:467)
         [4] _run_test (res://test/run_tests.gd:194)
         [5] _run_suite (res://test/run_tests.gd:168)
         [6] _run_suite (/home/runner/work/redwall-rts/redwall-rts/tools/ci_test_shard_runner.gd:30)
         [7] _run_worker (res://test/run_tests.gd:121)
         [8] _initialize (res://test/run_tests.gd:108)
EXPECTED WARNING: demo cast: badger_quarryman has no loadable body; using a placeholder
     at: push_warning (core/variant/variant_utility.cpp:1033)
     GDScript backtrace (most recent call first):
         [0] setup_creature (res://demo/cast/demo_actor.gd:211)
         [1] build (res://demo/cast/demo_cast.gd:159)
         [2] _rig (res://test/test_demo_people_ui.gd:88)
         [3] test_dialect_only_in_tuppen_s_own_lines_never_in_functional_text (res://test/test_demo_people_ui.gd:467)
         [4] _run_test (res://test/run_tests.gd:194)
         [5] _run_suite (res://test/run_tests.gd:168)
         [6] _run_suite (/home/runner/work/redwall-rts/redwall-rts/tools/ci_test_shard_runner.gd:30)
         [7] _run_worker (res://test/run_tests.gd:121)
         [8] _initialize (res://test/run_tests.gd:108)
EXPECTED WARNING: demo cast: beaver_bridgewright has no loadable body; using a placeholder
     at: push_warning (core/variant/variant_utility.cpp:1033)
     GDScript backtrace (most recent call first):
         [0] setup_creature (res://demo/cast/demo_actor.gd:211)
         [1] build (res://demo/cast/demo_cast.gd:159)
         [2] _rig (res://test/test_demo_people_ui.gd:88)
         [3] test_dialect_only_in_tuppen_s_own_lines_never_in_functional_text (res://test/test_demo_people_ui.gd:467)
         [4] _run_test (res://test/run_tests.gd:194)
         [5] _run_suite (res://test/run_tests.gd:168)
         [6] _run_suite (/home/runner/work/redwall-rts/redwall-rts/tools/ci_test_shard_runner.gd:30)
         [7] _run_worker (res://test/run_tests.gd:121)
         [8] _initialize (res://test/run_tests.gd:108)
  PASS  test_dialect_only_in_tuppen_s_own_lines_never_in_functional_text
EXPECTED WARNING: demo cast: mouse_keeper has no loadable body; using a placeholder
     at: push_warning (core/variant/variant_utility.cpp:1033)
     GDScript backtrace (most recent call first):
         [0] setup_creature (res://demo/cast/demo_actor.gd:211)
         [1] build (res://demo/cast/demo_cast.gd:159)
         [2] _rig (res://test/test_demo_people_ui.gd:88)
         [3] test_the_dig_lead_speaks_through_the_works (res://test/test_demo_people_ui.gd:498)
         [4] _run_test (res://test/run_tests.gd:194)
         [5] _run_suite (res://test/run_tests.gd:168)
         [6] _run_suite (/home/runner/work/redwall-rts/redwall-rts/tools/ci_test_shard_runner.gd:30)
         [7] _run_worker (res://test/run_tests.gd:121)
         [8] _initialize (res://test/run_tests.gd:108)
EXPECTED WARNING: demo cast: mouse_fieldworker has no loadable body; using a placeholder
     at: push_warning (core/variant/variant_utility.cpp:1033)
     GDScript backtrace (most recent call first):
         [0] setup_creature (res://demo/cast/demo_actor.gd:211)
         [1] build (res://demo/cast/demo_cast.gd:159)
         [2] _rig (res://test/test_demo_people_ui.gd:88)
         [3] test_the_dig_lead_speaks_through_the_works (res://test/test_demo_people_ui.gd:498)
         [4] _run_test (res://test/run_tests.gd:194)
         [5] _run_suite (res://test/run_tests.gd:168)
         [6] _run_suite (/home/runner/work/redwall-rts/redwall-rts/tools/ci_test_shard_runner.gd:30)
         [7] _run_worker (res://test/run_tests.gd:121)
         [8] _initialize (res://test/run_tests.gd:108)
EXPECTED WARNING: demo cast: squirrel_gatherer has no loadable body; using a placeholder
     at: push_warning (core/variant/variant_utility.cpp:1033)
     GDScript backtrace (most recent call first):
         [0] setup_creature (res://demo/cast/demo_actor.gd:211)
         [1] build (res://demo/cast/demo_cast.gd:159)
         [2] _rig (res://test/test_demo_people_ui.gd:88)
         [3] test_the_dig_lead_speaks_through_the_works (res://test/test_demo_people_ui.gd:498)
         [4] _run_test (res://test/run_tests.gd:194)
         [5] _run_suite (res://test/run_tests.gd:168)
         [6] _run_suite (/home/runner/work/redwall-rts/redwall-rts/tools/ci_test_shard_runner.gd:30)
         [7] _run_worker (res://test/run_tests.gd:121)
         [8] _initialize (res://test/run_tests.gd:108)
EXPECTED WARNING: demo cast: squirrel_forester has no loadable body; using a placeholder
     at: push_warning (core/variant/variant_utility.cpp:1033)
     GDScript backtrace (most recent call first):
         [0] setup_creature (res://demo/cast/demo_actor.gd:211)
         [1] build (res://demo/cast/demo_cast.gd:159)
         [2] _rig (res://test/test_demo_people_ui.gd:88)
         [3] test_the_dig_lead_speaks_through_the_works (res://test/test_demo_people_ui.gd:498)
         [4] _run_test (res://test/run_tests.gd:194)
         [5] _run_suite (res://test/run_tests.gd:168)
         [6] _run_suite (/home/runner/work/redwall-rts/redwall-rts/tools/ci_test_shard_runner.gd:30)
         [7] _run_worker (res://test/run_tests.gd:121)
         [8] _initialize (res://test/run_tests.gd:108)
EXPECTED WARNING: demo cast: otter_boatwright has no loadable body; using a placeholder
     at: push_warning (core/variant/variant_utility.cpp:1033)
     GDScript backtrace (most recent call first):
         [0] setup_creature (res://demo/cast/demo_actor.gd:211)
         [1] build (res://demo/cast/demo_cast.gd:159)
         [2] _rig (res://test/test_demo_people_ui.gd:88)
         [3] test_the_dig_lead_speaks_through_the_works (res://test/test_demo_people_ui.gd:498)
         [4] _run_test (res://test/run_tests.gd:194)
         [5] _run_suite (res://test/run_tests.gd:168)
         [6] _run_suite (/home/runner/work/redwall-rts/redwall-rts/tools/ci_test_shard_runner.gd:30)
         [7] _run_worker (res://test/run_tests.gd:121)
         [8] _initialize (res://test/run_tests.gd:108)
EXPECTED WARNING: demo cast: otter_fisher has no loadable body; using a placeholder
     at: push_warning (core/variant/variant_utility.cpp:1033)
     GDScript backtrace (most recent call first):
         [0] setup_creature (res://demo/cast/demo_actor.gd:211)
         [1] build (res://demo/cast/demo_cast.gd:159)
         [2] _rig (res://test/test_demo_people_ui.gd:88)
         [3] test_the_dig_lead_speaks_through_the_works (res://test/test_demo_people_ui.gd:498)
         [4] _run_test (res://test/run_tests.gd:194)
         [5] _run_suite (res://test/run_tests.gd:168)
         [6] _run_suite (/home/runner/work/redwall-rts/redwall-rts/tools/ci_test_shard_runner.gd:30)
         [7] _run_worker (res://test/run_tests.gd:121)
         [8] _initialize (res://test/run_tests.gd:108)
EXPECTED WARNING: demo cast: mole_digger has no loadable body; using a placeholder
     at: push_warning (core/variant/variant_utility.cpp:1033)
     GDScript backtrace (most recent call first):
         [0] setup_creature (res://demo/cast/demo_actor.gd:211)
         [1] build (res://demo/cast/demo_cast.gd:159)
         [2] _rig (res://test/test_demo_people_ui.gd:88)
         [3] test_the_dig_lead_speaks_through_the_works (res://test/test_demo_people_ui.gd:498)
         [4] _run_test (res://test/run_tests.gd:194)
         [5] _run_suite (res://test/run_tests.gd:168)
         [6] _run_suite (/home/runner/work/redwall-rts/redwall-rts/tools/ci_test_shard_runner.gd:30)
         [7] _run_worker (res://test/run_tests.gd:121)
         [8] _initialize (res://test/run_tests.gd:108)
EXPECTED WARNING: demo cast: badger_quarryman has no loadable body; using a placeholder
     at: push_warning (core/variant/variant_utility.cpp:1033)
     GDScript backtrace (most recent call first):
         [0] setup_creature (res://demo/cast/demo_actor.gd:211)
         [1] build (res://demo/cast/demo_cast.gd:159)
         [2] _rig (res://test/test_demo_people_ui.gd:88)
         [3] test_the_dig_lead_speaks_through_the_works (res://test/test_demo_people_ui.gd:498)
         [4] _run_test (res://test/run_tests.gd:194)
         [5] _run_suite (res://test/run_tests.gd:168)
         [6] _run_suite (/home/runner/work/redwall-rts/redwall-rts/tools/ci_test_shard_runner.gd:30)
         [7] _run_worker (res://test/run_tests.gd:121)
         [8] _initialize (res://test/run_tests.gd:108)
EXPECTED WARNING: demo cast: beaver_bridgewright has no loadable body; using a placeholder
     at: push_warning (core/variant/variant_utility.cpp:1033)
     GDScript backtrace (most recent call first):
         [0] setup_creature (res://demo/cast/demo_actor.gd:211)
         [1] build (res://demo/cast/demo_cast.gd:159)
         [2] _rig (res://test/test_demo_people_ui.gd:88)
         [3] test_the_dig_lead_speaks_through_the_works (res://test/test_demo_people_ui.gd:498)
         [4] _run_test (res://test/run_tests.gd:194)
         [5] _run_suite (res://test/run_tests.gd:168)
         [6] _run_suite (/home/runner/work/redwall-rts/redwall-rts/tools/ci_test_shard_runner.gd:30)
         [7] _run_worker (res://test/run_tests.gd:121)
         [8] _initialize (res://test/run_tests.gd:108)
  PASS  test_the_dig_lead_speaks_through_the_works
EXPECTED WARNING: demo cast: mouse_keeper has no loadable body; using a placeholder
     at: push_warning (core/variant/variant_utility.cpp:1033)
     GDScript backtrace (most recent call first):
         [0] setup_creature (res://demo/cast/demo_actor.gd:211)
         [1] build (res://demo/cast/demo_cast.gd:159)
         [2] _rig (res://test/test_demo_people_ui.gd:88)
         [3] test_one_resident_s_skills_are_meters_not_words_and_a_group_keeps_its_short_forms (res://test/test_demo_people_ui.gd:511)
         [4] _run_test (res://test/run_tests.gd:194)
         [5] _run_suite (res://test/run_tests.gd:168)
         [6] _run_suite (/home/runner/work/redwall-rts/redwall-rts/tools/ci_test_shard_runner.gd:30)
         [7] _run_worker (res://test/run_tests.gd:121)
         [8] _initialize (res://test/run_tests.gd:108)
EXPECTED WARNING: demo cast: mouse_fieldworker has no loadable body; using a placeholder
     at: push_warning (core/variant/variant_utility.cpp:1033)
     GDScript backtrace (most recent call first):
         [0] setup_creature (res://demo/cast/demo_actor.gd:211)
         [1] build (res://demo/cast/demo_cast.gd:159)
         [2] _rig (res://test/test_demo_people_ui.gd:88)
         [3] test_one_resident_s_skills_are_meters_not_words_and_a_group_keeps_its_short_forms (res://test/test_demo_people_ui.gd:511)
         [4] _run_test (res://test/run_tests.gd:194)
         [5] _run_suite (res://test/run_tests.gd:168)
         [6] _run_suite (/home/runner/work/redwall-rts/redwall-rts/tools/ci_test_shard_runner.gd:30)
         [7] _run_worker (res://test/run_tests.gd:121)
         [8] _initialize (res://test/run_tests.gd:108)
EXPECTED WARNING: demo cast: squirrel_gatherer has no loadable body; using a placeholder
     at: push_warning (core/variant/variant_utility.cpp:1033)
     GDScript backtrace (most recent call first):
         [0] setup_creature (res://demo/cast/demo_actor.gd:211)
         [1] build (res://demo/cast/demo_cast.gd:159)
         [2] _rig (res://test/test_demo_people_ui.gd:88)
         [3] test_one_resident_s_skills_are_meters_not_words_and_a_group_keeps_its_short_forms (res://test/test_demo_people_ui.gd:511)
         [4] _run_test (res://test/run_tests.gd:194)
         [5] _run_suite (res://test/run_tests.gd:168)
         [6] _run_suite (/home/runner/work/redwall-rts/redwall-rts/tools/ci_test_shard_runner.gd:30)
         [7] _run_worker (res://test/run_tests.gd:121)
         [8] _initialize (res://test/run_tests.gd:108)
EXPECTED WARNING: demo cast: squirrel_forester has no loadable body; using a placeholder
     at: push_warning (core/variant/variant_utility.cpp:1033)
     GDScript backtrace (most recent call first):
         [0] setup_creature (res://demo/cast/demo_actor.gd:211)
         [1] build (res://demo/cast/demo_cast.gd:159)
         [2] _rig (res://test/test_demo_people_ui.gd:88)
         [3] test_one_resident_s_skills_are_meters_not_words_and_a_group_keeps_its_short_forms (res://test/test_demo_people_ui.gd:511)
         [4] _run_test (res://test/run_tests.gd:194)
         [5] _run_suite (res://test/run_tests.gd:168)
         [6] _run_suite (/home/runner/work/redwall-rts/redwall-rts/tools/ci_test_shard_runner.gd:30)
         [7] _run_worker (res://test/run_tests.gd:121)
         [8] _initialize (res://test/run_tests.gd:108)
EXPECTED WARNING: demo cast: otter_boatwright has no loadable body; using a placeholder
     at: push_warning (core/variant/variant_utility.cpp:1033)
     GDScript backtrace (most recent call first):
         [0] setup_creature (res://demo/cast/demo_actor.gd:211)
         [1] build (res://demo/cast/demo_cast.gd:159)
         [2] _rig (res://test/test_demo_people_ui.gd:88)
         [3] test_one_resident_s_skills_are_meters_not_words_and_a_group_keeps_its_short_forms (res://test/test_demo_people_ui.gd:511)
         [4] _run_test (res://test/run_tests.gd:194)
         [5] _run_suite (res://test/run_tests.gd:168)
         [6] _run_suite (/home/runner/work/redwall-rts/redwall-rts/tools/ci_test_shard_runner.gd:30)
         [7] _run_worker (res://test/run_tests.gd:121)
         [8] _initialize (res://test/run_tests.gd:108)
EXPECTED WARNING: demo cast: otter_fisher has no loadable body; using a placeholder
     at: push_warning (core/variant/variant_utility.cpp:1033)
     GDScript backtrace (most recent call first):
         [0] setup_creature (res://demo/cast/demo_actor.gd:211)
         [1] build (res://demo/cast/demo_cast.gd:159)
         [2] _rig (res://test/test_demo_people_ui.gd:88)
         [3] test_one_resident_s_skills_are_meters_not_words_and_a_group_keeps_its_short_forms (res://test/test_demo_people_ui.gd:511)
         [4] _run_test (res://test/run_tests.gd:194)
         [5] _run_suite (res://test/run_tests.gd:168)
         [6] _run_suite (/home/runner/work/redwall-rts/redwall-rts/tools/ci_test_shard_runner.gd:30)
         [7] _run_worker (res://test/run_tests.gd:121)
         [8] _initialize (res://test/run_tests.gd:108)
EXPECTED WARNING: demo cast: mole_digger has no loadable body; using a placeholder
     at: push_warning (core/variant/variant_utility.cpp:1033)
     GDScript backtrace (most recent call first):
         [0] setup_creature (res://demo/cast/demo_actor.gd:211)
         [1] build (res://demo/cast/demo_cast.gd:159)
         [2] _rig (res://test/test_demo_people_ui.gd:88)
         [3] test_one_resident_s_skills_are_meters_not_words_and_a_group_keeps_its_short_forms (res://test/test_demo_people_ui.gd:511)
         [4] _run_test (res://test/run_tests.gd:194)
         [5] _run_suite (res://test/run_tests.gd:168)
         [6] _run_suite (/home/runner/work/redwall-rts/redwall-rts/tools/ci_test_shard_runner.gd:30)
         [7] _run_worker (res://test/run_tests.gd:121)
         [8] _initialize (res://test/run_tests.gd:108)
EXPECTED WARNING: demo cast: badger_quarryman has no loadable body; using a placeholder
     at: push_warning (core/variant/variant_utility.cpp:1033)
     GDScript backtrace (most recent call first):
         [0] setup_creature (res://demo/cast/demo_actor.gd:211)
         [1] build (res://demo/cast/demo_cast.gd:159)
         [2] _rig (res://test/test_demo_people_ui.gd:88)
         [3] test_one_resident_s_skills_are_meters_not_words_and_a_group_keeps_its_short_forms (res://test/test_demo_people_ui.gd:511)
         [4] _run_test (res://test/run_tests.gd:194)
         [5] _run_suite (res://test/run_tests.gd:168)
         [6] _run_suite (/home/runner/work/redwall-rts/redwall-rts/tools/ci_test_shard_runner.gd:30)
         [7] _run_worker (res://test/run_tests.gd:121)
         [8] _initialize (res://test/run_tests.gd:108)
EXPECTED WARNING: demo cast: beaver_bridgewright has no loadable body; using a placeholder
     at: push_warning (core/variant/variant_utility.cpp:1033)
     GDScript backtrace (most recent call first):
         [0] setup_creature (res://demo/cast/demo_actor.gd:211)
         [1] build (res://demo/cast/demo_cast.gd:159)
         [2] _rig (res://test/test_demo_people_ui.gd:88)
         [3] test_one_resident_s_skills_are_meters_not_words_and_a_group_keeps_its_short_forms (res://test/test_demo_people_ui.gd:511)
         [4] _run_test (res://test/run_tests.gd:194)
         [5] _run_suite (res://test/run_tests.gd:168)
         [6] _run_suite (/home/runner/work/redwall-rts/redwall-rts/tools/ci_test_shard_runner.gd:30)
         [7] _run_worker (res://test/run_tests.gd:121)
         [8] _initialize (res://test/run_tests.gd:108)
  PASS  test_one_resident_s_skills_are_meters_not_words_and_a_group_keeps_its_short_forms
  PASS  test_the_water_s_words_split_into_bridging_and_swimming
  PASS  test_a_dug_through_tunnel_is_said_by_its_own_lead
EXPECTED WARNING: demo cast: mouse_keeper has no loadable body; using a placeholder
     at: push_warning (core/variant/variant_utility.cpp:1033)
     GDScript backtrace (most recent call first):
         [0] setup_creature (res://demo/cast/demo_actor.gd:211)
         [1] build (res://demo/cast/demo_cast.gd:159)
         [2] _rig (res://test/test_demo_people_ui.gd:88)
         [3] test_the_water_registers_bridging_as_skill_only (res://test/test_demo_people_ui.gd:568)
         [4] _run_test (res://test/run_tests.gd:194)
         [5] _run_suite (res://test/run_tests.gd:168)
         [6] _run_suite (/home/runner/work/redwall-rts/redwall-rts/tools/ci_test_shard_runner.gd:30)
         [7] _run_worker (res://test/run_tests.gd:121)
         [8] _initialize (res://test/run_tests.gd:108)
EXPECTED WARNING: demo cast: mouse_fieldworker has no loadable body; using a placeholder
     at: push_warning (core/variant/variant_utility.cpp:1033)
     GDScript backtrace (most recent call first):
         [0] setup_creature (res://demo/cast/demo_actor.gd:211)
         [1] build (res://demo/cast/demo_cast.gd:159)
         [2] _rig (res://test/test_demo_people_ui.gd:88)
         [3] test_the_water_registers_bridging_as_skill_only (res://test/test_demo_people_ui.gd:568)
         [4] _run_test (res://test/run_tests.gd:194)
         [5] _run_suite (res://test/run_tests.gd:168)
         [6] _run_suite (/home/runner/work/redwall-rts/redwall-rts/tools/ci_test_shard_runner.gd:30)
         [7] _run_worker (res://test/run_tests.gd:121)
         [8] _initialize (res://test/run_tests.gd:108)
EXPECTED WARNING: demo cast: squirrel_gatherer has no loadable body; using a placeholder
     at: push_warning (core/variant/variant_utility.cpp:1033)
     GDScript backtrace (most recent call first):
         [0] setup_creature (res://demo/cast/demo_actor.gd:211)
         [1] build (res://demo/cast/demo_cast.gd:159)
         [2] _rig (res://test/test_demo_people_ui.gd:88)
         [3] test_the_water_registers_bridging_as_skill_only (res://test/test_demo_people_ui.gd:568)
         [4] _run_test (res://test/run_tests.gd:194)
         [5] _run_suite (res://test/run_tests.gd:168)
         [6] _run_suite (/home/runner/work/redwall-rts/redwall-rts/tools/ci_test_shard_runner.gd:30)
         [7] _run_worker (res://test/run_tests.gd:121)
         [8] _initialize (res://test/run_tests.gd:108)
EXPECTED WARNING: demo cast: squirrel_forester has no loadable body; using a placeholder
     at: push_warning (core/variant/variant_utility.cpp:1033)
     GDScript backtrace (most recent call first):
         [0] setup_creature (res://demo/cast/demo_actor.gd:211)
         [1] build (res://demo/cast/demo_cast.gd:159)
         [2] _rig (res://test/test_demo_people_ui.gd:88)
         [3] test_the_water_registers_bridging_as_skill_only (res://test/test_demo_people_ui.gd:568)
         [4] _run_test (res://test/run_tests.gd:194)
         [5] _run_suite (res://test/run_tests.gd:168)
         [6] _run_suite (/home/runner/work/redwall-rts/redwall-rts/tools/ci_test_shard_runner.gd:30)
         [7] _run_worker (res://test/run_tests.gd:121)
         [8] _initialize (res://test/run_tests.gd:108)
EXPECTED WARNING: demo cast: otter_boatwright has no loadable body; using a placeholder
     at: push_warning (core/variant/variant_utility.cpp:1033)
     GDScript backtrace (most recent call first):
         [0] setup_creature (res://demo/cast/demo_actor.gd:211)
         [1] build (res://demo/cast/demo_cast.gd:159)
         [2] _rig (res://test/test_demo_people_ui.gd:88)
         [3] test_the_water_registers_bridging_as_skill_only (res://test/test_demo_people_ui.gd:568)
         [4] _run_test (res://test/run_tests.gd:194)
         [5] _run_suite (res://test/run_tests.gd:168)
         [6] _run_suite (/home/runner/work/redwall-rts/redwall-rts/tools/ci_test_shard_runner.gd:30)
         [7] _run_worker (res://test/run_tests.gd:121)
         [8] _initialize (res://test/run_tests.gd:108)
EXPECTED WARNING: demo cast: otter_fisher has no loadable body; using a placeholder
     at: push_warning (core/variant/variant_utility.cpp:1033)
     GDScript backtrace (most recent call first):
         [0] setup_creature (res://demo/cast/demo_actor.gd:211)
         [1] build (res://demo/cast/demo_cast.gd:159)
         [2] _rig (res://test/test_demo_people_ui.gd:88)
         [3] test_the_water_registers_bridging_as_skill_only (res://test/test_demo_people_ui.gd:568)
         [4] _run_test (res://test/run_tests.gd:194)
         [5] _run_suite (res://test/run_tests.gd:168)
         [6] _run_suite (/home/runner/work/redwall-rts/redwall-rts/tools/ci_test_shard_runner.gd:30)
         [7] _run_worker (res://test/run_tests.gd:121)
         [8] _initialize (res://test/run_tests.gd:108)
EXPECTED WARNING: demo cast: mole_digger has no loadable body; using a placeholder
     at: push_warning (core/variant/variant_utility.cpp:1033)
     GDScript backtrace (most recent call first):
         [0] setup_creature (res://demo/cast/demo_actor.gd:211)
         [1] build (res://demo/cast/demo_cast.gd:159)
         [2] _rig (res://test/test_demo_people_ui.gd:88)
         [3] test_the_water_registers_bridging_as_skill_only (res://test/test_demo_people_ui.gd:568)
         [4] _run_test (res://test/run_tests.gd:194)
         [5] _run_suite (res://test/run_tests.gd:168)
         [6] _run_suite (/home/runner/work/redwall-rts/redwall-rts/tools/ci_test_shard_runner.gd:30)
         [7] _run_worker (res://test/run_tests.gd:121)
         [8] _initialize (res://test/run_tests.gd:108)
EXPECTED WARNING: demo cast: badger_quarryman has no loadable body; using a placeholder
     at: push_warning (core/variant/variant_utility.cpp:1033)
     GDScript backtrace (most recent call first):
         [0] setup_creature (res://demo/cast/demo_actor.gd:211)
         [1] build (res://demo/cast/demo_cast.gd:159)
         [2] _rig (res://test/test_demo_people_ui.gd:88)
         [3] test_the_water_registers_bridging_as_skill_only (res://test/test_demo_people_ui.gd:568)
         [4] _run_test (res://test/run_tests.gd:194)
         [5] _run_suite (res://test/run_tests.gd:168)
         [6] _run_suite (/home/runner/work/redwall-rts/redwall-rts/tools/ci_test_shard_runner.gd:30)
         [7] _run_worker (res://test/run_tests.gd:121)
         [8] _initialize (res://test/run_tests.gd:108)
EXPECTED WARNING: demo cast: beaver_bridgewright has no loadable body; using a placeholder
     at: push_warning (core/variant/variant_utility.cpp:1033)
     GDScript backtrace (most recent call first):
         [0] setup_creature (res://demo/cast/demo_actor.gd:211)
         [1] build (res://demo/cast/demo_cast.gd:159)
         [2] _rig (res://test/test_demo_people_ui.gd:88)
         [3] test_the_water_registers_bridging_as_skill_only (res://test/test_demo_people_ui.gd:568)
         [4] _run_test (res://test/run_tests.gd:194)
         [5] _run_suite (res://test/run_tests.gd:168)
         [6] _run_suite (/home/runner/work/redwall-rts/redwall-rts/tools/ci_test_shard_runner.gd:30)
         [7] _run_worker (res://test/run_tests.gd:121)
         [8] _initialize (res://test/run_tests.gd:108)
  PASS  test_the_water_registers_bridging_as_skill_only
EXPECTED WARNING: demo cast: mouse_keeper has no loadable body; using a placeholder
     at: push_warning (core/variant/variant_utility.cpp:1033)
     GDScript backtrace (most recent call first):
         [0] setup_creature (res://demo/cast/demo_actor.gd:211)
         [1] build (res://demo/cast/demo_cast.gd:159)
         [2] _rig (res://test/test_demo_people_ui.gd:88)
         [3] test_a_notable_resident_is_not_offered_and_unpinning_keeps_offers (res://test/test_demo_people_ui.gd:587)
         [4] _run_test (res://test/run_tests.gd:194)
         [5] _run_suite (res://test/run_tests.gd:168)
         [6] _run_suite (/home/runner/work/redwall-rts/redwall-rts/tools/ci_test_shard_runner.gd:30)
         [7] _run_worker (res://test/run_tests.gd:121)
         [8] _initialize (res://test/run_tests.gd:108)
EXPECTED WARNING: demo cast: mouse_fieldworker has no loadable body; using a placeholder
     at: push_warning (core/variant/variant_utility.cpp:1033)
     GDScript backtrace (most recent call first):
         [0] setup_creature (res://demo/cast/demo_actor.gd:211)
         [1] build (res://demo/cast/demo_cast.gd:159)
         [2] _rig (res://test/test_demo_people_ui.gd:88)
         [3] test_a_notable_resident_is_not_offered_and_unpinning_keeps_offers (res://test/test_demo_people_ui.gd:587)
         [4] _run_test (res://test/run_tests.gd:194)
         [5] _run_suite (res://test/run_tests.gd:168)
         [6] _run_suite (/home/runner/work/redwall-rts/redwall-rts/tools/ci_test_shard_runner.gd:30)
         [7] _run_worker (res://test/run_tests.gd:121)
         [8] _initialize (res://test/run_tests.gd:108)
EXPECTED WARNING: demo cast: squirrel_gatherer has no loadable body; using a placeholder
     at: push_warning (core/variant/variant_utility.cpp:1033)
     GDScript backtrace (most recent call first):
         [0] setup_creature (res://demo/cast/demo_actor.gd:211)
         [1] build (res://demo/cast/demo_cast.gd:159)
         [2] _rig (res://test/test_demo_people_ui.gd:88)
         [3] test_a_notable_resident_is_not_offered_and_unpinning_keeps_offers (res://test/test_demo_people_ui.gd:587)
         [4] _run_test (res://test/run_tests.gd:194)
         [5] _run_suite (res://test/run_tests.gd:168)
         [6] _run_suite (/home/runner/work/redwall-rts/redwall-rts/tools/ci_test_shard_runner.gd:30)
         [7] _run_worker (res://test/run_tests.gd:121)
         [8] _initialize (res://test/run_tests.gd:108)
EXPECTED WARNING: demo cast: squirrel_forester has no loadable body; using a placeholder
     at: push_warning (core/variant/variant_utility.cpp:1033)
     GDScript backtrace (most recent call first):
         [0] setup_creature (res://demo/cast/demo_actor.gd:211)
         [1] build (res://demo/cast/demo_cast.gd:159)
         [2] _rig (res://test/test_demo_people_ui.gd:88)
         [3] test_a_notable_resident_is_not_offered_and_unpinning_keeps_offers (res://test/test_demo_people_ui.gd:587)
         [4] _run_test (res://test/run_tests.gd:194)
         [5] _run_suite (res://test/run_tests.gd:168)
         [6] _run_suite (/home/runner/work/redwall-rts/redwall-rts/tools/ci_test_shard_runner.gd:30)
         [7] _run_worker (res://test/run_tests.gd:121)
         [8] _initialize (res://test/run_tests.gd:108)
EXPECTED WARNING: demo cast: otter_boatwright has no loadable body; using a placeholder
     at: push_warning (core/variant/variant_utility.cpp:1033)
     GDScript backtrace (most recent call first):
         [0] setup_creature (res://demo/cast/demo_actor.gd:211)
         [1] build (res://demo/cast/demo_cast.gd:159)
         [2] _rig (res://test/test_demo_people_ui.gd:88)
         [3] test_a_notable_resident_is_not_offered_and_unpinning_keeps_offers (res://test/test_demo_people_ui.gd:587)
         [4] _run_test (res://test/run_tests.gd:194)
         [5] _run_suite (res://test/run_tests.gd:168)
         [6] _run_suite (/home/runner/work/redwall-rts/redwall-rts/tools/ci_test_shard_runner.gd:30)
         [7] _run_worker (res://test/run_tests.gd:121)
         [8] _initialize (res://test/run_tests.gd:108)
EXPECTED WARNING: demo cast: otter_fisher has no loadable body; using a placeholder
     at: push_warning (core/variant/variant_utility.cpp:1033)
     GDScript backtrace (most recent call first):
         [0] setup_creature (res://demo/cast/demo_actor.gd:211)
         [1] build (res://demo/cast/demo_cast.gd:159)
         [2] _rig (res://test/test_demo_people_ui.gd:88)
         [3] test_a_notable_resident_is_not_offered_and_unpinning_keeps_offers (res://test/test_demo_people_ui.gd:587)
         [4] _run_test (res://test/run_tests.gd:194)
         [5] _run_suite (res://test/run_tests.gd:168)
         [6] _run_suite (/home/runner/work/redwall-rts/redwall-rts/tools/ci_test_shard_runner.gd:30)
         [7] _run_worker (res://test/run_tests.gd:121)
         [8] _initialize (res://test/run_tests.gd:108)
EXPECTED WARNING: demo cast: mole_digger has no loadable body; using a placeholder
     at: push_warning (core/variant/variant_utility.cpp:1033)
     GDScript backtrace (most recent call first):
         [0] setup_creature (res://demo/cast/demo_actor.gd:211)
         [1] build (res://demo/cast/demo_cast.gd:159)
         [2] _rig (res://test/test_demo_people_ui.gd:88)
         [3] test_a_notable_resident_is_not_offered_and_unpinning_keeps_offers (res://test/test_demo_people_ui.gd:587)
         [4] _run_test (res://test/run_tests.gd:194)
         [5] _run_suite (res://test/run_tests.gd:168)
         [6] _run_suite (/home/runner/work/redwall-rts/redwall-rts/tools/ci_test_shard_runner.gd:30)
         [7] _run_worker (res://test/run_tests.gd:121)
         [8] _initialize (res://test/run_tests.gd:108)
EXPECTED WARNING: demo cast: badger_quarryman has no loadable body; using a placeholder
     at: push_warning (core/variant/variant_utility.cpp:1033)
     GDScript backtrace (most recent call first):
         [0] setup_creature (res://demo/cast/demo_actor.gd:211)
         [1] build (res://demo/cast/demo_cast.gd:159)
         [2] _rig (res://test/test_demo_people_ui.gd:88)
         [3] test_a_notable_resident_is_not_offered_and_unpinning_keeps_offers (res://test/test_demo_people_ui.gd:587)
         [4] _run_test (res://test/run_tests.gd:194)
         [5] _run_suite (res://test/run_tests.gd:168)
         [6] _run_suite (/home/runner/work/redwall-rts/redwall-rts/tools/ci_test_shard_runner.gd:30)
         [7] _run_worker (res://test/run_tests.gd:121)
         [8] _initialize (res://test/run_tests.gd:108)
EXPECTED WARNING: demo cast: beaver_bridgewright has no loadable body; using a placeholder
     at: push_warning (core/variant/variant_utility.cpp:1033)
     GDScript backtrace (most recent call first):
         [0] setup_creature (res://demo/cast/demo_actor.gd:211)
         [1] build (res://demo/cast/demo_cast.gd:159)
         [2] _rig (res://test/test_demo_people_ui.gd:88)
         [3] test_a_notable_resident_is_not_offered_and_unpinning_keeps_offers (res://test/test_demo_people_ui.gd:587)
         [4] _run_test (res://test/run_tests.gd:194)
         [5] _run_suite (res://test/run_tests.gd:168)
         [6] _run_suite (/home/runner/work/redwall-rts/redwall-rts/tools/ci_test_shard_runner.gd:30)
         [7] _run_worker (res://test/run_tests.gd:121)
         [8] _initialize (res://test/run_tests.gd:108)
  PASS  test_a_notable_resident_is_not_offered_and_unpinning_keeps_offers
EXPECTED WARNING: demo cast: mouse_keeper has no loadable body; using a placeholder
     at: push_warning (core/variant/variant_utility.cpp:1033)
     GDScript backtrace (most recent call first):
         [0] setup_creature (res://demo/cast/demo_actor.gd:211)
         [1] build (res://demo/cast/demo_cast.gd:159)
         [2] _rig (res://test/test_demo_people_ui.gd:88)
         [3] test_only_a_resident_on_its_own_time_on_the_surface_is_free (res://test/test_demo_people_ui.gd:600)
         [4] _run_test (res://test/run_tests.gd:194)
         [5] _run_suite (res://test/run_tests.gd:168)
         [6] _run_suite (/home/runner/work/redwall-rts/redwall-rts/tools/ci_test_shard_runner.gd:30)
         [7] _run_worker (res://test/run_tests.gd:121)
         [8] _initialize (res://test/run_tests.gd:108)
EXPECTED WARNING: demo cast: mouse_fieldworker has no loadable body; using a placeholder
     at: push_warning (core/variant/variant_utility.cpp:1033)
     GDScript backtrace (most recent call first):
         [0] setup_creature (res://demo/cast/demo_actor.gd:211)
         [1] build (res://demo/cast/demo_cast.gd:159)
         [2] _rig (res://test/test_demo_people_ui.gd:88)
         [3] test_only_a_resident_on_its_own_time_on_the_surface_is_free (res://test/test_demo_people_ui.gd:600)
         [4] _run_test (res://test/run_tests.gd:194)
         [5] _run_suite (res://test/run_tests.gd:168)
         [6] _run_suite (/home/runner/work/redwall-rts/redwall-rts/tools/ci_test_shard_runner.gd:30)
         [7] _run_worker (res://test/run_tests.gd:121)
         [8] _initialize (res://test/run_tests.gd:108)
EXPECTED WARNING: demo cast: squirrel_gatherer has no loadable body; using a placeholder
     at: push_warning (core/variant/variant_utility.cpp:1033)
     GDScript backtrace (most recent call first):
         [0] setup_creature (res://demo/cast/demo_actor.gd:211)
         [1] build (res://demo/cast/demo_cast.gd:159)
         [2] _rig (res://test/test_demo_people_ui.gd:88)
         [3] test_only_a_resident_on_its_own_time_on_the_surface_is_free (res://test/test_demo_people_ui.gd:600)
         [4] _run_test (res://test/run_tests.gd:194)
         [5] _run_suite (res://test/run_tests.gd:168)
         [6] _run_suite (/home/runner/work/redwall-rts/redwall-rts/tools/ci_test_shard_runner.gd:30)
         [7] _run_worker (res://test/run_tests.gd:121)
         [8] _initialize (res://test/run_tests.gd:108)
EXPECTED WARNING: demo cast: squirrel_forester has no loadable body; using a placeholder
     at: push_warning (core/variant/variant_utility.cpp:1033)
     GDScript backtrace (most recent call first):
         [0] setup_creature (res://demo/cast/demo_actor.gd:211)
         [1] build (res://demo/cast/demo_cast.gd:159)
         [2] _rig (res://test/test_demo_people_ui.gd:88)
         [3] test_only_a_resident_on_its_own_time_on_the_surface_is_free (res://test/test_demo_people_ui.gd:600)
         [4] _run_test (res://test/run_tests.gd:194)
         [5] _run_suite (res://test/run_tests.gd:168)
         [6] _run_suite (/home/runner/work/redwall-rts/redwall-rts/tools/ci_test_shard_runner.gd:30)
         [7] _run_worker (res://test/run_tests.gd:121)
         [8] _initialize (res://test/run_tests.gd:108)
EXPECTED WARNING: demo cast: otter_boatwright has no loadable body; using a placeholder
     at: push_warning (core/variant/variant_utility.cpp:1033)
     GDScript backtrace (most recent call first):
         [0] setup_creature (res://demo/cast/demo_actor.gd:211)
         [1] build (res://demo/cast/demo_cast.gd:159)
         [2] _rig (res://test/test_demo_people_ui.gd:88)
         [3] test_only_a_resident_on_its_own_time_on_the_surface_is_free (res://test/test_demo_people_ui.gd:600)
         [4] _run_test (res://test/run_tests.gd:194)
         [5] _run_suite (res://test/run_tests.gd:168)
         [6] _run_suite (/home/runner/work/redwall-rts/redwall-rts/tools/ci_test_shard_runner.gd:30)
         [7] _run_worker (res://test/run_tests.gd:121)
         [8] _initialize (res://test/run_tests.gd:108)
EXPECTED WARNING: demo cast: otter_fisher has no loadable body; using a placeholder
     at: push_warning (core/variant/variant_utility.cpp:1033)
     GDScript backtrace (most recent call first):
         [0] setup_creature (res://demo/cast/demo_actor.gd:211)
         [1] build (res://demo/cast/demo_cast.gd:159)
         [2] _rig (res://test/test_demo_people_ui.gd:88)
         [3] test_only_a_resident_on_its_own_time_on_the_surface_is_free (res://test/test_demo_people_ui.gd:600)
         [4] _run_test (res://test/run_tests.gd:194)
         [5] _run_suite (res://test/run_tests.gd:168)
         [6] _run_suite (/home/runner/work/redwall-rts/redwall-rts/tools/ci_test_shard_runner.gd:30)
         [7] _run_worker (res://test/run_tests.gd:121)
         [8] _initialize (res://test/run_tests.gd:108)
EXPECTED WARNING: demo cast: mole_digger has no loadable body; using a placeholder
     at: push_warning (core/variant/variant_utility.cpp:1033)
     GDScript backtrace (most recent call first):
         [0] setup_creature (res://demo/cast/demo_actor.gd:211)
         [1] build (res://demo/cast/demo_cast.gd:159)
         [2] _rig (res://test/test_demo_people_ui.gd:88)
         [3] test_only_a_resident_on_its_own_time_on_the_surface_is_free (res://test/test_demo_people_ui.gd:600)
         [4] _run_test (res://test/run_tests.gd:194)
         [5] _run_suite (res://test/run_tests.gd:168)
         [6] _run_suite (/home/runner/work/redwall-rts/redwall-rts/tools/ci_test_shard_runner.gd:30)
         [7] _run_worker (res://test/run_tests.gd:121)
         [8] _initialize (res://test/run_tests.gd:108)
EXPECTED WARNING: demo cast: badger_quarryman has no loadable body; using a placeholder
     at: push_warning (core/variant/variant_utility.cpp:1033)
     GDScript backtrace (most recent call first):
         [0] setup_creature (res://demo/cast/demo_actor.gd:211)
         [1] build (res://demo/cast/demo_cast.gd:159)
         [2] _rig (res://test/test_demo_people_ui.gd:88)
         [3] test_only_a_resident_on_its_own_time_on_the_surface_is_free (res://test/test_demo_people_ui.gd:600)
         [4] _run_test (res://test/run_tests.gd:194)
         [5] _run_suite (res://test/run_tests.gd:168)
         [6] _run_suite (/home/runner/work/redwall-rts/redwall-rts/tools/ci_test_shard_runner.gd:30)
         [7] _run_worker (res://test/run_tests.gd:121)
         [8] _initialize (res://test/run_tests.gd:108)
EXPECTED WARNING: demo cast: beaver_bridgewright has no loadable body; using a placeholder
     at: push_warning (core/variant/variant_utility.cpp:1033)
     GDScript backtrace (most recent call first):
         [0] setup_creature (res://demo/cast/demo_actor.gd:211)
         [1] build (res://demo/cast/demo_cast.gd:159)
         [2] _rig (res://test/test_demo_people_ui.gd:88)
         [3] test_only_a_resident_on_its_own_time_on_the_surface_is_free (res://test/test_demo_people_ui.gd:600)
         [4] _run_test (res://test/run_tests.gd:194)
         [5] _run_suite (res://test/run_tests.gd:168)
         [6] _run_suite (/home/runner/work/redwall-rts/redwall-rts/tools/ci_test_shard_runner.gd:30)
         [7] _run_worker (res://test/run_tests.gd:121)
         [8] _initialize (res://test/run_tests.gd:108)
  PASS  test_only_a_resident_on_its_own_time_on_the_surface_is_free
EXPECTED WARNING: demo cast: mouse_keeper has no loadable body; using a placeholder
     at: push_warning (core/variant/variant_utility.cpp:1033)
     GDScript backtrace (most recent call first):
         [0] setup_creature (res://demo/cast/demo_actor.gd:211)
         [1] build (res://demo/cast/demo_cast.gd:159)
         [2] _rig (res://test/test_demo_people_ui.gd:88)
         [3] test_the_kitchen_says_why (res://test/test_demo_people_ui.gd:617)
         [4] _run_test (res://test/run_tests.gd:194)
         [5] _run_suite (res://test/run_tests.gd:168)
         [6] _run_suite (/home/runner/work/redwall-rts/redwall-rts/tools/ci_test_shard_runner.gd:30)
         [7] _run_worker (res://test/run_tests.gd:121)
         [8] _initialize (res://test/run_tests.gd:108)
EXPECTED WARNING: demo cast: mouse_fieldworker has no loadable body; using a placeholder
     at: push_warning (core/variant/variant_utility.cpp:1033)
     GDScript backtrace (most recent call first):
         [0] setup_creature (res://demo/cast/demo_actor.gd:211)
         [1] build (res://demo/cast/demo_cast.gd:159)
         [2] _rig (res://test/test_demo_people_ui.gd:88)
         [3] test_the_kitchen_says_why (res://test/test_demo_people_ui.gd:617)
         [4] _run_test (res://test/run_tests.gd:194)
         [5] _run_suite (res://test/run_tests.gd:168)
         [6] _run_suite (/home/runner/work/redwall-rts/redwall-rts/tools/ci_test_shard_runner.gd:30)
         [7] _run_worker (res://test/run_tests.gd:121)
         [8] _initialize (res://test/run_tests.gd:108)
EXPECTED WARNING: demo cast: squirrel_gatherer has no loadable body; using a placeholder
     at: push_warning (core/variant/variant_utility.cpp:1033)
     GDScript backtrace (most recent call first):
         [0] setup_creature (res://demo/cast/demo_actor.gd:211)
         [1] build (res://demo/cast/demo_cast.gd:159)
         [2] _rig (res://test/test_demo_people_ui.gd:88)
         [3] test_the_kitchen_says_why (res://test/test_demo_people_ui.gd:617)
         [4] _run_test (res://test/run_tests.gd:194)
         [5] _run_suite (res://test/run_tests.gd:168)
         [6] _run_suite (/home/runner/work/redwall-rts/redwall-rts/tools/ci_test_shard_runner.gd:30)
         [7] _run_worker (res://test/run_tests.gd:121)
         [8] _initialize (res://test/run_tests.gd:108)
EXPECTED WARNING: demo cast: squirrel_forester has no loadable body; using a placeholder
     at: push_warning (core/variant/variant_utility.cpp:1033)
     GDScript backtrace (most recent call first):
         [0] setup_creature (res://demo/cast/demo_actor.gd:211)
         [1] build (res://demo/cast/demo_cast.gd:159)
         [2] _rig (res://test/test_demo_people_ui.gd:88)
         [3] test_the_kitchen_says_why (res://test/test_demo_people_ui.gd:617)
         [4] _run_test (res://test/run_tests.gd:194)
         [5] _run_suite (res://test/run_tests.gd:168)
         [6] _run_suite (/home/runner/work/redwall-rts/redwall-rts/tools/ci_test_shard_runner.gd:30)
         [7] _run_worker (res://test/run_tests.gd:121)
         [8] _initialize (res://test/run_tests.gd:108)
EXPECTED WARNING: demo cast: otter_boatwright has no loadable body; using a placeholder
     at: push_warning (core/variant/variant_utility.cpp:1033)
     GDScript backtrace (most recent call first):
         [0] setup_creature (res://demo/cast/demo_actor.gd:211)
         [1] build (res://demo/cast/demo_cast.gd:159)
         [2] _rig (res://test/test_demo_people_ui.gd:88)
         [3] test_the_kitchen_says_why (res://test/test_demo_people_ui.gd:617)
         [4] _run_test (res://test/run_tests.gd:194)
         [5] _run_suite (res://test/run_tests.gd:168)
         [6] _run_suite (/home/runner/work/redwall-rts/redwall-rts/tools/ci_test_shard_runner.gd:30)
         [7] _run_worker (res://test/run_tests.gd:121)
         [8] _initialize (res://test/run_tests.gd:108)
EXPECTED WARNING: demo cast: otter_fisher has no loadable body; using a placeholder
     at: push_warning (core/variant/variant_utility.cpp:1033)
     GDScript backtrace (most recent call first):
         [0] setup_creature (res://demo/cast/demo_actor.gd:211)
         [1] build (res://demo/cast/demo_cast.gd:159)
         [2] _rig (res://test/test_demo_people_ui.gd:88)
         [3] test_the_kitchen_says_why (res://test/test_demo_people_ui.gd:617)
         [4] _run_test (res://test/run_tests.gd:194)
         [5] _run_suite (res://test/run_tests.gd:168)
         [6] _run_suite (/home/runner/work/redwall-rts/redwall-rts/tools/ci_test_shard_runner.gd:30)
         [7] _run_worker (res://test/run_tests.gd:121)
         [8] _initialize (res://test/run_tests.gd:108)
EXPECTED WARNING: demo cast: mole_digger has no loadable body; using a placeholder
     at: push_warning (core/variant/variant_utility.cpp:1033)
     GDScript backtrace (most recent call first):
         [0] setup_creature (res://demo/cast/demo_actor.gd:211)
         [1] build (res://demo/cast/demo_cast.gd:159)
         [2] _rig (res://test/test_demo_people_ui.gd:88)
         [3] test_the_kitchen_says_why (res://test/test_demo_people_ui.gd:617)
         [4] _run_test (res://test/run_tests.gd:194)
         [5] _run_suite (res://test/run_tests.gd:168)
         [6] _run_suite (/home/runner/work/redwall-rts/redwall-rts/tools/ci_test_shard_runner.gd:30)
         [7] _run_worker (res://test/run_tests.gd:121)
         [8] _initialize (res://test/run_tests.gd:108)
EXPECTED WARNING: demo cast: badger_quarryman has no loadable body; using a placeholder
     at: push_warning (core/variant/variant_utility.cpp:1033)
     GDScript backtrace (most recent call first):
         [0] setup_creature (res://demo/cast/demo_actor.gd:211)
         [1] build (res://demo/cast/demo_cast.gd:159)
         [2] _rig (res://test/test_demo_people_ui.gd:88)
         [3] test_the_kitchen_says_why (res://test/test_demo_people_ui.gd:617)
         [4] _run_test (res://test/run_tests.gd:194)
         [5] _run_suite (res://test/run_tests.gd:168)
         [6] _run_suite (/home/runner/work/redwall-rts/redwall-rts/tools/ci_test_shard_runner.gd:30)
         [7] _run_worker (res://test/run_tests.gd:121)
         [8] _initialize (res://test/run_tests.gd:108)
EXPECTED WARNING: demo cast: beaver_bridgewright has no loadable body; using a placeholder
     at: push_warning (core/variant/variant_utility.cpp:1033)
     GDScript backtrace (most recent call first):
         [0] setup_creature (res://demo/cast/demo_actor.gd:211)
         [1] build (res://demo/cast/demo_cast.gd:159)
         [2] _rig (res://test/test_demo_people_ui.gd:88)
         [3] test_the_kitchen_says_why (res://test/test_demo_people_ui.gd:617)
         [4] _run_test (res://test/run_tests.gd:194)
         [5] _run_suite (res://test/run_tests.gd:168)
         [6] _run_suite (/home/runner/work/redwall-rts/redwall-rts/tools/ci_test_shard_runner.gd:30)
         [7] _run_worker (res://test/run_tests.gd:121)
         [8] _initialize (res://test/run_tests.gd:108)
  PASS  test_the_kitchen_says_why
EXPECTED WARNING: demo cast: mouse_keeper has no loadable body; using a placeholder
     at: push_warning (core/variant/variant_utility.cpp:1033)
     GDScript backtrace (most recent call first):
         [0] setup_creature (res://demo/cast/demo_actor.gd:211)
         [1] build (res://demo/cast/demo_cast.gd:159)
         [2] _rig (res://test/test_demo_people_ui.gd:88)
         [3] test_moments_are_capped_and_an_empty_season_changes_nothing (res://test/test_demo_people_ui.gd:633)
         [4] _run_test (res://test/run_tests.gd:194)
         [5] _run_suite (res://test/run_tests.gd:168)
         [6] _run_suite (/home/runner/work/redwall-rts/redwall-rts/tools/ci_test_shard_runner.gd:30)
         [7] _run_worker (res://test/run_tests.gd:121)
         [8] _initialize (res://test/run_tests.gd:108)
EXPECTED WARNING: demo cast: mouse_fieldworker has no loadable body; using a placeholder
     at: push_warning (core/variant/variant_utility.cpp:1033)
     GDScript backtrace (most recent call first):
         [0] setup_creature (res://demo/cast/demo_actor.gd:211)
         [1] build (res://demo/cast/demo_cast.gd:159)
         [2] _rig (res://test/test_demo_people_ui.gd:88)
         [3] test_moments_are_capped_and_an_empty_season_changes_nothing (res://test/test_demo_people_ui.gd:633)
         [4] _run_test (res://test/run_tests.gd:194)
         [5] _run_suite (res://test/run_tests.gd:168)
         [6] _run_suite (/home/runner/work/redwall-rts/redwall-rts/tools/ci_test_shard_runner.gd:30)
         [7] _run_worker (res://test/run_tests.gd:121)
         [8] _initialize (res://test/run_tests.gd:108)
EXPECTED WARNING: demo cast: squirrel_gatherer has no loadable body; using a placeholder
     at: push_warning (core/variant/variant_utility.cpp:1033)
     GDScript backtrace (most recent call first):
         [0] setup_creature (res://demo/cast/demo_actor.gd:211)
         [1] build (res://demo/cast/demo_cast.gd:159)
         [2] _rig (res://test/test_demo_people_ui.gd:88)
         [3] test_moments_are_capped_and_an_empty_season_changes_nothing (res://test/test_demo_people_ui.gd:633)
         [4] _run_test (res://test/run_tests.gd:194)
         [5] _run_suite (res://test/run_tests.gd:168)
         [6] _run_suite (/home/runner/work/redwall-rts/redwall-rts/tools/ci_test_shard_runner.gd:30)
         [7] _run_worker (res://test/run_tests.gd:121)
         [8] _initialize (res://test/run_tests.gd:108)
EXPECTED WARNING: demo cast: squirrel_forester has no loadable body; using a placeholder
     at: push_warning (core/variant/variant_utility.cpp:1033)
     GDScript backtrace (most recent call first):
         [0] setup_creature (res://demo/cast/demo_actor.gd:211)
         [1] build (res://demo/cast/demo_cast.gd:159)
         [2] _rig (res://test/test_demo_people_ui.gd:88)
         [3] test_moments_are_capped_and_an_empty_season_changes_nothing (res://test/test_demo_people_ui.gd:633)
         [4] _run_test (res://test/run_tests.gd:194)
         [5] _run_suite (res://test/run_tests.gd:168)
         [6] _run_suite (/home/runner/work/redwall-rts/redwall-rts/tools/ci_test_shard_runner.gd:30)
         [7] _run_worker (res://test/run_tests.gd:121)
         [8] _initialize (res://test/run_tests.gd:108)
EXPECTED WARNING: demo cast: otter_boatwright has no loadable body; using a placeholder
     at: push_warning (core/variant/variant_utility.cpp:1033)
     GDScript backtrace (most recent call first):
         [0] setup_creature (res://demo/cast/demo_actor.gd:211)
         [1] build (res://demo/cast/demo_cast.gd:159)
         [2] _rig (res://test/test_demo_people_ui.gd:88)
         [3] test_moments_are_capped_and_an_empty_season_changes_nothing (res://test/test_demo_people_ui.gd:633)
         [4] _run_test (res://test/run_tests.gd:194)
         [5] _run_suite (res://test/run_tests.gd:168)
         [6] _run_suite (/home/runner/work/redwall-rts/redwall-rts/tools/ci_test_shard_runner.gd:30)
         [7] _run_worker (res://test/run_tests.gd:121)
         [8] _initialize (res://test/run_tests.gd:108)
EXPECTED WARNING: demo cast: otter_fisher has no loadable body; using a placeholder
     at: push_warning (core/variant/variant_utility.cpp:1033)
     GDScript backtrace (most recent call first):
         [0] setup_creature (res://demo/cast/demo_actor.gd:211)
         [1] build (res://demo/cast/demo_cast.gd:159)
         [2] _rig (res://test/test_demo_people_ui.gd:88)
         [3] test_moments_are_capped_and_an_empty_season_changes_nothing (res://test/test_demo_people_ui.gd:633)
         [4] _run_test (res://test/run_tests.gd:194)
         [5] _run_suite (res://test/run_tests.gd:168)
         [6] _run_suite (/home/runner/work/redwall-rts/redwall-rts/tools/ci_test_shard_runner.gd:30)
         [7] _run_worker (res://test/run_tests.gd:121)
         [8] _initialize (res://test/run_tests.gd:108)
EXPECTED WARNING: demo cast: mole_digger has no loadable body; using a placeholder
     at: push_warning (core/variant/variant_utility.cpp:1033)
     GDScript backtrace (most recent call first):
         [0] setup_creature (res://demo/cast/demo_actor.gd:211)
         [1] build (res://demo/cast/demo_cast.gd:159)
         [2] _rig (res://test/test_demo_people_ui.gd:88)
         [3] test_moments_are_capped_and_an_empty_season_changes_nothing (res://test/test_demo_people_ui.gd:633)
         [4] _run_test (res://test/run_tests.gd:194)
         [5] _run_suite (res://test/run_tests.gd:168)
         [6] _run_suite (/home/runner/work/redwall-rts/redwall-rts/tools/ci_test_shard_runner.gd:30)
         [7] _run_worker (res://test/run_tests.gd:121)
         [8] _initialize (res://test/run_tests.gd:108)
EXPECTED WARNING: demo cast: badger_quarryman has no loadable body; using a placeholder
     at: push_warning (core/variant/variant_utility.cpp:1033)
     GDScript backtrace (most recent call first):
         [0] setup_creature (res://demo/cast/demo_actor.gd:211)
         [1] build (res://demo/cast/demo_cast.gd:159)
         [2] _rig (res://test/test_demo_people_ui.gd:88)
         [3] test_moments_are_capped_and_an_empty_season_changes_nothing (res://test/test_demo_people_ui.gd:633)
         [4] _run_test (res://test/run_tests.gd:194)
         [5] _run_suite (res://test/run_tests.gd:168)
         [6] _run_suite (/home/runner/work/redwall-rts/redwall-rts/tools/ci_test_shard_runner.gd:30)
         [7] _run_worker (res://test/run_tests.gd:121)
         [8] _initialize (res://test/run_tests.gd:108)
EXPECTED WARNING: demo cast: beaver_bridgewright has no loadable body; using a placeholder
     at: push_warning (core/variant/variant_utility.cpp:1033)
     GDScript backtrace (most recent call first):
         [0] setup_creature (res://demo/cast/demo_actor.gd:211)
         [1] build (res://demo/cast/demo_cast.gd:159)
         [2] _rig (res://test/test_demo_people_ui.gd:88)
         [3] test_moments_are_capped_and_an_empty_season_changes_nothing (res://test/test_demo_people_ui.gd:633)
         [4] _run_test (res://test/run_tests.gd:194)
         [5] _run_suite (res://test/run_tests.gd:168)
         [6] _run_suite (/home/runner/work/redwall-rts/redwall-rts/tools/ci_test_shard_runner.gd:30)
         [7] _run_worker (res://test/run_tests.gd:121)
         [8] _initialize (res://test/run_tests.gd:108)
EXPECTED WARNING: demo cast: mouse_keeper has no loadable body; using a placeholder
     at: push_warning (core/variant/variant_utility.cpp:1033)
     GDScript backtrace (most recent call first):
         [0] setup_creature (res://demo/cast/demo_actor.gd:211)
         [1] build (res://demo/cast/demo_cast.gd:159)
         [2] _rig (res://test/test_demo_people_ui.gd:88)
         [3] test_moments_are_capped_and_an_empty_season_changes_nothing (res://test/test_demo_people_ui.gd:637)
         [4] _run_test (res://test/run_tests.gd:194)
         [5] _run_suite (res://test/run_tests.gd:168)
         [6] _run_suite (/home/runner/work/redwall-rts/redwall-rts/tools/ci_test_shard_runner.gd:30)
         [7] _run_worker (res://test/run_tests.gd:121)
         [8] _initialize (res://test/run_tests.gd:108)
EXPECTED WARNING: demo cast: mouse_fieldworker has no loadable body; using a placeholder
     at: push_warning (core/variant/variant_utility.cpp:1033)
     GDScript backtrace (most recent call first):
         [0] setup_creature (res://demo/cast/demo_actor.gd:211)
         [1] build (res://demo/cast/demo_cast.gd:159)
         [2] _rig (res://test/test_demo_people_ui.gd:88)
         [3] test_moments_are_capped_and_an_empty_season_changes_nothing (res://test/test_demo_people_ui.gd:637)
         [4] _run_test (res://test/run_tests.gd:194)
         [5] _run_suite (res://test/run_tests.gd:168)
         [6] _run_suite (/home/runner/work/redwall-rts/redwall-rts/tools/ci_test_shard_runner.gd:30)
         [7] _run_worker (res://test/run_tests.gd:121)
         [8] _initialize (res://test/run_tests.gd:108)
EXPECTED WARNING: demo cast: squirrel_gatherer has no loadable body; using a placeholder
     at: push_warning (core/variant/variant_utility.cpp:1033)
     GDScript backtrace (most recent call first):
         [0] setup_creature (res://demo/cast/demo_actor.gd:211)
         [1] build (res://demo/cast/demo_cast.gd:159)
         [2] _rig (res://test/test_demo_people_ui.gd:88)
         [3] test_moments_are_capped_and_an_empty_season_changes_nothing (res://test/test_demo_people_ui.gd:637)
         [4] _run_test (res://test/run_tests.gd:194)
         [5] _run_suite (res://test/run_tests.gd:168)
         [6] _run_suite (/home/runner/work/redwall-rts/redwall-rts/tools/ci_test_shard_runner.gd:30)
         [7] _run_worker (res://test/run_tests.gd:121)
         [8] _initialize (res://test/run_tests.gd:108)
EXPECTED WARNING: demo cast: squirrel_forester has no loadable body; using a placeholder
     at: push_warning (core/variant/variant_utility.cpp:1033)
     GDScript backtrace (most recent call first):
         [0] setup_creature (res://demo/cast/demo_actor.gd:211)
         [1] build (res://demo/cast/demo_cast.gd:159)
         [2] _rig (res://test/test_demo_people_ui.gd:88)
         [3] test_moments_are_capped_and_an_empty_season_changes_nothing (res://test/test_demo_people_ui.gd:637)
         [4] _run_test (res://test/run_tests.gd:194)
         [5] _run_suite (res://test/run_tests.gd:168)
         [6] _run_suite (/home/runner/work/redwall-rts/redwall-rts/tools/ci_test_shard_runner.gd:30)
         [7] _run_worker (res://test/run_tests.gd:121)
         [8] _initialize (res://test/run_tests.gd:108)
EXPECTED WARNING: demo cast: otter_boatwright has no loadable body; using a placeholder
     at: push_warning (core/variant/variant_utility.cpp:1033)
     GDScript backtrace (most recent call first):
         [0] setup_creature (res://demo/cast/demo_actor.gd:211)
         [1] build (res://demo/cast/demo_cast.gd:159)
         [2] _rig (res://test/test_demo_people_ui.gd:88)
         [3] test_moments_are_capped_and_an_empty_season_changes_nothing (res://test/test_demo_people_ui.gd:637)
         [4] _run_test (res://test/run_tests.gd:194)
         [5] _run_suite (res://test/run_tests.gd:168)
         [6] _run_suite (/home/runner/work/redwall-rts/redwall-rts/tools/ci_test_shard_runner.gd:30)
         [7] _run_worker (res://test/run_tests.gd:121)
         [8] _initialize (res://test/run_tests.gd:108)
EXPECTED WARNING: demo cast: otter_fisher has no loadable body; using a placeholder
     at: push_warning (core/variant/variant_utility.cpp:1033)
     GDScript backtrace (most recent call first):
         [0] setup_creature (res://demo/cast/demo_actor.gd:211)
         [1] build (res://demo/cast/demo_cast.gd:159)
         [2] _rig (res://test/test_demo_people_ui.gd:88)
         [3] test_moments_are_capped_and_an_empty_season_changes_nothing (res://test/test_demo_people_ui.gd:637)
         [4] _run_test (res://test/run_tests.gd:194)
         [5] _run_suite (res://test/run_tests.gd:168)
         [6] _run_suite (/home/runner/work/redwall-rts/redwall-rts/tools/ci_test_shard_runner.gd:30)
         [7] _run_worker (res://test/run_tests.gd:121)
         [8] _initialize (res://test/run_tests.gd:108)
EXPECTED WARNING: demo cast: mole_digger has no loadable body; using a placeholder
     at: push_warning (core/variant/variant_utility.cpp:1033)
     GDScript backtrace (most recent call first):
         [0] setup_creature (res://demo/cast/demo_actor.gd:211)
         [1] build (res://demo/cast/demo_cast.gd:159)
         [2] _rig (res://test/test_demo_people_ui.gd:88)
         [3] test_moments_are_capped_and_an_empty_season_changes_nothing (res://test/test_demo_people_ui.gd:637)
         [4] _run_test (res://test/run_tests.gd:194)
         [5] _run_suite (res://test/run_tests.gd:168)
         [6] _run_suite (/home/runner/work/redwall-rts/redwall-rts/tools/ci_test_shard_runner.gd:30)
         [7] _run_worker (res://test/run_tests.gd:121)
         [8] _initialize (res://test/run_tests.gd:108)
EXPECTED WARNING: demo cast: badger_quarryman has no loadable body; using a placeholder
     at: push_warning (core/variant/variant_utility.cpp:1033)
     GDScript backtrace (most recent call first):
         [0] setup_creature (res://demo/cast/demo_actor.gd:211)
         [1] build (res://demo/cast/demo_cast.gd:159)
         [2] _rig (res://test/test_demo_people_ui.gd:88)
         [3] test_moments_are_capped_and_an_empty_season_changes_nothing (res://test/test_demo_people_ui.gd:637)
         [4] _run_test (res://test/run_tests.gd:194)
         [5] _run_suite (res://test/run_tests.gd:168)
         [6] _run_suite (/home/runner/work/redwall-rts/redwall-rts/tools/ci_test_shard_runner.gd:30)
         [7] _run_worker (res://test/run_tests.gd:121)
         [8] _initialize (res://test/run_tests.gd:108)
EXPECTED WARNING: demo cast: beaver_bridgewright has no loadable body; using a placeholder
     at: push_warning (core/variant/variant_utility.cpp:1033)
     GDScript backtrace (most recent call first):
         [0] setup_creature (res://demo/cast/demo_actor.gd:211)
         [1] build (res://demo/cast/demo_cast.gd:159)
         [2] _rig (res://test/test_demo_people_ui.gd:88)
         [3] test_moments_are_capped_and_an_empty_season_changes_nothing (res://test/test_demo_people_ui.gd:637)
         [4] _run_test (res://test/run_tests.gd:194)
         [5] _run_suite (res://test/run_tests.gd:168)
         [6] _run_suite (/home/runner/work/redwall-rts/redwall-rts/tools/ci_test_shard_runner.gd:30)
         [7] _run_worker (res://test/run_tests.gd:121)
         [8] _initialize (res://test/run_tests.gd:108)
  PASS  test_moments_are_capped_and_an_empty_season_changes_nothing
EXPECTED WARNING: demo cast: mouse_keeper has no loadable body; using a placeholder
     at: push_warning (core/variant/variant_utility.cpp:1033)
     GDScript backtrace (most recent call first):
         [0] setup_creature (res://demo/cast/demo_actor.gd:211)
         [1] build (res://demo/cast/demo_cast.gd:159)
         [2] _rig (res://test/test_demo_people_ui.gd:88)
         [3] test_a_group_carries_no_person_and_the_panel_shows_none (res://test/test_demo_people_ui.gd:653)
         [4] _run_test (res://test/run_tests.gd:194)
         [5] _run_suite (res://test/run_tests.gd:168)
         [6] _run_suite (/home/runner/work/redwall-rts/redwall-rts/tools/ci_test_shard_runner.gd:30)
         [7] _run_worker (res://test/run_tests.gd:121)
         [8] _initialize (res://test/run_tests.gd:108)
EXPECTED WARNING: demo cast: mouse_fieldworker has no loadable body; using a placeholder
     at: push_warning (core/variant/variant_utility.cpp:1033)
     GDScript backtrace (most recent call first):
         [0] setup_creature (res://demo/cast/demo_actor.gd:211)
         [1] build (res://demo/cast/demo_cast.gd:159)
         [2] _rig (res://test/test_demo_people_ui.gd:88)
         [3] test_a_group_carries_no_person_and_the_panel_shows_none (res://test/test_demo_people_ui.gd:653)
         [4] _run_test (res://test/run_tests.gd:194)
         [5] _run_suite (res://test/run_tests.gd:168)
         [6] _run_suite (/home/runner/work/redwall-rts/redwall-rts/tools/ci_test_shard_runner.gd:30)
         [7] _run_worker (res://test/run_tests.gd:121)
         [8] _initialize (res://test/run_tests.gd:108)
EXPECTED WARNING: demo cast: squirrel_gatherer has no loadable body; using a placeholder
     at: push_warning (core/variant/variant_utility.cpp:1033)
     GDScript backtrace (most recent call first):
         [0] setup_creature (res://demo/cast/demo_actor.gd:211)
         [1] build (res://demo/cast/demo_cast.gd:159)
         [2] _rig (res://test/test_demo_people_ui.gd:88)
         [3] test_a_group_carries_no_person_and_the_panel_shows_none (res://test/test_demo_people_ui.gd:653)
         [4] _run_test (res://test/run_tests.gd:194)
         [5] _run_suite (res://test/run_tests.gd:168)
         [6] _run_suite (/home/runner/work/redwall-rts/redwall-rts/tools/ci_test_shard_runner.gd:30)
         [7] _run_worker (res://test/run_tests.gd:121)
         [8] _initialize (res://test/run_tests.gd:108)
EXPECTED WARNING: demo cast: squirrel_forester has no loadable body; using a placeholder
     at: push_warning (core/variant/variant_utility.cpp:1033)
     GDScript backtrace (most recent call first):
         [0] setup_creature (res://demo/cast/demo_actor.gd:211)
         [1] build (res://demo/cast/demo_cast.gd:159)
         [2] _rig (res://test/test_demo_people_ui.gd:88)
         [3] test_a_group_carries_no_person_and_the_panel_shows_none (res://test/test_demo_people_ui.gd:653)
         [4] _run_test (res://test/run_tests.gd:194)
         [5] _run_suite (res://test/run_tests.gd:168)
         [6] _run_suite (/home/runner/work/redwall-rts/redwall-rts/tools/ci_test_shard_runner.gd:30)
         [7] _run_worker (res://test/run_tests.gd:121)
         [8] _initialize (res://test/run_tests.gd:108)
EXPECTED WARNING: demo cast: otter_boatwright has no loadable body; using a placeholder
     at: push_warning (core/variant/variant_utility.cpp:1033)
     GDScript backtrace (most recent call first):
         [0] setup_creature (res://demo/cast/demo_actor.gd:211)
         [1] build (res://demo/cast/demo_cast.gd:159)
         [2] _rig (res://test/test_demo_people_ui.gd:88)
         [3] test_a_group_carries_no_person_and_the_panel_shows_none (res://test/test_demo_people_ui.gd:653)
         [4] _run_test (res://test/run_tests.gd:194)
         [5] _run_suite (res://test/run_tests.gd:168)
         [6] _run_suite (/home/runner/work/redwall-rts/redwall-rts/tools/ci_test_shard_runner.gd:30)
         [7] _run_worker (res://test/run_tests.gd:121)
         [8] _initialize (res://test/run_tests.gd:108)
EXPECTED WARNING: demo cast: otter_fisher has no loadable body; using a placeholder
     at: push_warning (core/variant/variant_utility.cpp:1033)
     GDScript backtrace (most recent call first):
         [0] setup_creature (res://demo/cast/demo_actor.gd:211)
         [1] build (res://demo/cast/demo_cast.gd:159)
         [2] _rig (res://test/test_demo_people_ui.gd:88)
         [3] test_a_group_carries_no_person_and_the_panel_shows_none (res://test/test_demo_people_ui.gd:653)
         [4] _run_test (res://test/run_tests.gd:194)
         [5] _run_suite (res://test/run_tests.gd:168)
         [6] _run_suite (/home/runner/work/redwall-rts/redwall-rts/tools/ci_test_shard_runner.gd:30)
         [7] _run_worker (res://test/run_tests.gd:121)
         [8] _initialize (res://test/run_tests.gd:108)
EXPECTED WARNING: demo cast: mole_digger has no loadable body; using a placeholder
     at: push_warning (core/variant/variant_utility.cpp:1033)
     GDScript backtrace (most recent call first):
         [0] setup_creature (res://demo/cast/demo_actor.gd:211)
         [1] build (res://demo/cast/demo_cast.gd:159)
         [2] _rig (res://test/test_demo_people_ui.gd:88)
         [3] test_a_group_carries_no_person_and_the_panel_shows_none (res://test/test_demo_people_ui.gd:653)
         [4] _run_test (res://test/run_tests.gd:194)
         [5] _run_suite (res://test/run_tests.gd:168)
         [6] _run_suite (/home/runner/work/redwall-rts/redwall-rts/tools/ci_test_shard_runner.gd:30)
         [7] _run_worker (res://test/run_tests.gd:121)
         [8] _initialize (res://test/run_tests.gd:108)
EXPECTED WARNING: demo cast: badger_quarryman has no loadable body; using a placeholder
     at: push_warning (core/variant/variant_utility.cpp:1033)
     GDScript backtrace (most recent call first):
         [0] setup_creature (res://demo/cast/demo_actor.gd:211)
         [1] build (res://demo/cast/demo_cast.gd:159)
         [2] _rig (res://test/test_demo_people_ui.gd:88)
         [3] test_a_group_carries_no_person_and_the_panel_shows_none (res://test/test_demo_people_ui.gd:653)
         [4] _run_test (res://test/run_tests.gd:194)
         [5] _run_suite (res://test/run_tests.gd:168)
         [6] _run_suite (/home/runner/work/redwall-rts/redwall-rts/tools/ci_test_shard_runner.gd:30)
         [7] _run_worker (res://test/run_tests.gd:121)
         [8] _initialize (res://test/run_tests.gd:108)
EXPECTED WARNING: demo cast: beaver_bridgewright has no loadable body; using a placeholder
     at: push_warning (core/variant/variant_utility.cpp:1033)
     GDScript backtrace (most recent call first):
         [0] setup_creature (res://demo/cast/demo_actor.gd:211)
         [1] build (res://demo/cast/demo_cast.gd:159)
         [2] _rig (res://test/test_demo_people_ui.gd:88)
         [3] test_a_group_carries_no_person_and_the_panel_shows_none (res://test/test_demo_people_ui.gd:653)
         [4] _run_test (res://test/run_tests.gd:194)
         [5] _run_suite (res://test/run_tests.gd:168)
         [6] _run_suite (/home/runner/work/redwall-rts/redwall-rts/tools/ci_test_shard_runner.gd:30)
         [7] _run_worker (res://test/run_tests.gd:121)
         [8] _initialize (res://test/run_tests.gd:108)
  PASS  test_a_group_carries_no_person_and_the_panel_shows_none
  PASS  test_with_no_portrait_staged_the_person_has_no_header
  PASS  test_a_staged_portrait_heads_the_person_with_its_name_and_role
  PASS  test_the_portrait_is_looked_up_once_a_resident_and_drawn_when_given_late
CI_SUITE_TIME {"assertions":314,"failures":0,"suite":"test_demo_people_ui.gd","tests":27,"usec":11522089}
test_demo_routes.gd
  PASS  test_a_tunnel_s_after_estimate_is_the_router_s_cost_once_it_is_dug
  PASS  test_a_before_estimate_over_the_live_network_is_the_router_s_cost_in_the_rain
  PASS  test_a_bridge_s_after_estimate_is_the_router_s_cost_once_it_is_built
  PASS  test_a_loaded_haul_walked_before_and_after_the_bridge_takes_what_the_estimate_says
  PASS  test_the_estimate_plans_one_piece_a_window_and_only_when_the_desk_has_room
  PASS  test_an_estimate_starts_again_when_the_network_changes_and_not_otherwise
  PASS  test_a_group_s_fit_is_said_member_by_member_never_the_lead_s
  PASS  test_a_route_s_stretches_are_surface_underground_by_level_and_its_crossings
  PASS  test_water_stretches_are_wading_a_bridge_a_swim_and_the_proposed_bridge
  PASS  test_finding_a_route_is_the_desk_s_wait
  PASS  test_a_flood_or_a_fall_ahead_is_said_at_that_segment_s_entry
  PASS  test_a_load_taken_up_after_planning_is_too_wide_for_the_bore_ahead
  PASS  test_waiting_in_a_mouth_s_line_is_said_at_the_mouth
  PASS  test_stranded_below_with_every_way_out_closed_is_no_safe_exit
  PASS  test_a_trip_with_no_route_at_all_is_said_at_its_goal
  PASS  test_a_large_dig_reads_as_a_junction_then_a_connection
  PASS  test_a_finished_stage_is_told_apart_from_a_dead_end_heading
  PASS  test_the_next_payoff_counts_the_work_left_to_it
  PASS  test_a_stage_s_benefit_opens_only_the_segments_to_it
  PASS  test_a_piece_laid_but_not_dug_is_estimated_as_the_router_will_cost_it_once_dug
  PASS  test_a_trip_reads_calculating_then_now_and_after_honestly
  PASS  test_the_village_s_work_places_stand_on_land_and_the_far_banks_lie_across_the_water
  PASS  test_a_planned_bridge_s_materials_are_reserved_then_delivered_and_nothing_is_missing
  PASS  test_a_crew_member_aboard_reads_by_boat_out_and_back
  PASS  test_the_rescue_card_names_victim_responder_landing_and_a_time_the_same_while_paused
  PASS  test_with_its_rescuer_called_away_the_card_says_the_blockage_and_the_safety_net
  PASS  test_the_overlay_draws_each_member_and_redraws_only_on_change
  PASS  test_a_dig_ending_blind_below_is_a_spur_and_levels_are_named
  PASS  test_past_a_reached_stage_the_next_payoff_counts_from_it
  PASS  test_after_a_step_longer_than_the_budget_the_estimate_rests_as_many_windows
  PASS  test_a_discarded_copy_of_the_network_is_freed
  PASS  test_a_route_read_from_a_waypoint_on_is_that_stretch_of_it
  PASS  test_a_swimmer_treading_above_one_it_cannot_fetch_is_a_blockage_on_the_card
CI_SUITE_TIME {"assertions":246,"failures":0,"suite":"test_demo_routes.gd","tests":33,"usec":2897913}
test_demo_sound_cost.gd
TOLERATED WARNING: sound cue chop: 5 of 5 files missing (res://demo/assets/sound/chop_01.wav, res://demo/assets/sound/chop_02.ogg, res://demo/assets/sound/chop_03.ogg, res://demo/assets/sound/chop_04.ogg, res://demo/assets/sound/chop_05.ogg); it plays silent until they are staged
     at: push_warning (core/variant/variant_utility.cpp:1033)
     GDScript backtrace (most recent call first):
         [0] _load_row (res://demo/sound/sound_table.gd:153)
         [1] load_streams (res://demo/sound/sound_table.gd:134)
         [2] warm (res://demo/sound/sound_director.gd:121)
         [3] _crowd (res://test/test_demo_sound_cost.gd:71)
         [4] test_twenty_workers_at_four_x_cost_little_per_frame (res://test/test_demo_sound_cost.gd:118)
         [5] _run_test (res://test/run_tests.gd:194)
         [6] _run_suite (res://test/run_tests.gd:168)
         [7] _run_suite (/home/runner/work/redwall-rts/redwall-rts/tools/ci_test_shard_runner.gd:30)
         [8] _run_worker (res://test/run_tests.gd:121)
         [9] _initialize (res://test/run_tests.gd:108)
TOLERATED WARNING: sound cue gnaw: 5 of 5 files missing (res://demo/assets/sound/gnaw_01.wav, res://demo/assets/sound/gnaw_02.wav, res://demo/assets/sound/gnaw_03.wav, res://demo/assets/sound/gnaw_04.wav, res://demo/assets/sound/gnaw_05.wav); it plays silent until they are staged
     at: push_warning (core/variant/variant_utility.cpp:1033)
     GDScript backtrace (most recent call first):
         [0] _load_row (res://demo/sound/sound_table.gd:153)
         [1] load_streams (res://demo/sound/sound_table.gd:134)
         [2] warm (res://demo/sound/sound_director.gd:121)
         [3] _crowd (res://test/test_demo_sound_cost.gd:71)
         [4] test_twenty_workers_at_four_x_cost_little_per_frame (res://test/test_demo_sound_cost.gd:118)
         [5] _run_test (res://test/run_tests.gd:194)
         [6] _run_suite (res://test/run_tests.gd:168)
         [7] _run_suite (/home/runner/work/redwall-rts/redwall-rts/tools/ci_test_shard_runner.gd:30)
         [8] _run_worker (res://test/run_tests.gd:121)
         [9] _initialize (res://test/run_tests.gd:108)
TOLERATED WARNING: sound cue saw: 3 of 3 files missing (res://demo/assets/sound/saw_01.wav, res://demo/assets/sound/saw_02.wav, res://demo/assets/sound/saw_03.wav); it plays silent until they are staged
     at: push_warning (core/variant/variant_utility.cpp:1033)
     GDScript backtrace (most recent call first):
         [0] _load_row (res://demo/sound/sound_table.gd:153)
         [1] load_streams (res://demo/sound/sound_table.gd:134)
         [2] warm (res://demo/sound/sound_director.gd:121)
         [3] _crowd (res://test/test_demo_sound_cost.gd:71)
         [4] test_twenty_workers_at_four_x_cost_little_per_frame (res://test/test_demo_sound_cost.gd:118)
         [5] _run_test (res://test/run_tests.gd:194)
         [6] _run_suite (res://test/run_tests.gd:168)
         [7] _run_suite (/home/runner/work/redwall-rts/redwall-rts/tools/ci_test_shard_runner.gd:30)
         [8] _run_worker (res://test/run_tests.gd:121)
         [9] _initialize (res://test/run_tests.gd:108)
TOLERATED WARNING: sound cue dig: 3 of 3 files missing (res://demo/assets/sound/dig_01.wav, res://demo/assets/sound/dig_02.wav, res://demo/assets/sound/dig_03.wav); it plays silent until they are staged
     at: push_warning (core/variant/variant_utility.cpp:1033)
     GDScript backtrace (most recent call first):
         [0] _load_row (res://demo/sound/sound_table.gd:153)
         [1] load_streams (res://demo/sound/sound_table.gd:134)
         [2] warm (res://demo/sound/sound_director.gd:121)
         [3] _crowd (res://test/test_demo_sound_cost.gd:71)
         [4] test_twenty_workers_at_four_x_cost_little_per_frame (res://test/test_demo_sound_cost.gd:118)
         [5] _run_test (res://test/run_tests.gd:194)
         [6] _run_suite (res://test/run_tests.gd:168)
         [7] _run_suite (/home/runner/work/redwall-rts/redwall-rts/tools/ci_test_shard_runner.gd:30)
         [8] _run_worker (res://test/run_tests.gd:121)
         [9] _initialize (res://test/run_tests.gd:108)
TOLERATED WARNING: sound cue tree_fall: 1 of 1 files missing (res://demo/assets/sound/tree_fall_01.wav); it plays silent until they are staged
     at: push_warning (core/variant/variant_utility.cpp:1033)
     GDScript backtrace (most recent call first):
         [0] _load_row (res://demo/sound/sound_table.gd:153)
         [1] load_streams (res://demo/sound/sound_table.gd:134)
         [2] warm (res://demo/sound/sound_director.gd:121)
         [3] _crowd (res://test/test_demo_sound_cost.gd:71)
         [4] test_twenty_workers_at_four_x_cost_little_per_frame (res://test/test_demo_sound_cost.gd:118)
         [5] _run_test (res://test/run_tests.gd:194)
         [6] _run_suite (res://test/run_tests.gd:168)
         [7] _run_suite (/home/runner/work/redwall-rts/redwall-rts/tools/ci_test_shard_runner.gd:30)
         [8] _run_worker (res://test/run_tests.gd:121)
         [9] _initialize (res://test/run_tests.gd:108)
TOLERATED WARNING: sound cue pickup: 3 of 3 files missing (res://demo/assets/sound/pickup_01.ogg, res://demo/assets/sound/pickup_02.ogg, res://demo/assets/sound/pickup_03.ogg); it plays silent until they are staged
     at: push_warning (core/variant/variant_utility.cpp:1033)
     GDScript backtrace (most recent call first):
         [0] _load_row (res://demo/sound/sound_table.gd:153)
         [1] load_streams (res://demo/sound/sound_table.gd:134)
         [2] warm (res://demo/sound/sound_director.gd:121)
         [3] _crowd (res://test/test_demo_sound_cost.gd:71)
         [4] test_twenty_workers_at_four_x_cost_little_per_frame (res://test/test_demo_sound_cost.gd:118)
         [5] _run_test (res://test/run_tests.gd:194)
         [6] _run_suite (res://test/run_tests.gd:168)
         [7] _run_suite (/home/runner/work/redwall-rts/redwall-rts/tools/ci_test_shard_runner.gd:30)
         [8] _run_worker (res://test/run_tests.gd:121)
         [9] _initialize (res://test/run_tests.gd:108)
TOLERATED WARNING: sound cue drop: 4 of 4 files missing (res://demo/assets/sound/drop_01.ogg, res://demo/assets/sound/drop_02.ogg, res://demo/assets/sound/drop_03.ogg, res://demo/assets/sound/drop_04.ogg); it plays silent until they are staged
     at: push_warning (core/variant/variant_utility.cpp:1033)
     GDScript backtrace (most recent call first):
         [0] _load_row (res://demo/sound/sound_table.gd:153)
         [1] load_streams (res://demo/sound/sound_table.gd:134)
         [2] warm (res://demo/sound/sound_director.gd:121)
         [3] _crowd (res://test/test_demo_sound_cost.gd:71)
         [4] test_twenty_workers_at_four_x_cost_little_per_frame (res://test/test_demo_sound_cost.gd:118)
         [5] _run_test (res://test/run_tests.gd:194)
         [6] _run_suite (res://test/run_tests.gd:168)
         [7] _run_suite (/home/runner/work/redwall-rts/redwall-rts/tools/ci_test_shard_runner.gd:30)
         [8] _run_worker (res://test/run_tests.gd:121)
         [9] _initialize (res://test/run_tests.gd:108)
TOLERATED WARNING: sound cue step_grass: 4 of 4 files missing (res://demo/assets/sound/step_grass_01.ogg, res://demo/assets/sound/step_grass_02.ogg, res://demo/assets/sound/step_grass_03.ogg, res://demo/assets/sound/step_grass_04.ogg); it plays silent until they are staged
     at: push_warning (core/variant/variant_utility.cpp:1033)
     GDScript backtrace (most recent call first):
         [0] _load_row (res://demo/sound/sound_table.gd:153)
         [1] load_streams (res://demo/sound/sound_table.gd:134)
         [2] warm (res://demo/sound/sound_director.gd:121)
         [3] _crowd (res://test/test_demo_sound_cost.gd:71)
         [4] test_twenty_workers_at_four_x_cost_little_per_frame (res://test/test_demo_sound_cost.gd:118)
         [5] _run_test (res://test/run_tests.gd:194)
         [6] _run_suite (res://test/run_tests.gd:168)
         [7] _run_suite (/home/runner/work/redwall-rts/redwall-rts/tools/ci_test_shard_runner.gd:30)
         [8] _run_worker (res://test/run_tests.gd:121)
         [9] _initialize (res://test/run_tests.gd:108)
TOLERATED WARNING: sound cue step_dirt: 4 of 4 files missing (res://demo/assets/sound/step_dirt_01.ogg, res://demo/assets/sound/step_dirt_02.ogg, res://demo/assets/sound/step_dirt_03.ogg, res://demo/assets/sound/step_dirt_04.ogg); it plays silent until they are staged
     at: push_warning (core/variant/variant_utility.cpp:1033)
     GDScript backtrace (most recent call first):
         [0] _load_row (res://demo/sound/sound_table.gd:153)
         [1] load_streams (res://demo/sound/sound_table.gd:134)
         [2] warm (res://demo/sound/sound_director.gd:121)
         [3] _crowd (res://test/test_demo_sound_cost.gd:71)
         [4] test_twenty_workers_at_four_x_cost_little_per_frame (res://test/test_demo_sound_cost.gd:118)
         [5] _run_test (res://test/run_tests.gd:194)
         [6] _run_suite (res://test/run_tests.gd:168)
         [7] _run_suite (/home/runner/work/redwall-rts/redwall-rts/tools/ci_test_shard_runner.gd:30)
         [8] _run_worker (res://test/run_tests.gd:121)
         [9] _initialize (res://test/run_tests.gd:108)
TOLERATED WARNING: sound cue step_wood: 4 of 4 files missing (res://demo/assets/sound/step_wood_01.wav, res://demo/assets/sound/step_wood_02.wav, res://demo/assets/sound/step_wood_03.wav, res://demo/assets/sound/step_wood_04.wav); it plays silent until they are staged
     at: push_warning (core/variant/variant_utility.cpp:1033)
     GDScript backtrace (most recent call first):
         [0] _load_row (res://demo/sound/sound_table.gd:153)
         [1] load_streams (res://demo/sound/sound_table.gd:134)
         [2] warm (res://demo/sound/sound_director.gd:121)
         [3] _crowd (res://test/test_demo_sound_cost.gd:71)
         [4] test_twenty_workers_at_four_x_cost_little_per_frame (res://test/test_demo_sound_cost.gd:118)
         [5] _run_test (res://test/run_tests.gd:194)
         [6] _run_suite (res://test/run_tests.gd:168)
         [7] _run_suite (/home/runner/work/redwall-rts/redwall-rts/tools/ci_test_shard_runner.gd:30)
         [8] _run_worker (res://test/run_tests.gd:121)
         [9] _initialize (res://test/run_tests.gd:108)
TOLERATED WARNING: sound cue step_tunnel: 4 of 4 files missing (res://demo/assets/sound/step_tunnel_01.ogg, res://demo/assets/sound/step_tunnel_02.ogg, res://demo/assets/sound/step_tunnel_03.ogg, res://demo/assets/sound/step_tunnel_04.ogg); it plays silent until they are staged
     at: push_warning (core/variant/variant_utility.cpp:1033)
     GDScript backtrace (most recent call first):
         [0] _load_row (res://demo/sound/sound_table.gd:153)
         [1] load_streams (res://demo/sound/sound_table.gd:134)
         [2] warm (res://demo/sound/sound_director.gd:121)
         [3] _crowd (res://test/test_demo_sound_cost.gd:71)
         [4] test_twenty_workers_at_four_x_cost_little_per_frame (res://test/test_demo_sound_cost.gd:118)
         [5] _run_test (res://test/run_tests.gd:194)
         [6] _run_suite (res://test/run_tests.gd:168)
         [7] _run_suite (/home/runner/work/redwall-rts/redwall-rts/tools/ci_test_shard_runner.gd:30)
         [8] _run_worker (res://test/run_tests.gd:121)
         [9] _initialize (res://test/run_tests.gd:108)
TOLERATED WARNING: sound cue step_wade: 3 of 3 files missing (res://demo/assets/sound/step_wade_01.ogg, res://demo/assets/sound/step_wade_02.ogg, res://demo/assets/sound/step_wade_03.ogg); it plays silent until they are staged
     at: push_warning (core/variant/variant_utility.cpp:1033)
     GDScript backtrace (most recent call first):
         [0] _load_row (res://demo/sound/sound_table.gd:153)
         [1] load_streams (res://demo/sound/sound_table.gd:134)
         [2] warm (res://demo/sound/sound_director.gd:121)
         [3] _crowd (res://test/test_demo_sound_cost.gd:71)
         [4] test_twenty_workers_at_four_x_cost_little_per_frame (res://test/test_demo_sound_cost.gd:118)
         [5] _run_test (res://test/run_tests.gd:194)
         [6] _run_suite (res://test/run_tests.gd:168)
         [7] _run_suite (/home/runner/work/redwall-rts/redwall-rts/tools/ci_test_shard_runner.gd:30)
         [8] _run_worker (res://test/run_tests.gd:121)
         [9] _initialize (res://test/run_tests.gd:108)
TOLERATED WARNING: sound cue splash: 3 of 3 files missing (res://demo/assets/sound/splash_01.ogg, res://demo/assets/sound/splash_02.ogg, res://demo/assets/sound/splash_03.ogg); it plays silent until they are staged
     at: push_warning (core/variant/variant_utility.cpp:1033)
     GDScript backtrace (most recent call first):
         [0] _load_row (res://demo/sound/sound_table.gd:153)
         [1] load_streams (res://demo/sound/sound_table.gd:134)
         [2] warm (res://demo/sound/sound_director.gd:121)
         [3] _crowd (res://test/test_demo_sound_cost.gd:71)
         [4] test_twenty_workers_at_four_x_cost_little_per_frame (res://test/test_demo_sound_cost.gd:118)
         [5] _run_test (res://test/run_tests.gd:194)
         [6] _run_suite (res://test/run_tests.gd:168)
         [7] _run_suite (/home/runner/work/redwall-rts/redwall-rts/tools/ci_test_shard_runner.gd:30)
         [8] _run_worker (res://test/run_tests.gd:121)
         [9] _initialize (res://test/run_tests.gd:108)
TOLERATED WARNING: sound cue water_in: 2 of 2 files missing (res://demo/assets/sound/water_in_01.ogg, res://demo/assets/sound/water_in_02.ogg); it plays silent until they are staged
     at: push_warning (core/variant/variant_utility.cpp:1033)
     GDScript backtrace (most recent call first):
         [0] _load_row (res://demo/sound/sound_table.gd:153)
         [1] load_streams (res://demo/sound/sound_table.gd:134)
         [2] warm (res://demo/sound/sound_director.gd:121)
         [3] _crowd (res://test/test_demo_sound_cost.gd:71)
         [4] test_twenty_workers_at_four_x_cost_little_per_frame (res://test/test_demo_sound_cost.gd:118)
         [5] _run_test (res://test/run_tests.gd:194)
         [6] _run_suite (res://test/run_tests.gd:168)
         [7] _run_suite (/home/runner/work/redwall-rts/redwall-rts/tools/ci_test_shard_runner.gd:30)
         [8] _run_worker (res://test/run_tests.gd:121)
         [9] _initialize (res://test/run_tests.gd:108)
TOLERATED WARNING: sound cue water_out: 2 of 2 files missing (res://demo/assets/sound/water_out_01.ogg, res://demo/assets/sound/water_out_02.ogg); it plays silent until they are staged
     at: push_warning (core/variant/variant_utility.cpp:1033)
     GDScript backtrace (most recent call first):
         [0] _load_row (res://demo/sound/sound_table.gd:153)
         [1] load_streams (res://demo/sound/sound_table.gd:134)
         [2] warm (res://demo/sound/sound_director.gd:121)
         [3] _crowd (res://test/test_demo_sound_cost.gd:71)
         [4] test_twenty_workers_at_four_x_cost_little_per_frame (res://test/test_demo_sound_cost.gd:118)
         [5] _run_test (res://test/run_tests.gd:194)
         [6] _run_suite (res://test/run_tests.gd:168)
         [7] _run_suite (/home/runner/work/redwall-rts/redwall-rts/tools/ci_test_shard_runner.gd:30)
         [8] _run_worker (res://test/run_tests.gd:121)
         [9] _initialize (res://test/run_tests.gd:108)
TOLERATED WARNING: sound cue amb_stream: 1 of 1 files missing (res://demo/assets/sound/amb_stream_01.ogg); it plays silent until they are staged
     at: push_warning (core/variant/variant_utility.cpp:1033)
     GDScript backtrace (most recent call first):
         [0] _load_row (res://demo/sound/sound_table.gd:153)
         [1] load_streams (res://demo/sound/sound_table.gd:134)
         [2] warm (res://demo/sound/sound_director.gd:121)
         [3] _crowd (res://test/test_demo_sound_cost.gd:71)
         [4] test_twenty_workers_at_four_x_cost_little_per_frame (res://test/test_demo_sound_cost.gd:118)
         [5] _run_test (res://test/run_tests.gd:194)
         [6] _run_suite (res://test/run_tests.gd:168)
         [7] _run_suite (/home/runner/work/redwall-rts/redwall-rts/tools/ci_test_shard_runner.gd:30)
         [8] _run_worker (res://test/run_tests.gd:121)
         [9] _initialize (res://test/run_tests.gd:108)
TOLERATED WARNING: sound cue amb_wind: 1 of 1 files missing (res://demo/assets/sound/amb_wind_01.wav); it plays silent until they are staged
     at: push_warning (core/variant/variant_utility.cpp:1033)
     GDScript backtrace (most recent call first):
         [0] _load_row (res://demo/sound/sound_table.gd:153)
         [1] load_streams (res://demo/sound/sound_table.gd:134)
         [2] warm (res://demo/sound/sound_director.gd:121)
         [3] _crowd (res://test/test_demo_sound_cost.gd:71)
         [4] test_twenty_workers_at_four_x_cost_little_per_frame (res://test/test_demo_sound_cost.gd:118)
         [5] _run_test (res://test/run_tests.gd:194)
         [6] _run_suite (res://test/run_tests.gd:168)
         [7] _run_suite (/home/runner/work/redwall-rts/redwall-rts/tools/ci_test_shard_runner.gd:30)
         [8] _run_worker (res://test/run_tests.gd:121)
         [9] _initialize (res://test/run_tests.gd:108)
TOLERATED WARNING: sound cue amb_rain: 1 of 1 files missing (res://demo/assets/sound/amb_rain_01.ogg); it plays silent until they are staged
     at: push_warning (core/variant/variant_utility.cpp:1033)
     GDScript backtrace (most recent call first):
         [0] _load_row (res://demo/sound/sound_table.gd:153)
         [1] load_streams (res://demo/sound/sound_table.gd:134)
         [2] warm (res://demo/sound/sound_director.gd:121)
         [3] _crowd (res://test/test_demo_sound_cost.gd:71)
         [4] test_twenty_workers_at_four_x_cost_little_per_frame (res://test/test_demo_sound_cost.gd:118)
         [5] _run_test (res://test/run_tests.gd:194)
         [6] _run_suite (res://test/run_tests.gd:168)
         [7] _run_suite (/home/runner/work/redwall-rts/redwall-rts/tools/ci_test_shard_runner.gd:30)
         [8] _run_worker (res://test/run_tests.gd:121)
         [9] _initialize (res://test/run_tests.gd:108)
TOLERATED WARNING: sound cue warning: 1 of 1 files missing (res://demo/assets/sound/warning_01.ogg); it plays silent until they are staged
     at: push_warning (core/variant/variant_utility.cpp:1033)
     GDScript backtrace (most recent call first):
         [0] _load_row (res://demo/sound/sound_table.gd:153)
         [1] load_streams (res://demo/sound/sound_table.gd:134)
         [2] warm (res://demo/sound/sound_director.gd:121)
         [3] _crowd (res://test/test_demo_sound_cost.gd:71)
         [4] test_twenty_workers_at_four_x_cost_little_per_frame (res://test/test_demo_sound_cost.gd:118)
         [5] _run_test (res://test/run_tests.gd:194)
         [6] _run_suite (res://test/run_tests.gd:168)
         [7] _run_suite (/home/runner/work/redwall-rts/redwall-rts/tools/ci_test_shard_runner.gd:30)
         [8] _run_worker (res://test/run_tests.gd:121)
         [9] _initialize (res://test/run_tests.gd:108)
TOLERATED WARNING: sound cue complete: 1 of 1 files missing (res://demo/assets/sound/complete_01.ogg); it plays silent until they are staged
     at: push_warning (core/variant/variant_utility.cpp:1033)
     GDScript backtrace (most recent call first):
         [0] _load_row (res://demo/sound/sound_table.gd:153)
         [1] load_streams (res://demo/sound/sound_table.gd:134)
         [2] warm (res://demo/sound/sound_director.gd:121)
         [3] _crowd (res://test/test_demo_sound_cost.gd:71)
         [4] test_twenty_workers_at_four_x_cost_little_per_frame (res://test/test_demo_sound_cost.gd:118)
         [5] _run_test (res://test/run_tests.gd:194)
         [6] _run_suite (res://test/run_tests.gd:168)
         [7] _run_suite (/home/runner/work/redwall-rts/redwall-rts/tools/ci_test_shard_runner.gd:30)
         [8] _run_worker (res://test/run_tests.gd:121)
         [9] _initialize (res://test/run_tests.gd:108)
TOLERATED WARNING: sound cue ui_click: 1 of 1 files missing (res://demo/assets/sound/ui_click_01.ogg); it plays silent until they are staged
     at: push_warning (core/variant/variant_utility.cpp:1033)
     GDScript backtrace (most recent call first):
         [0] _load_row (res://demo/sound/sound_table.gd:153)
         [1] load_streams (res://demo/sound/sound_table.gd:134)
         [2] warm (res://demo/sound/sound_director.gd:121)
         [3] _crowd (res://test/test_demo_sound_cost.gd:71)
         [4] test_twenty_workers_at_four_x_cost_little_per_frame (res://test/test_demo_sound_cost.gd:118)
         [5] _run_test (res://test/run_tests.gd:194)
         [6] _run_suite (res://test/run_tests.gd:168)
         [7] _run_suite (/home/runner/work/redwall-rts/redwall-rts/tools/ci_test_shard_runner.gd:30)
         [8] _run_worker (res://test/run_tests.gd:121)
         [9] _initialize (res://test/run_tests.gd:108)
SOUND-COST the boot prewarm step (streams and the path grid): 26050 us
SOUND-COST 20 workers at 4x: p50 78 us, p95 150 us, p99 166 us, max 361 us; 2678 events, 196 played, 2146 folded
  PASS  test_twenty_workers_at_four_x_cost_little_per_frame
CI_SUITE_TIME {"assertions":19,"failures":0,"suite":"test_demo_sound_cost.gd","tests":1,"usec":1277907}
test_demo_sowing.gd
  PASS  test_the_south_field_is_six_more_beds_laid_from_the_start
  PASS  test_the_south_field_is_one_rectangle_clear_of_everything
  PASS  test_each_bed_starts_on_the_cycle_its_soil_can_follow
  PASS  test_stepping_a_rotation_offers_only_what_the_soil_takes
  PASS  test_the_cursor_moves_once_its_crop_has_been_in_the_bed
  PASS  test_a_wait_is_said_once_a_bed_and_entry
  PASS  test_the_policy_sows_empty_beds_in_season_within_its_budget
  PASS  test_a_refused_sowing_puts_the_choice_back
  PASS  test_the_policy_waits_for_a_window_and_says_so_once
  PASS  test_the_rotation_line_in_the_panel
  PASS  test_an_idle_hour_with_sowing_on_allocates_nothing
CI_SUITE_TIME {"assertions":1145,"failures":0,"suite":"test_demo_sowing.gd","tests":11,"usec":755812}
test_demo_spoil.gd
  PASS  test_a_heap_is_refused_while_its_tunnel_is_dug_or_when_empty
  PASS  test_a_heap_is_cleared_into_the_stores_with_nothing_lost
  PASS  test_a_worker_called_away_puts_its_basket_back_and_comes_back
  PASS  test_only_carriers_are_sent_and_at_most_four_a_heap
  PASS  test_a_heap_is_picked_under_the_pointer_and_selected
  PASS  test_the_last_basket_takes_what_is_left
  PASS  test_a_cleared_heap_that_takes_spoil_again_is_an_obstacle_again
  PASS  test_moving_a_worker_to_another_heap_takes_up_nothing_else
  PASS  test_a_worker_released_by_the_player_keeps_no_heap
CI_SUITE_TIME {"assertions":62,"failures":0,"suite":"test_demo_spoil.gd","tests":9,"usec":1264505}
test_demo_standing.gd
  PASS  test_the_goods_are_read_from_the_catalog
  PASS  test_adding_refuses_with_words
  PASS  test_the_book_holds_twelve
  PASS  test_the_latch_starts_below_the_amount_and_stops_at_the_band
  PASS  test_committed_output_counts_against_the_target
  PASS  test_off_queues_nothing_and_remove_leaves_the_work
  PASS  test_amount_steps_within_bounds
  PASS  test_only_a_blocked_order_raises_a_notice_and_once
  PASS  test_keep_planks_queues_sawing_on_the_woods_board
  PASS  test_keep_planks_is_blocked_without_wood_and_says_it_in_the_incidents
  PASS  test_keep_wood_gathers_deadfall_first_and_takes_the_fuel_bucket
  PASS  test_keep_a_crop_adopts_the_ripe_bed_s_harvest
  PASS  test_keep_meals_harvests_food_and_is_urgent_under_two_food_days
  PASS  test_the_driver_keeps_once_per_hour_moved
  PASS  test_keeping_allocates_nothing
  PASS  test_the_firewood_is_a_built_in_order_that_can_be_switched_off
  PASS  test_the_work_screen_adds_and_shows_an_order
  PASS  test_a_built_in_row_can_only_be_switched
  PASS  test_a_player_s_urgent_mark_holds_until_the_reserve_changes
  PASS  test_the_hour_never_keeps_a_built_in_order
  PASS  test_only_a_food_crop_is_urgent_and_only_under_two_food_days
  PASS  test_a_reused_board_row_is_another_job
  PASS  test_the_firewood_raises_nothing_when_wood_is_plenty
  PASS  test_adopting_a_harvest_keeps_the_player_s_marks
  PASS  test_the_driver_keeps_the_player_s_orders_on_the_hour_and_not_the_built_in
  PASS  test_an_order_whose_every_job_is_blocked_on_the_board_is_blocked
  PASS  test_switching_resets_the_latch
  PASS  test_a_full_woods_board_blocks_with_its_own_words
  PASS  test_a_built_in_order_s_priority_is_its_owner_s
  PASS  test_a_priority_change_never_lands_on_a_reused_row
  PASS  test_observe_keeps_a_refusal_s_reason
  PASS  test_a_reused_farm_row_is_another_job
CI_SUITE_TIME {"assertions":158,"failures":0,"suite":"test_demo_standing.gd","tests":32,"usec":6476602}
test_demo_ui.gd
  PASS  test_contrast_black_on_white_is_twenty_one
  PASS  test_contrast_of_a_colour_with_itself_is_one
  PASS  test_contrast_reproduces_the_threshold_grey_pair
  PASS  test_large_text_thresholds
  PASS  test_worst_ratio_is_the_lowest_and_empty_is_zero
  PASS  test_composite_blends_source_over
  PASS  test_palette_is_the_locks_twelve_pigments
  PASS  test_every_surface_text_clears_body_contrast_across_its_range
  PASS  test_secondary_text_clears_body_contrast_on_every_surface
  PASS  test_readout_wash_keeps_ink_readable
  PASS  test_need_track_and_focus_ring_clear_non_text_contrast
  PASS  test_generated_faces_stay_inside_their_tone_range
  PASS  test_pieces_are_shaped_and_sized
  PASS  test_box_carries_the_callers_margins_and_draws_outside
  PASS  test_skinned_theme_is_a_copy_and_the_original_is_untouched
  PASS  test_skinned_theme_keeps_every_button_margin
  PASS  test_skinned_theme_inks_parchment_text_and_brasses_pressed_text
  PASS  test_heading_font_is_the_vendored_serif
  PASS  test_skin_restyles_a_synthetic_tree
  PASS  test_skin_inks_line_glyphs_and_leaves_painted_icons_untinted
  PASS  test_clipped_modal_wears_the_frame_held_inside_it
  PASS  test_skin_moves_and_resizes_nothing
  PASS  test_skin_adds_only_decoration
  PASS  test_skin_is_applied_once
  PASS  test_skin_tolerates_a_null_root
  PASS  test_skin_tolerates_a_bare_control
  PASS  test_skin_called_before_the_hud_builds_still_works_after
  PASS  test_skin_tolerates_a_tree_missing_every_named_target
  PASS  test_skin_on_the_real_hud_changes_style_and_not_geometry
  PASS  test_real_hud_counters_keep_tabular_figures_in_the_serif
  PASS  test_real_hud_ornaments_stay_clear_of_every_control
  PASS  test_tiled_pieces_are_seamless
  PASS  test_inset_shadow_is_gone_before_the_tiled_middle
  PASS  test_heading_variant_keeps_opentype_features
  PASS  test_the_zone_s_close_collapses_it_and_a_tab_opens_it_again
  PASS  test_a_panel_s_own_close_collapses_the_zone_and_an_intent_reopens_it
  PASS  test_the_bed_panel_s_close_button_collapses_the_zone
  PASS  test_the_zone_close_sits_on_the_strip_after_the_tabs
  PASS  test_every_command_tooltip_says_what_it_does_and_its_key
  PASS  test_a_command_tooltip_reads_its_key_from_the_input_map
  PASS  test_the_unlocked_food_command_keeps_the_pantry_tip_with_its_key
  PASS  test_hover_tooltips_are_styled_legibly_by_the_skin
  PASS  test_the_tabs_and_the_close_fit_the_right_column_at_1280x720
CI_SUITE_TIME {"assertions":212,"failures":0,"suite":"test_demo_ui.gd","tests":43,"usec":455454}
test_demo_village_cloth.gd
  PASS  test_one_opening_stock_of_24_u_serves_both_buildings
  PASS  test_a_reservation_is_never_free_to_another_claimant
  PASS  test_a_treatment_cancellation_and_loads_in_transit_conserve_the_cloth
  PASS  test_a_cancel_after_work_loses_the_fifth_and_releases_reservations
  PASS  test_an_unpaid_treatment_s_reservation_is_given_back
  PASS  test_the_stores_cloth_api_is_all_or_nothing
  PASS  test_a_paid_treatment_sent_a_healer_again_reserves_nothing_more
CI_SUITE_TIME {"assertions":72,"failures":0,"suite":"test_demo_village_cloth.gd","tests":7,"usec":44808}
test_demo_warnings.gd
  PASS  test_the_signs_come_before_the_warning
  PASS  test_the_level_rises_from_the_signs_to_the_strike
  PASS  test_each_seep_state_has_its_look
  PASS  test_each_strain_state_has_its_look
  PASS  test_only_a_warning_look_is_drawn_in_the_earth
TOLERATED ERROR: Condition "!is_inside_tree()" is true. Returning: Transform3D()
   at: get_global_transform (scene/3d/node_3d.cpp:649)
   GDScript backtrace (most recent call first):
       [0] set_hazard (res://demo/tunnel/warren_particles.gd:316)
       [1] _fall (res://demo/tunnel/hazard_view.gd:157)
       [2] refresh (res://demo/tunnel/hazard_view.gd:72)
       [3] test_a_bore_is_handed_its_hazard_levels (res://test/test_demo_warnings.gd:166)
       [4] _run_test (res://test/run_tests.gd:194)
       [5] _run_suite (res://test/run_tests.gd:168)
       [6] _run_suite (/home/runner/work/redwall-rts/redwall-rts/tools/ci_test_shard_runner.gd:30)
       [7] _run_worker (res://test/run_tests.gd:121)
       [8] _initialize (res://test/run_tests.gd:108)
TOLERATED ERROR: Condition "!is_inside_tree()" is true. Returning: Transform3D()
   at: get_global_transform (scene/3d/node_3d.cpp:649)
   GDScript backtrace (most recent call first):
       [0] set_hazard (res://demo/tunnel/warren_particles.gd:316)
       [1] _fall (res://demo/tunnel/hazard_view.gd:157)
       [2] refresh (res://demo/tunnel/hazard_view.gd:73)
       [3] test_a_bore_is_handed_its_hazard_levels (res://test/test_demo_warnings.gd:166)
       [4] _run_test (res://test/run_tests.gd:194)
       [5] _run_suite (res://test/run_tests.gd:168)
       [6] _run_suite (/home/runner/work/redwall-rts/redwall-rts/tools/ci_test_shard_runner.gd:30)
       [7] _run_worker (res://test/run_tests.gd:121)
       [8] _initialize (res://test/run_tests.gd:108)
  PASS  test_a_bore_is_handed_its_hazard_levels
TOLERATED ERROR: Condition "!is_inside_tree()" is true. Returning: Transform3D()
   at: get_global_transform (scene/3d/node_3d.cpp:649)
   GDScript backtrace (most recent call first):
       [0] set_hazard (res://demo/tunnel/warren_particles.gd:316)
       [1] _fall (res://demo/tunnel/hazard_view.gd:157)
       [2] refresh (res://demo/tunnel/hazard_view.gd:73)
       [3] test_a_segment_split_finds_its_strain_again (res://test/test_demo_warnings.gd:192)
       [4] _run_test (res://test/run_tests.gd:194)
       [5] _run_suite (res://test/run_tests.gd:168)
       [6] _run_suite (/home/runner/work/redwall-rts/redwall-rts/tools/ci_test_shard_runner.gd:30)
       [7] _run_worker (res://test/run_tests.gd:121)
       [8] _initialize (res://test/run_tests.gd:108)
  PASS  test_a_segment_split_finds_its_strain_again
TOLERATED ERROR: Condition "!is_inside_tree()" is true. Returning: Transform3D()
   at: get_global_transform (scene/3d/node_3d.cpp:649)
   GDScript backtrace (most recent call first):
       [0] set_hazard (res://demo/tunnel/warren_particles.gd:316)
       [1] _fall (res://demo/tunnel/hazard_view.gd:157)
       [2] refresh (res://demo/tunnel/hazard_view.gd:72)
       [3] test_a_level_is_written_only_when_it_moves_a_step (res://test/test_demo_warnings.gd:213)
       [4] _run_test (res://test/run_tests.gd:194)
       [5] _run_suite (res://test/run_tests.gd:168)
       [6] _run_suite (/home/runner/work/redwall-rts/redwall-rts/tools/ci_test_shard_runner.gd:30)
       [7] _run_worker (res://test/run_tests.gd:121)
       [8] _initialize (res://test/run_tests.gd:108)
  PASS  test_a_level_is_written_only_when_it_moves_a_step
TOLERATED ERROR: Condition "!is_inside_tree()" is true. Returning: Transform3D()
   at: get_global_transform (scene/3d/node_3d.cpp:649)
   GDScript backtrace (most recent call first):
       [0] set_hazard (res://demo/tunnel/warren_particles.gd:316)
       [1] _fall (res://demo/tunnel/hazard_view.gd:157)
       [2] refresh (res://demo/tunnel/hazard_view.gd:72)
       [3] test_the_first_signs_are_drawn_however_faint (res://test/test_demo_warnings.gd:235)
       [4] _run_test (res://test/run_tests.gd:194)
       [5] _run_suite (res://test/run_tests.gd:168)
       [6] _run_suite (/home/runner/work/redwall-rts/redwall-rts/tools/ci_test_shard_runner.gd:30)
       [7] _run_worker (res://test/run_tests.gd:121)
       [8] _initialize (res://test/run_tests.gd:108)
  PASS  test_the_first_signs_are_drawn_however_faint
TOLERATED ERROR: Condition "!is_inside_tree()" is true. Returning: Transform3D()
   at: get_global_transform (scene/3d/node_3d.cpp:649)
   GDScript backtrace (most recent call first):
       [0] set_hazard (res://demo/tunnel/warren_particles.gd:316)
       [1] _fall (res://demo/tunnel/hazard_view.gd:157)
       [2] refresh (res://demo/tunnel/hazard_view.gd:72)
       [3] test_the_worst_seeps_drip_and_the_worst_strains_trickle (res://test/test_demo_warnings.gd:269)
       [4] _run_test (res://test/run_tests.gd:194)
       [5] _run_suite (res://test/run_tests.gd:168)
       [6] _run_suite (/home/runner/work/redwall-rts/redwall-rts/tools/ci_test_shard_runner.gd:30)
       [7] _run_worker (res://test/run_tests.gd:121)
       [8] _initialize (res://test/run_tests.gd:108)
TOLERATED ERROR: Condition "!is_inside_tree()" is true. Returning: Transform3D()
   at: get_global_transform (scene/3d/node_3d.cpp:649)
   GDScript backtrace (most recent call first):
       [0] set_hazard (res://demo/tunnel/warren_particles.gd:316)
       [1] _fall (res://demo/tunnel/hazard_view.gd:157)
       [2] refresh (res://demo/tunnel/hazard_view.gd:73)
       [3] test_the_worst_seeps_drip_and_the_worst_strains_trickle (res://test/test_demo_warnings.gd:269)
       [4] _run_test (res://test/run_tests.gd:194)
       [5] _run_suite (res://test/run_tests.gd:168)
       [6] _run_suite (/home/runner/work/redwall-rts/redwall-rts/tools/ci_test_shard_runner.gd:30)
       [7] _run_worker (res://test/run_tests.gd:121)
       [8] _initialize (res://test/run_tests.gd:108)
TOLERATED ERROR: Condition "!is_inside_tree()" is true. Returning: Transform3D()
   at: get_global_transform (scene/3d/node_3d.cpp:649)
   GDScript backtrace (most recent call first):
       [0] set_hazard (res://demo/tunnel/warren_particles.gd:316)
       [1] _fall (res://demo/tunnel/hazard_view.gd:157)
       [2] refresh (res://demo/tunnel/hazard_view.gd:72)
       [3] test_the_worst_seeps_drip_and_the_worst_strains_trickle (res://test/test_demo_warnings.gd:269)
       [4] _run_test (res://test/run_tests.gd:194)
       [5] _run_suite (res://test/run_tests.gd:168)
       [6] _run_suite (/home/runner/work/redwall-rts/redwall-rts/tools/ci_test_shard_runner.gd:30)
       [7] _run_worker (res://test/run_tests.gd:121)
       [8] _initialize (res://test/run_tests.gd:108)
  PASS  test_the_worst_seeps_drip_and_the_worst_strains_trickle
  PASS  test_a_warned_tunnel_is_ringed_in_clay_in_the_u_view_too
  PASS  test_a_young_tunnel_s_seam_heals_over_days
  PASS  test_a_dig_under_way_shows_its_seam_growing
  PASS  test_a_long_bore_breathes_through_vents
  PASS  test_a_tunnel_stretch_under_six_metres_has_no_vent
  PASS  test_no_vent_stands_on_a_crop_bed
  PASS  test_the_seams_and_vents_are_on_the_surface_only
  PASS  test_a_mouth_arch_hangs_a_lit_lantern
  PASS  test_the_readout_prices_the_bracing
CI_SUITE_TIME {"assertions":118,"failures":0,"suite":"test_demo_warnings.gd","tests":19,"usec":177278}
test_demo_work_arrival.gd
  PASS  test_a_harvester_walled_off_from_its_spot_cuts_nothing_from_afar
  PASS  test_a_walk_given_up_at_the_spot_is_not_arrival
  PASS  test_a_harvester_pushed_off_its_spot_stops_cutting_and_walks_back
  PASS  test_a_carrier_pushed_off_the_store_spot_stores_nothing_from_there
  PASS  test_a_feller_pushed_off_its_spot_fells_nothing_from_there
  PASS  test_a_woods_walk_given_up_at_the_spot_is_not_arrival
  PASS  test_a_feller_walled_off_from_the_tree_fells_nothing_from_afar
CI_SUITE_TIME {"assertions":24,"failures":0,"suite":"test_demo_work_arrival.gd","tests":7,"usec":5423191}
test_demo_work_screen.gd
  PASS  test_an_empty_board_says_so_and_how_to_make_work
  PASS  test_each_row_says_target_action_worker_state_work_left_and_resume_intent
  PASS  test_blocked_tasks_come_first_with_their_reason_in_words
  PASS  test_pause_and_resume_from_the_row
  PASS  test_a_carried_load_disables_pause_and_reassign_with_the_reason
  PASS  test_reassign_through_the_picker_shows_each_residents_eligibility
  PASS  test_an_open_picker_stays_with_its_task_when_the_list_re_sorts
  PASS  test_priority_and_urgent_from_the_row
  PASS  test_go_to_jumps_to_the_target_and_closes
  PASS  test_a_row_whose_task_changed_under_it_does_nothing
  PASS  test_cancel_all_shows_its_scope_then_cancels_what_it_said
  PASS  test_the_projects_view_groups_tasks_by_source
  PASS  test_the_residents_view_lists_each_crew_and_moves_a_member
  PASS  test_an_order_list_is_shown_and_edited_from_the_residents_view
  PASS  test_presets_preview_then_apply_from_the_residents_view
  PASS  test_a_paused_tunnel_job_is_claimed_by_one_who_fits_its_bore
  PASS  test_a_tunnel_job_paused_reassigned_and_cancelled
  PASS  test_a_paused_tunnel_job_is_not_taken_back_by_its_old_worker
  PASS  test_a_tunnel_job_posted_again_is_a_new_job
  PASS  test_a_widening_needs_one_who_can_dig
  PASS  test_a_tunnel_job_that_cannot_be_worked_says_why_and_waits
  PASS  test_a_mixed_group_on_a_tunnel_job_previews_each_member
  PASS  test_spoil_rows_are_listed_with_their_phase_and_say_how_to_stop_them
  PASS  test_a_waiting_fixture_is_listed_and_handed_to_a_resident
  PASS  test_a_queued_woods_order_goes_to_the_nearest_selected_resident
CI_SUITE_TIME {"assertions":152,"failures":0,"suite":"test_demo_work_screen.gd","tests":25,"usec":5824720}
test_demo_world.gd
  PASS  test_building_scale_hits_the_authoritative_height_for_a_synthetic_bound
  PASS  test_building_scale_measures_height_from_the_bound_not_the_origin
  PASS  test_named_building_heights_match_the_ruling
  PASS  test_every_staged_world_key_has_a_positive_size
  PASS  test_crop_beds_are_scaled_to_their_width
  PASS  test_the_table_top_is_the_work_surface_candidate
  PASS  test_point_count_is_in_the_demo_range
  PASS  test_every_point_of_interest_is_inside_bounds
  PASS  test_every_point_of_interest_is_clear_of_every_obstacle
  PASS  test_point_fields_are_well_formed
  PASS  test_points_are_spaced_apart
  PASS  test_every_point_is_on_or_beside_a_worn_path
  PASS  test_every_path_capsule_has_a_radius
  PASS  test_obstacles_are_published_as_x_radius_z
  PASS  test_obstacles_have_positive_radii_and_reach_the_play_area
  PASS  test_every_blocking_footprint_is_walled_by_its_circles
  PASS  test_placeholder_build_works_on_an_empty_manifest
  PASS  test_placeholder_hall_is_drawn_at_its_envelope_height
  PASS  test_rebuild_replaces_rather_than_duplicates
  PASS  test_rebuild_keeps_nodes_the_integrator_added
  PASS  test_queries_do_not_change_across_a_build
  PASS  test_layout_and_dressing_are_deterministic
  PASS  test_trees_stand_outside_the_clearing_and_off_the_paths
  PASS  test_ground_cover_stays_out_of_obstacles_and_off_points
  PASS  test_card_placement_is_deterministic
  PASS  test_every_card_stays_inside_the_bed
  PASS  test_every_card_shows_a_cell_of_its_own_kind
  PASS  test_roots_bed_rows_match_the_source
  PASS  test_card_mesh_stands_on_the_soil_within_its_cell
  PASS  test_card_material_is_alpha_scissor_not_blend
  PASS  test_card_build_needs_no_staged_assets
EXPECTED WARNING: demo world: 'crop_grain_ripe' is staged but did not load; using a placeholder
     at: push_warning (core/variant/variant_utility.cpp:1033)
     GDScript backtrace (most recent call first):
         [0] _staged_scene (res://demo/world/demo_world.gd:414)
         [1] _make_piece (res://demo/world/demo_world.gd:433)
         [2] _build_pieces (res://demo/world/demo_world.gd:139)
         [3] build (res://demo/world/demo_world.gd:120)
         [4] test_a_carded_entry_whose_files_are_missing_falls_back_to_a_placeholder (res://test/test_demo_world.gd:462)
         [5] _run_test (res://test/run_tests.gd:194)
         [6] _run_suite (res://test/run_tests.gd:168)
         [7] _run_suite (/home/runner/work/redwall-rts/redwall-rts/tools/ci_test_shard_runner.gd:30)
         [8] _run_worker (res://test/run_tests.gd:121)
         [9] _initialize (res://test/run_tests.gd:108)
  PASS  test_a_carded_entry_whose_files_are_missing_falls_back_to_a_placeholder
  PASS  test_the_shadow_range_follows_the_zoom_between_its_limits
  PASS  test_the_sun_takes_the_fitted_shadow_range
  PASS  test_the_measured_sinks_are_pinned
  PASS  test_a_sink_scales_with_the_placement_size
  PASS  test_the_piece_transform_lets_a_model_down_by_its_sink
  PASS  test_a_staged_model_is_drawn_sunk_by_its_key
  PASS  test_a_staged_model_with_no_base_stands_on_the_ground
  PASS  test_a_placeholder_is_never_sunk
  PASS  test_the_build_draws_the_staged_residences_sunk
CI_SUITE_TIME {"assertions":5217,"failures":0,"suite":"test_demo_world.gd","tests":41,"usec":1511438}
test_demolition_admissions.gd
  PASS  test_a_new_building_publishes_the_first_destination_revision
  PASS  test_recording_an_admission_advances_the_revision_and_keeps_the_binding
  PASS  test_a_live_admission_refuses_a_second_and_a_retired_one_keeps_its_claim
  PASS  test_release_clears_the_record_advances_the_revision_and_refuses_nothing_to_release
  PASS  test_record_refuses_a_stale_building_a_stale_project_and_a_bad_output_shape
  PASS  test_the_revision_refuses_before_it_would_pass_int32
  PASS  test_clear_forgets_every_record_and_restarts_revisions
  PASS  test_both_revision_bounds_refuse_at_their_exact_edge
CI_SUITE_TIME {"assertions":53,"failures":0,"suite":"test_demolition_admissions.gd","tests":8,"usec":177742}
test_demolition_work.gd
  PASS  test_an_order_is_recorded_once_and_read_back_by_building_and_row
  PASS  test_an_order_refuses_a_stale_building_and_writes_nothing
  PASS  test_cancelling_an_order_forgets_it_and_refuses_twice
  PASS  test_an_order_does_not_survive_its_row_being_reused
  PASS  test_drop_intent_and_drop_intent_at_forget_an_order_and_ignore_bad_rows
  PASS  test_clear_forgets_every_order_and_link
  PASS  test_a_demolition_and_a_piece_removal_are_removal_projects_and_name_their_building
  PASS  test_a_build_project_and_a_stale_ref_are_not_removals
  PASS  test_a_piece_under_construction_names_no_building
  PASS  test_post_job_publishes_one_build_job_carrying_the_projects_work
  PASS  test_post_job_refuses_a_second_job_and_every_unworkable_project
  PASS  test_a_working_project_posts_its_remaining_work_not_its_original_total
  PASS  test_a_refused_job_creation_links_nothing
  PASS  test_retiring_a_job_releases_its_worker_and_destroys_it
  PASS  test_retire_job_of_a_live_building_and_the_no_op_cases
  PASS  test_a_link_to_a_job_destroyed_elsewhere_reads_as_none_and_clears
  PASS  test_project_of_job_names_only_the_linked_build_job
  PASS  test_project_of_job_refuses_a_build_job_whose_requester_is_no_removal
  PASS  test_work_refusal_passes_a_job_in_step_and_names_each_refusal
  PASS  test_work_refusal_refuses_a_subject_that_is_gone
  PASS  test_credit_work_begins_the_work_once_and_then_only_adds
  PASS  test_credit_work_refuses_nothing_to_credit_and_a_paused_project
  PASS  test_credit_work_completes_the_project_on_its_last_milli_wu
  PASS  test_finished_project_at_names_the_project_only_once_its_job_is_complete
  PASS  test_a_linked_job_is_stale_when_cancelled_paused_out_of_step_or_foreign
  PASS  test_the_per_tick_reads_allocate_no_object
  PASS  test_add_work_mwu_into_matches_add_work_mwu_and_refuses_the_same_way
  PASS  test_row_of_names_a_live_buildings_row_and_minus_one_otherwise
  PASS  test_retire_job_frees_the_worker_destroys_the_row_and_refuses_a_dead_slot
  PASS  test_a_completed_job_retires_too
  PASS  test_an_orphaned_removal_job_is_one_no_link_resolves
  PASS  test_a_build_job_requested_by_a_live_build_project_is_not_an_orphan
  PASS  test_a_row_is_quiet_without_an_order_or_a_link
  PASS  test_live_job_at_into_matches_live_job_at_and_refuses_out_of_range
CI_SUITE_TIME {"assertions":8602,"failures":0,"suite":"test_demolition_work.gd","tests":34,"usec":7350299}
test_event_schedule.gd
  PASS  test_the_declared_owner_identity_matches_the_registry
  PASS  test_the_declared_field_keys_keep_the_registry_order_and_ordinals
  PASS  test_the_declared_field_types_match_the_registry_type_codes
  PASS  test_the_record_layout_is_save_r09_005s_thirty_two_byte_stride
  PASS  test_a_new_schedule_is_empty_with_the_allocator_at_one
  PASS  test_sequences_are_issued_from_one_and_never_repeat
  PASS  test_rows_are_held_sorted_by_due_tick_then_sequence
  PASS  test_every_stored_field_reads_back_unchanged
  PASS  test_a_refused_past_due_tick_leaves_the_store_byte_identical
  PASS  test_a_refused_non_int32_argument_leaves_the_store_byte_identical
  PASS  test_a_refused_insertion_into_a_full_schedule_consumes_no_sequence
  PASS  test_an_exhausted_allocator_refuses_every_insertion
  PASS  test_the_allocator_exhausts_rather_than_wrapping_to_one
  PASS  test_a_cancelled_row_leaves_no_stale_tail
  PASS  test_a_popped_row_leaves_no_stale_tail
  PASS  test_cancelling_an_unknown_sequence_refuses_and_changes_nothing
  PASS  test_a_due_row_never_expires_on_its_own
  PASS  test_popping_with_nothing_due_returns_a_cleared_event
  PASS  test_reading_outside_the_live_rows_refuses_and_clears
  PASS  test_find_sequence_refuses_instead_of_returning_a_sentinel
  PASS  test_the_next_day_boundary_after_tick_zero_is_the_first_midnight
  PASS  test_the_next_day_boundary_is_strictly_after_the_given_tick
  PASS  test_every_computed_boundary_satisfies_the_offset_formula
  PASS  test_the_due_day_index_uses_the_offset_calendar
  PASS  test_scheduling_at_the_next_day_boundary_lands_on_midnight
  PASS  test_restore_installs_a_valid_schedule
  PASS  test_restore_refuses_every_invariant_violation_atomically
  PASS  test_restore_refuses_more_rows_than_the_declared_maximum
  PASS  test_restore_refuses_ragged_columns
  PASS  test_restore_accepts_an_exhausted_allocator_with_live_rows
  PASS  test_clear_returns_the_store_to_its_initial_image
CI_SUITE_TIME {"assertions":309,"failures":0,"suite":"test_event_schedule.gd","tests":31,"usec":37901}
test_ground_piles_move.gd
  PASS  test_a_whole_lot_moves_onto_a_new_pile_keeping_its_identity
  PASS  test_a_lot_too_big_for_the_seed_pile_spills_exactly_to_the_next_tile
  PASS  test_the_mover_refuses_claimed_empty_and_pile_sources
  PASS  test_reserved_mass_on_the_source_refuses_the_move
  PASS  test_the_preflight_sees_claimed_goods_as_released_and_changes_nothing
  PASS  test_a_walk_with_no_room_refuses_and_rolls_back
  PASS  test_drop_seeds_are_the_tile_or_the_footprints_refund_origin
  PASS  test_the_preflight_splits_a_claimed_lot_as_the_move_would
  PASS  test_a_full_component_refuses_no_capacity_and_rolls_back
CI_SUITE_TIME {"assertions":54,"failures":0,"suite":"test_ground_piles_move.gd","tests":9,"usec":609017}
test_lookdev_import_validator.gd
  PASS  test_a_well_formed_name_of_every_kind_passes
  PASS  test_a_name_that_is_not_lowercase_ascii_is_refused
  PASS  test_a_name_with_no_kind_prefix_is_refused
  PASS  test_a_missing_or_out_of_range_tier_suffix_is_refused
  PASS  test_terrain_carries_no_tier_suffix
  PASS  test_a_name_that_invents_a_catalog_key_is_refused
  PASS  test_a_crop_name_must_name_a_real_crop_state
  PASS  test_a_name_with_no_variant_token_is_refused
  PASS  test_the_complete_named_part_set_passes
  PASS  test_a_missing_cutaway_part_is_refused_by_name
  PASS  test_a_duplicated_part_is_refused
  PASS  test_a_single_joined_mesh_is_refused_for_a_managed_building
  PASS  test_an_unnamed_extra_part_is_a_note_and_not_a_failure
  PASS  test_a_wall_part_on_the_wrong_side_of_the_cut_is_refused
  PASS  test_inverted_part_bounds_are_refused_before_the_cut_is_judged
  PASS  test_collect_part_names_reports_direct_child_meshes_in_order
  PASS  test_a_building_over_its_envelope_is_refused_with_both_numbers
  PASS  test_a_building_not_based_at_local_zero_is_refused
  PASS  test_an_unknown_building_envelope_refuses_rather_than_passing
  PASS  test_a_static_asset_over_any_of_its_three_ceilings_is_refused
  PASS  test_a_far_building_may_keep_four_surfaces_but_not_five
  PASS  test_a_budget_check_on_an_unknown_family_refuses_rather_than_passing
  PASS  test_a_building_over_four_distinct_materials_is_refused
  PASS  test_a_report_summary_names_the_outcome_and_the_counts
CI_SUITE_TIME {"assertions":66,"failures":0,"suite":"test_lookdev_import_validator.gd","tests":24,"usec":49877}
test_modular_projects.gd
  PASS  test_actual_work_completion_releases_tools_jobs_and_receipts_exactly_once
  PASS  test_material_payment_is_actual_and_direct_construction_or_work_calls_cannot_bypass_it
  PASS  test_actual_connector_purpose_shares_router_work_and_receipts_without_aliasing_tip
  PASS  test_connector_binding_refuses_foreign_world_replacement_and_expired_permission
  PASS  test_connector_final_start_guard_follows_late_recipe_observation_without_spending
  PASS  test_connector_seed_observer_cannot_change_contact_after_the_final_input_guard
  PASS  test_connector_recipe_observer_cannot_borrow_the_wip_permit_or_reenter_funding
  PASS  test_connector_late_observer_cannot_renew_or_rekey_unjournaled_claims
  PASS  test_connector_input_settlement_rejects_foreign_owners_stale_refs_and_reentry
  PASS  test_connector_final_completion_guard_retains_paid_work_and_refuses_direct_calls
  PASS  test_connector_final_refund_guard_aborts_material_return_and_preserves_installed_truth
  PASS  test_connector_unfunded_final_refusal_keeps_delivered_claims_for_retry
  PASS  test_missing_tool_gate_and_stale_worker_refuse_before_any_productive_state_changes
  PASS  test_post_gate_refusal_and_zero_acceptance_discard_only_the_prepared_work_candidate
  PASS  test_direct_reduced_job_counter_and_false_publication_never_become_paid_work
  PASS  test_pause_releases_actual_workers_and_rebind_resume_preserves_paid_material_and_work
  PASS  test_cancel_unassigned_order_and_blocked_started_refund_leave_no_fake_completion
  PASS  test_late_requester_job_prevents_completion_and_every_direct_unbound_job_tick
  PASS  test_party_has_one_progress_owner_and_departure_does_not_halt_the_other_workers
  PASS  test_party_rejects_unaccepted_fifth_and_member_direct_work_without_mutating_any_owner
  PASS  test_stale_job_generation_and_orphan_tool_claim_cannot_be_silently_retired_or_rebound
  PASS  test_refused_initializer_and_foreign_numeric_aliases_never_replace_actual_bindings
  PASS  test_late_catalog_rebinding_refuses_work_before_any_payment_xp_or_tool_change
  PASS  test_actual_pending_furniture_installs_after_paid_work_and_retirement_needs_no_post_install_quote
  PASS  test_wrong_job_and_owner_cannot_discard_or_publish_another_prepared_productive_stage
  PASS  test_work_binding_preflight_cannot_strand_an_unbound_construction_owner
  PASS  test_retained_zero_work_requires_full_actual_repayment_and_can_complete_without_productive_tick
  PASS  test_late_generic_tool_gate_or_child_never_contributes_to_a_paid_party
  PASS  test_unrelated_actual_jobs_keep_existing_work_behavior_and_expired_purpose_never_becomes_permission
CI_SUITE_TIME {"assertions":2339,"failures":0,"suite":"test_modular_projects.gd","tests":29,"usec":4200532}
test_save_component_columns_schema.gd
  PASS  test_literal_protocol_totals_and_section_local_versions
  PASS  test_every_field_matches_registry_and_explicit_source_count_layout
  PASS  test_all_offsets_tile_the_exact_independent_framing
  PASS  test_independent_children_remain_distinct_and_exact
  PASS  test_fixed_strides_are_not_independent_child_extents
  PASS  test_invalid_lookup_indices_have_separate_validity
CI_SUITE_TIME {"assertions":2685,"failures":0,"suite":"test_save_component_columns_schema.gd","tests":6,"usec":61309}
test_save_owner_field_policy.gd
  PASS  test_canonical_layout_and_clear_defaults
  PASS  test_frozen_state_history_request_and_projection_witnesses
  PASS  test_null_shapes_and_bucket_cardinalities_precede_values
  PASS  test_every_physical_address_has_domain_checks
  PASS  test_open_ledger_filters_and_multiple_fields
  PASS  test_full_plot_capacity_and_counter_boundary
  PASS  test_accepted_scalar_endpoints_do_not_normalize_history
  PASS  test_closed_reason_gate_has_an_independent_abandoned_shape_witness
CI_SUITE_TIME {"assertions":42353,"failures":0,"suite":"test_save_owner_field_policy.gd","tests":8,"usec":8157532}
test_scale_stress.gd
  PASS  test_expand_keeps_the_originals_first_and_clones_by_index
  PASS  test_expand_off_cut_and_capped
  PASS  test_requested_count_and_placeholders
  PASS  test_generated_names_are_distinct_up_to_the_cap
  PASS  test_the_probe_sums_sections_and_clears
  PASS  test_scripts_are_booked_to_their_systems
  PASS  test_the_record_keeps_rows_and_ranks_percentiles
  PASS  test_the_desk_tallies_plans_per_resident_only_when_asked
  PASS  test_a_phase_keeps_only_the_frames_run_at_its_speed
  PASS  test_the_kitchen_books_check_finds_each_imbalance
  PASS  test_twenty_five_residents_run_headless_with_their_invariants
  PASS  test_one_extra_retained_resource_fails_the_exit_check
  PASS  test_the_exit_check_allows_no_count
  PASS  test_the_subprocess_fails_an_unnamed_warning
CI_SUITE_TIME {"assertions":62,"failures":0,"suite":"test_scale_stress.gd","tests":14,"usec":33480485}
test_settlement_system.gd
  PASS  test_a_fresh_settlement_is_empty
  PASS  test_creation_spawns_the_gdd_cohort_with_every_component
  PASS  test_the_reservation_pool_is_owned_and_empty
  PASS  test_a_second_creation_is_refused_and_changes_nothing
  PASS  test_reset_empties_every_store_and_the_directory
  PASS  test_a_settlement_can_be_created_again_after_a_reset
  PASS  test_a_tick_integrates_needs_by_the_exact_gdd_remainder_rule
  PASS  test_needs_do_not_move_without_a_tick
  PASS  test_a_negative_tick_index_is_refused_and_runs_no_stage
  PASS  test_the_activity_is_resolved_on_the_residents_own_staggered_tick
  PASS  test_the_resolved_activity_follows_the_schedule_template_hour
  PASS  test_the_job_queue_is_empty_and_nobody_is_assigned
  PASS  test_a_queued_job_is_selected_on_the_residents_staggered_tick
  PASS  test_a_forbidden_job_kind_is_never_assigned
  PASS  test_a_tick_advances_a_job_in_the_work_state
  PASS  test_a_job_not_in_the_work_state_takes_no_work
  PASS  test_productive_work_credits_xp_at_ten_per_completed_work_unit
  PASS  test_the_accepted_total_is_per_tick_and_not_cumulative
  PASS  test_a_party_advances_its_shared_row_once_at_the_combined_rate
  PASS  test_a_winter_day_boundary_applies_the_hunger_multiplier
  PASS  test_a_non_winter_day_boundary_releases_the_multiplier
  PASS  test_an_out_of_range_day_boundary_is_refused
  PASS  test_the_settlement_registers_its_item_catalog_into_its_own_inventory
  PASS  test_stock_age_runs_on_the_hour_crossing_and_not_on_any_other_tick
  PASS  test_the_midnight_leg_logs_aging_without_running_a_second_age_pass
  PASS  test_a_day_boundary_with_no_tick_path_behind_it_runs_the_aging_leg_itself
  PASS  test_reset_empties_the_stock_layer_and_restores_its_catalog
  PASS  test_the_boundary_runs_aging_then_the_handover_then_ecology_then_crops
  PASS  test_the_boundary_advances_the_settlements_own_ecology
  PASS  test_a_season_that_does_not_belong_to_that_day_is_refused
  PASS  test_day_one_raises_no_boundary_because_it_opens_at_six_in_the_morning
  PASS  test_a_replayed_day_boundary_is_refused_rather_than_applied_twice
  PASS  test_reset_drops_the_ecology_stores_and_the_leg_log
  PASS  test_the_ecology_shares_the_settlements_one_entity_directory
  PASS  test_creating_the_settlement_opens_day_ones_weather
  PASS  test_the_hourly_crop_leg_runs_on_hour_crossings_and_not_only_at_midnight
  PASS  test_the_hourly_crop_leg_reports_the_hour_it_integrated
  PASS  test_the_crop_stage_advances_this_settlements_own_stores
  PASS  test_the_crop_stage_shares_the_settlements_directory_ecology_and_stream_set
  PASS  test_an_unseeded_settlement_refuses_its_second_seasons_weather_draw
  PASS  test_a_hive_eligibility_crossing_reaches_the_farm_side_of_the_boundary
  PASS  test_reset_drops_the_crop_and_weather_stores_and_the_world_seed
  PASS  test_the_clock_runs_exactly_one_settlement_tick_per_completed_tick
  PASS  test_a_faster_speed_runs_more_of_the_same_tick
  PASS  test_a_paused_clock_runs_no_settlement_tick
  PASS  test_the_first_midnight_reaches_the_settlement_day_boundary
  PASS  test_a_sublethal_health_event_lowers_health_and_keeps_the_resident_living
  PASS  test_a_lethal_health_event_records_a_death_and_keeps_the_row
  PASS  test_health_is_floored_at_zero_by_an_overkill_event
  PASS  test_treatment_stops_at_the_health_maximum
  PASS  test_a_dead_resident_refuses_treatment_and_is_skipped_by_the_tick
  PASS  test_an_out_of_range_resident_row_is_refused_rather_than_answered
  PASS  test_a_row_inside_capacity_but_outside_the_cohort_is_not_present
  PASS  test_a_resident_reference_taken_before_a_reset_is_no_longer_valid
[measure] settlement tick at 12 residents over 300 ticks: mean 309 us, max 530 us
  PASS  test_a_settlement_tick_at_the_starting_cohort_is_measured
  PASS  test_the_settlement_runs_the_command_commit_stage_every_tick
  PASS  test_an_unsupported_command_refuses_in_the_running_settlement
  PASS  test_the_ecology_kinds_no_longer_refuse_store_not_bound
  PASS  test_an_unbound_dispatch_still_refuses_store_not_bound
  PASS  test_the_command_stage_runs_before_the_selection_stage
  PASS  test_the_command_stage_commits_before_the_selection_stage_can_take_the_job
  PASS  test_the_command_queue_follows_the_clock_the_game_is_running_on
  PASS  test_a_reset_settlement_keeps_no_pending_command
  PASS  test_a_paused_zone_edit_resumes_into_one_intent_one_job_and_cancels
  PASS  test_the_published_harvest_is_never_advanced_to_job_state_work
  PASS  test_a_replayed_command_in_the_running_loop_produces_no_second_job
  PASS  test_a_set_policy_edit_reaches_the_forage_store_in_this_composition
  PASS  test_repeating_a_policy_edit_creates_no_second_job
  PASS  test_world_generation_alone_creates_no_job_and_no_intent
  PASS  test_the_planner_is_composed_over_this_settlements_own_stores
  PASS  test_the_measured_stage_list_matches_what_actually_runs
  PASS  test_every_stage_is_measured_on_every_tick
  PASS  test_the_presentation_extract_captures_every_tick
  PASS  test_hiding_a_presentation_layer_changes_no_authoritative_value
  PASS  test_the_planner_day_boundary_is_not_a_req_set_007_leg
  PASS  test_every_stage_closes_its_window_exactly_once_per_tick
  PASS  test_the_planner_midnight_is_counted_rather_than_assumed
  PASS  test_a_repeated_tick_index_is_counted_as_a_refused_extract
  PASS  test_a_refused_interval_sweep_still_extracts_the_tick
  PASS  test_a_command_due_at_tick_one_is_not_committed_by_tick_zero
  PASS  test_generating_a_settlement_produces_the_world_and_the_cohort_together
  PASS  test_an_ungenerated_settlement_has_neither_world_nor_population
  PASS  test_the_generated_cohort_is_gdd_5_1s_species_mix
  PASS  test_the_generated_cohort_starts_at_gdd_5_1s_needs_and_health
  PASS  test_the_generated_cohort_carries_gdd_5_1s_skills_and_the_reserved_zero
  PASS  test_only_the_warden_is_named_in_the_generated_cohort
  PASS  test_every_generated_resident_is_attached_and_ticks
  PASS  test_generation_seeds_the_rng_the_settlement_could_not_seed_itself
  PASS  test_generating_resets_the_job_and_command_state_it_was_composed_over
  PASS  test_generating_resets_the_farm_plots_it_was_composed_over
  PASS  test_generating_resets_the_hives_it_was_composed_over
  PASS  test_the_generated_cohort_holds_gdd_5_1s_persistent_ids_one_to_twelve
  PASS  test_the_world_entities_continue_the_same_counter_from_thirteen
  PASS  test_every_live_persistent_id_is_unique_across_kinds
  PASS  test_no_destroyed_persistent_id_is_reissued
[R-INIT-ID-001] ids consumed by initialization: 1768; next id: 1769
  PASS  test_the_next_persistent_id_is_derived_from_every_allocation_event
  PASS  test_the_same_seed_initializes_identically_under_the_new_order
  PASS  test_generation_refuses_a_settlement_that_already_holds_residents
  PASS  test_an_unloaded_item_catalog_refuses_and_leaves_the_settlement_empty
  PASS  test_a_refusal_before_the_transaction_retains_the_previous_valid_world
  PASS  test_a_cohort_that_refuses_leaves_no_half_settlement_standing
  PASS  test_a_refused_cohort_preflight_never_enters_the_transaction
  PASS  test_the_cohort_is_allocated_seeded_and_before_the_world_is_published
  PASS  test_an_abandoned_transaction_does_not_leave_a_plan_that_can_publish_later
  PASS  test_a_refused_generation_reports_it_and_spawns_no_cohort
  PASS  test_resetting_a_generated_settlement_discards_the_world_with_the_cohort
  PASS  test_a_new_world_restarts_the_id_space_at_rowan
  PASS  test_the_building_store_is_composed_over_this_settlements_one_directory
  PASS  test_an_empty_settlement_holds_no_building_room_or_furniture
  PASS  test_a_placed_building_allocates_a_row_in_the_settlements_directory
  PASS  test_the_bed_counter_reads_live_furniture_rows_and_falls_when_one_is_removed
  PASS  test_a_bed_takes_a_resident_of_this_settlement_as_its_user
  PASS  test_a_bed_refuses_a_directory_row_that_is_not_a_resident
  PASS  test_resetting_the_settlement_empties_the_building_store_and_its_directory_rows
  PASS  test_a_generated_settlement_materialises_the_starter_colony
  PASS  test_a_building_placed_after_generation_takes_the_next_persistent_id
  PASS  test_the_building_store_adds_no_stage_to_the_tick
  PASS  test_the_construction_store_shares_this_settlements_building_store
  PASS  test_a_project_opened_through_the_settlement_names_a_real_building
  PASS  test_a_generated_settlement_still_holds_no_construction_project
  PASS  test_resetting_the_settlement_releases_every_project_row
  PASS  test_the_construction_store_adds_no_stage_to_the_tick
  PASS  test_a_ledger_failure_in_the_hourly_sweep_raises_the_existing_critical_pause
  PASS  test_the_faulted_hour_is_retried_exactly_once_and_recovers_the_same_hour
  PASS  test_a_recovered_retry_clears_the_pause_and_the_fault_together
EXPECTED ERROR: SettlementSystem: stock integrity fault 'INVENTORY_TRANSACTION_OPEN' at hour tick 750 is unrecovered (retries attempted: 1); the simulation is halted until the settlement is reset.
   at: push_error (core/variant/variant_utility.cpp:1023)
   GDScript backtrace (most recent call first):
       [0] _halt_stock_integrity (res://scripts/systems/settlement_system.gd:2184)
       [1] _retry_stock_hour (res://scripts/systems/settlement_system.gd:2105)
       [2] _age_stock_hour (res://scripts/systems/settlement_system.gd:2075)
       [3] _age_stocks (res://scripts/systems/settlement_system.gd:2062)
       [4] _run_stages (res://scripts/systems/settlement_system.gd:1940)
       [5] run_tick (res://scripts/systems/settlement_system.gd:1905)
       [6] test_a_retry_that_also_fails_halts_the_simulation_and_is_never_retried_again (res://test/test_settlement_system.gd:2761)
       [7] _run_test (res://test/run_tests.gd:194)
       [8] _run_suite (res://test/run_tests.gd:168)
       [9] _run_suite (/home/runner/work/redwall-rts/redwall-rts/tools/ci_test_shard_runner.gd:30)
       [10] _run_worker (res://test/run_tests.gd:121)
       [11] _initialize (res://test/run_tests.gd:108)
  PASS  test_a_retry_that_also_fails_halts_the_simulation_and_is_never_retried_again
EXPECTED ERROR: SettlementSystem: stock integrity fault 'INVENTORY_TRANSACTION_OPEN' at hour tick 750 is unrecovered (retries attempted: 1); the simulation is halted until the settlement is reset.
   at: push_error (core/variant/variant_utility.cpp:1023)
   GDScript backtrace (most recent call first):
       [0] _halt_stock_integrity (res://scripts/systems/settlement_system.gd:2184)
       [1] _retry_stock_hour (res://scripts/systems/settlement_system.gd:2105)
       [2] _age_stock_hour (res://scripts/systems/settlement_system.gd:2075)
       [3] _age_stocks (res://scripts/systems/settlement_system.gd:2062)
       [4] _run_stages (res://scripts/systems/settlement_system.gd:1940)
       [5] run_tick (res://scripts/systems/settlement_system.gd:1905)
       [6] test_a_halted_tick_runs_no_stage_and_re_asserts_the_shared_critical_bit (res://test/test_settlement_system.gd:2785)
       [7] _run_test (res://test/run_tests.gd:194)
       [8] _run_suite (res://test/run_tests.gd:168)
       [9] _run_suite (/home/runner/work/redwall-rts/redwall-rts/tools/ci_test_shard_runner.gd:30)
       [10] _run_worker (res://test/run_tests.gd:121)
       [11] _initialize (res://test/run_tests.gd:108)
  PASS  test_a_halted_tick_runs_no_stage_and_re_asserts_the_shared_critical_bit
EXPECTED ERROR: SettlementSystem: stock integrity fault 'INVENTORY_TRANSACTION_OPEN' at hour tick 750 is unrecovered (retries attempted: 1); the simulation is halted until the settlement is reset.
   at: push_error (core/variant/variant_utility.cpp:1023)
   GDScript backtrace (most recent call first):
       [0] _halt_stock_integrity (res://scripts/systems/settlement_system.gd:2184)
       [1] _retry_stock_hour (res://scripts/systems/settlement_system.gd:2105)
       [2] _age_stock_hour (res://scripts/systems/settlement_system.gd:2075)
       [3] _age_stocks (res://scripts/systems/settlement_system.gd:2062)
       [4] _run_stages (res://scripts/systems/settlement_system.gd:1940)
       [5] run_tick (res://scripts/systems/settlement_system.gd:1905)
       [6] test_only_a_reset_leaves_a_halted_settlement (res://test/test_settlement_system.gd:2804)
       [7] _run_test (res://test/run_tests.gd:194)
       [8] _run_suite (res://test/run_tests.gd:168)
       [9] _run_suite (/home/runner/work/redwall-rts/redwall-rts/tools/ci_test_shard_runner.gd:30)
       [10] _run_worker (res://test/run_tests.gd:121)
       [11] _initialize (res://test/run_tests.gd:108)
  PASS  test_only_a_reset_leaves_a_halted_settlement
  PASS  test_a_later_hours_fault_earns_its_own_single_retry
  PASS  test_a_cadence_refusal_is_not_an_integrity_fault_and_pauses_nothing
EXPECTED ERROR: SettlementSystem: stock integrity fault 'OVERFLOW' at hour tick 750 is unrecovered (retries attempted: 0); the simulation is halted until the settlement is reset.
   at: push_error (core/variant/variant_utility.cpp:1023)
   GDScript backtrace (most recent call first):
       [0] _halt_stock_integrity (res://scripts/systems/settlement_system.gd:2184)
       [1] _raise_stock_integrity_fault (res://scripts/systems/settlement_system.gd:2160)
       [2] _note_stock_hour_result (res://scripts/systems/settlement_system.gd:2134)
       [3] _age_stock_hour (res://scripts/systems/settlement_system.gd:2082)
       [4] _age_stocks (res://scripts/systems/settlement_system.gd:2062)
       [5] _run_stages (res://scripts/systems/settlement_system.gd:1940)
       [6] run_tick (res://scripts/systems/settlement_system.gd:1905)
       [7] test_a_per_lot_arithmetic_failure_pauses_and_halts_without_a_retry (res://test/test_settlement_system.gd:2882)
       [8] _run_test (res://test/run_tests.gd:194)
       [9] _run_suite (res://test/run_tests.gd:168)
       [10] _run_suite (/home/runner/work/redwall-rts/redwall-rts/tools/ci_test_shard_runner.gd:30)
       [11] _run_worker (res://test/run_tests.gd:121)
       [12] _initialize (res://test/run_tests.gd:108)
  PASS  test_a_per_lot_arithmetic_failure_pauses_and_halts_without_a_retry
  PASS  test_the_daily_aging_leg_raises_and_retries_the_same_fault_as_the_tick_path
EXPECTED ERROR: SettlementSystem: stock integrity fault 'INVENTORY_TRANSACTION_OPEN' at hour tick 750 is unrecovered (retries attempted: 1); the simulation is halted until the settlement is reset.
   at: push_error (core/variant/variant_utility.cpp:1023)
   GDScript backtrace (most recent call first):
       [0] _halt_stock_integrity (res://scripts/systems/settlement_system.gd:2184)
       [1] _retry_stock_hour (res://scripts/systems/settlement_system.gd:2105)
       [2] _age_stock_hour (res://scripts/systems/settlement_system.gd:2075)
       [3] _age_stocks (res://scripts/systems/settlement_system.gd:2062)
       [4] _run_stages (res://scripts/systems/settlement_system.gd:1940)
       [5] run_tick (res://scripts/systems/settlement_system.gd:1905)
       [6] test_a_halted_settlement_refuses_the_daily_boundary_before_aging_anything (res://test/test_settlement_system.gd:2928)
       [7] _run_test (res://test/run_tests.gd:194)
       [8] _run_suite (res://test/run_tests.gd:168)
       [9] _run_suite (/home/runner/work/redwall-rts/redwall-rts/tools/ci_test_shard_runner.gd:30)
       [10] _run_worker (res://test/run_tests.gd:121)
       [11] _initialize (res://test/run_tests.gd:108)
  PASS  test_a_halted_settlement_refuses_the_daily_boundary_before_aging_anything
  PASS  test_the_retry_runs_inside_the_existing_stock_age_stage_and_adds_no_ninth
  PASS  test_the_integrity_refusal_class_is_read_from_stock_ages_own_constants
  PASS  test_the_settlement_binds_its_own_aging_stage_as_the_seed_expiry_authority
  PASS  test_exact_expiry_is_refused_at_reserve_and_one_milli_hour_short_is_not
  PASS  test_an_existing_claim_is_revalidated_at_commit_and_refused
  PASS  test_the_guard_still_lets_the_hourly_pass_convert_the_seed_it_refuses
  PASS  test_the_wiring_survives_a_settlement_reset
  PASS  test_the_seed_guard_survives_a_critical_pause_and_its_retry_recovery
  PASS  test_the_settlement_owns_one_transform_store_bound_to_its_own_directory
  PASS  test_the_generated_cohort_stands_on_the_authored_assembly_row
  PASS  test_the_twelve_assembly_tiles_are_distinct_and_are_the_authored_indices
  PASS  test_the_generated_map_reserves_the_assembly_row_before_resource_placement
  PASS  test_nothing_static_or_generated_occupies_the_assembly_row
  PASS  test_the_assembly_row_grants_no_home_bed_or_building
  PASS  test_placement_happens_against_the_prepared_world_not_a_published_one
  PASS  test_the_cohort_only_fixture_places_nobody
  PASS  test_assignment_follows_the_persistent_id_and_not_the_resident_row
  PASS  test_the_resolver_refuses_a_cohort_that_is_not_exactly_ids_one_to_twelve
  PASS  test_the_resolver_refuses_an_undersized_output_column_rather_than_resizing_it
  PASS  test_a_refused_generation_over_a_published_world_leaves_the_poses_byte_identical
  PASS  test_a_cohort_refusal_inside_the_transaction_leaves_no_pose_standing
  PASS  test_a_new_world_reset_leaks_no_pose_into_the_world_that_follows_it
  PASS  test_repeated_presentation_reads_change_no_authoritative_pose_byte
  PASS  test_the_apron_exclusion_covers_exactly_the_twelve_authored_tiles
  PASS  test_a_plan_that_puts_a_resource_node_on_the_apron_refuses_the_placement
  PASS  test_a_plan_clear_of_the_apron_passes_the_exclusion
  PASS  test_an_unreadable_plan_refuses_rather_than_being_treated_as_empty
  PASS  test_a_pose_store_that_leaves_a_previous_pose_behind_refuses_the_whole_world
  PASS  test_a_candidate_row_that_is_already_placed_refuses_before_anything_is_written
  PASS  test_a_spotless_building_passes_the_preview_and_admit_then_needs_output_capacity
  PASS  test_the_gate_refuses_a_stale_inactive_or_already_demolishing_building
  PASS  test_the_gate_reports_the_exact_stranded_lots_of_a_building_owned_store
  PASS  test_a_reserved_lot_is_counted_once_and_not_twice
  PASS  test_reserved_container_mass_is_an_outstanding_claim_and_never_an_invented_lot
  PASS  test_goods_under_a_room_or_a_furniture_owner_are_not_missed
  PASS  test_a_projects_material_container_is_scanned_through_its_inventory_handle
  PASS  test_a_material_container_reached_twice_is_counted_once
  PASS  test_an_unprovable_material_container_binding_refuses_as_a_missing_contract
  PASS  test_a_delivered_project_with_no_container_binding_refuses_as_a_missing_contract
  PASS  test_the_endpoint_proof_runs_before_the_occupant_recheck
  PASS  test_stranded_goods_refuse_before_the_occupant_recheck
  PASS  test_the_resident_half_still_refuses_after_a_proved_empty_goods_scan
  PASS  test_a_haul_that_clears_the_store_lets_the_preview_pass
  PASS  test_no_demolition_request_changes_one_byte_of_any_store
  PASS  test_a_spotless_request_changes_nothing_either
  PASS  test_the_gate_scans_every_container_an_owner_holds_rather_than_a_buffers_worth
CI_SUITE_TIME {"assertions":6044,"failures":0,"suite":"test_settlement_system.gd","tests":179,"usec":60065388}
test_sim_clock.gd
  PASS  test_tick_zero_is_six_in_the_morning_of_spring_day_one
  PASS  test_first_midnight_is_tick_13500
  PASS  test_hours_and_minutes_advance_at_750_ticks_per_hour
  PASS  test_day_boundaries_use_the_offset_calendar_not_raw_modulo
  PASS  test_day_index_increments_only_at_offset_midnights
  PASS  test_season_rolls_over_after_twelve_days
  PASS  test_year_rolls_over_after_forty_eight_days
  PASS  test_three_times_speed_is_rejected
  PASS  test_speed_zero_is_not_requestable_because_pause_is_authoritative
  PASS  test_normal_speed_runs_thirty_ticks_per_real_second
  PASS  test_double_and_quadruple_run_exactly_two_and_four_times_the_ticks
  PASS  test_speed_change_does_not_clear_a_pause_reason
  PASS  test_pause_reasons_compose_as_a_mask_needing_separate_releases
  PASS  test_pause_reason_names_report_every_held_reason
  PASS  test_unknown_or_composite_pause_reasons_are_refused
  PASS  test_paused_host_time_accumulates_no_debt
  PASS  test_debt_is_retained_across_advances_rather_than_discarded
  PASS  test_frame_tick_ceiling_owes_the_remainder_instead_of_dropping_it
  PASS  test_player_pause_discards_only_subtick_debt_and_counts_it
  PASS  test_player_pause_never_discards_whole_owed_ticks
  PASS  test_overload_steps_four_to_two_to_one_then_pauses_with_a_diagnostic
  PASS  test_overload_retains_every_owed_tick_rather_than_skipping
  PASS  test_acknowledge_without_catchup_is_counted_and_never_rewinds_the_tick
  PASS  test_step_callback_runs_once_per_completed_tick
  PASS  test_day_boundary_fires_at_offset_midnight_only
  PASS  test_pause_raised_inside_a_step_stops_before_the_next_tick
  PASS  test_negative_elapsed_time_is_refused_without_changing_state
  PASS  test_overflowing_elapsed_time_is_refused_rather_than_wrapping
  PASS  test_a_successful_advance_clears_the_previous_error
  PASS  test_calendar_into_reproduces_calendar_field_for_field
  PASS  test_calendar_into_overwrites_every_field_of_a_reused_instance
  PASS  test_day_boundary_callback_receives_a_distinct_calendar_per_crossing
  PASS  test_advance_retains_no_objects_across_many_frames
  PASS  test_restore_installs_all_ten_fields_verbatim
  PASS  test_restore_accepts_every_named_debt_speed_and_mask_exactly
  PASS  test_restoring_a_player_pause_keeps_subtick_debt_and_counts_no_discard
  PASS  test_restored_debt_of_2500001_owes_two_ticks_and_keeps_its_remainder
  PASS  test_restore_runs_no_tick_and_replays_nothing_to_reach_the_saved_tick
  PASS  test_restore_at_midnight_replays_no_notification
  PASS  test_the_next_real_crossing_after_a_restore_is_delivered_exactly_once
  PASS  test_restore_refuses_a_negative_or_unrepresentable_tick
  PASS  test_restore_refuses_every_speed_outside_one_two_four
  PASS  test_restore_refuses_a_pause_mask_carrying_an_unknown_bit
  PASS  test_restore_preserves_the_saved_load_bit_beside_every_other_hold
  PASS  test_restore_refuses_a_negative_debt_and_names_each_negative_counter
  PASS  test_a_refused_restore_leaves_the_clock_byte_identical
  PASS  test_a_refused_restore_does_not_even_write_its_own_reason
  PASS  test_the_pure_validator_mutates_no_clock
  PASS  test_a_successful_restore_clears_only_the_transient_strings
  PASS  test_restore_accepts_the_whole_representable_counter_domain
  PASS  test_a_restored_clock_continues_identically_to_an_uninterrupted_one
  PASS  test_the_barrier_grants_one_token_at_a_time_and_only_it_lowers_the_barrier
  PASS  test_a_stale_token_cannot_lower_the_barrier_a_later_load_holds
  PASS  test_set_speed_is_barred_under_the_barrier_and_writes_nothing
  PASS  test_set_pause_is_barred_and_cannot_zero_the_sub_tick_debt_being_restored
  PASS  test_advance_is_barred_so_a_load_frame_folds_no_elapsed_time_into_the_clock
  PASS  test_acknowledge_without_catchup_is_barred_and_drops_no_owed_tick
  PASS  test_every_overload_ladder_entry_point_is_barred_and_emits_no_signal
  PASS  test_restore_runtime_passes_through_the_barrier_it_serves
  PASS  test_the_pure_validator_and_every_reader_stay_open_under_the_barrier
  PASS  test_the_barrier_never_touches_the_pause_mask
  PASS  test_lowering_the_barrier_never_clears_a_saved_load_bit
CI_SUITE_TIME {"assertions":848,"failures":0,"suite":"test_sim_clock.gd","tests":62,"usec":89187}
test_ui_art.gd
  PASS  test_every_declared_asset_has_a_source_that_exists
  PASS  test_every_asset_id_is_unique_and_namespaced
  PASS  test_the_registry_columns_are_the_same_length
  PASS  test_an_undeclared_id_is_refused_rather_than_resolved
  PASS  test_every_category_is_declared_and_named
  PASS  test_every_asset_rasterises_at_every_declared_optical_size
  PASS  test_a_missing_or_unparseable_source_returns_null_not_a_blank_image
  PASS  test_painted_icons_carry_a_separation_keyline_on_forest
  PASS  test_painted_icons_stay_inside_the_lock_safe_box
  PASS  test_painted_icons_actually_occupy_their_grid
  PASS  test_painted_icons_are_painted_and_not_enlarged_line_glyphs
  PASS  test_species_medallions_read_on_paper_and_differ_from_one_another
  PASS  test_functional_glyphs_stay_simple_and_monochrome
  PASS  test_painted_icons_have_a_transparent_surround
  PASS  test_every_frame_edge_is_stretchable_without_a_seam
  PASS  test_frame_edge_thickness_matches_the_declared_stretch_margin
  PASS  test_frame_corners_render_at_their_declared_extent
  PASS  test_the_five_silhouettes_are_actually_different_outlines
  PASS  test_each_frame_run_starts_where_the_registry_says_it_does
  PASS  test_the_journal_declares_a_bound_side_wider_than_its_fore_edge
  PASS  test_the_manifest_matches_the_sources_on_disk
  PASS  test_decorative_pigments_are_not_offered_as_semantic_tokens
CI_SUITE_TIME {"assertions":807,"failures":0,"suite":"test_ui_art.gd","tests":22,"usec":135446}
test_ui_registry.gd
  PASS  test_the_registry_holds_every_one_of_section_fours_103_elements
  PASS  test_ids_outside_the_range_are_refused_rather_than_wrapped
  PASS  test_every_element_has_a_unique_non_empty_name
  PASS  test_element_keys_are_the_specifications_own_zero_padded_ids
  PASS  test_quoted_rows_match_the_specification_exactly
  PASS  test_every_zone_profile_and_gate_value_is_a_defined_one
  PASS  test_every_fixed_size_has_a_maximum_no_smaller_than_its_minimum
  PASS  test_runtime_sized_rows_refuse_a_rectangle_instead_of_inventing_one
  PASS  test_each_runtime_sized_row_states_which_runtime_shape_it_is
  PASS  test_every_interactive_row_meets_the_32_pixel_minimum_hitbox
  PASS  test_the_scrollbar_is_the_only_element_below_the_minimum_width
  PASS  test_interactivity_follows_the_profile_rather_than_the_element_name
  PASS  test_the_residents_command_opens_the_roster_and_not_the_world_access_list
  PASS  test_no_element_opens_the_world_access_list_because_f6_does
  PASS  test_every_quoted_opening_matches_the_specification
  PASS  test_a_row_that_opens_nothing_refuses_rather_than_answering_zero
  PASS  test_the_centre_frame_has_exactly_the_two_variants_section_four_names
  PASS  test_a_tool_or_expansion_opener_is_refused_a_centre_frame
  PASS  test_no_selection_gated_row_opens_a_centre_workspace
  PASS  test_the_overflow_policies_are_only_grow_and_scroll
  PASS  test_panels_and_modals_scroll_while_rows_and_readouts_grow
  PASS  test_a_thirty_two_character_name_grows_its_row_without_reaching_the_maximum
  PASS  test_growing_refuses_a_font_below_the_fourteen_pixel_floor
  PASS  test_a_scrolling_container_refuses_to_grow_a_row
  PASS  test_a_modal_body_leaves_the_sixty_pixel_confirmation_footer_uncovered
  PASS  test_a_long_refusal_scrolls_its_panel_rather_than_being_clipped
  PASS  test_larger_text_scrolls_instead_of_shrinking_the_font
  PASS  test_the_grown_height_never_falls_below_the_row_minimum_at_any_scale
  PASS  test_scroll_is_refused_for_a_measurement_the_specification_forbids
CI_SUITE_TIME {"assertions":1446,"failures":0,"suite":"test_ui_registry.gd","tests":29,"usec":26208}
test_ui_theme_resource.gd
  PASS  test_all_four_weights_are_present_at_the_specified_paths
  PASS  test_each_file_reports_its_own_weight_rather_than_a_renamed_regular
  PASS  test_the_four_weights_are_four_distinct_files
  PASS  test_the_font_licence_travels_with_the_files
  PASS  test_the_theme_loads_and_carries_section_two_twos_body_typography
  PASS  test_every_profile_has_a_variation_in_the_committed_theme
  PASS  test_every_button_state_background_matches_the_token_it_was_built_from
  PASS  test_a_selected_toggle_is_gold_with_ink_text
  PASS  test_disabled_text_in_the_theme_is_muted_and_still_readable
  PASS  test_the_focus_outline_in_the_theme_is_the_gold_two_pixel_rule
  PASS  test_the_typographic_roles_carry_their_documented_sizes
  PASS  test_the_counter_role_uses_tabular_figures
  PASS  test_the_readout_profile_also_uses_tabular_figures
  PASS  test_every_icon_the_shell_names_exists
  PASS  test_the_disabled_lock_and_the_refusal_warning_are_present
  PASS  test_the_icons_are_authored_on_the_documented_grid
CI_SUITE_TIME {"assertions":208,"failures":0,"suite":"test_ui_theme_resource.gd","tests":16,"usec":201507}
test_underground_entry_bindings.gd
  PASS  test_actual_entry_admission_reserves_exact_virgin_cube_and_old_circulation
  PASS  test_source_change_wrong_anchor_and_fractional_claim_refuse_unchanged
  PASS  test_actual_retained_obstacle_and_natural_bearing_loss_refuse
  PASS  test_unbound_cold_entry_cannot_borrow_foreign_lease
  PASS  test_surface_contact_must_exist_with_exact_role_and_current_full_proof
  PASS  test_duplicate_actual_surface_contact_refuses_without_arbitrary_selection
  PASS  test_nested_cleanup_during_actual_local_facts_poison_refuses_unchanged
  PASS  test_nested_cleanup_after_actual_prepared_facts_aborts_every_companion
  PASS  test_source_observer_cannot_replace_lease_before_private_allocation
  PASS  test_final_local_facts_have_no_later_binding_observer
  PASS  test_public_entry_stage_guards_do_not_reenter_cleanup
  PASS  test_valid_foreign_surface_section_cannot_supply_source_contact
  PASS  test_backfilled_source_bearing_is_not_original_natural_earth
  PASS  test_backfilled_anchor_footing_is_not_original_natural_earth
  PASS  test_backfilled_storage_footing_is_not_original_natural_earth
CI_SUITE_TIME {"assertions":377,"failures":0,"suite":"test_underground_entry_bindings.gd","tests":15,"usec":9659492}
test_underground_locations.gd
  PASS  test_unique_surface_lookup_requires_original_lease_and_finite_work_before_reads
  PASS  test_unique_surface_lookup_is_exact_role_point_and_world_floor_scope
  PASS  test_unique_lookup_refuses_duplicate_live_selectors_and_preserves_retirement_generations
  PASS  test_unique_surface_lookup_rechecks_world_source_namespace_and_output_shape
  PASS  test_unique_lookup_refuses_preparation_and_stale_geometry_without_refreshing_it
  PASS  test_unique_room_lookup_requires_full_actual_room_source_and_surface_is_not_wildcard
  PASS  test_exact_real_binding_and_full_local_refs
  PASS  test_actual_shared_budget_blocks_capture_overlap_and_foreign_tokens
  PASS  test_prepared_endpoint_reader_requires_seal_and_preserves_bank_isolation
  PASS  test_arena_and_cold_admission_refuse_before_allocation
  PASS  test_reads_do_not_alias_packed_geometry
  PASS  test_negative_cells_and_stacked_sections_do_not_alias
  PASS  test_support_hole_refuses_despite_supported_corners
  PASS  test_water_unfinished_obstacle_and_boundary_refuse
  PASS  test_stale_geometry_requires_explicit_refresh_without_payload_change
  PASS  test_actual_inventory_promotion_and_retirement_guard
  PASS  test_abort_and_stale_seal_do_not_publish_locations
  PASS  test_exhaustion_reuse_and_wire_round_trip
  PASS  test_malformed_image_and_foreign_floor_preserve_live_bytes
  PASS  test_unqualified_transit_role_never_grants_storage
  PASS  test_load_cannot_repoint_a_live_immutable_handle
  PASS  test_load_requires_canonical_generation_exhaustion
  PASS  test_future_location_requires_actual_sites_binding
  PASS  test_post_seal_inventory_retention_prevents_location_retirement
  PASS  test_graph_retention_preserves_live_endpoints_at_all_publication_boundaries
  PASS  test_graph_retention_refuses_load_that_removes_or_recycles_a_live_location
  PASS  test_expired_foreign_and_reentrant_graph_observers_fail_closed
  PASS  test_actual_endpoint_capacity_reader_never_infers_a_smaller_namespace
  PASS  test_later_retention_callback_cannot_strand_earlier_actual_inventory_endpoint
  PASS  test_observer_released_cold_lease_refuses_final_publication
  PASS  test_restore_rechecks_actual_inventory_and_lease_after_observer_callbacks
  PASS  test_transit_doorway_spans_adjacent_rooms_but_placement_keeps_whole_section_rule
  PASS  test_transit_without_actual_site_or_with_changed_paid_domain_refuses
  PASS  test_transit_doorway_retains_actual_walls_unfinished_and_support_holes
  PASS  test_transit_pending_neighbour_claim_does_not_create_clear_volume
  PASS  test_location_receipt_requires_exact_success_and_load_never_restores_it
  PASS  test_room_confirmation_refreshes_existing_contacts_in_actual_callback_order
  PASS  test_room_companion_requires_every_existing_endpoint_refresh_before_identity
  PASS  test_room_companion_late_refusal_and_request_drift_preserve_live_state
  PASS  test_room_companion_reentry_and_replaced_lease_cannot_publish
  PASS  test_room_companion_rechecks_complete_support_in_sealed_future
  PASS  test_room_endpoint_binding_refuses_unbound_foreign_and_active_owners
  PASS  test_world_scope_requires_exact_once_bound_quiescent_actual_owner
  PASS  test_world_prepare_checks_original_lease_and_seal_before_observers_or_bank_copy
  PASS  test_world_anchor_publishes_after_exact_space_receipt_without_post_swap_observers
  PASS  test_world_context_preserves_all_existing_payloads_and_requires_complete_refresh
  PASS  test_world_context_requires_world_rows_and_complete_physical_coverage
  PASS  test_world_scope_observer_replacement_and_reentry_preserve_candidate_ownership
  PASS  test_world_publication_refuses_other_space_transaction_at_same_revision
  PASS  test_world_publish_rechecks_original_lease_and_preserved_rows_purely
  PASS  test_world_source_callback_replaces_lease_before_actual_snapshot_allocation
  PASS  test_world_source_callback_cannot_abort_or_mutate_caller_record
  PASS  test_world_transit_anchor_preserves_actual_room_claim_blockers
  PASS  test_live_selector_needs_no_lease_and_keeps_exact_finite_source_and_uniqueness_rules
  PASS  test_live_selector_rejects_prepared_context_and_current_room_source_drift
  PASS  test_live_source_hint_rechecks_revision_full_identity_and_room_facts
  PASS  test_source_hint_rejects_actual_retirement_and_reused_full_generation
CI_SUITE_TIME {"assertions":1731,"failures":0,"suite":"test_underground_locations.gd","tests":57,"usec":3852427}
test_world_owner_columns.gd
  PASS  test_the_resource_tile_map_captures_and_cross_checks_against_the_live_nodes
  PASS  test_a_tile_naming_a_row_that_is_not_present_is_refused
  PASS  test_a_live_node_with_no_inverse_entry_is_refused
  PASS  test_a_row_outside_the_node_capacity_is_refused_by_the_local_domain
  PASS  test_a_present_but_exhausted_node_is_not_rejected
  PASS  test_a_refused_restore_leaves_the_live_tile_map_untouched
  PASS  test_a_real_rotated_footprint_cross_checks_tile_by_tile
  PASS  test_dropping_one_footprint_tile_is_caught_and_the_origin_alone_is_not_enough
  PASS  test_a_stray_occupied_tile_no_live_row_claims_is_caught
  PASS  test_each_of_the_three_grids_is_bounded_by_its_own_capacity
  PASS  test_a_room_tile_run_and_its_furniture_cross_check_together
  PASS  test_the_farming_orchard_bound_mirrors_the_orchard_stores_own_capacity
  PASS  test_a_tile_with_no_live_plot_keeps_its_ripe_tick_and_tending
  PASS  test_a_family_without_its_streak_is_refused_by_the_stores_own_predicate
  PASS  test_each_tile_history_domain_is_bounded_where_the_ruling_says
  PASS  test_a_negative_ripe_tick_below_the_null_is_refused_but_minus_one_is_not
  PASS  test_the_plot_inverse_and_its_mirrors_cross_check_in_both_directions
  PASS  test_a_live_plot_with_no_tile_entry_is_caught_by_the_reverse_walk
  PASS  test_the_head_column_captures_and_the_two_chain_directions_agree
  PASS  test_two_tiles_of_one_zone_share_a_chain_the_walk_follows
  PASS  test_a_head_pointing_at_a_freed_link_is_refused_not_walked
  PASS  test_a_head_naming_a_link_never_handed_out_is_refused
  PASS  test_a_head_outside_the_arena_is_refused_by_the_local_domain
  PASS  test_saved_head_order_survives_a_restore_unchanged
  PASS  test_a_legality_override_survives_the_round_trip_and_is_not_rebuilt_away
  PASS  test_a_restore_rebuilds_the_walkable_count_and_the_clearance_column
  PASS  test_the_spatial_domains_are_the_baselines_and_the_revision_stays_i32
  PASS  test_every_cell_including_the_blocked_ones_is_represented
  PASS  test_the_temperature_and_rain_bounds_are_derived_and_equal_the_rulings
  PASS  test_every_present_event_tuple_must_be_the_compiled_one
  PASS  test_an_absent_tuple_is_exactly_minus_one_zero_zero
  PASS  test_a_present_event_needs_its_identity_and_that_season_must_admit_it
  PASS  test_an_expired_event_keeps_its_scheduled_identity_and_its_forecast
  PASS  test_a_restore_consumes_no_weather_draw
  PASS  test_the_cleared_fixture_is_reported_and_not_promoted
  PASS  test_the_owner_wrapper_version_is_not_the_stores_snapshot_version
  PASS  test_an_unpublished_map_must_be_the_sources_exact_reset_state
  PASS  test_the_two_sentinels_are_255_and_not_a_signed_minus_one
  PASS  test_a_published_map_binds_seven_live_basins_of_the_right_kinds
  PASS  test_two_basins_naming_one_directory_slot_are_refused
  PASS  test_a_half_null_basin_reference_is_refused_and_not_coerced_to_null
  PASS  test_a_published_map_may_not_leave_any_basin_unbound
  PASS  test_the_danger_band_domain_is_zero_to_three
CI_SUITE_TIME {"assertions":200,"failures":0,"suite":"test_world_owner_columns.gd","tests":43,"usec":8385751}
[EntityManager] ready
[GameManager] ready
[SettlementSystem] ready
[EconomySystem] ready
[UIManager] ready


1272 test(s), 101214 assertion(s), 0 failure(s)
diagnostics: 0 unexpected error(s), 0 unexpected warning(s), 216 expected, 29 tolerated; leaked at exit: 0 object(s), 0 resource(s)
[EntityManager] ready
[GameManager] ready
[SettlementSystem] ready
[EconomySystem] ready
[UIManager] ready
log: 0 unexpected error(s), 0 unexpected warning(s); leaked at exit: 0 object(s), 0 resource(s).
ok: 1272 tests, 101214 assertions, 0 failures.
