Godot Engine v4.7.2.stable.official.ed1daf0bf - https://godotengine.org

Godot Engine v4.7.2.stable.official.ed1daf0bf - https://godotengine.org

test_balance_harness.gd
  PASS  test_the_roll_up_sums_flows_and_keeps_levels_minima_and_maxima
  PASS  test_the_roll_up_counts_true_days_joins_texts_and_folds_rows
  PASS  test_seasons_group_the_days_by_year_and_season
  PASS  test_the_csv_has_a_row_a_day_with_item_totals
  PASS  test_a_task_id_keeps_its_source_row_and_key_apart
  PASS  test_each_resident_falls_in_the_first_class_that_matches
  PASS  test_classified_time_is_charged_per_resident_and_class
  PASS  test_a_board_wait_ends_claimed_or_dropped_and_the_queue_is_time_weighted
  PASS  test_a_reused_row_is_a_new_task
  PASS  test_a_live_row_that_stops_waiting_without_a_worker_is_dropped
  PASS  test_the_kitchen_s_roles_classify_diners_and_cooks
  PASS  test_meals_are_booked_to_their_own_day_once
  PASS  test_blight_that_kills_a_crop_is_charged_to_blight
  PASS  test_beds_are_booked_sown_harvested_overripe_and_frosted
  PASS  test_the_crossing_into_six_charges_the_last_frost_hour
  PASS  test_material_moves_and_new_incidents_are_booked
  PASS  test_weather_events_have_their_names
  PASS  test_the_day_arithmetic
  PASS  test_the_policy_counts_its_orders_by_verb_and_refusals_apart
  PASS  test_unknown_flags_and_a_bad_seed_are_refused_wherever_they_stand
  PASS  test_the_runner_refuses_a_bad_command_line
test_balance_harness: the one-season determinism run is skipped (set REDWALL_SLOW_TESTS=1)
  PASS  test_one_season_of_the_real_village_is_deterministic
CI_SUITE_TIME {"assertions":88,"failures":0,"suite":"test_balance_harness.gd","tests":22,"usec":9101106}
test_commands.gd
  PASS  test_every_field_sits_at_its_own_section_8_1_offset
  PASS  test_every_intent_field_round_trips_through_the_queue
  PASS  test_the_stride_is_sixty_four_bytes_and_the_queue_holds_four_thousand_and_ninety_six
  PASS  test_a_record_round_trips_through_its_own_bytes
  PASS  test_all_twenty_four_kinds_compile_to_their_ascii_order
  PASS  test_the_kind_domain_is_the_ascii_compilation_of_its_own_keys
  PASS  test_an_unknown_kind_is_refused_and_queues_nothing
  PASS  test_sequence_order_is_unsigned_across_the_sign_bit
  PASS  test_compare_key_parts_orders_by_tick_then_player_then_high_then_low
  PASS  test_permuted_arrival_produces_the_canonical_order
  PASS  test_a_repeated_ordering_key_is_refused
  PASS  test_a_stamped_record_due_at_a_completed_tick_is_refused
  PASS  test_a_foreign_player_id_is_refused
  PASS  test_a_submitted_command_is_due_at_the_next_tick
  PASS  test_paused_edits_share_one_tick_with_increasing_sequences
  PASS  test_pending_commands_survive_a_pause_without_being_consumed
  PASS  test_a_group_with_one_invalid_member_commits_none_of_it
  PASS  test_a_valid_group_commits_every_member_in_order
  PASS  test_a_single_refusal_never_reports_a_previous_group_member
  PASS  test_an_id_group_refuses_an_envelope_that_also_carries_payload_bytes
  PASS  test_compare_keys_reads_a_whole_record_through_the_same_comparison
  PASS  test_a_reset_envelope_is_the_empty_one
  PASS  test_an_empty_or_mistyped_group_is_refused
  PASS  test_an_id_group_validates_every_reference_before_writing_one
  PASS  test_an_id_group_refuses_an_unsorted_or_malformed_list
  PASS  test_reserved_zero_must_be_zero
  PASS  test_an_undefined_flag_bit_is_refused
  PASS  test_a_target_is_generation_checked_against_the_directory
  PASS  test_the_null_reference_is_a_legal_absent_target
  PASS  test_an_out_of_range_field_is_refused
  PASS  test_the_four_thousand_and_ninety_seventh_command_refuses_cleanly
  PASS  test_a_payload_larger_than_the_arena_refuses
  PASS  test_the_arena_is_reclaimed_only_when_the_queue_empties
  PASS  test_a_payload_round_trips_through_the_arena
  PASS  test_a_payload_span_outside_the_arena_is_refused
  PASS  test_the_session_sequence_exhausts_instead_of_wrapping
  PASS  test_the_sequence_carries_into_the_high_word
  PASS  test_restore_sequence_refuses_a_bad_word_or_a_busy_queue
  PASS  test_rows_are_never_handed_out_twice_across_churn
  PASS  test_reading_outside_the_queue_refuses
  PASS  test_only_due_commands_drain
  PASS  test_clear_returns_the_queue_to_its_initial_state
  PASS  test_the_counters_report_admissions_refusals_and_drains
  PASS  test_the_queue_shares_the_clock_and_directory_it_was_given
  PASS  test_rebind_clock_refuses_a_non_empty_queue_and_a_null_clock
CI_SUITE_TIME {"assertions":469,"failures":0,"suite":"test_commands.gd","tests":45,"usec":1081958}
test_demo_cast.gd
  PASS  test_walking_round_a_circle_never_enters_it
  PASS  test_a_step_aimed_into_a_circle_is_stopped_at_its_edge
  PASS  test_the_constraint_never_pushes_anyone_out_who_started_closer
  PASS  test_a_plan_threads_a_wall_of_overlapping_circles_without_crossing_one
  PASS  test_a_standing_resident_is_planned_round_but_a_walker_is_not
  PASS  test_two_residents_crossing_paths_never_overlap
  PASS  test_separation_pushes_away_and_passes_on_the_right
  PASS  test_turning_is_rate_limited_and_happens_before_setting_off
  PASS  test_turn_toward_goes_the_short_way_across_the_seam
  PASS  test_choosing_a_poi_skips_full_ones_and_the_current_one
  PASS  test_many_residents_never_overfill_a_poi
  PASS  test_slots_line_up_across_the_face_direction
  PASS  test_stockpiles_are_recognised_by_name_or_carry_activity
  PASS  test_a_trip_runs_idle_turn_walk_face_act_in_order
  PASS  test_an_activity_lasts_whole_loops_of_its_clip
  PASS  test_an_activity_the_creature_lacks_plays_idle
  PASS  test_with_nowhere_to_go_a_resident_waits_in_place
  PASS  test_a_carry_trip_follows_the_clips_root_path_at_its_playback_rate
  PASS  test_without_root_motion_nobody_carries
  PASS  test_with_nothing_staged_six_placeholders_stand_at_distinct_pois
  PASS  test_a_cast_built_twice_moves_identically
EXPECTED WARNING: demo cast: nobody has no loadable body; using a placeholder
     at: push_warning (core/variant/variant_utility.cpp:1033)
     GDScript backtrace (most recent call first):
         [0] setup_creature (res://demo/cast/demo_actor.gd:211)
         [1] build (res://demo/cast/demo_cast.gd:159)
         [2] test_a_creature_whose_body_cannot_load_becomes_a_placeholder (res://test/test_demo_cast.gd:523)
         [3] _run_test (res://test/run_tests.gd:194)
         [4] _run_suite (res://test/run_tests.gd:168)
         [5] _run_suite (/home/runner/work/redwall-rts/redwall-rts/tools/ci_test_shard_runner.gd:30)
         [6] _run_worker (res://test/run_tests.gd:121)
         [7] _initialize (res://test/run_tests.gd:108)
  PASS  test_a_creature_whose_body_cannot_load_becomes_a_placeholder
  PASS  test_body_radius_scales_with_height_within_bounds
  PASS  test_a_body_cannot_squeeze_through_a_gap_narrower_than_itself
  PASS  test_the_constraint_lets_a_body_right_up_to_a_goal_tucked_against_a_circle
  PASS  test_a_step_into_a_resident_stops_at_contact
  PASS  test_an_obstacle_push_never_shoves_a_body_into_a_resident
EXPECTED ERROR: demo cast: obstacle at (0.00, 0.00) has radius -1.000; a circle is (x, radius, z) -- ignored
   at: push_error (core/variant/variant_utility.cpp:1023)
   GDScript backtrace (most recent call first):
       [0] setup (res://demo/cast/cast_space.gd:159)
       [1] _space (res://test/test_demo_cast.gd:59)
       [2] test_a_circle_without_a_positive_radius_is_refused (res://test/test_demo_cast.gd:590)
       [3] _run_test (res://test/run_tests.gd:194)
       [4] _run_suite (res://test/run_tests.gd:168)
       [5] _run_suite (/home/runner/work/redwall-rts/redwall-rts/tools/ci_test_shard_runner.gd:30)
       [6] _run_worker (res://test/run_tests.gd:121)
       [7] _initialize (res://test/run_tests.gd:108)
EXPECTED ERROR: demo cast: obstacle at (3.00, 3.00) has radius 0.000; a circle is (x, radius, z) -- ignored
   at: push_error (core/variant/variant_utility.cpp:1023)
   GDScript backtrace (most recent call first):
       [0] setup (res://demo/cast/cast_space.gd:159)
       [1] _space (res://test/test_demo_cast.gd:59)
       [2] test_a_circle_without_a_positive_radius_is_refused (res://test/test_demo_cast.gd:590)
       [3] _run_test (res://test/run_tests.gd:194)
       [4] _run_suite (res://test/run_tests.gd:168)
       [5] _run_suite (/home/runner/work/redwall-rts/redwall-rts/tools/ci_test_shard_runner.gd:30)
       [6] _run_worker (res://test/run_tests.gd:121)
       [7] _initialize (res://test/run_tests.gd:108)
  PASS  test_a_circle_without_a_positive_radius_is_refused
  PASS  test_a_plan_reaches_a_goal_tucked_behind_a_wall
  PASS  test_line_clear_sees_open_ground_and_not_through_a_circle
  PASS  test_a_brain_marks_itself_walking_only_while_it_walks
  PASS  test_a_walker_asked_to_turn_back_stops_and_turns
  PASS  test_a_walker_blocked_by_someone_who_stops_in_its_way_replans_promptly
  PASS  test_a_walker_jammed_in_a_lane_gives_up_within_seconds
  PASS  test_a_walled_in_walker_gives_up_and_frees_its_slot
  PASS  test_the_real_village_is_well_formed_for_the_cast
  PASS  test_a_carry_motion_without_a_period_is_refused
  PASS  test_walk_turn_flips_are_bounded_by_a_replan
  PASS  test_a_turn_that_never_finishes_counts_as_stuck
  PASS  test_leaving_a_tight_slot_never_stalls
  PASS  test_a_big_turn_finishes_walking_when_the_way_is_clear
  PASS  test_a_turn_facing_a_wall_does_not_set_off_early
  PASS  test_a_big_turn_on_the_spot_uses_the_shuffle
  PASS  test_routines_resolve_homes_and_socials_by_name
  PASS  test_choosing_from_a_pool_prefers_near_and_respects_capacity
  PASS  test_work_bouts_cycle_through_a_pois_activities
  PASS  test_ten_minutes_on_the_real_village_never_stall_away_from_residents
  PASS  test_a_routine_keeps_a_resident_to_its_homes
  PASS  test_a_slow_walker_works_longer
  PASS  test_a_resident_works_twice_as_long_as_it_walked_to_get_there
  PASS  test_a_resident_boxed_in_waits_for_the_way_out_instead_of_walking_into_it
  PASS  test_every_circle_the_village_gives_the_cast_is_a_circle
  PASS  test_the_cabbage_bed_slot_stands_outside_the_bed
  PASS  test_the_slot_margin_is_the_ordered_spots_margin
  PASS  test_a_wider_body_walks_a_tight_slot_out_until_it_fits
  PASS  test_a_slot_held_short_only_by_the_water_stays_put
  PASS  test_every_slot_in_the_village_clears_every_cast_body
  PASS  test_a_shared_slot_stays_reachable_with_its_neighbour_standing
  PASS  test_the_badger_works_its_homes_beside_a_neighbour
  PASS  test_a_graph_built_in_slices_is_the_graph_built_at_once
  PASS  test_new_circles_rebuild_a_class_s_graph_a_slice_a_frame
  PASS  test_the_cast_s_frames_carry_the_rebuilds_on
  PASS  test_a_plan_made_while_its_graph_is_rebuilt_keeps_off_the_new_circles
CI_SUITE_TIME {"assertions":265,"failures":0,"suite":"test_demo_cast.gd","tests":63,"usec":11895086}
test_demo_chronicle_live.gd
  PASS  test_the_chronicle_on_the_real_scene_at_1280x720
  PASS  test_the_chronicle_on_the_real_scene_at_1920x1080
CI_SUITE_TIME {"assertions":66,"failures":0,"suite":"test_demo_chronicle_live.gd","tests":2,"usec":22849158}
test_demo_chronicle_ui.gd
  PASS  test_the_book_opens_on_the_newest_page_and_pages_by_season
  PASS  test_with_no_page_written_it_opens_on_the_season_so_far
  PASS  test_a_tab_shows_its_page_and_a_new_page_adds_a_tab
  PASS  test_the_book_s_type_and_buttons_meet_the_floors
  PASS  test_headings_wear_the_heading_face_and_the_facts_ink
  PASS  test_village_news_has_a_chronicle_button_that_closes_it_first
  PASS  test_the_village_guide_has_a_chronicle_button_that_closes_it_first
  PASS  test_with_no_page_staged_the_page_is_drawn_as_before
  PASS  test_the_staged_page_lies_under_the_text_scaled_to_the_sheet
  PASS  test_the_page_body_fills_the_text_area_and_the_shared_picture_keeps_its_size
  PASS  test_a_page_laid_then_unstaged_is_drawn_plain_again
CI_SUITE_TIME {"assertions":82,"failures":0,"suite":"test_demo_chronicle_ui.gd","tests":11,"usec":720866}
test_demo_dishes.gd
  PASS  test_every_dish_is_cooked_as_its_gdd_row_exactly
  PASS  test_every_dish_is_a_library_production_candidate
  PASS  test_every_dish_has_an_input_and_a_meal
  PASS  test_every_pantry_category_fits_the_estimate
  PASS  test_inputs_are_the_demos_own_produce_and_never_overlap
  PASS  test_a_dish_takes_only_its_own_ingredients
  PASS  test_selectors_match_categories_items_and_nothing_else
  PASS  test_recipes_and_freshness_rank_as_the_gdd_says
  PASS  test_the_favourites_table_names_real_species_and_dishes
  PASS  test_eating_a_favourite_is_noted_and_counted_and_nothing_else
  PASS  test_variety_counts_recipes_not_dishes
  PASS  test_supper_picks_the_food_that_keeps_least_long
  PASS  test_among_alike_the_village_s_favourite_wins_then_the_book_s_order
  PASS  test_a_dish_that_feeds_the_whole_meal_comes_first
  PASS  test_leftovers_count_toward_feeding_the_whole_meal
  PASS  test_the_cook_card_counts_free_food_too
  PASS  test_breakfast_picks_among_the_porridges_and_falls_back_to_supper_s
  PASS  test_the_choice_is_deterministic_and_reads_the_whole_village
  PASS  test_a_hotpot_reserves_both_inputs_and_the_card_shows_each
  PASS  test_a_meal_of_two_inputs_holds_only_whole_batches_of_both
  PASS  test_a_batch_missing_part_of_an_input_takes_nothing
  PASS  test_a_variant_cooks_from_its_own_ingredients_only
  PASS  test_a_short_second_input_is_refused_in_words
  PASS  test_ready_food_counts_the_hotpot_and_never_a_variant_twice
  PASS  test_the_new_dishes_are_in_the_guide_the_tab_and_the_card
  PASS  test_the_recipe_index_lists_the_catch_dried_fish_and_flour
  PASS  test_the_recipes_tab_lists_every_pantry_item
  PASS  test_the_drafted_rows_are_decision_0603_s_table
  PASS  test_what_the_demo_cannot_make_waits_and_says_why
  PASS  test_the_kitchen_tab_and_the_recipes_list_the_waiting_dishes
  PASS  test_the_new_dishes_that_can_be_had_are_cooked
  PASS  test_a_drink_is_never_a_meal_and_the_guide_says_what_waits
CI_SUITE_TIME {"assertions":694,"failures":0,"suite":"test_demo_dishes.gd","tests":32,"usec":636042}
test_demo_farm_alerts_bound.gd
  PASS  test_letting_old_keys_go_says_the_same_lines_and_stays_bounded
  PASS  test_a_forecast_is_said_once_a_season_and_again_the_next
CI_SUITE_TIME {"assertions":9,"failures":0,"suite":"test_demo_farm_alerts_bound.gd","tests":2,"usec":425150}
test_demo_ferry.gd
  PASS  test_the_stages_and_route_are_boat_water_outside_every_building
  PASS  test_the_timetable_departs_every_two_hours_by_day
  PASS  test_the_far_copse_follows_the_woods_deadfall_numbers
  PASS  test_the_far_copse_is_far_by_land_and_the_ferry_is_the_short_way
  PASS  test_windfall_is_gathered_ferried_and_stacked_as_the_stores_wood
  PASS  test_the_threshold_calls_the_ferry_before_its_departure
  PASS  test_a_storm_mid_crossing_finishes_the_leg_then_holds_at_the_far_stage
  PASS  test_a_storm_before_departure_stands_the_crew_down_and_the_crossing_waits
  PASS  test_the_router_chooses_the_ferry_for_a_passenger_when_it_is_quicker
  PASS  test_a_crew_with_nothing_to_load_holds_for_a_waiting_passenger_to_board
  PASS  test_a_closed_ferry_is_not_offered_and_a_waiting_passenger_goes_by_land
  PASS  test_a_held_crossing_whose_crew_cannot_reach_it_keeps_its_boat
  PASS  test_a_storm_at_the_stage_puts_a_boarded_passenger_back_ashore
  PASS  test_a_waiting_passenger_given_another_order_gives_up_the_ferry
  PASS  test_a_full_job_table_refuses_a_crossing_and_overwrites_nothing
  PASS  test_cancelling_before_boarding_releases_everything
  PASS  test_afloat_the_crossing_is_not_cancelled_or_its_crew_taken
  PASS  test_a_carrier_called_away_sets_the_wood_down_for_the_next
  PASS  test_between_crossings_the_rescue_may_take_the_ferry_boat
  PASS  test_the_work_board_lists_and_claims_ferry_jobs
  PASS  test_one_who_could_not_reach_the_stage_is_not_handed_the_crossing_again
CI_SUITE_TIME {"assertions":353,"failures":0,"suite":"test_demo_ferry.gd","tests":21,"usec":9768319}
test_demo_hall.gd
  PASS  test_the_upgrade_is_req_set_136s_package_and_a_banner_is_the_decoration_row
  PASS  test_rows_map_to_projects_and_back
  PASS  test_a_load_is_the_carriers_capacity_at_the_materials_mass
  PASS  test_req_set_126_refunds_all_before_work_and_eighty_percent_after_floored
  PASS  test_comfort_fuel_and_the_feasts_seats
  PASS  test_the_unlock_is_one_data_constant_the_first_harvest
  PASS  test_the_upgrade_is_refused_while_locked_then_planned_once
  PASS  test_building_starts_only_once_everything_is_delivered
  PASS  test_the_upgrade_raises_tier_2_once_and_a_second_is_refused
  PASS  test_a_cancel_before_work_gives_everything_back
  PASS  test_a_cancel_after_work_gives_eighty_percent_back
  PASS  test_a_cancel_brings_back_a_load_still_in_arms
  PASS  test_a_finished_project_cannot_be_cancelled
  PASS  test_reservations_never_take_from_the_stores_and_lifting_takes_what_is_there
  PASS  test_what_is_reserved_is_no_longer_outstanding
  PASS  test_every_milli_u_is_conserved_through_a_round_and_a_return
  PASS  test_four_banners_at_most_and_their_comfort
  PASS  test_progress_reads_delivery_then_work
  PASS  test_the_tapestry_weaves_entries_in_date_order
  PASS  test_the_tapestry_refuses_in_words
  PASS  test_the_tapestry_cuts_long_words
  PASS  test_builders_carry_the_upgrade_in_and_raise_the_great_hall
  PASS  test_a_place_waits_only_while_there_is_something_to_do
  PASS  test_a_carrier_called_away_puts_its_load_back_and_comes_back_to_it
  PASS  test_a_carrier_that_finds_the_stores_empty_carries_nothing
  PASS  test_letting_a_builder_go_never_hands_it_the_project_again
  PASS  test_a_cancelled_project_is_not_taken_back_after_it_is_planned_again
  PASS  test_the_players_pause_and_reassign
  PASS  test_releasing_a_project_returns_every_load
  PASS  test_a_builder_in_the_water_or_held_is_not_eligible
  PASS  test_the_work_board_lists_the_hall_and_hands_it_out
  PASS  test_a_place_with_nothing_to_do_shows_why_on_the_board
  PASS  test_the_panel_says_what_the_hall_gives_and_where_the_upgrade_stands
  PASS  test_the_panels_buttons_follow_the_projects
  PASS  test_the_open_panel_follows_the_work_and_its_cancel_terms
  PASS  test_the_banner_and_stock_lines
  PASS  test_the_view_shows_each_stage
  PASS  test_the_tapestry_panel_draws_every_entry
  PASS  test_with_no_art_staged_the_tapestry_keeps_its_drawn_cloth
  PASS  test_the_staged_ground_is_the_cloth_and_each_kind_wears_its_emblem
  PASS  test_the_field_is_the_area_inside_the_border_on_the_picture_and_the_cloth
  PASS  test_the_hall_weaves_its_history_and_opens_with_the_first_harvest
  PASS  test_the_hall_plans_cancels_and_answers_the_gathering_query
  PASS  test_cancelling_puts_a_load_in_arms_back
  PASS  test_the_hall_tells_a_finished_project
  PASS  test_watching_allocates_nothing_once_settled
CI_SUITE_TIME {"assertions":384,"failures":0,"suite":"test_demo_hall.gd","tests":46,"usec":837263}
test_demo_kitchen_ui.gd
  PASS  test_ready_food_is_days_of_meals
  PASS  test_the_ledger_shows_the_stock_behind_the_days
  PASS  test_the_pantry_shows_the_kitchen_tab_and_marks_the_dishes_cookable
  PASS  test_the_stocks_table_shows_portions_water_and_what_the_kitchen_holds
  PASS  test_the_cook_card_is_the_orders_decision
  PASS  test_the_draw_card_and_a_full_butt
  PASS  test_the_fed_line_and_the_roster_word
  PASS  test_the_cook_rises_early_only_with_work_and_is_not_sent_back
  PASS  test_the_kitchen_tab_shows_the_dishes_icons_only_when_staged
  PASS  test_a_cooked_dish_row_in_the_stocks_carries_its_icon
CI_SUITE_TIME {"assertions":62,"failures":0,"suite":"test_demo_kitchen_ui.gd","tests":10,"usec":295464}
test_demo_levels_edges.gd
  PASS  test_a_link_s_slope_is_the_rate_of_its_drop
  PASS  test_a_clay_lens_spreads_wider_below
  PASS  test_the_layers_place_each_level
  PASS  test_the_words_carry_the_candidate_numbers
  PASS  test_a_dropped_level_2_room_leaves_its_door_a_blind_end
  PASS  test_a_passage_dropped_unbroken_takes_its_level_2_room_with_it
  PASS  test_a_passage_outliving_its_room_takes_no_other_room_with_it
  PASS  test_a_passage_is_never_dropped_from_under_a_room_begun
  PASS  test_a_level_2_room_goes_in_from_the_surface_at_its_passage_s_mouth
  PASS  test_the_rows_a_level_2_room_and_a_blind_piece_take
  PASS  test_a_link_through_deep_ground_is_cut_and_read_out_in_it
  PASS  test_a_level_2_point_opens_no_mouth_and_a_level_1_end_is_no_blind_end
  PASS  test_a_level_2_join_minds_level_2_s_nodes_only
  PASS  test_the_pillar_reads_a_link_s_void_from_its_crown_to_its_floor
  PASS  test_a_link_breaks_into_a_level_1_room_only_at_its_height
  PASS  test_a_level_1_piece_passes_over_a_level_2_room
  PASS  test_a_level_2_room_is_refused_by_its_own_level_s_edges
  PASS  test_a_level_2_nook_minds_only_its_own_level
  PASS  test_level_2_s_cap_is_coloured_from_level_2_s_ground
  PASS  test_stairs_treads_stand_as_dug_on_stairs_only
  PASS  test_a_blind_end_s_face_goes_when_the_network_runs_on
  PASS  test_a_twin_is_drawn_only_while_its_slot_is_a_link
  PASS  test_a_level_2_room_s_door_is_cut_open_once_it_breaks_ground
CI_SUITE_TIME {"assertions":269,"failures":0,"suite":"test_demo_levels_edges.gd","tests":23,"usec":592990}
test_demo_people.gd
  PASS  test_the_data_file_names_every_demo_resident_as_ruled
  PASS  test_two_residents_of_a_species_differ_and_trades_stay_roles
  PASS  test_only_the_mole_has_dialect_and_it_is_light
  PASS  test_a_dialect_tag_longer_than_two_words_is_dropped
EXPECTED WARNING: demo people: no file at res://no/such/people.json; residents keep their trade labels
     at: push_warning (core/variant/variant_utility.cpp:1033)
     GDScript backtrace (most recent call first):
         [0] load_from (res://demo/people/people_book.gd:33)
         [1] test_a_broken_or_missing_file_leaves_trade_labels (res://test/test_demo_people.gd:174)
         [2] _run_test (res://test/run_tests.gd:194)
         [3] _run_suite (res://test/run_tests.gd:168)
         [4] _run_suite (/home/runner/work/redwall-rts/redwall-rts/tools/ci_test_shard_runner.gd:30)
         [5] _run_worker (res://test/run_tests.gd:121)
         [6] _initialize (res://test/run_tests.gd:108)
EXPECTED WARNING: demo people: res://demo/sound/sound_table.json is not a people table
     at: push_warning (core/variant/variant_utility.cpp:1033)
     GDScript backtrace (most recent call first):
         [0] load_from (res://demo/people/people_book.gd:37)
         [1] test_a_broken_or_missing_file_leaves_trade_labels (res://test/test_demo_people.gd:177)
         [2] _run_test (res://test/run_tests.gd:194)
         [3] _run_suite (res://test/run_tests.gd:168)
         [4] _run_suite (/home/runner/work/redwall-rts/redwall-rts/tools/ci_test_shard_runner.gd:30)
         [5] _run_worker (res://test/run_tests.gd:121)
         [6] _initialize (res://test/run_tests.gd:108)
  PASS  test_a_broken_or_missing_file_leaves_trade_labels
EXPECTED WARNING: demo cast: mouse_keeper has no loadable body; using a placeholder
     at: push_warning (core/variant/variant_utility.cpp:1033)
     GDScript backtrace (most recent call first):
         [0] setup_creature (res://demo/cast/demo_actor.gd:211)
         [1] build (res://demo/cast/demo_cast.gd:159)
         [2] _cast (res://test/test_demo_people.gd:85)
         [3] test_the_cast_carries_the_names_and_roles (res://test/test_demo_people.gd:184)
         [4] _run_test (res://test/run_tests.gd:194)
         [5] _run_suite (res://test/run_tests.gd:168)
         [6] _run_suite (/home/runner/work/redwall-rts/redwall-rts/tools/ci_test_shard_runner.gd:30)
         [7] _run_worker (res://test/run_tests.gd:121)
         [8] _initialize (res://test/run_tests.gd:108)
EXPECTED WARNING: demo cast: mouse_fieldworker has no loadable body; using a placeholder
     at: push_warning (core/variant/variant_utility.cpp:1033)
     GDScript backtrace (most recent call first):
         [0] setup_creature (res://demo/cast/demo_actor.gd:211)
         [1] build (res://demo/cast/demo_cast.gd:159)
         [2] _cast (res://test/test_demo_people.gd:85)
         [3] test_the_cast_carries_the_names_and_roles (res://test/test_demo_people.gd:184)
         [4] _run_test (res://test/run_tests.gd:194)
         [5] _run_suite (res://test/run_tests.gd:168)
         [6] _run_suite (/home/runner/work/redwall-rts/redwall-rts/tools/ci_test_shard_runner.gd:30)
         [7] _run_worker (res://test/run_tests.gd:121)
         [8] _initialize (res://test/run_tests.gd:108)
EXPECTED WARNING: demo cast: squirrel_gatherer has no loadable body; using a placeholder
     at: push_warning (core/variant/variant_utility.cpp:1033)
     GDScript backtrace (most recent call first):
         [0] setup_creature (res://demo/cast/demo_actor.gd:211)
         [1] build (res://demo/cast/demo_cast.gd:159)
         [2] _cast (res://test/test_demo_people.gd:85)
         [3] test_the_cast_carries_the_names_and_roles (res://test/test_demo_people.gd:184)
         [4] _run_test (res://test/run_tests.gd:194)
         [5] _run_suite (res://test/run_tests.gd:168)
         [6] _run_suite (/home/runner/work/redwall-rts/redwall-rts/tools/ci_test_shard_runner.gd:30)
         [7] _run_worker (res://test/run_tests.gd:121)
         [8] _initialize (res://test/run_tests.gd:108)
EXPECTED WARNING: demo cast: squirrel_forester has no loadable body; using a placeholder
     at: push_warning (core/variant/variant_utility.cpp:1033)
     GDScript backtrace (most recent call first):
         [0] setup_creature (res://demo/cast/demo_actor.gd:211)
         [1] build (res://demo/cast/demo_cast.gd:159)
         [2] _cast (res://test/test_demo_people.gd:85)
         [3] test_the_cast_carries_the_names_and_roles (res://test/test_demo_people.gd:184)
         [4] _run_test (res://test/run_tests.gd:194)
         [5] _run_suite (res://test/run_tests.gd:168)
         [6] _run_suite (/home/runner/work/redwall-rts/redwall-rts/tools/ci_test_shard_runner.gd:30)
         [7] _run_worker (res://test/run_tests.gd:121)
         [8] _initialize (res://test/run_tests.gd:108)
EXPECTED WARNING: demo cast: otter_boatwright has no loadable body; using a placeholder
     at: push_warning (core/variant/variant_utility.cpp:1033)
     GDScript backtrace (most recent call first):
         [0] setup_creature (res://demo/cast/demo_actor.gd:211)
         [1] build (res://demo/cast/demo_cast.gd:159)
         [2] _cast (res://test/test_demo_people.gd:85)
         [3] test_the_cast_carries_the_names_and_roles (res://test/test_demo_people.gd:184)
         [4] _run_test (res://test/run_tests.gd:194)
         [5] _run_suite (res://test/run_tests.gd:168)
         [6] _run_suite (/home/runner/work/redwall-rts/redwall-rts/tools/ci_test_shard_runner.gd:30)
         [7] _run_worker (res://test/run_tests.gd:121)
         [8] _initialize (res://test/run_tests.gd:108)
EXPECTED WARNING: demo cast: otter_fisher has no loadable body; using a placeholder
     at: push_warning (core/variant/variant_utility.cpp:1033)
     GDScript backtrace (most recent call first):
         [0] setup_creature (res://demo/cast/demo_actor.gd:211)
         [1] build (res://demo/cast/demo_cast.gd:159)
         [2] _cast (res://test/test_demo_people.gd:85)
         [3] test_the_cast_carries_the_names_and_roles (res://test/test_demo_people.gd:184)
         [4] _run_test (res://test/run_tests.gd:194)
         [5] _run_suite (res://test/run_tests.gd:168)
         [6] _run_suite (/home/runner/work/redwall-rts/redwall-rts/tools/ci_test_shard_runner.gd:30)
         [7] _run_worker (res://test/run_tests.gd:121)
         [8] _initialize (res://test/run_tests.gd:108)
EXPECTED WARNING: demo cast: mole_digger has no loadable body; using a placeholder
     at: push_warning (core/variant/variant_utility.cpp:1033)
     GDScript backtrace (most recent call first):
         [0] setup_creature (res://demo/cast/demo_actor.gd:211)
         [1] build (res://demo/cast/demo_cast.gd:159)
         [2] _cast (res://test/test_demo_people.gd:85)
         [3] test_the_cast_carries_the_names_and_roles (res://test/test_demo_people.gd:184)
         [4] _run_test (res://test/run_tests.gd:194)
         [5] _run_suite (res://test/run_tests.gd:168)
         [6] _run_suite (/home/runner/work/redwall-rts/redwall-rts/tools/ci_test_shard_runner.gd:30)
         [7] _run_worker (res://test/run_tests.gd:121)
         [8] _initialize (res://test/run_tests.gd:108)
EXPECTED WARNING: demo cast: badger_quarryman has no loadable body; using a placeholder
     at: push_warning (core/variant/variant_utility.cpp:1033)
     GDScript backtrace (most recent call first):
         [0] setup_creature (res://demo/cast/demo_actor.gd:211)
         [1] build (res://demo/cast/demo_cast.gd:159)
         [2] _cast (res://test/test_demo_people.gd:85)
         [3] test_the_cast_carries_the_names_and_roles (res://test/test_demo_people.gd:184)
         [4] _run_test (res://test/run_tests.gd:194)
         [5] _run_suite (res://test/run_tests.gd:168)
         [6] _run_suite (/home/runner/work/redwall-rts/redwall-rts/tools/ci_test_shard_runner.gd:30)
         [7] _run_worker (res://test/run_tests.gd:121)
         [8] _initialize (res://test/run_tests.gd:108)
EXPECTED WARNING: demo cast: beaver_bridgewright has no loadable body; using a placeholder
     at: push_warning (core/variant/variant_utility.cpp:1033)
     GDScript backtrace (most recent call first):
         [0] setup_creature (res://demo/cast/demo_actor.gd:211)
         [1] build (res://demo/cast/demo_cast.gd:159)
         [2] _cast (res://test/test_demo_people.gd:85)
         [3] test_the_cast_carries_the_names_and_roles (res://test/test_demo_people.gd:184)
         [4] _run_test (res://test/run_tests.gd:194)
         [5] _run_suite (res://test/run_tests.gd:168)
         [6] _run_suite (/home/runner/work/redwall-rts/redwall-rts/tools/ci_test_shard_runner.gd:30)
         [7] _run_worker (res://test/run_tests.gd:121)
         [8] _initialize (res://test/run_tests.gd:108)
  PASS  test_the_cast_carries_the_names_and_roles
  PASS  test_a_deed_and_its_events_are_kept_structured
  PASS  test_curation_pins_keeps_private_and_dismisses
  PASS  test_reflection_offers_three_best_uncurated_deeds_of_the_season
  PASS  test_the_ledger_forgets_its_oldest_past_its_bounds
  PASS  test_a_first_stays_first_after_its_event_is_forgotten
  PASS  test_a_forgotten_deed_takes_its_events_with_it
  PASS  test_notability_is_a_mark_and_nothing_else
  PASS  test_affinity_follows_the_gdd_numbers
  PASS  test_affinity_fades_without_contact_and_friendship_clears_below_25
  PASS  test_shared_work_counts_hours_and_suppers_count_suppers
  PASS  test_relationship_lines_are_light_and_from_what_happened
  PASS  test_a_rescue_is_remembered_only_when_a_rescuer_succeeds
  PASS  test_the_assistance_log_keeps_its_newest_and_counts_all
  PASS  test_a_bridge_is_its_builders_deed_only_when_it_opens
  PASS  test_a_bridge_credits_only_hands_that_worked_on_it
  PASS  test_a_new_bridge_in_the_row_forgets_the_old_one_s_builders
  PASS  test_a_bridge_counts_only_an_opening_straight_from_planned
  PASS  test_only_hands_at_a_cut_are_a_tunnel_s_and_the_crew_only_at_its_post
  PASS  test_cuts_are_read_only_when_a_dig_moved_and_a_new_segment_starts_from_none
  PASS  test_a_room_is_a_room_and_a_dead_or_new_piece_is_nobody_s
  PASS  test_a_piece_done_before_the_watch_is_no_deed
  PASS  test_a_tunnel_dug_through_is_its_diggers_and_a_paused_one_is_nobodys
  PASS  test_piece_words_name_rooms_tunnels_and_ways_down
  PASS  test_a_first_harvest_is_remembered_once_and_a_cancelled_one_not_at_all
  PASS  test_a_harvest_cancelled_after_it_was_cut_is_no_harvest
  PASS  test_a_meal_for_everyone_is_its_cooks_first_and_a_supper_is_shared
  PASS  test_a_meal_someone_went_without_is_no_deed
  PASS  test_a_last_supper_bowl_eaten_after_its_end_is_shared_and_fed_everyone
  PASS  test_a_last_supper_bowl_given_back_after_its_end_is_no_meal_for_everyone
  PASS  test_a_skill_level_reached_by_real_work_is_a_deed_and_a_starting_level_is_not
  PASS  test_working_together_grows_affinity_and_working_apart_does_not
  PASS  test_two_at_the_same_dig_work_together
  PASS  test_midnight_runs_the_daily_fade_through_the_taps
  PASS  test_a_batch_is_logged_with_its_own_cook
  PASS  test_an_ashore_with_nobody_holding_the_victim_is_no_assistance
  PASS  test_a_victim_washed_ashore_while_a_rescuer_was_coming_is_no_assistance
  PASS  test_the_harvest_log_keeps_its_newest
CI_SUITE_TIME {"assertions":837,"failures":0,"suite":"test_demo_people.gd","tests":43,"usec":3875758}
test_demo_planner_live.gd
  PASS  test_the_planner_on_the_real_scene_at_1280x720
  PASS  test_the_planner_on_the_real_scene_at_1920x1080
CI_SUITE_TIME {"assertions":80,"failures":0,"suite":"test_demo_planner_live.gd","tests":2,"usec":22575856}
test_demo_regatta.gd
  PASS  test_the_hearth_feast_for_nine_is_the_gdds
  PASS  test_the_race_lanes_are_equal_boat_water
  PASS  test_the_first_regatta_is_in_summer_and_the_day_is_the_players
  PASS  test_the_preview_refuses_what_is_invalid_and_names_what_is_missing
  PASS  test_holding_reserves_the_food_and_wood_and_skipping_gives_them_back
  PASS  test_food_is_reserved_at_once_for_a_day_beyond_the_kitchens_plans
  PASS  test_the_kitchen_cooks_an_occasion_as_set_whatever_its_count_or_food
  PASS  test_the_tally_counts_only_those_who_ate_the_main_course
  PASS  test_called_off_while_crews_walk_the_boats_stay_the_boathouses
  PASS  test_a_race_under_way_cannot_be_skipped
  PASS  test_a_feast_never_served_gives_its_food_and_wood_back
  PASS  test_skipping_a_plan_the_kitchen_has_not_planned_gives_the_food_back
  PASS  test_a_skip_costs_nothing
  PASS  test_the_race_is_rowed_and_the_faster_crew_wins_every_time
  PASS  test_equal_crews_row_a_dead_heat
  PASS  test_a_storm_calls_the_race_off_and_the_feast_goes_on
  PASS  test_the_feast_is_cooked_from_the_reserved_food_eaten_and_remembered
  PASS  test_the_regatta_deed_reads_in_the_people_words
  PASS  test_the_nut_loaf_is_the_gdds_row_and_an_occasion_dish
  PASS  test_the_preview_names_the_full_menu_when_the_pantry_holds_it
  PASS  test_holding_reserves_every_course_and_skipping_gives_it_all_back
  PASS  test_the_full_feast_is_cooked_eaten_and_warms_the_village
  PASS  test_shared_warmth_is_granted_once_and_neither_stacks_nor_extends
  PASS  test_a_two_course_occasion_holds_each_courses_food_and_no_more
  PASS  test_a_second_course_that_cannot_come_is_not_waited_for_nor_doubled
  PASS  test_a_guest_eating_at_the_suppers_end_shares_the_feast_once_its_bowl_is_eaten
  PASS  test_a_guest_giving_its_bowl_back_after_the_suppers_end_is_not_counted
  PASS  test_a_guest_giving_back_its_second_course_after_the_end_still_ate_the_feast
CI_SUITE_TIME {"assertions":301,"failures":0,"suite":"test_demo_regatta.gd","tests":28,"usec":11308415}
test_demo_theatre.gd
  PASS  test_the_warren_s_particles_fit_their_budget
TOLERATED ERROR: Condition "!is_inside_tree()" is true. Returning: Transform3D()
   at: get_global_transform (scene/3d/node_3d.cpp:649)
   GDScript backtrace (most recent call first):
       [0] _light (res://demo/burrow/fixture_view.gd:378)
       [1] refresh (res://demo/burrow/fixture_view.gd:173)
       [2] test_the_cap_holds_with_eight_homes_smoking_three_faces_a_seep_and_a_strain (res://test/test_demo_theatre.gd:179)
       [3] _run_test (res://test/run_tests.gd:194)
       [4] _run_suite (res://test/run_tests.gd:168)
       [5] _run_suite (/home/runner/work/redwall-rts/redwall-rts/tools/ci_test_shard_runner.gd:30)
       [6] _run_worker (res://test/run_tests.gd:121)
       [7] _initialize (res://test/run_tests.gd:108)
TOLERATED ERROR: Condition "!is_inside_tree()" is true. Returning: Transform3D()
   at: get_global_transform (scene/3d/node_3d.cpp:649)
   GDScript backtrace (most recent call first):
       [0] _light (res://demo/burrow/fixture_view.gd:378)
       [1] refresh (res://demo/burrow/fixture_view.gd:173)
       [2] test_the_cap_holds_with_eight_homes_smoking_three_faces_a_seep_and_a_strain (res://test/test_demo_theatre.gd:179)
       [3] _run_test (res://test/run_tests.gd:194)
       [4] _run_suite (res://test/run_tests.gd:168)
       [5] _run_suite (/home/runner/work/redwall-rts/redwall-rts/tools/ci_test_shard_runner.gd:30)
       [6] _run_worker (res://test/run_tests.gd:121)
       [7] _initialize (res://test/run_tests.gd:108)
TOLERATED ERROR: Condition "!is_inside_tree()" is true. Returning: Transform3D()
   at: get_global_transform (scene/3d/node_3d.cpp:649)
   GDScript backtrace (most recent call first):
       [0] _light (res://demo/burrow/fixture_view.gd:378)
       [1] refresh (res://demo/burrow/fixture_view.gd:173)
       [2] test_the_cap_holds_with_eight_homes_smoking_three_faces_a_seep_and_a_strain (res://test/test_demo_theatre.gd:179)
       [3] _run_test (res://test/run_tests.gd:194)
       [4] _run_suite (res://test/run_tests.gd:168)
       [5] _run_suite (/home/runner/work/redwall-rts/redwall-rts/tools/ci_test_shard_runner.gd:30)
       [6] _run_worker (res://test/run_tests.gd:121)
       [7] _initialize (res://test/run_tests.gd:108)
TOLERATED ERROR: Condition "!is_inside_tree()" is true. Returning: Transform3D()
   at: get_global_transform (scene/3d/node_3d.cpp:649)
   GDScript backtrace (most recent call first):
       [0] _light (res://demo/burrow/fixture_view.gd:378)
       [1] refresh (res://demo/burrow/fixture_view.gd:173)
       [2] test_the_cap_holds_with_eight_homes_smoking_three_faces_a_seep_and_a_strain (res://test/test_demo_theatre.gd:179)
       [3] _run_test (res://test/run_tests.gd:194)
       [4] _run_suite (res://test/run_tests.gd:168)
       [5] _run_suite (/home/runner/work/redwall-rts/redwall-rts/tools/ci_test_shard_runner.gd:30)
       [6] _run_worker (res://test/run_tests.gd:121)
       [7] _initialize (res://test/run_tests.gd:108)
TOLERATED ERROR: Condition "!is_inside_tree()" is true. Returning: Transform3D()
   at: get_global_transform (scene/3d/node_3d.cpp:649)
   GDScript backtrace (most recent call first):
       [0] _light (res://demo/burrow/fixture_view.gd:378)
       [1] refresh (res://demo/burrow/fixture_view.gd:173)
       [2] test_the_cap_holds_with_eight_homes_smoking_three_faces_a_seep_and_a_strain (res://test/test_demo_theatre.gd:179)
       [3] _run_test (res://test/run_tests.gd:194)
       [4] _run_suite (res://test/run_tests.gd:168)
       [5] _run_suite (/home/runner/work/redwall-rts/redwall-rts/tools/ci_test_shard_runner.gd:30)
       [6] _run_worker (res://test/run_tests.gd:121)
       [7] _initialize (res://test/run_tests.gd:108)
TOLERATED ERROR: Condition "!is_inside_tree()" is true. Returning: Transform3D()
   at: get_global_transform (scene/3d/node_3d.cpp:649)
   GDScript backtrace (most recent call first):
       [0] _light (res://demo/burrow/fixture_view.gd:378)
       [1] refresh (res://demo/burrow/fixture_view.gd:173)
       [2] test_the_cap_holds_with_eight_homes_smoking_three_faces_a_seep_and_a_strain (res://test/test_demo_theatre.gd:179)
       [3] _run_test (res://test/run_tests.gd:194)
       [4] _run_suite (res://test/run_tests.gd:168)
       [5] _run_suite (/home/runner/work/redwall-rts/redwall-rts/tools/ci_test_shard_runner.gd:30)
       [6] _run_worker (res://test/run_tests.gd:121)
       [7] _initialize (res://test/run_tests.gd:108)
TOLERATED ERROR: Condition "!is_inside_tree()" is true. Returning: Transform3D()
   at: get_global_transform (scene/3d/node_3d.cpp:649)
   GDScript backtrace (most recent call first):
       [0] _light (res://demo/burrow/fixture_view.gd:378)
       [1] refresh (res://demo/burrow/fixture_view.gd:173)
       [2] test_the_cap_holds_with_eight_homes_smoking_three_faces_a_seep_and_a_strain (res://test/test_demo_theatre.gd:179)
       [3] _run_test (res://test/run_tests.gd:194)
       [4] _run_suite (res://test/run_tests.gd:168)
       [5] _run_suite (/home/runner/work/redwall-rts/redwall-rts/tools/ci_test_shard_runner.gd:30)
       [6] _run_worker (res://test/run_tests.gd:121)
       [7] _initialize (res://test/run_tests.gd:108)
TOLERATED ERROR: Condition "!is_inside_tree()" is true. Returning: Transform3D()
   at: get_global_transform (scene/3d/node_3d.cpp:649)
   GDScript backtrace (most recent call first):
       [0] _light (res://demo/burrow/fixture_view.gd:378)
       [1] refresh (res://demo/burrow/fixture_view.gd:173)
       [2] test_the_cap_holds_with_eight_homes_smoking_three_faces_a_seep_and_a_strain (res://test/test_demo_theatre.gd:179)
       [3] _run_test (res://test/run_tests.gd:194)
       [4] _run_suite (res://test/run_tests.gd:168)
       [5] _run_suite (/home/runner/work/redwall-rts/redwall-rts/tools/ci_test_shard_runner.gd:30)
       [6] _run_worker (res://test/run_tests.gd:121)
       [7] _initialize (res://test/run_tests.gd:108)
TOLERATED ERROR: Condition "!is_inside_tree()" is true. Returning: Transform3D()
   at: get_global_transform (scene/3d/node_3d.cpp:649)
   GDScript backtrace (most recent call first):
       [0] burst_clods (res://demo/tunnel/warren_particles.gd:283)
       [1] test_the_cap_holds_with_eight_homes_smoking_three_faces_a_seep_and_a_strain (res://test/test_demo_theatre.gd:187)
       [2] _run_test (res://test/run_tests.gd:194)
       [3] _run_suite (res://test/run_tests.gd:168)
       [4] _run_suite (/home/runner/work/redwall-rts/redwall-rts/tools/ci_test_shard_runner.gd:30)
       [5] _run_worker (res://test/run_tests.gd:121)
       [6] _initialize (res://test/run_tests.gd:108)
TOLERATED ERROR: Condition "!is_inside_tree()" is true. Returning: Transform3D()
   at: get_global_transform (scene/3d/node_3d.cpp:649)
   GDScript backtrace (most recent call first):
       [0] set_mound (res://demo/tunnel/warren_particles.gd:293)
       [1] test_the_cap_holds_with_eight_homes_smoking_three_faces_a_seep_and_a_strain (res://test/test_demo_theatre.gd:188)
       [2] _run_test (res://test/run_tests.gd:194)
       [3] _run_suite (res://test/run_tests.gd:168)
       [4] _run_suite (/home/runner/work/redwall-rts/redwall-rts/tools/ci_test_shard_runner.gd:30)
       [5] _run_worker (res://test/run_tests.gd:121)
       [6] _initialize (res://test/run_tests.gd:108)
TOLERATED ERROR: Condition "!is_inside_tree()" is true. Returning: Transform3D()
   at: get_global_transform (scene/3d/node_3d.cpp:649)
   GDScript backtrace (most recent call first):
       [0] burst_clods (res://demo/tunnel/warren_particles.gd:283)
       [1] test_the_cap_holds_with_eight_homes_smoking_three_faces_a_seep_and_a_strain (res://test/test_demo_theatre.gd:187)
       [2] _run_test (res://test/run_tests.gd:194)
       [3] _run_suite (res://test/run_tests.gd:168)
       [4] _run_suite (/home/runner/work/redwall-rts/redwall-rts/tools/ci_test_shard_runner.gd:30)
       [5] _run_worker (res://test/run_tests.gd:121)
       [6] _initialize (res://test/run_tests.gd:108)
TOLERATED ERROR: Condition "!is_inside_tree()" is true. Returning: Transform3D()
   at: get_global_transform (scene/3d/node_3d.cpp:649)
   GDScript backtrace (most recent call first):
       [0] set_mound (res://demo/tunnel/warren_particles.gd:293)
       [1] test_the_cap_holds_with_eight_homes_smoking_three_faces_a_seep_and_a_strain (res://test/test_demo_theatre.gd:188)
       [2] _run_test (res://test/run_tests.gd:194)
       [3] _run_suite (res://test/run_tests.gd:168)
       [4] _run_suite (/home/runner/work/redwall-rts/redwall-rts/tools/ci_test_shard_runner.gd:30)
       [5] _run_worker (res://test/run_tests.gd:121)
       [6] _initialize (res://test/run_tests.gd:108)
TOLERATED ERROR: Condition "!is_inside_tree()" is true. Returning: Transform3D()
   at: get_global_transform (scene/3d/node_3d.cpp:649)
   GDScript backtrace (most recent call first):
       [0] burst_clods (res://demo/tunnel/warren_particles.gd:283)
       [1] test_the_cap_holds_with_eight_homes_smoking_three_faces_a_seep_and_a_strain (res://test/test_demo_theatre.gd:187)
       [2] _run_test (res://test/run_tests.gd:194)
       [3] _run_suite (res://test/run_tests.gd:168)
       [4] _run_suite (/home/runner/work/redwall-rts/redwall-rts/tools/ci_test_shard_runner.gd:30)
       [5] _run_worker (res://test/run_tests.gd:121)
       [6] _initialize (res://test/run_tests.gd:108)
TOLERATED ERROR: Condition "!is_inside_tree()" is true. Returning: Transform3D()
   at: get_global_transform (scene/3d/node_3d.cpp:649)
   GDScript backtrace (most recent call first):
       [0] set_mound (res://demo/tunnel/warren_particles.gd:293)
       [1] test_the_cap_holds_with_eight_homes_smoking_three_faces_a_seep_and_a_strain (res://test/test_demo_theatre.gd:188)
       [2] _run_test (res://test/run_tests.gd:194)
       [3] _run_suite (res://test/run_tests.gd:168)
       [4] _run_suite (/home/runner/work/redwall-rts/redwall-rts/tools/ci_test_shard_runner.gd:30)
       [5] _run_worker (res://test/run_tests.gd:121)
       [6] _initialize (res://test/run_tests.gd:108)
TOLERATED ERROR: Condition "!is_inside_tree()" is true. Returning: Transform3D()
   at: get_global_transform (scene/3d/node_3d.cpp:649)
   GDScript backtrace (most recent call first):
       [0] puff (res://demo/tunnel/warren_particles.gd:302)
       [1] test_the_cap_holds_with_eight_homes_smoking_three_faces_a_seep_and_a_strain (res://test/test_demo_theatre.gd:189)
       [2] _run_test (res://test/run_tests.gd:194)
       [3] _run_suite (res://test/run_tests.gd:168)
       [4] _run_suite (/home/runner/work/redwall-rts/redwall-rts/tools/ci_test_shard_runner.gd:30)
       [5] _run_worker (res://test/run_tests.gd:121)
       [6] _initialize (res://test/run_tests.gd:108)
TOLERATED ERROR: Condition "!is_inside_tree()" is true. Returning: Transform3D()
   at: get_global_transform (scene/3d/node_3d.cpp:649)
   GDScript backtrace (most recent call first):
       [0] set_hazard (res://demo/tunnel/warren_particles.gd:316)
       [1] test_the_cap_holds_with_eight_homes_smoking_three_faces_a_seep_and_a_strain (res://test/test_demo_theatre.gd:191)
       [2] _run_test (res://test/run_tests.gd:194)
       [3] _run_suite (res://test/run_tests.gd:168)
       [4] _run_suite (/home/runner/work/redwall-rts/redwall-rts/tools/ci_test_shard_runner.gd:30)
       [5] _run_worker (res://test/run_tests.gd:121)
       [6] _initialize (res://test/run_tests.gd:108)
TOLERATED ERROR: Condition "!is_inside_tree()" is true. Returning: Transform3D()
   at: get_global_transform (scene/3d/node_3d.cpp:649)
   GDScript backtrace (most recent call first):
       [0] set_hazard (res://demo/tunnel/warren_particles.gd:316)
       [1] test_the_cap_holds_with_eight_homes_smoking_three_faces_a_seep_and_a_strain (res://test/test_demo_theatre.gd:192)
       [2] _run_test (res://test/run_tests.gd:194)
       [3] _run_suite (res://test/run_tests.gd:168)
       [4] _run_suite (/home/runner/work/redwall-rts/redwall-rts/tools/ci_test_shard_runner.gd:30)
       [5] _run_worker (res://test/run_tests.gd:121)
       [6] _initialize (res://test/run_tests.gd:108)
TOLERATED ERROR: Condition "!is_inside_tree()" is true. Returning: Transform3D()
   at: get_global_transform (scene/3d/node_3d.cpp:649)
   GDScript backtrace (most recent call first):
       [0] set_hazard (res://demo/tunnel/warren_particles.gd:316)
       [1] test_the_cap_holds_with_eight_homes_smoking_three_faces_a_seep_and_a_strain (res://test/test_demo_theatre.gd:191)
       [2] _run_test (res://test/run_tests.gd:194)
       [3] _run_suite (res://test/run_tests.gd:168)
       [4] _run_suite (/home/runner/work/redwall-rts/redwall-rts/tools/ci_test_shard_runner.gd:30)
       [5] _run_worker (res://test/run_tests.gd:121)
       [6] _initialize (res://test/run_tests.gd:108)
TOLERATED ERROR: Condition "!is_inside_tree()" is true. Returning: Transform3D()
   at: get_global_transform (scene/3d/node_3d.cpp:649)
   GDScript backtrace (most recent call first):
       [0] set_hazard (res://demo/tunnel/warren_particles.gd:316)
       [1] test_the_cap_holds_with_eight_homes_smoking_three_faces_a_seep_and_a_strain (res://test/test_demo_theatre.gd:192)
       [2] _run_test (res://test/run_tests.gd:194)
       [3] _run_suite (res://test/run_tests.gd:168)
       [4] _run_suite (/home/runner/work/redwall-rts/redwall-rts/tools/ci_test_shard_runner.gd:30)
       [5] _run_worker (res://test/run_tests.gd:121)
       [6] _initialize (res://test/run_tests.gd:108)
  PASS  test_the_cap_holds_with_eight_homes_smoking_three_faces_a_seep_and_a_strain
  PASS  test_the_pools_run_on_the_demo_clock
TOLERATED ERROR: Condition "!is_inside_tree()" is true. Returning: Transform3D()
   at: get_global_transform (scene/3d/node_3d.cpp:649)
   GDScript backtrace (most recent call first):
       [0] puff (res://demo/tunnel/warren_particles.gd:302)
       [1] test_a_puff_takes_the_next_dust_emitter_on_its_layer (res://test/test_demo_theatre.gd:221)
       [2] _run_test (res://test/run_tests.gd:194)
       [3] _run_suite (res://test/run_tests.gd:168)
       [4] _run_suite (/home/runner/work/redwall-rts/redwall-rts/tools/ci_test_shard_runner.gd:30)
       [5] _run_worker (res://test/run_tests.gd:121)
       [6] _initialize (res://test/run_tests.gd:108)
TOLERATED ERROR: Condition "!is_inside_tree()" is true. Returning: Transform3D()
   at: get_global_transform (scene/3d/node_3d.cpp:649)
   GDScript backtrace (most recent call first):
       [0] puff (res://demo/tunnel/warren_particles.gd:302)
       [1] test_a_puff_takes_the_next_dust_emitter_on_its_layer (res://test/test_demo_theatre.gd:222)
       [2] _run_test (res://test/run_tests.gd:194)
       [3] _run_suite (res://test/run_tests.gd:168)
       [4] _run_suite (/home/runner/work/redwall-rts/redwall-rts/tools/ci_test_shard_runner.gd:30)
       [5] _run_worker (res://test/run_tests.gd:121)
       [6] _initialize (res://test/run_tests.gd:108)
TOLERATED ERROR: Condition "!is_inside_tree()" is true. Returning: Transform3D()
   at: get_global_transform (scene/3d/node_3d.cpp:649)
   GDScript backtrace (most recent call first):
       [0] puff (res://demo/tunnel/warren_particles.gd:302)
       [1] test_a_puff_takes_the_next_dust_emitter_on_its_layer (res://test/test_demo_theatre.gd:226)
       [2] _run_test (res://test/run_tests.gd:194)
       [3] _run_suite (res://test/run_tests.gd:168)
       [4] _run_suite (/home/runner/work/redwall-rts/redwall-rts/tools/ci_test_shard_runner.gd:30)
       [5] _run_worker (res://test/run_tests.gd:121)
       [6] _initialize (res://test/run_tests.gd:108)
  PASS  test_a_puff_takes_the_next_dust_emitter_on_its_layer
  PASS  test_a_mouth_nobody_hauls_for_draws_all_it_has_received
  PASS  test_haulers_locate_every_milli_of_the_spoil
  PASS  test_a_mouth_row_freed_starts_its_heap_clean
  PASS  test_the_farm_takes_only_what_is_tipped
  PASS  test_a_crew_member_fills_carries_out_and_tips_a_basket
  PASS  test_one_fills_at_a_time_and_only_a_basketful
  PASS  test_a_hauler_whose_mouth_is_gone_goes_back_to_its_post
  PASS  test_a_hauler_called_away_drops_its_load_on_the_heap
  PASS  test_the_last_basket_goes_out_when_the_dig_is_done
  PASS  test_two_sent_to_one_spot_both_reach_it
  PASS  test_a_replan_that_finds_no_way_gives_the_trip_up
TOLERATED ERROR: Condition "!is_inside_tree()" is true. Returning: Transform3D()
   at: get_global_transform (scene/3d/node_3d.cpp:649)
   GDScript backtrace (most recent call first):
       [0] puff (res://demo/tunnel/warren_particles.gd:302)
       [1] refresh (res://demo/tunnel/haul_view.gd:81)
       [2] test_the_baskets_are_drawn_as_the_hauling_stands (res://test/test_demo_theatre.gd:606)
       [3] _run_test (res://test/run_tests.gd:194)
       [4] _run_suite (res://test/run_tests.gd:168)
       [5] _run_suite (/home/runner/work/redwall-rts/redwall-rts/tools/ci_test_shard_runner.gd:30)
       [6] _run_worker (res://test/run_tests.gd:121)
       [7] _initialize (res://test/run_tests.gd:108)
  PASS  test_the_baskets_are_drawn_as_the_hauling_stands
TOLERATED ERROR: Condition "!is_inside_tree()" is true. Returning: Transform3D()
   at: get_global_transform (scene/3d/node_3d.cpp:649)
   GDScript backtrace (most recent call first):
       [0] burst_clods (res://demo/tunnel/warren_particles.gd:283)
       [1] _show (res://demo/tunnel/dig_theatre.gd:162)
       [2] refresh (res://demo/tunnel/dig_theatre.gd:133)
       [3] test_a_face_gets_its_lantern_light_and_clods (res://test/test_demo_theatre.gd:655)
       [4] _run_test (res://test/run_tests.gd:194)
       [5] _run_suite (res://test/run_tests.gd:168)
       [6] _run_suite (/home/runner/work/redwall-rts/redwall-rts/tools/ci_test_shard_runner.gd:30)
       [7] _run_worker (res://test/run_tests.gd:121)
       [8] _initialize (res://test/run_tests.gd:108)
  PASS  test_a_face_gets_its_lantern_light_and_clods
  PASS  test_the_dig_face_is_a_rough_concave_fresh_cut
TOLERATED ERROR: Condition "!is_inside_tree()" is true. Returning: Transform3D()
   at: get_global_transform (scene/3d/node_3d.cpp:649)
   GDScript backtrace (most recent call first):
       [0] puff (res://demo/tunnel/warren_particles.gd:302)
       [1] _puff (res://demo/tunnel/tunnel_marks.gd:660)
       [2] _place_frames (res://demo/tunnel/tunnel_marks.gd:572)
       [3] _draw_slot (res://demo/tunnel/tunnel_marks.gd:446)
       [4] refresh (res://demo/tunnel/tunnel_marks.gd:396)
       [5] test_braces_go_up_one_at_a_time_each_with_a_puff (res://test/test_demo_theatre.gd:736)
       [6] _run_test (res://test/run_tests.gd:194)
       [7] _run_suite (res://test/run_tests.gd:168)
       [8] _run_suite (/home/runner/work/redwall-rts/redwall-rts/tools/ci_test_shard_runner.gd:30)
       [9] _run_worker (res://test/run_tests.gd:121)
       [10] _initialize (res://test/run_tests.gd:108)
TOLERATED ERROR: Condition "!is_inside_tree()" is true. Returning: Transform3D()
   at: get_global_transform (scene/3d/node_3d.cpp:649)
   GDScript backtrace (most recent call first):
       [0] puff (res://demo/tunnel/warren_particles.gd:302)
       [1] _puff (res://demo/tunnel/tunnel_marks.gd:660)
       [2] _place_frames (res://demo/tunnel/tunnel_marks.gd:572)
       [3] _draw_slot (res://demo/tunnel/tunnel_marks.gd:446)
       [4] refresh (res://demo/tunnel/tunnel_marks.gd:396)
       [5] test_braces_go_up_one_at_a_time_each_with_a_puff (res://test/test_demo_theatre.gd:742)
       [6] _run_test (res://test/run_tests.gd:194)
       [7] _run_suite (res://test/run_tests.gd:168)
       [8] _run_suite (/home/runner/work/redwall-rts/redwall-rts/tools/ci_test_shard_runner.gd:30)
       [9] _run_worker (res://test/run_tests.gd:121)
       [10] _initialize (res://test/run_tests.gd:108)
  PASS  test_braces_go_up_one_at_a_time_each_with_a_puff
  PASS  test_lanterns_hang_one_at_a_time_their_glow_swelling
  PASS  test_a_frame_rises_and_a_glow_swells_to_whole
  PASS  test_a_light_blooms_on_and_settles
  PASS  test_a_spot_keeps_its_age_when_handed_in_again
  PASS  test_a_face_spot_moves_without_blooming_again
TOLERATED ERROR: Condition "!is_inside_tree()" is true. Returning: Transform3D()
   at: get_global_transform (scene/3d/node_3d.cpp:649)
   GDScript backtrace (most recent call first):
       [0] puff (res://demo/tunnel/warren_particles.gd:302)
       [1] _puff_at (res://demo/burrow/fixture_view.gd:272)
       [2] _refresh_places (res://demo/burrow/fixture_view.gd:196)
       [3] refresh (res://demo/burrow/fixture_view.gd:172)
       [4] test_a_fixture_rises_from_its_ring_as_it_is_put_in_then_puffs (res://test/test_demo_theatre.gd:855)
       [5] _run_test (res://test/run_tests.gd:194)
       [6] _run_suite (res://test/run_tests.gd:168)
       [7] _run_suite (/home/runner/work/redwall-rts/redwall-rts/tools/ci_test_shard_runner.gd:30)
       [8] _run_worker (res://test/run_tests.gd:121)
       [9] _initialize (res://test/run_tests.gd:108)
  PASS  test_a_fixture_rises_from_its_ring_as_it_is_put_in_then_puffs
  PASS  test_the_installer_heaves_the_big_pieces_and_hangs_the_light_ones
  PASS  test_a_room_dries_from_the_door_outward_as_it_was_dug
  PASS  test_a_hub_keeps_the_day_it_broke_ground
  PASS  test_a_widening_re_cuts_the_walls_it_passes
CI_SUITE_TIME {"assertions":177,"failures":0,"suite":"test_demo_theatre.gd","tests":29,"usec":239175}
test_demo_work_edges.gd
  PASS  test_a_claim_sets_the_resident_off_at_once
  PASS  test_a_crew_claim_is_refused_for_one_with_another_job_of_that_board
  PASS  test_an_ineligible_idle_resident_is_not_given_the_task
  PASS  test_a_resident_held_by_the_rescue_is_never_given_work
  PASS  test_between_equals_the_nearer_task_is_taken
  PASS  test_a_paused_farm_job_lets_its_worker_go_and_is_not_claimed
  PASS  test_a_farm_job_waiting_for_a_way_says_so
  PASS  test_a_woods_delivery_is_not_cancelled
  PASS  test_the_woods_old_crew_stands_down_too
  PASS  test_a_mixed_group_on_a_woods_card_previews_each_member
  PASS  test_a_reassigned_bridge_lets_its_old_builder_go
  PASS  test_an_entry_names_only_its_own_task
  PASS  test_a_carrier_displaced_below_shelves_nothing_from_there
  PASS  test_a_candidate_taken_in_the_same_pass_is_passed_over_for_the_next
  PASS  test_reassign_refuses_one_held_by_the_rescue
  PASS  test_has_job_reads_every_board
  PASS  test_one_woods_job_and_one_bridge_a_resident_in_the_picker
  PASS  test_a_tunnel_worker_called_away_keeps_its_job_promised
  PASS  test_a_task_queued_after_a_plain_move_is_taken_when_the_move_arrives
  PASS  test_an_idle_resident_takes_its_own_list_before_the_boards_claim
  PASS  test_a_promised_task_claimed_by_its_resident_leaves_no_stale_entry_and_reassign_frees_it
  PASS  test_idle_leaves_out_every_resident_kept_from_work
  PASS  test_shift_on_a_task_that_cannot_be_taken_is_not_called_taken
  PASS  test_a_command_or_a_queued_order_re_indexes_at_once
  PASS  test_a_shift_order_to_a_resident_at_a_work_spot_starts_at_once
  PASS  test_a_shift_order_never_cuts_a_jobs_walk_short
  PASS  test_a_reassign_to_a_resident_that_had_the_task_queued_clears_its_entry
  PASS  test_a_task_taken_up_from_the_list_leaves_no_second_entry_for_it
  PASS  test_a_reassign_never_lets_the_old_worker_take_the_task_back
  PASS  test_a_queued_woods_order_checks_the_list_before_posting
  PASS  test_a_queued_bed_order_checks_the_list_before_posting
CI_SUITE_TIME {"assertions":109,"failures":0,"suite":"test_demo_work_edges.gd","tests":31,"usec":9178567}
test_economic_sequence_format.gd
  PASS  test_last_issued_command_round_trip
  PASS  test_drained_exhausted_queue_round_trip
  PASS  test_prefix_writer_refuses_invalid_tuple_without_any_write
  PASS  test_prefix_writer_refuses_extreme_offsets_without_any_write
  PASS  test_ordinary_high_words_keep_unsigned_values_and_zero_is_ordinary
  PASS  test_schema_is_recognized_before_full_prefix_is_required
  PASS  test_invalid_u64_and_terminal_tuples_refuse_atomically
  PASS  test_section_size_constants_are_pinned_independently
CI_SUITE_TIME {"assertions":216,"failures":0,"suite":"test_economic_sequence_format.gd","tests":8,"usec":538981}
test_entity_directory.gd
  PASS  test_create_returns_unique_live_references
  PASS  test_reference_validates_from_create_until_destroy
  PASS  test_destroy_rejects_unknown_reference
  PASS  test_null_reference_never_validates
  PASS  test_stale_reference_is_rejected_after_destroy
  PASS  test_destroyed_slot_is_reused_lowest_first
  PASS  test_reuse_increments_generation_invalidating_the_old_reference
  PASS  test_persistent_ids_are_never_reused
  PASS  test_living_cap_refuses_the_two_hundred_fifty_seventh_resident
  PASS  test_living_cap_frees_room_after_a_destroy
  PASS  test_living_cap_does_not_block_other_kinds
  PASS  test_kind_capacity_refusal_is_explicit
  PASS  test_directory_capacity_refusal_is_explicit
  PASS  test_unknown_kind_is_refused
  PASS  test_generation_exhaustion_retires_the_slot
  PASS  test_persistent_id_exhaustion_refuses_creation
  PASS  test_repeated_create_and_destroy_leaks_no_slots
  PASS  test_interleaved_free_returns_slots_in_ascending_order
  PASS  test_reverse_owner_mismatch_invalidates_the_reference
  PASS  test_reference_is_rejected_for_the_wrong_kind
  PASS  test_typed_rows_are_independent_per_kind
  PASS  test_kind_capacities_sum_to_the_directory_length
  PASS  test_spec_capacities_do_not_drift_from_the_inventory_copies
  PASS  test_kind_ids_follow_ascending_ascii_keys
  PASS  test_no_per_row_array_is_allocated
  PASS  test_columns_are_allocated_once_and_never_resized
  PASS  test_ref_of_slot_rebuilds_a_live_reference_and_refuses_a_dead_one
  PASS  test_ref_of_slot_tracks_the_generation_across_reuse
  PASS  test_clear_resets_the_directory
  PASS  test_clear_does_not_let_a_pre_clear_reference_alias_a_rebuilt_row
  PASS  test_clear_does_not_resurrect_a_generation_exhausted_slot
  PASS  test_thousand_entity_lifecycle_within_frame_budget
  PASS  test_copy_columns_into_reads_live_free_retired_and_never_used_slots
  PASS  test_copy_columns_into_is_the_only_reader_of_an_inactive_slots_generation
  PASS  test_copy_columns_into_refuses_a_buffer_that_is_not_capacity_sized
  PASS  test_copied_columns_are_snapshots_not_aliases
  PASS  test_restore_columns_reproduces_the_source_world_in_another_directory
  PASS  test_restore_columns_pins_allocation_order_across_a_round_trip
  PASS  test_restore_columns_excludes_live_slots_from_the_free_heap
  PASS  test_restore_columns_keeps_a_retired_slot_out_of_the_pool
  PASS  test_restore_columns_rebuilds_the_reverse_owner_map
  PASS  test_restore_columns_rebuilds_counters_over_a_directory_that_already_held_a_world
  PASS  test_two_restores_of_one_column_set_produce_the_same_image
  PASS  test_restore_columns_does_not_restore_the_persistent_id_allocator
  PASS  test_state_bytes_ignores_the_stale_heap_tail_and_the_refusal_code
  PASS  test_restore_columns_refuses_a_duplicate_typed_row_and_changes_nothing
  PASS  test_restore_columns_refuses_a_mis_sized_column_set
  PASS  test_restore_columns_refuses_an_occupancy_byte_outside_zero_and_one
  PASS  test_restore_columns_refuses_a_negative_generation_from_the_int32_sign_trap
  PASS  test_restore_columns_refuses_each_broken_live_identity
  PASS  test_restore_columns_refuses_a_free_slot_carrying_a_stale_identity
  PASS  test_restore_columns_refuses_both_halves_of_a_retirement_disagreement
  PASS  test_restore_columns_refuses_a_two_hundred_fifty_seventh_living_resident
  PASS  test_three_creates_one_destroy_and_a_round_trip_still_issue_four
  PASS  test_a_world_whose_every_entity_died_still_issues_four
  PASS  test_the_final_int32_identity_survives_a_load_as_the_exhausted_cursor
  PASS  test_the_exhausted_cursor_is_exactly_max_int32_plus_one
  PASS  test_an_invalid_or_stale_cursor_refuses_before_anything_is_published
  PASS  test_the_exhausted_value_can_never_enter_a_live_persistent_id_column
  PASS  test_restore_columns_alone_still_leaves_the_cursor_to_section_one
  PASS  test_clear_returns_the_cursor_to_one_and_is_not_a_load_step
CI_SUITE_TIME {"assertions":638,"failures":0,"suite":"test_entity_directory.gd","tests":61,"usec":3049448}
test_farming.gd
  PASS  test_the_five_crop_keys_compile_to_the_ids_the_module_uses
  PASS  test_every_crop_family_matches_the_gdd_table
  PASS  test_family_ids_are_the_generated_ascii_order
  PASS  test_every_allowed_soil_mask_matches_the_gdd_table
  PASS  test_soil_compatibility_follows_the_mask_for_all_fifteen_pairs
  PASS  test_every_growth_duration_and_base_yield_matches_the_gdd_table
  PASS  test_every_seed_quantity_moisture_range_and_frost_damage_matches_the_gdd_table
  PASS  test_every_fertility_cost_matches_the_gdd_table_including_the_bean_gain
  PASS  test_the_plant_windows_match_the_gdd_table_on_both_sides_of_every_endpoint
  PASS  test_the_two_window_crops_carry_both_of_their_gdd_windows
  PASS  test_crop_readers_refuse_an_unknown_crop_without_a_value
  PASS  test_temperature_factor_hits_every_stated_band
  PASS  test_temperature_factor_boundaries_are_exact_on_both_sides
  PASS  test_the_weather_module_temperatures_land_in_the_expected_bands
  PASS  test_moisture_factor_is_1000_inside_the_stated_range_inclusive
  PASS  test_moisture_factor_boundaries_below_the_range_are_exact
  PASS  test_moisture_factor_boundaries_above_the_range_are_exact
  PASS  test_every_crop_uses_its_own_moisture_range
  PASS  test_moisture_factor_refuses_a_moisture_outside_the_stated_clamp
  PASS  test_the_hourly_growth_step_is_the_stated_formula
  PASS  test_growth_accumulates_one_milli_hour_per_hour_at_ideal_conditions
  PASS  test_growth_is_frozen_below_zero_and_slowed_in_the_cool_band
  PASS  test_the_growth_remainder_column_stays_zero_under_every_stated_factor_pair
  PASS  test_growth_refuses_a_plot_that_is_not_growing
  PASS  test_bal_probe_001_moisture_factors_reproduce_the_published_column
  PASS  test_bal_probe_001_growth_totals_reproduce_the_published_column
  PASS  test_bal_probe_001_first_ripe_day_is_day_nineteen
  PASS  test_a_crop_ripens_exactly_at_its_stated_duration_not_one_hour_early
  PASS  test_every_crop_ripens_at_its_own_duration
  PASS  test_ripening_dates_the_tile_and_exposes_the_stated_job_priority
  PASS  test_the_fertility_factor_is_500_plus_a_twentieth_and_clamped
  PASS  test_the_health_factor_is_health_divided_by_ten
  PASS  test_the_first_crop_on_a_tile_scores_the_first_crop_rotation_factor
  PASS  test_repeating_a_family_scores_850_then_700
  PASS  test_a_family_change_resets_the_factor_and_legumes_score_1100
  PASS  test_the_yield_formula_is_the_stated_product
  PASS  test_the_pollination_factor_is_a_caller_supplied_multiplier
  PASS  test_the_yield_is_capped_at_125_percent_of_base
  PASS  test_the_formula_does_not_overflow_at_the_table_maxima
  PASS  test_the_yield_formula_refuses_a_negative_pollination_factor
  PASS  test_harvest_applies_the_fertility_change_once_and_empties_the_plot
  PASS  test_a_bean_harvest_raises_fertility_because_its_stated_cost_is_negative
  PASS  test_harvest_refuses_a_plot_that_is_not_ripe
  PASS  test_emptying_a_plot_clears_the_tiles_ripe_tick
  PASS  test_the_ripe_grace_is_48_hours_on_both_sides
  PASS  test_the_decay_takes_ten_percent_of_the_remaining_yield_each_day
  PASS  test_a_late_harvest_delivers_the_decayed_yield
  PASS  test_a_ripe_crop_withers_after_five_days_and_not_before
  PASS  test_the_elapsed_reader_refuses_a_plot_that_never_ripened
  PASS  test_frost_removes_the_crops_listed_damage_only_below_zero
  PASS  test_each_crop_takes_its_own_frost_damage
  PASS  test_only_tended_cabbage_halves_its_frost_damage
  PASS  test_blight_removes_400_a_day_and_200_when_tended
  PASS  test_tending_restores_moisture_and_water_only_below_the_minimum
  PASS  test_tending_marks_the_tile_and_the_daily_reset_clears_it
  PASS  test_emptying_a_plot_cancels_its_tending_so_the_next_crop_starts_untended
  PASS  test_tending_refuses_a_plot_that_is_not_growing
  PASS  test_health_reaching_zero_withers_the_plot_and_clears_its_tending
  PASS  test_health_loss_clamps_at_zero_rather_than_going_negative
  PASS  test_clearing_a_withered_plot_yields_the_stated_compost_and_work
  PASS  test_moisture_is_clamped_to_the_stated_range_at_both_ends
  PASS  test_compost_adds_1500_fertility_and_consumes_two_units
  PASS  test_compost_is_capped_at_ten_thousand_fertility
  PASS  test_compost_is_refused_twice_in_the_same_season
  PASS  test_the_compost_season_is_absolute_so_next_years_spring_is_a_new_season
  PASS  test_the_absolute_season_index_advances_every_twelve_days
  PASS  test_a_fallow_tile_gains_fifty_fertility_a_day
  PASS  test_the_legume_fallow_bonus_lasts_exactly_twelve_days
  PASS  test_a_non_legume_harvest_leaves_no_fallow_bonus
  PASS  test_fallow_recovery_is_capped_and_refuses_a_worked_plot
  PASS  test_fallow_recovery_works_on_a_tile_with_no_plot_at_all
  PASS  test_recreating_a_field_does_not_restore_fertility
  PASS  test_recreating_a_field_does_not_reset_compost_eligibility
  PASS  test_recreating_a_field_keeps_the_last_family_and_the_legume_clock
  PASS  test_a_redrawn_designation_cannot_fabricate_a_rotation_bonus
  PASS  test_destroying_a_plot_frees_its_tile_and_its_directory_row
  PASS  test_the_orchard_row_column_is_allocated_and_never_written
  PASS  test_the_tile_ledger_covers_exactly_the_stated_sixteen_thousand_rows
  PASS  test_a_tile_holds_at_most_one_plot
  PASS  test_the_store_fills_to_its_stated_four_thousand_and_ninety_six_rows
  PASS  test_a_new_plot_starts_at_the_stated_initial_values
  PASS  test_incompatible_soil_rejects_planting
  PASS  test_planting_refuses_outside_the_stated_window_and_returns_the_seed_quantity
  PASS  test_planting_refuses_invalid_arguments_without_writing_anything
  PASS  test_begin_growing_moves_a_sown_plot_and_only_a_sown_plot
  PASS  test_the_live_list_stays_ascending_across_creates_and_destroys
  PASS  test_clear_releases_every_row_and_resets_the_tile_ledger
  PASS  test_the_store_shares_a_directory_when_one_is_passed_in
  PASS  test_every_plot_reader_refuses_an_absent_row_without_a_value
  PASS  test_readers_that_need_a_crop_refuse_an_empty_plot
  PASS  test_the_streak_survives_an_erase_and_recreate_so_a_third_harvest_still_scores_700
  PASS  test_a_family_change_after_a_redraw_still_scores_1000_and_1100_for_a_legume
  PASS  test_a_harvest_writes_the_family_and_the_count_onto_the_tile_together
  PASS  test_a_different_family_resets_the_count_to_one_rather_than_continuing_it
  PASS  test_withering_and_fallow_days_neither_reset_nor_advance_the_count
  PASS  test_an_unfinished_sowing_never_advances_the_count
  PASS  test_the_streak_saturates_at_int32_max_instead_of_overflowing
  PASS  test_one_below_the_maximum_still_increments_to_the_maximum
  PASS  test_a_populated_family_with_a_zero_count_is_refused_not_reinterpreted
  PASS  test_the_tile_history_gate_refuses_invalid_arguments_and_an_occupied_tile
  PASS  test_an_invalid_or_stale_plot_reference_cannot_alter_tile_history
  PASS  test_the_planner_decay_fixture_is_100000_then_90000_then_81000_then_unharvestable
  PASS  test_a_harvest_at_120_hours_refuses_even_before_the_expiry_sweep_runs
  PASS  test_the_ripe_and_growth_clocks_live_on_the_tile_so_a_redraw_cannot_restart_them
  PASS  test_a_sown_plot_takes_no_growth_no_tending_no_frost_and_no_blight
  PASS  test_a_replacement_worker_cannot_commit_the_seed_a_second_time
  PASS  test_the_seed_committed_at_productive_start_is_exactly_250_milli_units
  PASS  test_cancelling_a_committed_sowing_refunds_nothing_and_keeps_every_history
  PASS  test_cancel_sowing_applies_only_to_a_plot_that_holds_committed_seed
  PASS  test_a_redraw_in_the_same_season_derives_the_mirror_back_to_2000
  PASS  test_the_season_boundary_resets_the_mirror_without_touching_history_or_fertility
  PASS  test_the_mirror_refresh_is_idempotent_and_refuses_a_day_before_the_calendar
  PASS  test_creating_a_plot_refuses_a_day_before_the_calendar_and_allocates_nothing
CI_SUITE_TIME {"assertions":5172,"failures":0,"suite":"test_farming.gd","tests":113,"usec":3778575}
test_inventory_capacity_reduction.gd
  PASS  test_a_reduction_lowers_the_capacity_and_reports_it
  PASS  test_contents_plus_reservations_must_still_fit
  PASS  test_bad_inputs_refuse_by_name_writing_nothing
  PASS  test_a_ground_pile_keeps_its_fixed_capacity
  PASS  test_an_aborted_transaction_restores_the_capacity
CI_SUITE_TIME {"assertions":34,"failures":0,"suite":"test_inventory_capacity_reduction.gd","tests":5,"usec":36040}
test_item_definitions.gd
  PASS  test_generator_accepts_the_real_balance_document
  PASS  test_generator_rejects_wrong_row_count
  PASS  test_generator_rejects_duplicate_id
  PASS  test_generator_rejects_a_retired_key
  PASS  test_generator_rejects_non_integer_numeric_field
  PASS  test_default_catalog_loads_exactly_61_items
  PASS  test_wood_round_trips_material_5000g
  PASS  test_berries_round_trips_raw_food_fields
  PASS  test_meal_nut_roast_is_present
  PASS  test_every_retired_key_is_rejected_explicitly
  PASS  test_invalid_record_aborts_entire_load_and_registers_nothing
  PASS  test_compiled_ids_are_ascending_ascii_and_order_independent
  PASS  test_registration_binding_tracks_only_successful_inventory_registration
CI_SUITE_TIME {"assertions":345,"failures":0,"suite":"test_item_definitions.gd","tests":13,"usec":218988}
test_lookdev_dimensions.gd
  PASS  test_every_building_definition_has_exactly_one_vertical_envelope
  PASS  test_the_building_columns_are_the_same_length
  PASS  test_named_building_envelopes_match_the_ruling
  PASS  test_every_derived_millimetre_is_the_rounded_unit_value
  PASS  test_dirt_path_is_the_only_envelope_millimetres_cannot_express
  PASS  test_every_species_candidate_is_present_and_looked_up_by_key
  PASS  test_every_species_row_names_its_approval_and_the_anchor_keeps_its_provenance
  PASS  test_the_beaver_height_is_proposed_not_approved
  PASS  test_an_unknown_species_refuses_instead_of_reporting_a_height
  PASS  test_an_unknown_building_refuses_instead_of_reporting_zero_height
  PASS  test_settlement_l0_admission_carries_the_ruling_hysteresis
  PASS  test_static_admission_carries_its_own_hysteresis
  PASS  test_every_static_family_ceiling_falls_from_near_to_far
  PASS  test_named_static_family_ceilings_match_the_ruling
  PASS  test_a_building_keeps_sixteen_surfaces_at_near_and_mid_and_four_at_far
  PASS  test_a_ceiling_lookup_outside_its_domain_refuses
  PASS  test_the_whole_field_crop_arithmetic_matches_the_rulings_published_totals
  PASS  test_the_aggregate_environment_allowances_are_the_published_byte_counts
  PASS  test_the_shared_enclosed_building_values_are_the_rulings
  PASS  test_the_material_baseline_stores_roughness_and_metallic_as_integers
CI_SUITE_TIME {"assertions":252,"failures":0,"suite":"test_lookdev_dimensions.gd","tests":20,"usec":16578}
test_milestones.gd
  PASS  test_the_protected_domain_carries_exactly_the_five_bal_cat_002_ordinals
  PASS  test_milestone_is_protected_and_refuses_a_recompile
  PASS  test_a_sparse_mask_locks_an_earlier_milestone
  PASS  test_the_highest_ordinal_is_never_the_gate_for_any_sparse_mask
  PASS  test_the_initial_mask_earns_m0_and_nothing_else
  PASS  test_m4_is_a_valid_id_and_bit_sixteen
  PASS  test_an_unknown_ordinal_refuses_rather_than_reading_as_unlocked
  PASS  test_reserved_bits_and_negative_masks_are_refused
  PASS  test_an_empty_mask_is_unbound_progress_and_never_a_fabricated_m0_world
  PASS  test_an_award_commits_once
  PASS  test_award_refuses_an_unknown_or_illegal_input
  PASS  test_earned_count_counts_set_bits_only
  PASS  test_the_two_published_masks_must_agree
  PASS  test_start_normalizes_to_m0_at_source_import_only
  PASS  test_bit_of_refuses_outside_the_domain_and_never_returns_a_usable_zero
  PASS  test_key_of_consults_the_protected_table_rather_than_the_range
  PASS  test_unlock_gate_separates_locked_from_invalid
CI_SUITE_TIME {"assertions":121,"failures":0,"suite":"test_milestones.gd","tests":17,"usec":14200}
test_modular_draft.gd
  PASS  test_stroke_is_preview_until_released_and_snapshot_is_isolated
  PASS  test_cancel_is_one_layer_and_preserves_earlier_paint
  PASS  test_disconnected_draft_can_be_repaired_before_confirmation
  PASS  test_out_of_bounds_stroke_is_not_partially_kept
  PASS  test_undo_redo_and_new_edit_keep_consistent_geometry
  PASS  test_topology_is_cached_and_not_recomputed_for_pointer_motion
  PASS  test_preview_has_its_own_revision_for_cached_world_renderers
  PASS  test_organic_tools_and_bent_tunnel_share_one_retained_plan
  PASS  test_holes_are_explicit_and_erasing_everything_never_confirms
  PASS  test_reconfigure_cannot_relabel_retained_room_or_level
  PASS  test_bad_grid_bounds_tool_and_capacity_fail_closed
CI_SUITE_TIME {"assertions":201,"failures":0,"suite":"test_modular_draft.gd","tests":11,"usec":41730}
test_modular_shell.gd
  PASS  test_single_cell_has_exact_floor_ceiling_and_four_inward_walls
  PASS  test_shared_equal_height_edges_have_no_interior_walls
  PASS  test_concave_and_rounded_shapes_keep_exact_cell_area
  PASS  test_inner_island_keeps_hole_in_floor_ceiling_and_wall_ring
  PASS  test_split_height_exposes_only_riser_and_soffit_bands
  PASS  test_disjoint_height_intervals_do_not_emit_overlapping_tall_risers
  PASS  test_opening_leaves_exact_sill_and_lintel_geometry
  PASS  test_full_height_opening_removes_its_wall_and_apertures_remove_only_selected_patches
  PASS  test_invalid_openings_refuse_before_replacing_cached_mesh
  PASS  test_actual_stages_control_shell_extent_finish_color_and_frontier
  PASS  test_unexcavated_cells_cannot_have_any_opening
  PASS  test_missing_limits_bad_streams_and_short_headroom_refuse
  PASS  test_revision_cache_reuses_meshes_and_rejects_changed_data
  PASS  test_float_presentation_cannot_collapse_fine_cells_at_extreme_coordinates
  PASS  test_opening_heights_cannot_silently_round_at_extreme_levels
  PASS  test_world_anchored_uvs_survive_expansion_and_negative_origin
  PASS  test_material_selection_and_cutaway_leave_geometry_and_stages_unchanged
  PASS  test_vertical_uvs_anchor_to_world_height_and_each_wall_axis
  PASS  test_explicit_finer_pitch_preserves_area_and_material_scale
CI_SUITE_TIME {"assertions":298,"failures":0,"suite":"test_modular_shell.gd","tests":19,"usec":39092}
test_resource_claim_lifecycle.gd
  PASS  test_claim_order_key_uses_the_owning_job_despite_different_directory_slot
  PASS  test_destroying_basin_releases_other_designations_claims_first
  PASS  test_destroying_designation_releases_its_claim_without_resetting_basin_usage
  PASS  test_rebinding_designation_releases_old_claim_and_retains_old_basin
  PASS  test_claimed_basin_cannot_be_rebound_away_from_its_patch
  PASS  test_cancelled_job_claim_waits_for_normal_release_pipeline
  PASS  test_claim_owner_can_become_member_after_admission
CI_SUITE_TIME {"assertions":95,"failures":0,"suite":"test_resource_claim_lifecycle.gd","tests":7,"usec":293565}
test_room_footprint_packed.gd
  PASS  test_every_four_by_four_subset_matches_unchanged_contour_semantics
  PASS  test_original_refusal_precedence_is_unchanged
  PASS  test_signed_extremes_and_huge_sparse_spans_keep_exact_neighbors
  PASS  test_packed_allocation_is_exact_and_invalid_requests_allocate_nothing
  PASS  test_full_existing_capacity_and_long_staircase_do_not_inherit_477_cell_limit
  PASS  test_repeated_rotated_and_reflected_queries_never_reuse_visited_state
  PASS  test_multiple_holes_and_connected_corridors_match_contour_count
ROOM_FOOTPRINT_PACKED cells=16384 packed_bytes=212992 capacity_scalar_bytes=8 four_calls_usec=138811
  PASS  test_full_capacity_cold_timing_is_reported_without_a_budget_claim
CI_SUITE_TIME {"assertions":196768,"failures":0,"suite":"test_room_footprint_packed.gd","tests":8,"usec":3155219}
test_room_layout.gd
  PASS  test_unbound_sources_and_unbound_construction_fail_closed
  PASS  test_layout_preview_and_staging_are_non_authoritative
  PASS  test_unknown_or_forbidden_furniture_is_refused
  PASS  test_an_unfinished_shell_cannot_be_furnished
  PASS  test_all_four_rotations_use_the_full_catalog_footprint_and_contact
  PASS  test_concave_finished_boundary_beats_the_bounding_rectangle
  PASS  test_rotated_second_tile_detects_overlap
  PASS  test_protected_entrance_and_stair_landing_are_never_occupied
  PASS  test_every_footprint_cell_needs_support_at_the_same_height
  PASS  test_full_footprint_requires_headroom_including_other_level_obstructions
  PASS  test_install_contact_cannot_float_across_a_riser
  PASS  test_same_room_or_nearby_cells_do_not_invent_walk_connections
  PASS  test_later_furniture_must_preserve_existing_furniture_access
  PASS  test_open_boundary_allows_real_access_from_a_neighboring_room
  PASS  test_neighboring_walk_context_does_not_authorize_neighboring_floor_occupation
  PASS  test_required_circulation_must_reach_a_distant_landing
  PASS  test_confirmed_unfinished_projects_block_new_footprints
  PASS  test_stale_object_generation_refuses_the_whole_image
  PASS  test_group_confirmation_revalidates_after_world_changes
  PASS  test_group_success_submits_one_transaction_and_retains_individual_projects
  PASS  test_coordinator_refusal_retains_all_drafts_and_creates_no_receipts
  PASS  test_atomic_owner_refuses_revision_change_at_commit
  PASS  test_malformed_success_is_a_coordinator_contract_breach
  PASS  test_mode_changes_preserve_drafts_and_accepted_projects
  PASS  test_each_room_has_an_independent_mode
  PASS  test_draft_edits_and_stale_draft_handles_are_atomic
  PASS  test_room_reuse_never_inherits_drafts_or_mode
  PASS  test_existing_room_type_cannot_change_by_emptying_or_reopening
  PASS  test_room_cleanup_and_project_receipts_do_not_cancel_real_work
  PASS  test_capacity_refuses_before_world_submission
  PASS  test_unknown_profile_opening_geometry_and_grid_pitch_fail_closed
  PASS  test_finer_grid_subdivides_existing_catalog_dimensions_without_scaling_furniture
  PASS  test_invalid_floor_and_link_columns_are_refused_before_indexing
  PASS  test_floor_link_object_and_contact_operation_budgets_are_enforced
  PASS  test_tiny_grid_cannot_expand_a_single_piece_beyond_the_operation_budget
  PASS  test_combined_contact_budget_covers_many_individually_bounded_profiles
  PASS  test_reentrant_draft_edits_and_rebinding_are_refused_during_acceptance
  PASS  test_rotation_and_translation_check_int64_before_int32_narrowing
  PASS  test_empty_confirmation_and_unopened_room_have_explicit_refusals
  PASS  test_typed_base_and_foreign_sources_cannot_replace_world_ownership
  PASS  test_actual_busy_arena_refuses_before_any_snapshot_or_liveness_callback
  PASS  test_packed_peak_admission_refuses_before_copies_at_unqualified_default_maximum
  PASS  test_entry_guard_precedes_binding_begin_snapshot_and_release_callbacks
  PASS  test_snapshot_is_read_once_and_guides_hold_only_their_exact_synchronous_scope
  PASS  test_release_clears_all_views_before_provider_companion_and_arena_cleanup
  PASS  test_forged_duplicate_and_foreign_result_release_cannot_release_another_lease
  PASS  test_input_boundary_diagnoses_and_clears_an_unreleased_live_result
  PASS  test_dropped_result_is_diagnosed_without_starting_another_copying_operation
  PASS  test_expired_snapshot_token_cannot_authorize_draft_mutation_or_release_replacement
  PASS  test_placement_list_copies_are_scoped_and_confirm_receipts_escape_without_geometry
  PASS  test_input_boundary_releases_pinned_scope_even_if_result_metadata_was_mutated
  PASS  test_failed_guided_preview_keeps_scope_until_highlight_is_consumed
  PASS  test_expired_weak_provider_refuses_before_liveness_or_snapshot_fallback
  PASS  test_binding_itself_is_exclusive_before_the_initial_provider_attestation
  PASS  test_scope_failure_after_successful_project_acceptance_preserves_outcome_and_quarantines
  PASS  test_end_operation_failure_after_acceptance_cannot_report_an_atomic_refusal
  PASS  test_late_scope_failure_after_local_draft_write_preserves_the_committed_draft
CI_SUITE_TIME {"assertions":563,"failures":0,"suite":"test_room_layout.gd","tests":57,"usec":139955}
test_save_codec.gd
  PASS  test_u32_bit_pattern_with_high_bit_is_negative_as_int32
  PASS  test_int32_bit_reinterpretation_is_an_involution_over_i32
  PASS  test_bit_reinterpretation_agrees_with_the_command_queue
  PASS  test_integers_are_written_little_endian
  PASS  test_i32_round_trips_at_every_boundary
  PASS  test_i64_round_trips_at_every_boundary
  PASS  test_u32_round_trips_across_its_whole_domain_boundary
  PASS  test_the_same_four_bytes_read_as_u32_and_i32_differ_by_design
  PASS  test_u8_round_trips_at_its_boundaries
  PASS  test_u64_round_trips_up_to_the_representable_maximum
  PASS  test_a_value_outside_its_declared_width_is_refused_not_truncated
  PASS  test_a_u64_with_its_high_bit_set_is_refused_rather_than_read_as_negative
  PASS  test_the_lowest_unrepresentable_u64_is_the_high_bit_alone
  PASS  test_a_write_that_would_run_past_the_end_is_refused_at_the_exact_boundary
  PASS  test_a_read_past_the_end_is_refused_at_the_exact_boundary
  PASS  test_the_reader_walks_a_record_and_stops_exactly_at_the_end
  PASS  test_a_truncated_buffer_refuses_instead_of_returning_a_partial_value
  PASS  test_the_reader_refusal_is_sticky_so_one_ignored_return_cannot_walk_off_the_end
  PASS  test_seek_is_bounded_at_both_ends
  PASS  test_read_bytes_refuses_a_hostile_count_without_allocating
  PASS  test_zero_padding_refuses_a_single_nonzero_reserved_byte
  PASS  test_the_reader_consumes_zero_padding_only_when_it_is_zero
  PASS  test_strings_round_trip_byte_exactly_under_both_prefix_widths
  PASS  test_a_negative_length_prefix_is_refused
  PASS  test_a_huge_length_prefix_is_refused_before_allocating
  PASS  test_a_length_prefix_one_byte_past_the_buffer_is_refused
  PASS  test_a_string_exactly_one_byte_over_its_cap_is_refused
  PASS  test_a_negative_caller_cap_is_refused_rather_than_treated_as_unlimited
  PASS  test_a_string_longer_than_its_cap_is_refused_on_write
  PASS  test_malformed_utf8_is_refused_in_every_stated_form
  PASS  test_well_formed_utf8_at_every_sequence_width_is_accepted
  PASS  test_an_embedded_nul_refuses_because_it_cannot_round_trip
  PASS  test_utf8_validation_is_bounded_by_its_own_length_argument
  PASS  test_the_writer_produces_the_same_bytes_as_the_fixed_offset_primitives
  PASS  test_the_encoding_is_identical_across_independent_runs
  PASS  test_a_refused_writer_yields_nothing_and_stays_refused
  PASS  test_a_resized_packed_byte_array_is_zero_filled
  PASS  test_the_writer_rejects_negative_padding_and_writes_real_zeroes
  PASS  test_the_codec_source_contains_no_float_path
CI_SUITE_TIME {"assertions":362,"failures":0,"suite":"test_save_codec.gd","tests":39,"usec":30183}
test_save_identity_restore.gd
  PASS  test_a_restored_cursor_issues_the_identity_after_the_destroyed_one
  PASS  test_a_world_with_every_row_destroyed_still_issues_four
  PASS  test_the_final_identity_round_trips_and_exhaustion_is_retained
  PASS  test_an_out_of_range_or_stale_cursor_refuses_with_the_owners_exact_code
  PASS  test_a_malformed_column_set_refuses_before_the_owner_is_ever_asked
  PASS  test_null_participants_refuse_explicitly
  PASS  test_an_absent_or_released_barrier_refuses_and_pause_bits_are_not_the_barrier
  PASS  test_the_barrier_and_the_clock_survive_both_outcomes_unchanged
  PASS  test_the_target_never_aliases_the_decoded_records_arrays
CI_SUITE_TIME {"assertions":133,"failures":0,"suite":"test_save_identity_restore.gd","tests":9,"usec":1026588}
test_save_owner_buildings.gd
  PASS  test_layout_defaults_and_borrowed_constructor
  PASS  test_frozen_scalar_history_geometry_and_priority_images
  PASS  test_null_unallocated_all_extents_and_bucket_shapes
  PASS  test_each_field_at_first_midpoint_and_last_physical_row
  PASS  test_all_catalog_geometries_at_rotated_map_boundary
  PASS  test_full_capacity_mixed_live_retired_and_never_used_rows
CI_SUITE_TIME {"assertions":19242,"failures":0,"suite":"test_save_owner_buildings.gd","tests":6,"usec":25952053}
test_save_owner_construction.gd
  PASS  test_null_record_refuses_shape
  PASS  test_wrong_owner_index_refuses_owner
  PASS  test_valid_clear_record_accepted_with_empty_detail
  PASS  test_corrupted_u8_column_extent_refuses_shape
  PASS  test_corrupted_i32_column_extent_refuses_shape
  PASS  test_missing_bucket_column_refuses_shape
  PASS  test_row_semantic_fault_forwards_exact_column_code
  PASS  test_row_workers_fault_forwards_exact_column_code
  PASS  test_direct_project_columns_matches_distinguishable_patterns
  PASS  test_omitted_projection_assignment_is_shape_invalid
  PASS  test_direct_columns_full_equality_after_success
  PASS  test_direct_columns_full_equality_after_shape_refusal
  PASS  test_direct_columns_full_equality_after_flag_refusal
  PASS  test_direct_columns_full_equality_after_late_semantic_refusal
  PASS  test_framed_record_full_equality_after_success
  PASS  test_framed_record_full_equality_after_representative_refusal
CI_SUITE_TIME {"assertions":146,"failures":0,"suite":"test_save_owner_construction.gd","tests":16,"usec":1456415}
test_save_section_directory.gd
  PASS  test_section_identity_matches_arch_save_002
  PASS  test_capacity_is_read_from_the_directory_not_restated
  PASS  test_column_order_is_save_layout_r01s
  PASS  test_section_carries_no_allocator_heap
  PASS  test_field_offsets_are_the_pinned_byte_map
  PASS  test_byte_order_probe_accepts_this_build
  PASS  test_canonical_type_codes_are_save_r09s
  PASS  test_framing_bytes_are_pinned
  PASS  test_populated_column_bytes_are_pinned
  PASS  test_unequal_width_columns_pin_column_major_bytes
  PASS  test_round_trip_re_encodes_byte_identically
  PASS  test_chunk_cursor_streams_within_the_arch_save_003_bound
  PASS  test_chunk_stream_concatenates_to_the_materialised_section
  PASS  test_incremental_crc_over_chunks_equals_the_whole
  PASS  test_column_cursor_emits_only_one_columns_values
  PASS  test_a_generation_off_by_one_changes_the_bytes
  PASS  test_a_retired_slot_cannot_load_as_reusable
  PASS  test_a_retirement_swap_that_keeps_the_counts_balanced_is_still_refused
  PASS  test_a_live_slot_may_hold_the_last_generation_without_being_retired
  PASS  test_a_free_slots_null_typed_row_stays_minus_one
  PASS  test_a_never_used_slot_holds_its_declared_canonical_values
  PASS  test_a_free_slot_loaded_as_row_zero_is_refused
  PASS  test_a_full_length_invalid_section_leaves_the_record_untouched
  PASS  test_a_full_length_section_with_a_duplicate_typed_row_is_refused
  PASS  test_a_duplicate_persistent_id_is_refused
  PASS  test_truncation_at_every_stage_is_refused_without_writing
  PASS  test_extent_refusal_is_public_and_overflow_safe
  PASS  test_decoding_at_a_nonzero_offset_reads_the_same_section
  PASS  test_framing_fields_are_each_validated
  PASS  test_a_wrong_element_count_is_refused
  PASS  test_section_length_refusal_checks_a_descriptor
  PASS  test_the_high_bit_pattern_is_read_signed_and_refused
  PASS  test_the_last_generation_survives_as_itself
  PASS  test_occupancy_and_retirement_bytes_are_zero_or_one
  PASS  test_live_slot_identity_fields_are_each_validated
  PASS  test_a_free_slot_carrying_a_stale_identity_is_refused
  PASS  test_the_living_resident_cap_is_enforced
  PASS  test_a_short_column_is_refused_before_anything_indexes_it
  PASS  test_rebuild_reproduces_the_reverse_owner_map
  PASS  test_rebuild_reproduces_every_counter
  PASS  test_the_free_set_alone_decides_the_next_allocation
  PASS  test_agrees_with_a_live_directory_and_catches_a_single_wrong_value
  PASS  test_agreement_catches_a_generation_that_is_one_step_off
  PASS  test_agreement_catches_a_live_count_that_does_not_match
  PASS  test_capture_columns_validates_before_it_copies
  PASS  test_capture_from_a_live_store_reads_every_column
  PASS  test_the_round_trip_returns_a_byte_identical_section_and_the_same_allocation_order
  PASS  test_apply_refuses_an_invalid_record_and_leaves_the_store_alone
  PASS  test_module_source_holds_no_float
  PASS  test_module_names_the_closed_blocker_and_the_open_one
CI_SUITE_TIME {"assertions":480,"failures":0,"suite":"test_save_section_directory.gd","tests":50,"usec":958725}
test_save_section_event_schedule.gd
  PASS  test_literal_empty_and_extreme_row_bytes
  PASS  test_full_capacity_descriptor_and_variable_length_output
  PASS  test_decode_bounds_precedence_and_atomic_output
  PASS  test_record_validation_order_and_encode_failure_clears_stale_bytes
  PASS  test_real_continuation_preserves_consumed_ids_and_pop_order
  PASS  test_barrier_refusals_and_invalid_apply_are_atomic
  PASS  test_exhausted_allocator_with_live_and_empty_rows_stays_exhausted
  PASS  test_copy_decode_capture_and_apply_buffers_are_independent
  PASS  test_capture_diagnostics_and_source_failures_are_explicit
  PASS  test_semantically_invalid_wire_preserves_output_and_input_bytes
  PASS  test_empty_high_allocator_issues_the_saved_next_identity
  PASS  test_offset_at_exact_buffer_end_refuses_without_publication
CI_SUITE_TIME {"assertions":229,"failures":0,"suite":"test_save_section_event_schedule.gd","tests":12,"usec":61052}
test_save_section_pending_commands.gd
  PASS  test_section_identity_matches_the_ruling
  PASS  test_owner_keys_are_in_ascii_order
  PASS  test_layout_arithmetic_is_the_contracts_own
  PASS  test_extension_length_inverse_is_a_shape_predicate
  PASS  test_declared_field_ordinals_match_the_registry
  PASS  test_record_field_ordinals_follow_the_wire_record_order
  PASS  test_empty_section_bytes_are_pinned
  PASS  test_one_command_and_one_event_bytes_are_pinned
  PASS  test_descriptor_row_count_is_both_live_windows
  PASS  test_round_trip_is_byte_identical
  PASS  test_round_trip_survives_a_wrapped_economic_head
  PASS  test_round_trip_survives_a_wrapped_scheduler_head
  PASS  test_wrapped_scheduler_queue_restores_in_order
  PASS  test_economic_sequence_at_the_u32_sign_bit_round_trips
  PASS  test_economic_key_order_is_unsigned_across_the_sign_bit
  PASS  test_reversed_sign_bit_keys_are_refused
  PASS  test_scheduler_sequence_at_the_u32_sign_bit_round_trips
  PASS  test_scheduler_sequence_read_signed_would_break_the_applied_gate
  PASS  test_drained_rows_leave_no_trace_in_the_record
  PASS  test_a_record_carrying_ring_garbage_is_refused
  PASS  test_arena_bytes_no_command_owns_must_be_zero
  PASS  test_arena_bytes_between_two_spans_must_be_zero
  PASS  test_overlapping_payload_spans_are_refused
  PASS  test_nonzero_reserved_word_is_refused
  PASS  test_nonzero_flags_are_refused
  PASS  test_unknown_command_kind_is_refused
  PASS  test_foreign_player_id_is_refused
  PASS  test_malformed_null_target_is_refused
  PASS  test_nonzero_scheduler_head_is_refused
  PASS  test_nonzero_scheduler_reserved_padding_is_refused
  PASS  test_scheduler_events_at_two_boundaries_are_refused
  PASS  test_non_increasing_scheduler_sequence_is_refused
  PASS  test_exhausted_scheduler_sentinel_is_never_a_pending_event
  PASS  test_extension_payload_length_must_agree_with_the_body
  PASS  test_prefix_extension_bytes_must_agree_with_the_body
  PASS  test_extension_tag_must_sit_after_every_economic_byte
  PASS  test_wrong_extension_tag_is_refused
  PASS  test_wrong_extension_schema_version_is_refused
  PASS  test_wrong_section_schema_is_refused
  PASS  test_extent_refusal_is_the_primary_gate
  PASS  test_extent_refusal_bounds_every_declared_count
  PASS  test_section_tiles_at_a_nonzero_offset_with_no_gaps
  PASS  test_commands_due_at_first_midnight_round_trip
  PASS  test_commands_due_at_a_day_boundary_round_trip
  PASS  test_apply_restores_payload_bytes_verbatim
  PASS  test_apply_refuses_a_non_empty_store_and_changes_nothing
  PASS  test_apply_refuses_a_tick_the_restored_clock_has_already_completed
  PASS  test_apply_refuses_a_boundary_the_scheduler_owner_rejects
  PASS  test_apply_passes_through_the_load_barrier
  PASS  test_agrees_with_stores_cross_checks_the_public_readers
  PASS  test_arena_rebuild_gate_accepts_a_contiguous_arena
  PASS  test_arena_restore_accepts_a_dead_prefix_and_retains_offsets
  PASS  test_arena_restore_accepts_offsets_permuted_relative_to_keys
  PASS  test_arena_restore_accepts_a_zero_dead_tail_without_compaction
  PASS  test_source_contains_no_float
  PASS  test_record_clear_restores_the_declared_unused_values
CI_SUITE_TIME {"assertions":9583,"failures":0,"suite":"test_save_section_pending_commands.gd","tests":56,"usec":1460874}
test_save_section_world_runtime.gd
  PASS  test_section_identity_and_layout_match_the_documented_table
  PASS  test_the_six_counter_names_are_exactly_the_ones_g3_lists
  PASS  test_every_field_lands_at_its_documented_offset
  PASS  test_the_reserved_bytes_are_written_as_zero
  PASS  test_every_field_round_trips_exactly
  PASS  test_debt_2500001_restores_exactly_as_two_owed_ticks_plus_a_remainder
  PASS  test_a_zero_debt_and_a_zero_pause_mask_round_trip_as_real_values
  PASS  test_changing_only_debt_changes_the_saved_bytes
  PASS  test_changing_only_debt_does_not_change_the_arch_hash_001_contribution
  PASS  test_changing_any_of_the_six_counters_leaves_the_contribution_unchanged
  PASS  test_changing_requested_speed_does_change_canonical_state
  PASS  test_changing_the_pause_mask_the_tick_or_the_seed_changes_canonical_state
  PASS  test_the_contribution_is_shorter_than_the_block_and_is_not_its_prefix_bytes
  PASS  test_a_negative_completed_tick_is_refused
  PASS  test_tick_zero_is_accepted_because_it_is_a_real_boundary
  PASS  test_the_completed_tick_ceiling_is_the_calendar_offset_boundary
  PASS  test_the_debt_domain_is_restore_r01s_whole_int64_range
  PASS  test_the_largest_debt_decodes_exactly_and_is_never_quietly_reduced
  PASS  test_a_negative_debt_is_refused
  PASS  test_each_of_the_six_counters_refuses_a_negative_value_individually
  PASS  test_speed_three_and_speed_zero_are_both_refused
  PASS  test_all_three_selectable_speeds_are_accepted
  PASS  test_an_unknown_pause_bit_is_refused_rather_than_masked_away
  PASS  test_the_full_known_pause_mask_is_accepted_and_one_past_it_is_not
  PASS  test_a_negative_pause_mask_is_refused
  PASS  test_a_seeded_flag_other_than_zero_or_one_is_refused
  PASS  test_both_legal_seeded_flag_values_survive
  PASS  test_nonzero_reserved_padding_is_refused
  PASS  test_the_world_seed_spans_the_whole_signed_int32_range
  PASS  test_a_world_seed_outside_int32_refuses_at_encode_rather_than_truncating
  PASS  test_a_truncated_block_refuses_and_leaves_the_record_untouched
  PASS  test_the_block_decodes_at_a_nonzero_offset_and_refuses_one_past_the_last_legal_one
  PASS  test_the_extent_gate_is_exact_at_the_last_legal_offset
  PASS  test_the_extent_gate_refuses_before_the_reader_is_built
  PASS  test_a_negative_offset_refuses_by_name
  PASS  test_the_block_tick_must_equal_the_validated_header_tick
  PASS  test_a_real_header_carrying_the_same_tick_agrees
  PASS  test_adding_and_removing_the_load_guard_preserves_every_other_hold
  PASS  test_removing_the_load_guard_from_a_mask_that_never_had_it_is_a_no_op
  PASS  test_the_saved_logical_mask_never_carries_load_into_the_digest_by_accident
  PASS  test_capture_reads_a_live_clock_and_agrees_with_it
  PASS  test_capture_survives_a_round_trip_through_the_block_bytes
  PASS  test_the_verifier_names_the_first_field_that_disagrees
  PASS  test_a_paused_clock_accumulates_no_debt_so_a_paused_load_charges_nothing
  PASS  test_the_module_declares_no_float_path
  PASS  test_the_section_one_byte_vector_is_pinned_field_for_field
  PASS  test_the_owner_blocks_are_emitted_in_ascii_key_order
  PASS  test_a_section_round_trips_every_field_including_the_cursor
  PASS  test_the_world_runtime_payload_is_the_unchanged_eighty_byte_block
  PASS  test_the_exhausted_cursor_is_pinned_as_the_bytes_00000080
  PASS  test_a_cursor_outside_one_to_two_billion_refuses_on_decode
  PASS  test_a_refused_section_leaves_the_callers_record_untouched
  PASS  test_blocks_out_of_ascii_order_or_repeated_are_refused
  PASS  test_an_unregistered_owner_key_is_refused_rather_than_skipped
  PASS  test_a_foreign_registered_block_is_measured_and_never_interpreted
  PASS  test_a_section_that_does_not_tile_exactly_is_refused
  PASS  test_store_count_is_bounded_by_the_registered_owner_count
  PASS  test_an_owned_block_with_the_wrong_wrapper_is_refused
  PASS  test_the_development_composition_still_reports_the_seven_owners_it_omits
  PASS  test_section_one_takes_schema_three_and_the_old_producer_refuses
  PASS  test_this_blocks_canonical_field_records_are_four_not_five_or_twelve
CI_SUITE_TIME {"assertions":363,"failures":0,"suite":"test_save_section_world_runtime.gd","tests":61,"usec":88409}
test_schedule.gd
  PASS  test_template_ids_are_compiled_in_ascending_ascii_order
  PASS  test_template_id_of_refuses_an_unknown_key
  PASS  test_default_template_id_names_the_5_3_default_schedule
  PASS  test_default_template_matches_the_5_3_hour_table
  PASS  test_every_default_boundary_differs_from_the_hour_before_it
  PASS  test_default_sleep_block_wraps_midnight_for_exactly_eight_hours
  PASS  test_default_block_lengths_sum_to_the_whole_day
  PASS  test_night_shift_matches_the_independently_written_offset_table
  PASS  test_night_shift_is_the_default_pattern_offset_by_twelve_hours
  PASS  test_flexible_template_is_all_anything
  PASS  test_template_activity_refuses_an_unknown_template_or_hour
  PASS  test_the_5_3_segment_list_tiles_the_day_at_both_offsets
  PASS  test_the_tiling_guard_catches_a_gap
  PASS  test_the_tiling_guard_catches_an_overlap
  PASS  test_the_tiling_guard_catches_malformed_segments
  PASS  test_spawn_copies_all_twenty_four_template_hours_into_the_row
  PASS  test_the_hourly_stride_is_slot_times_twenty_four_plus_hour
  PASS  test_set_hour_activity_customizes_one_hour_only
  PASS  test_set_hour_activity_refuses_a_value_outside_the_activity_enum
  PASS  test_assign_template_replaces_every_customized_hour
  PASS  test_assign_template_resets_the_sleep_exception_latch
  PASS  test_despawn_leaves_no_residue_in_the_inactive_row
  PASS  test_clear_returns_every_row_to_the_same_empty_state_as_despawn
  PASS  test_lifecycle_refusals_and_capacity
  PASS  test_current_activity_refuses_before_the_first_resolve
  PASS  test_resolve_stores_the_activity_it_returns
  PASS  test_resolution_reads_the_owners_own_hour_row_not_slot_zeros
  PASS  test_resolution_of_one_row_does_not_disturb_another
  PASS  test_a_contented_resident_resolves_to_the_scheduled_activity
  PASS  test_rest_at_or_below_500_forces_sleep_over_scheduled_work
  PASS  test_rest_of_501_does_not_force_sleep
  PASS  test_hunger_at_or_below_3500_displaces_scheduled_work_when_a_meal_is_reachable
  PASS  test_hunger_of_3501_does_not_displace_work
  PASS  test_the_eat_interrupt_only_displaces_work_hours
  PASS  test_no_reachable_meal_leaves_work_alone_above_the_urgent_threshold
  PASS  test_no_reachable_meal_displaces_work_at_or_below_1500
  PASS  test_meal_reachability_changes_the_threshold_at_the_same_hunger
  PASS  test_sleep_continues_below_the_rest_threshold
  PASS  test_rest_reaching_9000_ends_sleep_for_the_rest_of_the_window
  PASS  test_the_sleep_exception_survives_rest_decaying_inside_the_window
  PASS  test_the_sleep_exception_clears_when_the_window_ends
  PASS  test_decision_0021_the_latch_holds_all_window_while_rest_decays
  PASS  test_a_collapse_restarts_sleep_even_after_the_exception_latched
  PASS  test_the_sleep_exception_applies_to_the_night_shift_window_too
  PASS  test_resolve_refuses_a_dead_resident
  PASS  test_resolve_refuses_an_incapacitated_resident
  PASS  test_resolve_refuses_a_row_with_no_needs_and_an_invalid_hour
  PASS  test_resolve_into_reports_failure_without_allocating_a_result
  PASS  test_activity_constants_come_from_the_protected_catalog_table
  PASS  test_the_rest_thresholds_are_the_specified_ones
CI_SUITE_TIME {"assertions":836,"failures":0,"suite":"test_schedule.gd","tests":50,"usec":45291}
test_scheduler_events.gd
  PASS  test_byte_offsets_and_stride_are_the_contracts_own_literals
  PASS  test_capacity_and_control_make_the_ledgers_8224_bytes
  PASS  test_the_control_header_offsets_span_exactly_32_bytes
  PASS  test_the_two_kinds_and_their_values_are_the_contracts
  PASS  test_the_initial_control_state_is_the_contracts
  PASS  test_a_record_round_trips_through_its_32_bytes
  PASS  test_each_field_lands_at_its_own_offset_and_nowhere_else
  PASS  test_encoding_refuses_a_buffer_that_cannot_hold_the_record
  PASS  test_unsigned_ordering_survives_the_sign_bit
  PASS  test_unsigned_ordering_survives_a_high_word_STORED_as_a_negative_i32
  PASS  test_a_stamped_event_whose_HIGH_word_crosses_the_sign_bit_is_admitted
  PASS  test_two_stamped_events_across_the_sign_bit_keep_their_order
  PASS  test_a_stamped_replay_record_crossing_the_sign_bit_is_admitted
  PASS  test_the_low_word_carries_into_the_high_word_without_exhausting
  PASS  test_the_last_u64_sequence_is_usable_and_then_exhaustion_refuses
  PASS  test_exhaustion_refuses_rather_than_wrapping_to_sequence_one
  PASS  test_the_sentinel_is_never_a_valid_stamped_event
  PASS  test_this_sequence_space_is_independent_of_the_economic_one
  PASS  test_only_speeds_one_two_and_four_are_selectable
  PASS  test_a_speed_event_must_carry_a_zero_reason
  PASS  test_a_nonzero_reserved_word_refuses
  PASS  test_an_unknown_kind_refuses
  PASS  test_a_composite_or_unknown_pause_reason_refuses
  PASS  test_a_pause_value_other_than_zero_or_one_refuses
  PASS  test_a_producer_may_only_name_its_own_pause_reason
  PASS  test_the_ordinary_resume_clears_player_and_only_player
  PASS  test_a_refusal_leaves_the_next_sequence_and_the_queue_unchanged
  PASS  test_a_user_repeat_takes_a_new_sequence
  PASS  test_an_internal_duplicate_hold_coalesces_and_consumes_no_sequence
  PASS  test_a_hold_after_a_pending_clear_is_not_dropped
  PASS  test_a_hold_already_held_by_the_clock_coalesces
  PASS  test_normal_traffic_stops_at_250_then_the_reserve_takes_six_control_events
  PASS  test_a_full_queue_refuses_every_class_of_event
  PASS  test_the_overload_producer_issues_at_most_one_downgrade_per_frame
  PASS  test_an_overload_target_that_is_not_a_ladder_rung_refuses
  PASS  test_a_capacity_refusal_is_visible_and_retryable
  PASS  test_events_are_stamped_with_the_current_completed_boundary
  PASS  test_the_pump_applies_a_prefix_in_sequence_order
  PASS  test_the_last_drained_boundary_never_suppresses_a_second_drain
  PASS  test_an_empty_pump_is_counted_and_records_its_boundary
  PASS  test_an_event_produced_inside_tick_k_is_stamped_k_not_k_minus_one
  PASS  test_a_pump_from_inside_tick_k_drains_nothing_and_changes_no_state
  PASS  test_a_pause_during_an_eight_tick_catch_up_frame_stops_the_next_tick
  PASS  test_the_queue_is_the_only_stamper_on_a_submission_path
  PASS  test_a_stamped_record_at_the_wrong_boundary_refuses
  PASS  test_a_stale_or_repeated_stamped_sequence_refuses
  PASS  test_a_stamped_sequence_at_or_below_the_last_applied_refuses
  PASS  test_the_tail_derives_from_head_and_count_across_a_full_wrap
  PASS  test_a_reused_row_carries_nothing_from_its_previous_occupant
  PASS  test_reading_outside_the_queue_refuses_rather_than_returning_a_row
  PASS  test_all_five_reasons_compose_and_closing_one_never_clears_another
  PASS  test_clearing_one_reason_leaves_the_other_four_holding
  PASS  test_no_elapsed_time_accrues_while_paused
  PASS  test_unpause_arrives_while_the_queue_still_holds_pending_events
  PASS  test_a_speed_change_does_not_scale_retained_debt
  PASS  test_the_offset_calendar_still_puts_the_first_midnight_at_13500
  PASS  test_overload_equality_is_not_overload
  PASS  test_a_backlog_strictly_over_the_threshold_queues_the_diagnostic_hold
  PASS  test_the_ladder_runs_four_to_two_to_one_to_diagnostic_and_retains_debt
  PASS  test_a_queued_ladder_rung_still_records_the_clocks_own_counters
  PASS  test_the_clocks_direct_ladder_is_unchanged_when_no_hook_is_supplied
  PASS  test_no_whole_tick_is_ever_discarded_without_an_explicit_acknowledgement
  PASS  test_acknowledge_without_catchup_keeps_its_recorded_behaviour
  PASS  test_the_extension_length_is_48_plus_32_per_record
  PASS  test_the_section_prefix_bounds_are_the_contracts
  PASS  test_the_section_prefix_writes_five_u32_and_one_u64_in_order
  PASS  test_a_pending_queue_round_trips_through_its_extension
  PASS  test_the_extension_serializes_no_unused_row
  PASS  test_a_ring_that_has_wrapped_serializes_in_queue_order_with_head_zero
  PASS  test_a_corrupt_tag_or_version_refuses_before_mutating_the_live_queue
  PASS  test_an_oversized_or_disagreeing_length_refuses
  PASS  test_a_count_above_the_capacity_refuses
  PASS  test_a_noncanonical_saved_head_refuses
  PASS  test_a_record_whose_boundary_is_not_the_saved_completed_tick_refuses
  PASS  test_a_stale_or_unordered_saved_sequence_refuses
  PASS  test_a_next_sequence_not_above_every_admitted_one_refuses
  PASS  test_a_corrupt_record_field_refuses_with_its_own_reason
  PASS  test_a_saved_record_with_a_negative_boundary_refuses
  PASS  test_a_restored_queue_zeroes_every_unused_row
  PASS  test_the_codec_is_local_only_because_no_writer_exists
  PASS  test_rebinding_or_restoring_under_a_pending_queue_refuses
  PASS  test_clear_returns_every_counter_to_the_contracts_initial_state
  PASS  test_a_second_queue_on_the_same_clock_sees_the_same_boundary
  PASS  test_the_queue_reads_the_clocks_barrier_and_holds_none_of_its_own
  PASS  test_every_admission_is_barred_and_leaves_the_queue_byte_identical
  PASS  test_a_barred_admission_is_not_counted_as_a_queue_refusal
  PASS  test_pumping_is_barred_so_a_restored_queue_applies_nothing_mid_load
  PASS  test_clear_is_barred_so_a_load_cannot_discard_the_queue_it_is_restoring
  PASS  test_rebinding_is_barred_on_an_EMPTY_queue_that_would_otherwise_rebind_freely
  PASS  test_frame_entry_points_are_barred_at_the_queue_as_well_as_at_the_clock
  PASS  test_the_loaders_own_install_operations_pass_through_the_barrier
  PASS  test_a_restored_paused_queue_applies_once_in_order_after_the_guard_releases
CI_SUITE_TIME {"assertions":2790,"failures":0,"suite":"test_scheduler_events.gd","tests":92,"usec":81075}
test_spoil_work.gd
  PASS  test_actual_admission_has_separate_purpose_and_no_payment_or_direct_publication
  PASS  test_contact_refusal_precedes_project_and_tip_generation_allocation
  PASS  test_quotes_read_adopted_price_and_actual_catalog_without_extra_accounts
  PASS  test_expired_contacts_fail_closed_without_source_or_accounting_changes
  PASS  test_paid_preparation_requires_real_work_and_releases_worker_for_next_operation
  PASS  test_actual_compaction_and_reclamation_conserve_source_and_normalize_only_earth
  PASS  test_blocked_productive_contact_preserves_xp_wear_wip_and_source
  PASS  test_blocked_reclamation_commit_keeps_source_and_reserved_output_for_retry
  PASS  test_cancelled_compaction_keeps_work_and_requires_same_full_input_on_resume
  PASS  test_actual_empty_closure_retires_footprint_and_stale_generation_refuses
CI_SUITE_TIME {"assertions":874,"failures":0,"suite":"test_spoil_work.gd","tests":10,"usec":1379014}
test_stock_age_columns.gd
  PASS  test_empty_columns_and_all_classes_roundtrip_exactly
  PASS  test_shape_binding_and_busy_precedence
  PASS  test_native_scalar_domains_refuse_before_narrowing
  PASS  test_row_and_list_corruption_refuses_atomically
  PASS  test_short_source_array_refuses_without_indexing
  PASS  test_restore_invalidates_exactly_two_caches_and_preserves_scratch
  PASS  test_full_capacity_and_export_restore_alias_independence
  PASS  test_latch_and_stale_generation_continue_through_normal_hourly_path
  PASS  test_saved_declaration_order_preserves_next_lot_slots
  PASS  test_adapter_null_barrier_and_shape_precedence_is_total
  PASS  test_adapter_semantics_and_owner_tail_failure_are_distinct
  PASS  test_adapter_all_ordinals_and_buffers_are_independent
  PASS  test_adapter_wire_golden_for_empty_sparse_and_full_blocks
  PASS  test_owner_and_codec_adversarial_payload_parity
  PASS  test_each_owner_column_shape_checked_before_indexing
CI_SUITE_TIME {"assertions":822,"failures":0,"suite":"test_stock_age_columns.gd","tests":15,"usec":3135493}
test_ui_command_bridge.gd
  PASS  test_a_zone_designation_writes_no_store_until_the_commit_stage_runs
  PASS  test_the_pending_command_carries_the_kind_and_target_the_panel_chose
  PASS  test_committing_the_command_designates_a_real_zone
  PASS  test_the_committed_designation_produces_one_queued_forage_job
  PASS  test_no_ui_action_ever_advances_a_job_to_work
  PASS  test_cancellation_is_a_command_and_cancels_the_real_job
  PASS  test_a_policy_toggle_is_a_command_not_a_store_flag_flip
  PASS  test_naming_a_resident_is_a_command_and_reaches_the_resident_store
  PASS  test_several_paused_edits_queue_in_order_and_change_nothing
  PASS  test_an_empty_zone_stroke_is_refused_before_it_reaches_the_queue
  PASS  test_unsorted_tiles_are_refused_against_the_owning_payload_schema
  PASS  test_an_alias_outside_the_save_rule_is_refused
  PASS  test_an_undefined_quota_mode_is_refused_rather_than_sent
  PASS  test_an_unbound_interface_refuses_instead_of_pretending_to_act
  PASS  test_a_queue_refusal_is_carried_through_with_its_own_code
  PASS  test_an_unknown_refusal_code_is_shown_verbatim_rather_than_generically
CI_SUITE_TIME {"assertions":120,"failures":0,"suite":"test_ui_command_bridge.gd","tests":16,"usec":584416}
test_underground_entry_frontier.gd
  PASS  test_exact_tables_fill_caller_outputs_without_publishing_physical_permission
  PASS  test_capacity_is_admitted_before_allocation_and_cannot_grow
  PASS  test_wrong_sha_truncated_extra_and_empty_sources_refuse_without_live_rows
  PASS  test_source_revisions_counts_and_digests_are_exact
  PASS  test_installation_ordinals_ranges_and_full_group_partition_are_required
  PASS  test_pending_assembly_cannot_supply_its_own_floor_or_bearing
  PASS  test_cuts_use_whole_datum_cubes_and_exact_stable_phase_tags
  PASS  test_station_requires_actual_source_work_patch_posture_and_revision
  PASS  test_episode_masks_stations_and_ranges_do_not_invent_paid_phases
  PASS  test_duplicate_cube_operation_refuses_even_when_ranges_are_grouped_differently
  PASS  test_actual_profile_reload_rejects_existing_frontier
  PASS  test_actual_world_generation_reuse_rejects_existing_frontier
  PASS  test_refused_queries_preserve_all_caller_outputs
  PASS  test_endpoint_travel_is_explicit_and_refusal_preserves_paired_outputs
  PASS  test_each_allowed_rotation_selects_its_exact_source_profile_without_rotating_output_coordinates
  PASS  test_rotated_work_source_cannot_be_missing_wrong_yaw_or_stale
  PASS  test_installed_endpoint_names_actual_catalog_landing_floor_with_exact_half_open_point
CI_SUITE_TIME {"assertions":402,"failures":0,"suite":"test_underground_entry_frontier.gd","tests":17,"usec":1934753}
test_underground_room_bindings.gd
  PASS  test_fine_hole_and_upper_cube_use_actual_section_without_changing_any_owner
  PASS  test_actual_binding_is_once_only_and_unqualified_gates_still_refuse
  PASS  test_invalid_scope_and_underfunded_or_bare_tokens_refuse_before_surveys
  PASS  test_limits_are_exact_and_metadata_output_is_unchanged_on_refusal
  PASS  test_duplicate_claims_refuse_instead_of_double_counting_paid_usable_volume
  PASS  test_foreign_room_and_physical_cavity_never_fill_the_exact_room_hole
  PASS  test_ambiguous_section_and_real_geometry_revision_change_refuse
  PASS  test_expired_or_reacquired_lease_never_reaches_a_later_copy_boundary
  PASS  test_final_validation_expiry_clears_filled_output_and_allows_exact_retry
  PASS  test_initial_domain_callback_reentry_is_exclusive_without_clearing_outer_scratch
  PASS  test_changed_site_claim_project_and_world_lifetime_refuse_without_reusing_old_proof
  PASS  test_actual_domain_wiring_cannot_follow_changed_synthetic_geometry_numbers
  PASS  test_complete_scan_allowance_is_admitted_before_handle_or_mask_growth
  PASS  test_nested_pair_work_exhaustion_clears_the_complete_partial_mask
  PASS  test_numerically_equal_foreign_sites_cannot_bind_actual_construction_namespace
  PASS  test_retired_actual_room_preserves_prior_metadata_and_clears_prior_mask
  PASS  test_phase_composer_identity_never_substitutes_same_store_or_expired_owner
CI_SUITE_TIME {"assertions":604,"failures":0,"suite":"test_underground_room_bindings.gd","tests":17,"usec":6849022}
test_underground_world_routes.gd
  PASS  test_union_coverage_requires_every_interior_point_not_corners
  PASS  test_adjacent_half_open_volumes_cover_without_gaps_or_double_faces
  PASS  test_support_residual_needs_both_authored_stance_and_actual_support
  PASS  test_unfinished_walls_access_and_foreign_claim_observations_remain_blocking
  PASS  test_floor_metadata_and_dry_matter_do_not_create_support_or_air
  PASS  test_subtraction_preserves_six_disjoint_outside_slabs
  PASS  test_finite_comparison_and_fragment_exhaustion_fail_closed
  PASS  test_certificate_mask_has_independent_profile_bits_and_private_copy
  PASS  test_unbound_adapter_cannot_admit_or_publish_actual_routes
  PASS  test_actual_world_ground_route_moves_actual_actor_at_inherited_pace
  PASS  test_actual_clear_endpoints_do_not_allow_middle_holes_or_unfinished_volume
  PASS  test_actual_support_excuses_only_authored_below_floor_contact
  PASS  test_actual_structural_support_inside_void_blocks_body_and_recovery_sweeps
  PASS  test_fixed_connector_data_cannot_authorize_an_unbuilt_stair
  PASS  test_aborted_route_row_cannot_inherit_a_previous_candidates_mask
  PASS  test_catalog_replacement_requires_every_retained_route_to_requalify
  PASS  test_live_resource_change_blocks_motion_without_a_geometry_revision_change
  PASS  test_exact_cold_lease_loss_refuses_before_certificate_publication
  PASS  test_late_actual_endpoint_refusal_never_promotes_private_certificates
  PASS  test_concrete_provider_requires_the_exact_successful_geometry_companion
  PASS  test_geometry_change_invalidates_whole_cached_route_before_new_movement
  PASS  test_reentrant_local_source_read_cannot_replace_current_actor_scratch
  PASS  test_static_profile_edge_reads_actual_certificate_without_admitting_actor_or_job
  PASS  test_static_profile_edge_refuses_wrong_identity_content_or_unpublished_candidate
  PASS  test_static_profile_edge_refuses_pending_or_replaced_geometry_and_catalog
  PASS  test_static_profile_edge_rechecks_actual_sources_after_final_binding_callback
CI_SUITE_TIME {"assertions":1711,"failures":0,"suite":"test_underground_world_routes.gd","tests":26,"usec":7694035}
test_underground_world_structure_scope.gd
  PASS  test_actual_binding_and_phase_match_without_granting_work
  PASS  test_foreign_catalog_budget_and_missing_actual_owners_refuse
  PASS  test_wrong_phase_tuple_and_released_token_refuse
  PASS  test_binding_requires_quiescence_and_rejects_nested_configuration
  PASS  test_reentrant_observation_invalidates_outer_success_and_recovers
  PASS  test_replacement_lease_is_detected_without_releasing_it
  PASS  test_catalog_revision_and_actual_world_retirement_are_rechecked
  PASS  test_inner_identity_callback_cannot_allocate_levels_under_replaced_phase
  PASS  test_exact_binding_pins_token_before_first_callback_and_configuration_checks_quiescence
CI_SUITE_TIME {"assertions":105,"failures":0,"suite":"test_underground_world_structure_scope.gd","tests":9,"usec":3053466}
test_work.gd
  PASS  test_base_rate_tick_produces_eighty_milli_wu
  PASS  test_work_factor_is_the_one_needs_publishes
  PASS  test_default_mood_worker_uses_the_1100_band
  PASS  test_factor_reader_scratch_preserves_mood_and_health_boundaries
  PASS  test_first_fractional_tick_carries_its_remainder
  PASS  test_carried_remainder_releases_an_extra_milli_wu
  PASS  test_long_run_matches_closed_form_arithmetic
  PASS  test_carry_survives_a_job_switch
  PASS  test_fractional_contribution_credits_no_xp
  PASS  test_xp_lands_on_the_tick_the_threshold_is_crossed
  PASS  test_xp_totals_ten_per_whole_wu_over_a_long_run
  PASS  test_xp_progress_is_retained_per_skill
  PASS  test_xp_is_credited_only_from_accepted_work
  PASS  test_a_travelling_job_produces_nothing
  PASS  test_a_collapsed_worker_produces_nothing
  PASS  test_a_dead_worker_produces_nothing
  PASS  test_a_job_without_a_worker_produces_nothing
  PASS  test_a_finished_job_refuses_further_work
  PASS  test_decision_0017_acceptance_example
  PASS  test_party_output_is_not_multiplied_by_crew_size
  PASS  test_party_progress_accumulates_only_on_the_coordinator
  PASS  test_party_of_one_advances_at_one_worker_rate
  PASS  test_leftover_goes_to_the_largest_fractional_remainder
  PASS  test_leftover_ties_break_by_ascending_persistent_id
  PASS  test_finishing_tick_allocates_exactly_the_accepted_total
  PASS  test_only_the_coordinator_records_completion
  PASS  test_a_completed_party_produces_no_second_completion
  PASS  test_worker_departure_preserves_shared_progress
  PASS  test_a_party_with_no_contributing_worker_produces_nothing
  PASS  test_tick_solo_refuses_a_coordinator_and_a_member
  PASS  test_tick_party_refuses_an_ordinary_job
  PASS  test_memory_total_moves_the_work_factor
  PASS  test_the_factor_call_site_still_reports_the_unfused_chains_number
  PASS  test_the_factor_call_site_maps_a_missing_needs_row_to_the_same_code_as_before
  PASS  test_the_factor_call_site_refuses_an_unspawned_row_at_the_skills_read
  PASS  test_reserved_skill_index_is_refused
  PASS  test_out_of_range_addresses_refuse_rather_than_return_a_number
  PASS  test_clear_returns_every_carry_to_zero
  PASS  test_an_ordinary_solo_tick_reads_no_persistent_id
  PASS  test_an_ordinary_party_tick_reads_no_persistent_id
  PASS  test_a_finishing_tick_with_no_leftover_reads_no_persistent_id
  PASS  test_a_leftover_tick_reads_each_frozen_identity_exactly_once
  PASS  test_reversed_member_order_gives_the_tie_to_the_same_worker
  PASS  test_reversed_member_order_keeps_the_largest_fraction_winner
  PASS  test_an_identity_refusal_leaves_shared_progress_and_xp_untouched
  PASS  test_a_refused_tick_leaves_the_activity_finishable
  PASS  test_a_departure_on_the_completion_tick_freezes_the_contributor_set
  PASS  test_leftover_allocation_reloads_identities_after_a_scratch_reset
  PASS  test_tick_solo_into_produces_the_same_outcome_as_the_wrapper
  PASS  test_tick_party_into_produces_the_same_outcome_as_the_wrapper
  PASS  test_a_solo_refusal_overwrites_every_field_of_a_reused_result
  PASS  test_a_refusal_after_a_completing_tick_clears_the_completion_flag
  PASS  test_a_party_refusal_overwrites_every_field_of_a_reused_result
  PASS  test_a_later_unfinished_tick_clears_a_previous_completion
  PASS  test_a_success_clears_a_previous_refusal_code
  PASS  test_the_into_forms_refuse_a_null_result_without_ticking
  PASS  test_the_allocating_wrappers_hand_back_a_fresh_result_each_call
  PASS  test_tool_wear_is_charged_to_the_contributor_who_earned_it
  PASS  test_a_party_wears_every_tool_once_and_never_one_tool_three_times
  PASS  test_the_first_durability_point_falls_at_exactly_ten_completed_wu
  PASS  test_one_job_keeps_settling_point_after_point_without_retaking_the_tool
  PASS  test_the_wear_carry_survives_releasing_the_claim_and_changing_job
  PASS  test_a_tool_claim_left_on_another_job_refuses_the_tick_and_moves_nothing
  PASS  test_a_broken_tool_stops_the_contributor_rather_than_working_for_free
  PASS  test_a_broken_tool_stops_one_builder_without_stopping_the_crew
  PASS  test_a_settlement_that_cannot_be_charged_refuses_before_consuming_the_work
  PASS  test_a_completed_job_spends_no_further_work_xp_or_durability_on_retry
  PASS  test_a_worker_with_no_tool_binding_is_charged_no_wear_at_all
  PASS  test_a_tool_can_only_be_claimed_by_the_resident_who_owns_and_wears_it
  PASS  test_a_tool_claim_needs_a_live_job_a_bound_store_and_a_real_resident
  PASS  test_releasing_a_claim_returns_the_gear_and_refuses_a_second_release
  PASS  test_binding_a_gear_store_refuses_null_and_refuses_a_swap_under_a_live_claim
  PASS  test_the_settlement_columns_are_one_row_per_resident_and_sized_once
  PASS  test_tip_work_rounds_up_and_matches_the_amendment_worked_examples
  PASS  test_splitting_a_tip_order_can_only_ever_cost_more_work
  PASS  test_tip_work_refuses_a_nonpositive_quantity_instead_of_answering_zero
CI_SUITE_TIME {"assertions":9234,"failures":0,"suite":"test_work.gd","tests":76,"usec":2378587}
test_world_init.gd
  PASS  test_tile_index_is_z_times_128_plus_x
  PASS  test_tile_coordinates_invert_the_index
  PASS  test_tile_centre_is_2048x_plus_1024
  PASS  test_distance_is_squared_in_simulation_units
  PASS  test_the_validation_anchor_puts_the_river_at_exactly_24_metres
  PASS  test_mask_precedence_is_coast_river_lake_land
  PASS  test_coast_band_boundary
  PASS  test_river_mask_boundary
  PASS  test_lake_mask_is_the_stated_circle
  PASS  test_lake_area_matches_the_stated_circle
  PASS  test_the_ford_is_walkable_and_not_a_fishing_work_tile
  PASS  test_published_ford_tiles_are_not_fishing_work_tiles
  PASS  test_elevations_are_the_three_stated_heights
  PASS  test_soil_precedence_is_loam_then_sand_then_clay
  PASS  test_loam_rectangle_boundaries
  PASS  test_sand_bands_at_their_boundaries
  PASS  test_water_tiles_have_no_soil_and_refuse_explicitly
  PASS  test_cleared_loam_rectangle_boundaries
  PASS  test_cleared_rectangle_is_published_and_is_64_loam_tiles
  PASS  test_the_seven_starter_footprints_are_transcribed_from_5_9
  PASS  test_the_hall_footprint_closes_against_its_authored_interior
  PASS  test_each_authored_footprint_is_cleared_at_its_exact_tiles
  PASS  test_the_one_tile_apron_is_cleared_around_each_footprint
  PASS  test_two_tiles_out_from_every_footprint_is_untouched_ground
  PASS  test_authored_building_footprints_never_overlap
  PASS  test_shared_aprons_are_permitted_to_overlap
  PASS  test_a_footprint_may_lie_inside_another_footprints_apron
  PASS  test_footprint_covers_tile_answers_the_empty_set_outside_the_roster
  PASS  test_the_published_cleared_census_is_376_tiles
  PASS  test_the_clearing_takes_no_tree_centre_because_its_forest_overlap_is_odd
  PASS  test_a_cleared_tile_is_never_a_tree_centre
  PASS  test_the_grove_plants_only_on_unused_uncleared_ground
  PASS  test_the_guaranteed_grove_is_still_exactly_100_after_the_apron_clears_five_tiles
  PASS  test_no_resource_node_stands_inside_a_footprint_or_its_apron
  PASS  test_the_well_and_workbench_ground_holds_no_node
  PASS  test_clearing_happens_before_placement_across_a_regeneration
  PASS  test_forest_basins_split_at_z_62
  PASS  test_forest_basins_stop_at_their_stated_bounds
  PASS  test_forest_basins_exclude_water
  PASS  test_generation_creates_exactly_seven_basins
  PASS  test_every_forest_basin_carries_five_patches_at_80_percent
  PASS  test_dormant_patches_are_stocked_too
  PASS  test_basin_danger_bands_come_from_the_distance_rule
  PASS  test_every_land_tile_of_a_basin_maps_back_to_its_zone
  PASS  test_tree_centres_are_every_second_x_and_z_of_the_forest_masks
  PASS  test_qualifying_centres_stay_under_the_3000_cap
  PASS  test_the_cap_retains_the_lowest_tile_indices
  PASS  test_the_first_and_last_retained_centres_are_the_extremes
  PASS  test_ore_footprints_sit_on_tree_centres
  PASS  test_the_guaranteed_grove_is_exactly_100_nodes
  PASS  test_grove_skips_duplicate_centres_and_relocates_them
  PASS  test_grove_replacements_are_the_lowest_unused_tiles_of_the_window
  PASS  test_generated_node_count_is_centres_plus_grove_less_replaced_plus_ore
  PASS  test_every_tree_node_holds_12_wood_u_and_regrows_in_48_days
  PASS  test_the_two_deposits_are_decision_0029s_sixteen_nodes_each
  PASS  test_ore_nodes_do_not_regrow_and_replaced_trees_are_gone
  PASS  test_no_renewable_bedrock_node_is_invented_at_48_70
  PASS  test_no_node_stands_on_a_cleared_tile
  PASS  test_three_habitats_nine_stocks_with_the_ruled_capacities
  PASS  test_fish_stocks_start_at_80_percent
  PASS  test_every_fish_stock_carries_its_own_species_item_id
  PASS  test_the_coast_and_river_stocks_are_not_each_others_species
  PASS  test_every_forage_patch_carries_its_own_kind_item_id
  PASS  test_each_habitat_is_bound_to_its_own_fish_basin
  PASS  test_fauna_stock_reserved_is_allocated_and_canonically_empty
  PASS  test_generation_creates_live_rows_of_only_three_kinds
  PASS  test_generation_creates_no_farm_plot_orchard_or_hive
  PASS  test_generation_seeds_the_world_rng
  PASS  test_a_seeded_world_draws_where_an_unseeded_one_refuses
  PASS  test_an_invalid_seed_is_regenerated_with_seed_plus_one
  PASS  test_sixteen_attempts_bound_the_retry_and_return_the_failing_code
  PASS  test_the_sixteenth_attempt_returns_without_a_seventeenth_advance
  PASS  test_an_advance_overflow_inside_the_retry_is_its_own_refusal
  PASS  test_a_short_grove_refuses_before_anything_is_cleared
  PASS  test_every_stated_guarantee_holds_on_the_generated_world
  PASS  test_validate_measurements_accepts_a_satisfying_world
  PASS  test_each_guarantee_reports_its_own_assertion
  PASS  test_the_remaining_guarantees_report_their_own_assertion
  PASS  test_a_missing_feature_is_never_within_range
  PASS  test_guarantees_are_reported_in_the_sections_own_order
  PASS  test_boundary_distances_are_inclusive
  PASS  test_a_refused_generation_leaves_the_previous_world_byte_identical
  PASS  test_an_invalid_item_id_refuses_before_anything_is_cleared
  PASS  test_an_unbound_request_refuses_before_anything_is_cleared
  PASS  test_a_valid_but_wrong_item_id_refuses_and_leaves_every_store_byte_identical
  PASS  test_a_sorted_forage_array_refuses_and_leaves_every_store_byte_identical
  PASS  test_a_bound_request_carries_the_seventeen_compiled_ids_the_catalog_reports
  PASS  test_a_caller_that_knows_only_the_catalog_can_build_the_request
  PASS  test_a_stale_catalog_artifact_refuses_the_request_and_generates_nothing
  PASS  test_bound_request_refuses_an_unloaded_registry
  PASS  test_building_a_request_without_a_binding_refuses
  PASS  test_a_wrong_sized_item_set_refuses
  PASS  test_a_foreign_live_row_refuses_rather_than_being_orphaned
  PASS  test_declaring_one_cleared_kind_does_not_excuse_the_others
  PASS  test_an_out_of_range_declared_kind_is_ignored_rather_than_trusted
  PASS  test_the_declaration_reaches_the_last_directory_kind
  PASS  test_a_second_declaration_replaces_the_first_rather_than_adding_to_it
  PASS  test_a_store_on_another_directory_refuses
  PASS  test_a_missing_store_refuses
  PASS  test_readers_refuse_before_the_first_world_is_published
  PASS  test_an_off_grid_tile_refuses_on_a_published_world
  PASS  test_regeneration_reproduces_the_same_world
  PASS  test_two_independent_worlds_agree
  PASS  test_publishing_resets_job_and_command_state
  PASS  test_map_payload_is_the_declared_size
  PASS  test_designate_zone_designates_real_forest_after_generation
  PASS  test_a_designation_shares_the_generated_basins_stock
  PASS  test_a_designated_forest_zone_publishes_a_real_forage_job
  PASS  test_the_generator_publishes_the_directory_it_was_composed_over
  PASS  test_clear_discards_the_published_map_without_touching_the_stores
  PASS  test_a_cleared_generator_generates_the_same_world_again
  PASS  test_preflight_accepts_a_plan_without_creating_anything
  PASS  test_a_refused_preflight_holds_no_plan
  PASS  test_the_three_steps_publish_the_same_world_the_wrapper_does
  PASS  test_publication_keeps_directory_rows_it_did_not_create
  PASS  test_publication_refuses_a_world_the_caller_never_reset
  PASS  test_publication_refuses_streams_that_carry_another_seed
  PASS  test_publication_refuses_unseeded_streams
  PASS  test_seeding_refuses_without_a_prepared_plan
  PASS  test_a_published_plan_cannot_be_published_twice
  PASS  test_discarding_a_plan_makes_publication_refuse
  PASS  test_a_foreign_live_row_still_refuses_at_preflight
CI_SUITE_TIME {"assertions":18192,"failures":0,"suite":"test_world_init.gd","tests":122,"usec":34199062}
[EntityManager] ready
[GameManager] ready
[SettlementSystem] ready
[EconomySystem] ready
[UIManager] ready


1448 test(s), 275176 assertion(s), 0 failure(s)
diagnostics: 0 unexpected error(s), 0 unexpected warning(s), 14 expected, 27 tolerated; leaked at exit: 0 object(s), 0 resource(s)
[EntityManager] ready
[GameManager] ready
[SettlementSystem] ready
[EconomySystem] ready
[UIManager] ready
log: 0 unexpected error(s), 0 unexpected warning(s); leaked at exit: 0 object(s), 0 resource(s).
ok: 1448 tests, 275176 assertions, 0 failures.
