Godot Engine v4.7.2.stable.official.ed1daf0bf - https://godotengine.org

Godot Engine v4.7.2.stable.official.ed1daf0bf - https://godotengine.org

test_buildings_room_identity.gd
  PASS  test_underground_identity_has_permanent_purpose_without_tile_or_service_claim
  PASS  test_surface_identity_keeps_full_parent_and_real_tile_links
  PASS  test_refused_output_sizes_preserve_the_original_caller_array
  PASS  test_retired_generation_and_reused_slot_never_return_previous_identity
  PASS  test_wrong_kind_and_invalid_room_fields_preserve_previous_output
CI_SUITE_TIME {"assertions":39,"failures":0,"suite":"test_buildings_room_identity.gd","tests":5,"usec":437956}
test_command_dispatch.gd
  PASS  test_a_designate_zone_command_produces_a_real_queued_forage_job
  PASS  test_the_produced_harvest_is_never_advanced_into_job_state_work
  PASS  test_the_produced_harvest_takes_its_dangerous_flag_from_the_designated_zone
  PASS  test_a_safe_designation_produces_work_that_is_not_dangerous
  PASS  test_the_committed_designation_links_every_tile_the_payload_named
  PASS  test_a_committed_designation_records_the_command_that_created_it
  PASS  test_a_world_generated_basin_carries_no_source_intent
  PASS  test_a_replayed_command_envelope_produces_no_second_designation
  PASS  test_a_replayed_command_envelope_produces_no_second_standing_demand
  PASS  test_a_different_sequence_over_the_same_basin_is_a_second_genuine_intent
  PASS  test_destroying_a_designation_frees_its_source_intent
  PASS  test_clearing_the_dispatcher_drops_every_recorded_intent
  PASS  test_the_duplicate_intent_result_code_is_in_the_sorted_domain
  PASS  test_a_target_destroyed_between_admission_and_commit_refuses
  PASS  test_a_slot_reused_by_a_new_entity_between_admission_and_commit_refuses
  PASS  test_a_target_of_the_wrong_kind_refuses_rather_than_editing_it
  PASS  test_a_kind_that_needs_a_target_refuses_the_null_reference
  PASS  test_permuted_arrival_commits_in_the_canonical_order
  PASS  test_multiple_paused_commands_preserve_their_submission_sequence
  PASS  test_every_unimplemented_kind_refuses_with_the_unsupported_feature_code
  PASS  test_exactly_nine_kinds_are_implemented_and_they_are_the_named_nine
  PASS  test_the_manual_task_kinds_name_the_missing_store_rather_than_a_bare_refusal
  PASS  test_an_unbound_store_refuses_rather_than_pretending_to_have_committed
  PASS  test_binding_the_ecology_stores_is_what_stops_the_unbound_refusal
  PASS  test_one_illegal_priority_leaves_every_priority_and_both_toggles_unchanged
  PASS  test_a_legal_priority_command_writes_every_row_and_both_toggles
  PASS  test_an_unchanged_toggle_leaves_the_stored_consent_alone
  PASS  test_a_priority_row_naming_the_reserved_job_kind_refuses
  PASS  test_unsorted_priority_rows_refuse_rather_than_being_sorted_here
  PASS  test_one_illegal_schedule_hour_leaves_the_whole_day_unchanged
  PASS  test_a_legal_schedule_command_writes_all_twenty_four_hours
  PASS  test_a_schedule_payload_of_the_wrong_length_refuses
  PASS  test_a_refused_designation_destroys_the_zone_it_had_already_created
  PASS  test_a_payload_longer_than_the_arena_can_hold_is_refused_at_admission
  PASS  test_a_declared_row_count_that_disagrees_with_the_payload_length_refuses
  PASS  test_a_declared_row_count_shorter_than_the_buffer_refuses_rather_than_writing_a_prefix
  PASS  test_a_group_of_more_rows_than_the_kind_domain_holds_refuses
  PASS  test_a_negative_declared_row_count_refuses_rather_than_wrapping
  PASS  test_a_declared_row_count_of_two_billion_refuses_rather_than_multiplying
  PASS  test_a_tile_index_off_the_exterior_grid_refuses
  PASS  test_unsorted_tile_indices_refuse_rather_than_being_sorted_here
  PASS  test_a_repeated_tile_index_refuses_as_unsorted
  PASS  test_a_designation_of_a_zone_type_with_no_producer_refuses_as_unsupported
  PASS  test_a_danger_band_outside_five_fives_range_refuses
  PASS  test_designating_inside_a_zone_that_is_itself_a_designation_refuses
  PASS  test_designating_inside_a_basin_of_another_type_refuses
  PASS  test_an_alias_shorter_than_two_characters_refuses
  PASS  test_an_alias_longer_than_thirty_two_characters_refuses
  PASS  test_an_alias_of_exactly_thirty_two_characters_is_accepted
  PASS  test_an_alias_containing_a_control_character_refuses
Unicode parsing error: Byte 28 is not a correct continuation byte after c3
  PASS  test_malformed_utf8_in_an_alias_refuses_rather_than_being_repaired
  PASS  test_a_multibyte_alias_is_measured_in_characters_not_bytes
  PASS  test_a_c1_control_character_in_an_alias_is_named_as_a_control_character
  PASS  test_the_scalar_just_past_the_c1_block_is_not_a_control_character
  PASS  test_c0_and_delete_are_still_named_as_control_characters
  PASS  test_an_alias_is_measured_in_scalars_and_not_in_grapheme_clusters
  PASS  test_a_thirty_two_scalar_alias_at_the_full_byte_ceiling_is_accepted
  PASS  test_an_alias_past_the_byte_ceiling_is_refused_before_it_is_decoded
  PASS  test_a_refused_alias_leaves_the_residents_name_columns_byte_identical
  PASS  test_cancel_job_moves_a_queued_job_to_cancelled
  PASS  test_cancel_job_releases_the_worker_before_cancelling
  PASS  test_cancelling_an_already_cancelled_job_refuses
  PASS  test_cancelling_a_completed_job_refuses
  PASS  test_a_cancel_job_command_carrying_a_payload_refuses
  PASS  test_set_policy_writes_a_designations_quota_mode
  PASS  test_set_policy_refuses_a_basin_mode_on_a_designation
  PASS  test_set_policy_refuses_an_unknown_quota_mode
  PASS  test_set_policy_refuses_an_unknown_policy_selector
  PASS  test_disabling_a_designation_stops_its_demand_and_its_zone_flag_together
  PASS  test_re_enabling_a_designation_restores_its_demand
  PASS  test_re_enabling_an_already_enabled_designation_commits_instead_of_refusing
  PASS  test_disabling_an_already_disabled_designation_commits_instead_of_refusing
  PASS  test_a_refused_demand_change_restores_the_zone_flag_it_had_moved
  PASS  test_an_out_of_range_zone_enabled_value_refuses
  PASS  test_four_thousand_and_ninety_six_records_are_accepted_and_the_next_refuses
  PASS  test_a_refused_admission_leaves_the_authoritative_state_byte_identical
  PASS  test_the_result_domain_is_ascii_sorted_unique_and_round_trips
  PASS  test_an_unknown_result_id_is_reported_as_unknown_rather_than_as_a_code
  PASS  test_the_committed_code_is_the_one_the_success_id_indexes
  PASS  test_a_pending_projection_is_a_copy_that_shows_cancellation_and_support
  PASS  test_a_pending_projection_cannot_be_read_past_the_end_of_the_queue
  PASS  test_a_result_projection_cannot_be_read_past_the_end_of_the_ledger
  PASS  test_the_stage_counts_what_it_committed_and_what_it_refused
  PASS  test_a_refusing_command_records_no_value_from_the_command_before_it
  PASS  test_a_negative_tick_refuses_the_whole_stage_without_draining_anything
  PASS  test_a_command_due_later_is_not_drained_early
  PASS  test_the_ledger_bytes_reader_reports_the_allocation_it_actually_made
  PASS  test_a_designation_refuses_when_the_harvest_zone_rows_are_exhausted
  PASS  test_a_designation_refuses_when_the_shared_tile_link_arena_is_full
  PASS  test_a_designation_with_no_tiles_at_all_still_commits
  PASS  test_a_designate_zone_payload_with_no_count_prefix_refuses
  PASS  test_the_store_code_of_a_refusing_store_reaches_the_result_row
  PASS  test_a_lower_low_sequence_word_is_a_different_intent_not_a_duplicate
  PASS  test_a_lower_high_sequence_word_is_a_different_intent_not_a_duplicate
CI_SUITE_TIME {"assertions":5295,"failures":0,"suite":"test_command_dispatch.gd","tests":94,"usec":4722694}
test_construction_modular.gd
  PASS  test_new_domains_append_without_widening_frozen_save_or_excavation_ids
  PASS  test_context_free_tip_bill_refuses_and_actual_project_bill_is_exact
  PASS  test_unprepared_direct_calls_and_malformed_quotes_are_atomic
  PASS  test_delivery_is_full_exact_and_all_mutations_require_the_actual_window
  PASS  test_complete_and_cancel_cannot_retire_before_real_owner_publication
  PASS  test_retained_completed_work_still_requires_full_repayment_and_pause_is_respected
  PASS  test_local_tip_numbers_do_not_alias_any_directory_subject
  PASS  test_connector_subject_is_local_and_requires_its_actual_project_bill
  PASS  test_three_line_furniture_prices_are_catalog_exact_and_legacy_doors_stay_closed
  PASS  test_changed_subject_foreign_world_expiration_and_rebinding_refuse
  PASS  test_quote_shape_and_unused_metadata_are_validated_before_use
  PASS  test_base_binding_and_publication_queries_refuse_without_actual_router
CI_SUITE_TIME {"assertions":150,"failures":0,"suite":"test_construction_modular.gd","tests":12,"usec":1588785}
test_demo_actor_underground_heading.gd
  PASS  test_first_pose_and_explicit_replacement_initialize_without_a_turn
  PASS  test_surface_heading_keeps_its_existing_brain_turn_behavior
  PASS  test_bore_reversal_uses_shortest_arc_existing_rate_and_shared_pitch_progress
  PASS  test_pause_keeps_an_in_progress_visible_turn_and_pitch_still
  PASS  test_pending_reversal_finishes_after_leaving_the_bore_without_an_exit_snap
  PASS  test_wrap_and_retarget_do_not_choose_the_long_arc_or_overshoot
  PASS  test_tail_pull_follows_the_rendered_heading_during_recovery
  PASS  test_stoop_counterlean_uses_the_same_rendered_pitch_during_the_turn
  PASS  test_actual_reversal_does_not_change_progress_route_or_grants
  PASS  test_actual_nearest_exit_retreat_does_not_change_progress_route_or_grants
CI_SUITE_TIME {"assertions":2619,"failures":0,"suite":"test_demo_actor_underground_heading.gd","tests":10,"usec":401408}
test_demo_build.gd
  PASS  test_without_the_feature_the_game_still_opens_its_own_scene
  PASS  test_the_demo_build_boots_the_demo_maximized
  PASS  test_the_desktop_vram_format_is_imported
  PASS  test_f11_toggles_full_screen_and_back
  PASS  test_f11_is_bound_to_nothing_else
  PASS  test_a_picture_the_demo_reads_itself_is_found_in_a_project_and_in_a_pack
CI_SUITE_TIME {"assertions":214,"failures":0,"suite":"test_demo_build.gd","tests":6,"usec":7468}
test_demo_bursts.gd
  PASS  test_the_call_to_a_meal_calls_at_most_its_count_a_frame_in_order
  PASS  test_a_call_within_its_count_calls_everyone_at_once
  PASS  test_dusk_sends_at_most_its_count_a_frame_in_order
  PASS  test_through_the_night_the_free_are_sent_at_most_their_count_a_frame
  PASS  test_a_bedless_place_at_the_door_is_its_count_of_bedless_before_it
  PASS  test_the_pot_goes_out_while_its_meal_is_served_and_the_table_is_empty
  PASS  test_a_diner_without_a_seat_waits_off_the_cooks_spot
  PASS  test_a_trip_with_no_route_waits_before_it_plans_again
CI_SUITE_TIME {"assertions":73,"failures":0,"suite":"test_demo_bursts.gd","tests":8,"usec":387092}
test_demo_cellar.gd
  PASS  test_a_store_takes_its_class_from_its_permille_or_its_permille_from_its_class
  PASS  test_a_store_whose_class_and_permille_disagree_is_refused
  PASS  test_a_store_says_why_in_its_own_words_or_its_classes
  PASS  test_a_cellar_is_the_cellar_class_while_cool_and_a_pantry_when_warm
  PASS  test_keeps_text_is_floored_to_the_tenth
  PASS  test_a_whole_lot_moves_with_its_age_and_the_ledger_is_untouched
  PASS  test_part_of_a_lot_is_split_exactly_and_keeps_its_age
  PASS  test_a_carried_lot_cannot_be_withdrawn_merged_into_or_reserved_by_the_kitchen
  PASS  test_only_what_fits_is_set_down_and_the_rest_goes_back
  PASS  test_set_down_refuses_a_stale_lot_and_a_gone_store
  PASS  test_reserve_at_refuses_without_room_and_a_carried_lot_that_spoils_frees_its_row
  PASS  test_the_food_that_spoils_soonest_moves_first_to_the_coolest_store
  PASS  test_food_about_to_spoil_stays_put
  PASS  test_reserved_food_stays_and_only_the_surplus_moves
  PASS  test_a_move_is_at_most_one_small_carry_and_the_room_there
  PASS  test_nothing_moves_to_a_store_that_is_not_cooler_or_has_no_room
  PASS  test_of_two_cool_stores_the_nearer_one_is_chosen
  PASS  test_waiting_moves_count_against_the_room_they_will_take
  PASS  test_a_claimed_move_carries_the_food_into_the_cellar_with_its_age
  PASS  test_a_carrier_called_away_puts_the_food_back_and_the_move_waits_again
  PASS  test_commands_refuse_a_load_in_hand_and_carriers_need_a_carry_walk
  PASS  test_a_claim_whose_room_has_gone_closes_the_move
  PASS  test_food_that_spoils_or_is_eaten_on_the_way_ends_the_move
  PASS  test_a_part_too_small_or_a_split_with_every_lot_row_taken_is_not_planned
  PASS  test_a_pick_up_the_pantry_refuses_gives_up_and_backs_off_its_store
  PASS  test_a_store_nobody_can_reach_gives_up_after_its_walks_and_backs_off
  PASS  test_food_the_kitchen_reserves_before_the_pick_up_stays_and_is_cooked_exactly
  PASS  test_the_kitchen_never_counts_food_on_a_carried_row_as_cooked
  PASS  test_a_carrier_that_holds_away_from_its_spot_has_not_arrived
  PASS  test_a_destination_no_longer_cooler_closes_the_move
  PASS  test_a_waiting_move_whose_food_has_gone_is_closed_and_frees_its_room
  PASS  test_a_claim_takes_only_the_room_left
  PASS  test_a_split_keeps_the_remainder_of_its_age
  PASS  test_the_coolest_store_with_room_is_chosen_past_a_full_or_warmer_one
  PASS  test_a_move_planned_earlier_still_counts_against_the_room
  PASS  test_a_shelving_with_no_room_gives_up_and_backs_off_the_cellar
  PASS  test_set_down_with_no_room_moves_nothing_and_makes_no_row
  PASS  test_a_dug_racked_cellar_is_the_cellar_class_and_its_harvest_is_carried_down_into_it
  PASS  test_the_work_board_lists_a_move_as_hauling_in_words
  PASS  test_the_pantry_says_why_and_what_is_being_moved
CI_SUITE_TIME {"assertions":819,"failures":0,"suite":"test_demo_cellar.gd","tests":40,"usec":610599}
test_demo_command.gd
  PASS  test_a_ray_down_onto_a_capsule_hits_its_top
  PASS  test_a_level_ray_hits_the_side_and_a_near_miss_misses
  PASS  test_the_nearest_capsule_on_the_ray_wins
  PASS  test_the_ground_ray_meets_the_plane
  PASS  test_box_membership_is_by_screen_position
  PASS  test_formations_are_distinct_clear_and_inside_for_one_to_eight
  PASS  test_a_spot_closer_than_the_spacing_to_one_taken_is_refused
  PASS  test_a_move_order_releases_held_slots_and_holds_without_wandering
  PASS  test_release_hands_a_holder_back_to_wandering
  PASS  test_a_work_order_fills_the_free_slots_and_the_rest_queue_facing_it
  PASS  test_unreachable_orders_snap_and_hopeless_ones_are_refused
  PASS  test_a_click_near_a_poi_is_a_work_order_there
  PASS  test_matching_pairs_the_nearest_first
  PASS  test_panel_text_for_nobody_one_and_several
  PASS  test_state_words
  PASS  test_panel_placement_keeps_clear_of_the_hud_at_every_size
  PASS  test_panel_text_contrast_on_parchment
  PASS  test_friendly_names
  PASS  test_the_notice_line_is_each_resident_s_own
  PASS  test_one_resident_s_orders_are_listed_with_the_gated_ones_explained
  PASS  test_the_panel_lists_one_resident_s_orders_in_full_and_never_hides
  PASS  test_a_state_splits_into_its_command_and_its_progress
  PASS  test_a_refusal_step_reads_as_why_not_progress
  PASS  test_the_fed_rows_follow_what_a_resident_is_doing
  PASS  test_a_group_summary_tallies_its_activities_most_first
  PASS  test_every_member_is_a_row_that_picks_it
  PASS  test_the_ledger_never_hides_the_panel
  PASS  test_the_panel_says_what_a_resident_will_go_back_to
  PASS  test_the_dig_button_says_what_it_does_and_its_key
  PASS  test_a_tunnel_s_own_news_is_kept_for_its_mole
CI_SUITE_TIME {"assertions":157,"failures":0,"suite":"test_demo_command.gd","tests":30,"usec":2667709}
test_demo_daylight_live.gd
  PASS  test_the_day_and_the_night_on_the_real_scene_at_1920x1080
CI_SUITE_TIME {"assertions":44,"failures":0,"suite":"test_demo_daylight_live.gd","tests":1,"usec":41937277}
test_demo_farm.gd
  PASS  test_every_item_is_a_pantry_leaf_with_a_crop_row
  PASS  test_families_follow_the_crop_rows
  PASS  test_shelf_hours_match_the_item_catalog
  PASS  test_beds_are_the_world_crop_beds_with_their_neighbours
  PASS  test_a_bed_is_found_under_a_point
  PASS  test_the_calendar_turns_demo_microseconds_into_ticks_exactly
  PASS  test_hour_crossings_follow_the_offset_calendar
  PASS  test_frost_nights_and_outbreaks_are_on_their_days
  PASS  test_a_frost_night_is_the_early_hours
  PASS  test_a_frost_is_due_from_its_warning_to_its_last_hour
  PASS  test_bed_temperature_takes_frost_cover_and_raising
  PASS  test_the_farm_opens_with_its_history
  PASS  test_a_day_runs_real_weather_and_ripens_the_carrots
  PASS  test_a_harvest_yields_the_formula_and_costs_fertility
  PASS  test_rotation_preview_is_the_real_rule
  PASS  test_sowing_is_gated_by_fallow_soil_and_window
  PASS  test_sowing_starts_and_finishes
  PASS  test_a_frost_night_hurts_growing_crops_unless_covered
  PASS  test_a_raised_bed_is_frost_free_at_minus_three
  PASS  test_blight_damages_daily_halves_when_tended_and_spreads
  PASS  test_clearing_a_blighted_crop_uproots_it_for_compost
  PASS  test_compost_takes_two_units_once_a_season
  PASS  test_tunnels_drain_irrigate_and_spoil_raises
  PASS  test_drainage_stops_at_the_low_side_and_irrigation_lifts_a_dry_bed
  PASS  test_an_empty_bed_rests_back_its_fertility
  PASS  test_every_visible_change_moves_the_revision
  PASS  test_a_banked_bed_keeps_half_of_a_dry_day
  PASS  test_every_bed_sheds_down_toward_its_band_s_top
  PASS  test_draining_drops_a_wet_bed_to_its_band_s_top_and_ditches_it
  PASS  test_a_ditched_bed_sheds_toward_its_low_side_at_midnight
  PASS  test_waterlogging_is_read_from_the_bands
  PASS  test_an_outbreak_takes_a_growing_bed_on_spring_12
  PASS  test_the_first_spring_spaces_waterlogging_frost_and_blight
  PASS  test_the_opening_radish_waterlogs_only_with_the_ideal_spell
  PASS  test_storage_starts_with_the_covered_store
  PASS  test_providers_add_cellars_and_bad_entries_are_refused
  PASS  test_deliveries_go_where_food_keeps_longest
  PASS  test_pantry_refuses_bad_deliveries
  PASS  test_food_spoils_at_the_section_5_8_rate
  PASS  test_hours_left_are_the_oldest_lot_s
  PASS  test_a_cellar_slows_spoilage_by_its_multiplier
  PASS  test_lots_follow_their_cellar_and_fall_back_to_the_store
  PASS  test_a_full_lot_table_merges_keeping_the_older_age
  PASS  test_the_farm_s_water_edge_is_the_real_stream_s_bank
  PASS  test_segment_nearness_is_exact_in_integers
  PASS  test_a_pond_tunnel_irrigates_and_another_drains
  PASS  test_the_water_query_is_pluggable
  PASS  test_an_unfinished_tunnel_does_nothing_for_the_beds
  PASS  test_spoil_is_taken_off_a_heap_and_the_heap_shrinks
  PASS  test_the_nearest_heap_with_enough_earth_is_chosen
  PASS  test_jobs_open_once_per_kind_and_bed
  PASS  test_a_watering_job_walks_its_plan_and_keeps_work_on_rewind
  PASS  test_a_drain_job_walks_to_the_bed_and_digs
  PASS  test_compost_goes_to_the_bed_and_never_to_a_heap
  PASS  test_verbs_are_offered_by_the_bed_state
  PASS  test_compost_is_the_store_s_and_no_amount_of_earth_stands_in
CI_SUITE_TIME {"assertions":607,"failures":0,"suite":"test_demo_farm.gd","tests":56,"usec":901132}
test_demo_forage.gd
  PASS  test_the_four_items_are_the_catalogues_keys_and_their_rows
  PASS  test_the_rules_share_ask_and_work
  PASS  test_the_basin_is_the_gdds_five_patches_at_eighty_percent
  PASS  test_the_seasons_quota_and_regrowth_are_the_stores
  PASS  test_a_claim_released_at_midnight_is_collected_through_the_unclaimed_path
  PASS  test_a_trip_out_of_season_or_beyond_the_quota_is_refused
  PASS  test_a_trip_goes_out_gathers_and_brings_the_haul_home
  PASS  test_cancel_gives_the_claims_and_room_back
  PASS  test_an_interruption_loses_nothing_and_another_finishes
  PASS  test_a_full_store_holds_the_seat_until_there_is_room
  PASS  test_the_work_board_reads_the_seats
  PASS  test_the_spots_stand_in_the_woods_and_on_the_routes_layer
  PASS  test_the_trips_update_allocates_nothing
  PASS  test_the_skills_and_the_section
  PASS  test_cancel_lets_a_haul_in_hand_come_home
  PASS  test_a_claim_released_at_work_brings_home_what_the_woods_still_admit
CI_SUITE_TIME {"assertions":206,"failures":0,"suite":"test_demo_forage.gd","tests":16,"usec":6029851}
test_demo_guide_live.gd
  PASS  test_the_guide_by_real_input_at_1280x720
  PASS  test_the_guide_by_real_input_at_1920x1080
CI_SUITE_TIME {"assertions":122,"failures":0,"suite":"test_demo_guide_live.gd","tests":2,"usec":28267580}
test_demo_handoffs.gd
  PASS  test_a_surface_hand_stays_on_the_crew_over_each_boundary_in_either_cast_order
  PASS  test_the_crew_stays_on_over_each_boundary_at_four_times
  PASS  test_the_crew_follows_a_level_two_dig_over_its_crossing
  PASS  test_a_crew_left_behind_two_segments_moves_on_to_the_one_being_dug
  PASS  test_a_member_below_stays_on_the_crew_over_each_boundary
  PASS  test_a_dig_ending_on_the_surface_takes_the_saved_job_back_up
  PASS  test_a_dig_ending_underground_takes_the_saved_job_back_up
  PASS  test_a_dig_finished_at_night_keeps_the_job_for_the_morning
  PASS  test_a_new_order_while_stepping_clear_is_obeyed_not_overridden
  PASS  test_an_order_while_walking_out_below_is_obeyed_not_overridden
  PASS  test_the_players_release_mid_dig_still_forgets_the_saved_jobs
  PASS  test_a_node_cut_off_before_the_mouth_is_reached_is_refused_with_a_reason
  PASS  test_a_spoil_worker_walled_off_from_the_heap_digs_nothing_from_afar
  PASS  test_a_paused_spoil_worker_says_it_cannot_reach_it
  PASS  test_a_basket_with_nowhere_reachable_to_tip_is_kept_then_put_back
  PASS  test_a_worker_called_away_with_an_undelivered_basket_puts_it_back
  PASS  test_a_spoil_worker_pushed_off_its_spot_stops_digging
  PASS  test_a_basket_whose_walk_out_failed_goes_back_to_the_pile
  PASS  test_a_basket_is_tipped_only_at_its_tip_spot
  PASS  test_a_bridge_builder_walled_off_from_the_material_loads_nothing_and_says_so
  PASS  test_a_bridge_refused_its_spot_names_the_builder_it_was_given_to
EXPECTED ERROR: demo cast: no actor -1 (of 6)
   at: push_error (core/variant/variant_utility.cpp:1023)
   GDScript backtrace (most recent call first):
       [0] actor (res://demo/cast/demo_cast.gd:179)
       [1] test_a_resident_index_that_names_nobody_is_refused (res://test/test_demo_handoffs.gd:778)
       [2] _run_test (res://test/run_tests.gd:194)
       [3] _run_suite (res://test/run_tests.gd:168)
       [4] _run_suite (/home/runner/work/redwall-rts/redwall-rts/tools/ci_test_shard_runner.gd:30)
       [5] _run_worker (res://test/run_tests.gd:121)
       [6] _initialize (res://test/run_tests.gd:108)
EXPECTED ERROR: demo cast: no actor 6 (of 6)
   at: push_error (core/variant/variant_utility.cpp:1023)
   GDScript backtrace (most recent call first):
       [0] actor (res://demo/cast/demo_cast.gd:179)
       [1] test_a_resident_index_that_names_nobody_is_refused (res://test/test_demo_handoffs.gd:779)
       [2] _run_test (res://test/run_tests.gd:194)
       [3] _run_suite (res://test/run_tests.gd:168)
       [4] _run_suite (/home/runner/work/redwall-rts/redwall-rts/tools/ci_test_shard_runner.gd:30)
       [5] _run_worker (res://test/run_tests.gd:121)
       [6] _initialize (res://test/run_tests.gd:108)
EXPECTED ERROR: bridge crew: no resident -1 to name
   at: push_error (core/variant/variant_utility.cpp:1023)
   GDScript backtrace (most recent call first):
       [0] name_of (res://demo/waterplay/bridge_crew.gd:645)
       [1] test_a_resident_index_that_names_nobody_is_refused (res://test/test_demo_handoffs.gd:781)
       [2] _run_test (res://test/run_tests.gd:194)
       [3] _run_suite (res://test/run_tests.gd:168)
       [4] _run_suite (/home/runner/work/redwall-rts/redwall-rts/tools/ci_test_shard_runner.gd:30)
       [5] _run_worker (res://test/run_tests.gd:121)
       [6] _initialize (res://test/run_tests.gd:108)
  PASS  test_a_resident_index_that_names_nobody_is_refused
  PASS  test_a_connection_between_bores_is_dug_with_every_mouth_taken
  PASS  test_a_piece_needing_a_mouth_is_refused_naming_the_mouths
  PASS  test_the_dig_tool_refuses_only_when_no_piece_could_fit_naming_what_ran_out
  PASS  test_the_dig_tools_card_refuses_as_the_tool_does
  PASS  test_an_unreached_bridge_says_so_while_the_crew_leaves_it
CI_SUITE_TIME {"assertions":212,"failures":0,"suite":"test_demo_handoffs.gd","tests":27,"usec":14344390}
test_demo_kitchen.gd
  PASS  test_a_supper_with_fresh_fish_is_the_fish_stew
  PASS  test_without_roots_the_fish_is_baked_not_left_to_rot
  PASS  test_the_ready_food_counts_each_dish_at_its_own_portions
  PASS  test_the_dishes_are_the_gdd_rows
  PASS  test_grain_and_roots_are_their_rows
  PASS  test_the_need_is_the_gdds
  PASS  test_fed_peckish_hungry_are_the_thresholds
  PASS  test_hunger_falls_by_the_hour_and_a_portion_raises_it_clamped
  PASS  test_alternating_dishes_still_turn_monotonous_on_the_fifth_meal
  PASS  test_stock_becomes_breakfast_by_exactly_the_recipe
  PASS  test_two_days_of_breakfast_and_supper_alternate_the_dishes
  PASS  test_portions_are_eaten_oldest_first_and_once
  PASS  test_meals_are_cooked_close_to_their_calls_and_last_their_windows_in_summer
  PASS  test_the_day_s_hours_follow_decision_0421
  PASS  test_portions_age_faster_on_the_table_and_spoil_at_equal_mass
  PASS  test_a_take_reserves_the_soonest_to_spoil_and_withdraws_exactly_once
  PASS  test_an_unreachable_store_lets_go_only_what_is_still_there
  PASS  test_withdraw_free_takes_only_what_nobody_holds
  PASS  test_a_reserved_lot_that_spoils_is_no_longer_the_takes
  PASS  test_the_butt_takes_what_fits_and_gives_all_or_nothing
  PASS  test_no_water_says_so_exactly_and_supper_is_missed
  PASS  test_no_food_and_no_fuel_are_said_too
  PASS  test_hungry_with_no_portion_eats_raw_roots_never_grain
  PASS  test_hungry_with_no_portion_eats_raw_fruit_never_from_a_basket_stand
  PASS  test_a_raw_meal_at_supper_s_end_is_eaten_before_bed
  PASS  test_the_cook_takes_its_portion_when_it_decides_to_eat_and_never_waits
  PASS  test_with_the_night_the_cook_rises_at_five_and_is_not_sent_back
  PASS  test_a_late_breakfast_goes_out_before_supper_is_cooked
  PASS  test_leftovers_still_good_at_the_call_cook_fewer_batches
  PASS  test_with_only_roots_breakfast_turns_to_soup
  PASS  test_a_raw_meal_is_at_most_three_thousand_np
  PASS  test_the_night_does_not_send_the_early_riser_back_between_tasks
  PASS  test_the_cook_s_early_supper_is_breakfast_gone_without
  PASS  test_a_meal_is_coming_only_for_its_own_or_earlier_food
  PASS  test_a_diner_waiting_for_a_meal_with_nothing_planned_gets_up
  PASS  test_a_cook_with_food_in_hand_is_not_sent_to_bed
  PASS  test_the_planned_meals_stay_in_order_after_one_is_cancelled
  PASS  test_the_cook_called_away_mid_batch_comes_back_to_it
  PASS  test_a_diner_called_away_gives_its_portion_back_and_eats_once
  PASS  test_food_waiting_in_the_larder_keeps_the_dish
  PASS  test_a_resident_carrying_a_load_is_not_called_to_the_table
  PASS  test_a_diner_eating_at_the_end_is_counted_once
  PASS  test_a_diner_called_away_after_the_end_went_without
  PASS  test_a_last_bowl_eaten_after_the_end_finalizes_the_meal_with_its_diner
  PASS  test_a_last_bowl_given_back_after_the_end_finalizes_the_meal_without_its_diner
  PASS  test_a_meal_nobody_holds_at_its_end_is_finalized_at_its_end
  PASS  test_a_held_meal_waits_without_allocating_and_a_skipped_meal_has_lapsed
  PASS  test_a_holder_is_a_portion_raw_food_or_a_diners_part_for_that_meal
  PASS  test_the_finalized_meals_log_is_bounded_and_counts_every_event
  PASS  test_an_event_that_can_never_be_published_is_let_go_at_the_next_end
  PASS  test_a_cancelled_meal_gives_its_food_back_and_spoils_half_a_batch_cooking
  PASS  test_night_falling_mid_batch_keeps_it_for_the_morning
  PASS  test_the_work_board_lists_the_cook_and_the_drawers_and_never_claims_them
  PASS  test_the_work_board_hands_out_no_work_at_mealtime
  PASS  test_the_intervals_keep_their_real_seconds
  PASS  test_the_tab_note_says_the_rules_hours
  PASS  test_food_fetched_for_a_later_meal_does_not_keep_the_cook_on_duty
  PASS  test_a_raw_meal_whose_walk_was_given_up_sets_off_again_after_a_pause
  PASS  test_a_raw_meal_given_up_by_an_order_or_the_night_is_gone_without
  PASS  test_a_held_raw_meal_waits_out_an_order_and_is_kept_from_the_work_board
  PASS  test_a_held_raw_meal_not_to_be_taken_when_free_is_gone_without
  PASS  test_a_held_raw_eater_called_to_the_next_meal_went_without_the_last
  PASS  test_a_store_walk_that_failed_goes_to_a_spot_clear_of_those_standing
  PASS  test_an_earlier_meal_still_held_when_the_next_ends_is_settled_and_published
CI_SUITE_TIME {"assertions":453,"failures":0,"suite":"test_demo_kitchen.gd","tests":64,"usec":4589862}
test_demo_opening_pantry.gd
  PASS  test_the_opening_stock_is_wheat_and_carrots_in_the_covered_store
  PASS  test_the_opening_stock_is_not_the_first_day_s_harvest
  PASS  test_a_store_without_room_is_not_forced
  PASS  test_what_is_left_of_the_opening_stock_is_counted_on_its_lots
  PASS  test_the_real_village_opens_with_the_stock
  PASS  test_the_kitchen_cooking_a_younger_warm_lot_first_leaves_the_opening_lot_counted
  PASS  test_the_younger_warm_lot_spoiling_first_leaves_the_opening_lot_counted
  PASS  test_a_split_carry_and_a_withdrawal_move_the_opening_share_exactly
  PASS  test_a_delivery_merged_into_an_opening_lot_shares_its_withdrawals_proportionally
CI_SUITE_TIME {"assertions":192,"failures":0,"suite":"test_demo_opening_pantry.gd","tests":9,"usec":12078711}
test_demo_orchard_live.gd
  PASS  test_the_orchard_on_the_real_scene_at_1280x720
  PASS  test_the_orchard_on_the_real_scene_at_1920x1080
CI_SUITE_TIME {"assertions":50,"failures":0,"suite":"test_demo_orchard_live.gd","tests":2,"usec":44167542}
test_demo_outlets.gd
  PASS  test_a_tunnel_is_transport_only_until_an_outlet_is_set
  PASS  test_an_outlet_only_does_what_its_tunnel_allows
  PASS  test_fitting_and_setting_refuse_what_cannot_be
  PASS  test_the_fit_outlet_job
  PASS  test_the_outlet_box_says_what_runs_under_and_what_each_setting_does
CI_SUITE_TIME {"assertions":53,"failures":0,"suite":"test_demo_outlets.gd","tests":5,"usec":165642}
test_demo_pace.gd
  PASS  test_the_pace_is_raised_and_the_walk_clip_follows_it
  PASS  test_a_walker_covers_its_pace_with_the_clip_at_its_rate
  PASS  test_a_carry_is_most_of_the_walk_and_its_clip_matches
  PASS  test_the_placeholder_cast_walks_at_the_pace
CI_SUITE_TIME {"assertions":16,"failures":0,"suite":"test_demo_pace.gd","tests":4,"usec":40057}
test_demo_pantry_stocks.gd
  PASS  test_the_pantry_opens_on_stocks_and_recipes_are_their_own_tab
  PASS  test_the_recipe_list_marks_the_picked_ingredient_and_never_reorders
  PASS  test_a_row_per_ingredient_per_store
  PASS  test_food_about_to_spoil_comes_first_and_says_so
  PASS  test_the_soon_line_is_two_days
  PASS  test_soon_rows_go_soonest_first
  PASS  test_equally_soon_rows_keep_the_catalog_order
  PASS  test_incoming_is_not_in_store
  PASS  test_lots_and_holds_alike_add_up_per_row
  PASS  test_a_hold_names_its_item_until_released
  PASS  test_a_store_taken_away_while_open_leaves_its_rows_gone_not_another_s
  PASS  test_the_first_lot_to_spoil_at_one_store
  PASS  test_the_order_is_kept_while_the_pantry_is_open
  PASS  test_spoil_times_read_as_days_and_hours
  PASS  test_an_empty_pantry_suggests_the_bed_that_ripens_first
  PASS  test_an_empty_pantry_with_nothing_growing_says_plant_then_clear
  PASS  test_a_reserved_only_pantry_is_not_empty
  PASS  test_the_suggestion_button_opens_its_bed
CI_SUITE_TIME {"assertions":141,"failures":0,"suite":"test_demo_pantry_stocks.gd","tests":18,"usec":1047846}
test_demo_people_ui.gd
EXPECTED WARNING: demo cast: mouse_keeper has no loadable body; using a placeholder
     at: push_warning (core/variant/variant_utility.cpp:1033)
     GDScript backtrace (most recent call first):
         [0] setup_creature (res://demo/cast/demo_actor.gd:211)
         [1] build (res://demo/cast/demo_cast.gd:159)
         [2] _rig (res://test/test_demo_people_ui.gd:88)
         [3] test_the_same_person_on_the_roster_the_panel_work_and_news (res://test/test_demo_people_ui.gd:149)
         [4] _run_test (res://test/run_tests.gd:194)
         [5] _run_suite (res://test/run_tests.gd:168)
         [6] _run_suite (/home/runner/work/redwall-rts/redwall-rts/tools/ci_test_shard_runner.gd:30)
         [7] _run_worker (res://test/run_tests.gd:121)
         [8] _initialize (res://test/run_tests.gd:108)
EXPECTED WARNING: demo cast: mouse_fieldworker has no loadable body; using a placeholder
     at: push_warning (core/variant/variant_utility.cpp:1033)
     GDScript backtrace (most recent call first):
         [0] setup_creature (res://demo/cast/demo_actor.gd:211)
         [1] build (res://demo/cast/demo_cast.gd:159)
         [2] _rig (res://test/test_demo_people_ui.gd:88)
         [3] test_the_same_person_on_the_roster_the_panel_work_and_news (res://test/test_demo_people_ui.gd:149)
         [4] _run_test (res://test/run_tests.gd:194)
         [5] _run_suite (res://test/run_tests.gd:168)
         [6] _run_suite (/home/runner/work/redwall-rts/redwall-rts/tools/ci_test_shard_runner.gd:30)
         [7] _run_worker (res://test/run_tests.gd:121)
         [8] _initialize (res://test/run_tests.gd:108)
EXPECTED WARNING: demo cast: squirrel_gatherer has no loadable body; using a placeholder
     at: push_warning (core/variant/variant_utility.cpp:1033)
     GDScript backtrace (most recent call first):
         [0] setup_creature (res://demo/cast/demo_actor.gd:211)
         [1] build (res://demo/cast/demo_cast.gd:159)
         [2] _rig (res://test/test_demo_people_ui.gd:88)
         [3] test_the_same_person_on_the_roster_the_panel_work_and_news (res://test/test_demo_people_ui.gd:149)
         [4] _run_test (res://test/run_tests.gd:194)
         [5] _run_suite (res://test/run_tests.gd:168)
         [6] _run_suite (/home/runner/work/redwall-rts/redwall-rts/tools/ci_test_shard_runner.gd:30)
         [7] _run_worker (res://test/run_tests.gd:121)
         [8] _initialize (res://test/run_tests.gd:108)
EXPECTED WARNING: demo cast: squirrel_forester has no loadable body; using a placeholder
     at: push_warning (core/variant/variant_utility.cpp:1033)
     GDScript backtrace (most recent call first):
         [0] setup_creature (res://demo/cast/demo_actor.gd:211)
         [1] build (res://demo/cast/demo_cast.gd:159)
         [2] _rig (res://test/test_demo_people_ui.gd:88)
         [3] test_the_same_person_on_the_roster_the_panel_work_and_news (res://test/test_demo_people_ui.gd:149)
         [4] _run_test (res://test/run_tests.gd:194)
         [5] _run_suite (res://test/run_tests.gd:168)
         [6] _run_suite (/home/runner/work/redwall-rts/redwall-rts/tools/ci_test_shard_runner.gd:30)
         [7] _run_worker (res://test/run_tests.gd:121)
         [8] _initialize (res://test/run_tests.gd:108)
EXPECTED WARNING: demo cast: otter_boatwright has no loadable body; using a placeholder
     at: push_warning (core/variant/variant_utility.cpp:1033)
     GDScript backtrace (most recent call first):
         [0] setup_creature (res://demo/cast/demo_actor.gd:211)
         [1] build (res://demo/cast/demo_cast.gd:159)
         [2] _rig (res://test/test_demo_people_ui.gd:88)
         [3] test_the_same_person_on_the_roster_the_panel_work_and_news (res://test/test_demo_people_ui.gd:149)
         [4] _run_test (res://test/run_tests.gd:194)
         [5] _run_suite (res://test/run_tests.gd:168)
         [6] _run_suite (/home/runner/work/redwall-rts/redwall-rts/tools/ci_test_shard_runner.gd:30)
         [7] _run_worker (res://test/run_tests.gd:121)
         [8] _initialize (res://test/run_tests.gd:108)
EXPECTED WARNING: demo cast: otter_fisher has no loadable body; using a placeholder
     at: push_warning (core/variant/variant_utility.cpp:1033)
     GDScript backtrace (most recent call first):
         [0] setup_creature (res://demo/cast/demo_actor.gd:211)
         [1] build (res://demo/cast/demo_cast.gd:159)
         [2] _rig (res://test/test_demo_people_ui.gd:88)
         [3] test_the_same_person_on_the_roster_the_panel_work_and_news (res://test/test_demo_people_ui.gd:149)
         [4] _run_test (res://test/run_tests.gd:194)
         [5] _run_suite (res://test/run_tests.gd:168)
         [6] _run_suite (/home/runner/work/redwall-rts/redwall-rts/tools/ci_test_shard_runner.gd:30)
         [7] _run_worker (res://test/run_tests.gd:121)
         [8] _initialize (res://test/run_tests.gd:108)
EXPECTED WARNING: demo cast: mole_digger has no loadable body; using a placeholder
     at: push_warning (core/variant/variant_utility.cpp:1033)
     GDScript backtrace (most recent call first):
         [0] setup_creature (res://demo/cast/demo_actor.gd:211)
         [1] build (res://demo/cast/demo_cast.gd:159)
         [2] _rig (res://test/test_demo_people_ui.gd:88)
         [3] test_the_same_person_on_the_roster_the_panel_work_and_news (res://test/test_demo_people_ui.gd:149)
         [4] _run_test (res://test/run_tests.gd:194)
         [5] _run_suite (res://test/run_tests.gd:168)
         [6] _run_suite (/home/runner/work/redwall-rts/redwall-rts/tools/ci_test_shard_runner.gd:30)
         [7] _run_worker (res://test/run_tests.gd:121)
         [8] _initialize (res://test/run_tests.gd:108)
EXPECTED WARNING: demo cast: badger_quarryman has no loadable body; using a placeholder
     at: push_warning (core/variant/variant_utility.cpp:1033)
     GDScript backtrace (most recent call first):
         [0] setup_creature (res://demo/cast/demo_actor.gd:211)
         [1] build (res://demo/cast/demo_cast.gd:159)
         [2] _rig (res://test/test_demo_people_ui.gd:88)
         [3] test_the_same_person_on_the_roster_the_panel_work_and_news (res://test/test_demo_people_ui.gd:149)
         [4] _run_test (res://test/run_tests.gd:194)
         [5] _run_suite (res://test/run_tests.gd:168)
         [6] _run_suite (/home/runner/work/redwall-rts/redwall-rts/tools/ci_test_shard_runner.gd:30)
         [7] _run_worker (res://test/run_tests.gd:121)
         [8] _initialize (res://test/run_tests.gd:108)
EXPECTED WARNING: demo cast: beaver_bridgewright has no loadable body; using a placeholder
     at: push_warning (core/variant/variant_utility.cpp:1033)
     GDScript backtrace (most recent call first):
         [0] setup_creature (res://demo/cast/demo_actor.gd:211)
         [1] build (res://demo/cast/demo_cast.gd:159)
         [2] _rig (res://test/test_demo_people_ui.gd:88)
         [3] test_the_same_person_on_the_roster_the_panel_work_and_news (res://test/test_demo_people_ui.gd:149)
         [4] _run_test (res://test/run_tests.gd:194)
         [5] _run_suite (res://test/run_tests.gd:168)
         [6] _run_suite (/home/runner/work/redwall-rts/redwall-rts/tools/ci_test_shard_runner.gd:30)
         [7] _run_worker (res://test/run_tests.gd:121)
         [8] _initialize (res://test/run_tests.gd:108)
  PASS  test_the_same_person_on_the_roster_the_panel_work_and_news
EXPECTED WARNING: demo cast: mouse_keeper has no loadable body; using a placeholder
     at: push_warning (core/variant/variant_utility.cpp:1033)
     GDScript backtrace (most recent call first):
         [0] setup_creature (res://demo/cast/demo_actor.gd:211)
         [1] build (res://demo/cast/demo_cast.gd:159)
         [2] _rig (res://test/test_demo_people_ui.gd:88)
         [3] test_names_reach_the_action_cards_crews_and_feeds (res://test/test_demo_people_ui.gd:174)
         [4] _run_test (res://test/run_tests.gd:194)
         [5] _run_suite (res://test/run_tests.gd:168)
         [6] _run_suite (/home/runner/work/redwall-rts/redwall-rts/tools/ci_test_shard_runner.gd:30)
         [7] _run_worker (res://test/run_tests.gd:121)
         [8] _initialize (res://test/run_tests.gd:108)
EXPECTED WARNING: demo cast: mouse_fieldworker has no loadable body; using a placeholder
     at: push_warning (core/variant/variant_utility.cpp:1033)
     GDScript backtrace (most recent call first):
         [0] setup_creature (res://demo/cast/demo_actor.gd:211)
         [1] build (res://demo/cast/demo_cast.gd:159)
         [2] _rig (res://test/test_demo_people_ui.gd:88)
         [3] test_names_reach_the_action_cards_crews_and_feeds (res://test/test_demo_people_ui.gd:174)
         [4] _run_test (res://test/run_tests.gd:194)
         [5] _run_suite (res://test/run_tests.gd:168)
         [6] _run_suite (/home/runner/work/redwall-rts/redwall-rts/tools/ci_test_shard_runner.gd:30)
         [7] _run_worker (res://test/run_tests.gd:121)
         [8] _initialize (res://test/run_tests.gd:108)
EXPECTED WARNING: demo cast: squirrel_gatherer has no loadable body; using a placeholder
     at: push_warning (core/variant/variant_utility.cpp:1033)
     GDScript backtrace (most recent call first):
         [0] setup_creature (res://demo/cast/demo_actor.gd:211)
         [1] build (res://demo/cast/demo_cast.gd:159)
         [2] _rig (res://test/test_demo_people_ui.gd:88)
         [3] test_names_reach_the_action_cards_crews_and_feeds (res://test/test_demo_people_ui.gd:174)
         [4] _run_test (res://test/run_tests.gd:194)
         [5] _run_suite (res://test/run_tests.gd:168)
         [6] _run_suite (/home/runner/work/redwall-rts/redwall-rts/tools/ci_test_shard_runner.gd:30)
         [7] _run_worker (res://test/run_tests.gd:121)
         [8] _initialize (res://test/run_tests.gd:108)
EXPECTED WARNING: demo cast: squirrel_forester has no loadable body; using a placeholder
     at: push_warning (core/variant/variant_utility.cpp:1033)
     GDScript backtrace (most recent call first):
         [0] setup_creature (res://demo/cast/demo_actor.gd:211)
         [1] build (res://demo/cast/demo_cast.gd:159)
         [2] _rig (res://test/test_demo_people_ui.gd:88)
         [3] test_names_reach_the_action_cards_crews_and_feeds (res://test/test_demo_people_ui.gd:174)
         [4] _run_test (res://test/run_tests.gd:194)
         [5] _run_suite (res://test/run_tests.gd:168)
         [6] _run_suite (/home/runner/work/redwall-rts/redwall-rts/tools/ci_test_shard_runner.gd:30)
         [7] _run_worker (res://test/run_tests.gd:121)
         [8] _initialize (res://test/run_tests.gd:108)
EXPECTED WARNING: demo cast: otter_boatwright has no loadable body; using a placeholder
     at: push_warning (core/variant/variant_utility.cpp:1033)
     GDScript backtrace (most recent call first):
         [0] setup_creature (res://demo/cast/demo_actor.gd:211)
         [1] build (res://demo/cast/demo_cast.gd:159)
         [2] _rig (res://test/test_demo_people_ui.gd:88)
         [3] test_names_reach_the_action_cards_crews_and_feeds (res://test/test_demo_people_ui.gd:174)
         [4] _run_test (res://test/run_tests.gd:194)
         [5] _run_suite (res://test/run_tests.gd:168)
         [6] _run_suite (/home/runner/work/redwall-rts/redwall-rts/tools/ci_test_shard_runner.gd:30)
         [7] _run_worker (res://test/run_tests.gd:121)
         [8] _initialize (res://test/run_tests.gd:108)
EXPECTED WARNING: demo cast: otter_fisher has no loadable body; using a placeholder
     at: push_warning (core/variant/variant_utility.cpp:1033)
     GDScript backtrace (most recent call first):
         [0] setup_creature (res://demo/cast/demo_actor.gd:211)
         [1] build (res://demo/cast/demo_cast.gd:159)
         [2] _rig (res://test/test_demo_people_ui.gd:88)
         [3] test_names_reach_the_action_cards_crews_and_feeds (res://test/test_demo_people_ui.gd:174)
         [4] _run_test (res://test/run_tests.gd:194)
         [5] _run_suite (res://test/run_tests.gd:168)
         [6] _run_suite (/home/runner/work/redwall-rts/redwall-rts/tools/ci_test_shard_runner.gd:30)
         [7] _run_worker (res://test/run_tests.gd:121)
         [8] _initialize (res://test/run_tests.gd:108)
EXPECTED WARNING: demo cast: mole_digger has no loadable body; using a placeholder
     at: push_warning (core/variant/variant_utility.cpp:1033)
     GDScript backtrace (most recent call first):
         [0] setup_creature (res://demo/cast/demo_actor.gd:211)
         [1] build (res://demo/cast/demo_cast.gd:159)
         [2] _rig (res://test/test_demo_people_ui.gd:88)
         [3] test_names_reach_the_action_cards_crews_and_feeds (res://test/test_demo_people_ui.gd:174)
         [4] _run_test (res://test/run_tests.gd:194)
         [5] _run_suite (res://test/run_tests.gd:168)
         [6] _run_suite (/home/runner/work/redwall-rts/redwall-rts/tools/ci_test_shard_runner.gd:30)
         [7] _run_worker (res://test/run_tests.gd:121)
         [8] _initialize (res://test/run_tests.gd:108)
EXPECTED WARNING: demo cast: badger_quarryman has no loadable body; using a placeholder
     at: push_warning (core/variant/variant_utility.cpp:1033)
     GDScript backtrace (most recent call first):
         [0] setup_creature (res://demo/cast/demo_actor.gd:211)
         [1] build (res://demo/cast/demo_cast.gd:159)
         [2] _rig (res://test/test_demo_people_ui.gd:88)
         [3] test_names_reach_the_action_cards_crews_and_feeds (res://test/test_demo_people_ui.gd:174)
         [4] _run_test (res://test/run_tests.gd:194)
         [5] _run_suite (res://test/run_tests.gd:168)
         [6] _run_suite (/home/runner/work/redwall-rts/redwall-rts/tools/ci_test_shard_runner.gd:30)
         [7] _run_worker (res://test/run_tests.gd:121)
         [8] _initialize (res://test/run_tests.gd:108)
EXPECTED WARNING: demo cast: beaver_bridgewright has no loadable body; using a placeholder
     at: push_warning (core/variant/variant_utility.cpp:1033)
     GDScript backtrace (most recent call first):
         [0] setup_creature (res://demo/cast/demo_actor.gd:211)
         [1] build (res://demo/cast/demo_cast.gd:159)
         [2] _rig (res://test/test_demo_people_ui.gd:88)
         [3] test_names_reach_the_action_cards_crews_and_feeds (res://test/test_demo_people_ui.gd:174)
         [4] _run_test (res://test/run_tests.gd:194)
         [5] _run_suite (res://test/run_tests.gd:168)
         [6] _run_suite (/home/runner/work/redwall-rts/redwall-rts/tools/ci_test_shard_runner.gd:30)
         [7] _run_worker (res://test/run_tests.gd:121)
         [8] _initialize (res://test/run_tests.gd:108)
  PASS  test_names_reach_the_action_cards_crews_and_feeds
EXPECTED WARNING: demo cast: mouse_keeper has no loadable body; using a placeholder
     at: push_warning (core/variant/variant_utility.cpp:1033)
     GDScript backtrace (most recent call first):
         [0] setup_creature (res://demo/cast/demo_actor.gd:211)
         [1] build (res://demo/cast/demo_cast.gd:159)
         [2] _rig (res://test/test_demo_people_ui.gd:88)
         [3] test_a_notable_resident_is_starred_on_the_roster_only (res://test/test_demo_people_ui.gd:195)
         [4] _run_test (res://test/run_tests.gd:194)
         [5] _run_suite (res://test/run_tests.gd:168)
         [6] _run_suite (/home/runner/work/redwall-rts/redwall-rts/tools/ci_test_shard_runner.gd:30)
         [7] _run_worker (res://test/run_tests.gd:121)
         [8] _initialize (res://test/run_tests.gd:108)
EXPECTED WARNING: demo cast: mouse_fieldworker has no loadable body; using a placeholder
     at: push_warning (core/variant/variant_utility.cpp:1033)
     GDScript backtrace (most recent call first):
         [0] setup_creature (res://demo/cast/demo_actor.gd:211)
         [1] build (res://demo/cast/demo_cast.gd:159)
         [2] _rig (res://test/test_demo_people_ui.gd:88)
         [3] test_a_notable_resident_is_starred_on_the_roster_only (res://test/test_demo_people_ui.gd:195)
         [4] _run_test (res://test/run_tests.gd:194)
         [5] _run_suite (res://test/run_tests.gd:168)
         [6] _run_suite (/home/runner/work/redwall-rts/redwall-rts/tools/ci_test_shard_runner.gd:30)
         [7] _run_worker (res://test/run_tests.gd:121)
         [8] _initialize (res://test/run_tests.gd:108)
EXPECTED WARNING: demo cast: squirrel_gatherer has no loadable body; using a placeholder
     at: push_warning (core/variant/variant_utility.cpp:1033)
     GDScript backtrace (most recent call first):
         [0] setup_creature (res://demo/cast/demo_actor.gd:211)
         [1] build (res://demo/cast/demo_cast.gd:159)
         [2] _rig (res://test/test_demo_people_ui.gd:88)
         [3] test_a_notable_resident_is_starred_on_the_roster_only (res://test/test_demo_people_ui.gd:195)
         [4] _run_test (res://test/run_tests.gd:194)
         [5] _run_suite (res://test/run_tests.gd:168)
         [6] _run_suite (/home/runner/work/redwall-rts/redwall-rts/tools/ci_test_shard_runner.gd:30)
         [7] _run_worker (res://test/run_tests.gd:121)
         [8] _initialize (res://test/run_tests.gd:108)
EXPECTED WARNING: demo cast: squirrel_forester has no loadable body; using a placeholder
     at: push_warning (core/variant/variant_utility.cpp:1033)
     GDScript backtrace (most recent call first):
         [0] setup_creature (res://demo/cast/demo_actor.gd:211)
         [1] build (res://demo/cast/demo_cast.gd:159)
         [2] _rig (res://test/test_demo_people_ui.gd:88)
         [3] test_a_notable_resident_is_starred_on_the_roster_only (res://test/test_demo_people_ui.gd:195)
         [4] _run_test (res://test/run_tests.gd:194)
         [5] _run_suite (res://test/run_tests.gd:168)
         [6] _run_suite (/home/runner/work/redwall-rts/redwall-rts/tools/ci_test_shard_runner.gd:30)
         [7] _run_worker (res://test/run_tests.gd:121)
         [8] _initialize (res://test/run_tests.gd:108)
EXPECTED WARNING: demo cast: otter_boatwright has no loadable body; using a placeholder
     at: push_warning (core/variant/variant_utility.cpp:1033)
     GDScript backtrace (most recent call first):
         [0] setup_creature (res://demo/cast/demo_actor.gd:211)
         [1] build (res://demo/cast/demo_cast.gd:159)
         [2] _rig (res://test/test_demo_people_ui.gd:88)
         [3] test_a_notable_resident_is_starred_on_the_roster_only (res://test/test_demo_people_ui.gd:195)
         [4] _run_test (res://test/run_tests.gd:194)
         [5] _run_suite (res://test/run_tests.gd:168)
         [6] _run_suite (/home/runner/work/redwall-rts/redwall-rts/tools/ci_test_shard_runner.gd:30)
         [7] _run_worker (res://test/run_tests.gd:121)
         [8] _initialize (res://test/run_tests.gd:108)
EXPECTED WARNING: demo cast: otter_fisher has no loadable body; using a placeholder
     at: push_warning (core/variant/variant_utility.cpp:1033)
     GDScript backtrace (most recent call first):
         [0] setup_creature (res://demo/cast/demo_actor.gd:211)
         [1] build (res://demo/cast/demo_cast.gd:159)
         [2] _rig (res://test/test_demo_people_ui.gd:88)
         [3] test_a_notable_resident_is_starred_on_the_roster_only (res://test/test_demo_people_ui.gd:195)
         [4] _run_test (res://test/run_tests.gd:194)
         [5] _run_suite (res://test/run_tests.gd:168)
         [6] _run_suite (/home/runner/work/redwall-rts/redwall-rts/tools/ci_test_shard_runner.gd:30)
         [7] _run_worker (res://test/run_tests.gd:121)
         [8] _initialize (res://test/run_tests.gd:108)
EXPECTED WARNING: demo cast: mole_digger has no loadable body; using a placeholder
     at: push_warning (core/variant/variant_utility.cpp:1033)
     GDScript backtrace (most recent call first):
         [0] setup_creature (res://demo/cast/demo_actor.gd:211)
         [1] build (res://demo/cast/demo_cast.gd:159)
         [2] _rig (res://test/test_demo_people_ui.gd:88)
         [3] test_a_notable_resident_is_starred_on_the_roster_only (res://test/test_demo_people_ui.gd:195)
         [4] _run_test (res://test/run_tests.gd:194)
         [5] _run_suite (res://test/run_tests.gd:168)
         [6] _run_suite (/home/runner/work/redwall-rts/redwall-rts/tools/ci_test_shard_runner.gd:30)
         [7] _run_worker (res://test/run_tests.gd:121)
         [8] _initialize (res://test/run_tests.gd:108)
EXPECTED WARNING: demo cast: badger_quarryman has no loadable body; using a placeholder
     at: push_warning (core/variant/variant_utility.cpp:1033)
     GDScript backtrace (most recent call first):
         [0] setup_creature (res://demo/cast/demo_actor.gd:211)
         [1] build (res://demo/cast/demo_cast.gd:159)
         [2] _rig (res://test/test_demo_people_ui.gd:88)
         [3] test_a_notable_resident_is_starred_on_the_roster_only (res://test/test_demo_people_ui.gd:195)
         [4] _run_test (res://test/run_tests.gd:194)
         [5] _run_suite (res://test/run_tests.gd:168)
         [6] _run_suite (/home/runner/work/redwall-rts/redwall-rts/tools/ci_test_shard_runner.gd:30)
         [7] _run_worker (res://test/run_tests.gd:121)
         [8] _initialize (res://test/run_tests.gd:108)
EXPECTED WARNING: demo cast: beaver_bridgewright has no loadable body; using a placeholder
     at: push_warning (core/variant/variant_utility.cpp:1033)
     GDScript backtrace (most recent call first):
         [0] setup_creature (res://demo/cast/demo_actor.gd:211)
         [1] build (res://demo/cast/demo_cast.gd:159)
         [2] _rig (res://test/test_demo_people_ui.gd:88)
         [3] test_a_notable_resident_is_starred_on_the_roster_only (res://test/test_demo_people_ui.gd:195)
         [4] _run_test (res://test/run_tests.gd:194)
         [5] _run_suite (res://test/run_tests.gd:168)
         [6] _run_suite (/home/runner/work/redwall-rts/redwall-rts/tools/ci_test_shard_runner.gd:30)
         [7] _run_worker (res://test/run_tests.gd:121)
         [8] _initialize (res://test/run_tests.gd:108)
  PASS  test_a_notable_resident_is_starred_on_the_roster_only
EXPECTED WARNING: demo cast: mouse_keeper has no loadable body; using a placeholder
     at: push_warning (core/variant/variant_utility.cpp:1033)
     GDScript backtrace (most recent call first):
         [0] setup_creature (res://demo/cast/demo_actor.gd:211)
         [1] build (res://demo/cast/demo_cast.gd:159)
         [2] _rig (res://test/test_demo_people_ui.gd:88)
         [3] test_the_inspector_shows_skills_as_meters_and_keeps_details_optional (res://test/test_demo_people_ui.gd:209)
         [4] _run_test (res://test/run_tests.gd:194)
         [5] _run_suite (res://test/run_tests.gd:168)
         [6] _run_suite (/home/runner/work/redwall-rts/redwall-rts/tools/ci_test_shard_runner.gd:30)
         [7] _run_worker (res://test/run_tests.gd:121)
         [8] _initialize (res://test/run_tests.gd:108)
EXPECTED WARNING: demo cast: mouse_fieldworker has no loadable body; using a placeholder
     at: push_warning (core/variant/variant_utility.cpp:1033)
     GDScript backtrace (most recent call first):
         [0] setup_creature (res://demo/cast/demo_actor.gd:211)
         [1] build (res://demo/cast/demo_cast.gd:159)
         [2] _rig (res://test/test_demo_people_ui.gd:88)
         [3] test_the_inspector_shows_skills_as_meters_and_keeps_details_optional (res://test/test_demo_people_ui.gd:209)
         [4] _run_test (res://test/run_tests.gd:194)
         [5] _run_suite (res://test/run_tests.gd:168)
         [6] _run_suite (/home/runner/work/redwall-rts/redwall-rts/tools/ci_test_shard_runner.gd:30)
         [7] _run_worker (res://test/run_tests.gd:121)
         [8] _initialize (res://test/run_tests.gd:108)
EXPECTED WARNING: demo cast: squirrel_gatherer has no loadable body; using a placeholder
     at: push_warning (core/variant/variant_utility.cpp:1033)
     GDScript backtrace (most recent call first):
         [0] setup_creature (res://demo/cast/demo_actor.gd:211)
         [1] build (res://demo/cast/demo_cast.gd:159)
         [2] _rig (res://test/test_demo_people_ui.gd:88)
         [3] test_the_inspector_shows_skills_as_meters_and_keeps_details_optional (res://test/test_demo_people_ui.gd:209)
         [4] _run_test (res://test/run_tests.gd:194)
         [5] _run_suite (res://test/run_tests.gd:168)
         [6] _run_suite (/home/runner/work/redwall-rts/redwall-rts/tools/ci_test_shard_runner.gd:30)
         [7] _run_worker (res://test/run_tests.gd:121)
         [8] _initialize (res://test/run_tests.gd:108)
EXPECTED WARNING: demo cast: squirrel_forester has no loadable body; using a placeholder
     at: push_warning (core/variant/variant_utility.cpp:1033)
     GDScript backtrace (most recent call first):
         [0] setup_creature (res://demo/cast/demo_actor.gd:211)
         [1] build (res://demo/cast/demo_cast.gd:159)
         [2] _rig (res://test/test_demo_people_ui.gd:88)
         [3] test_the_inspector_shows_skills_as_meters_and_keeps_details_optional (res://test/test_demo_people_ui.gd:209)
         [4] _run_test (res://test/run_tests.gd:194)
         [5] _run_suite (res://test/run_tests.gd:168)
         [6] _run_suite (/home/runner/work/redwall-rts/redwall-rts/tools/ci_test_shard_runner.gd:30)
         [7] _run_worker (res://test/run_tests.gd:121)
         [8] _initialize (res://test/run_tests.gd:108)
EXPECTED WARNING: demo cast: otter_boatwright has no loadable body; using a placeholder
     at: push_warning (core/variant/variant_utility.cpp:1033)
     GDScript backtrace (most recent call first):
         [0] setup_creature (res://demo/cast/demo_actor.gd:211)
         [1] build (res://demo/cast/demo_cast.gd:159)
         [2] _rig (res://test/test_demo_people_ui.gd:88)
         [3] test_the_inspector_shows_skills_as_meters_and_keeps_details_optional (res://test/test_demo_people_ui.gd:209)
         [4] _run_test (res://test/run_tests.gd:194)
         [5] _run_suite (res://test/run_tests.gd:168)
         [6] _run_suite (/home/runner/work/redwall-rts/redwall-rts/tools/ci_test_shard_runner.gd:30)
         [7] _run_worker (res://test/run_tests.gd:121)
         [8] _initialize (res://test/run_tests.gd:108)
EXPECTED WARNING: demo cast: otter_fisher has no loadable body; using a placeholder
     at: push_warning (core/variant/variant_utility.cpp:1033)
     GDScript backtrace (most recent call first):
         [0] setup_creature (res://demo/cast/demo_actor.gd:211)
         [1] build (res://demo/cast/demo_cast.gd:159)
         [2] _rig (res://test/test_demo_people_ui.gd:88)
         [3] test_the_inspector_shows_skills_as_meters_and_keeps_details_optional (res://test/test_demo_people_ui.gd:209)
         [4] _run_test (res://test/run_tests.gd:194)
         [5] _run_suite (res://test/run_tests.gd:168)
         [6] _run_suite (/home/runner/work/redwall-rts/redwall-rts/tools/ci_test_shard_runner.gd:30)
         [7] _run_worker (res://test/run_tests.gd:121)
         [8] _initialize (res://test/run_tests.gd:108)
EXPECTED WARNING: demo cast: mole_digger has no loadable body; using a placeholder
     at: push_warning (core/variant/variant_utility.cpp:1033)
     GDScript backtrace (most recent call first):
         [0] setup_creature (res://demo/cast/demo_actor.gd:211)
         [1] build (res://demo/cast/demo_cast.gd:159)
         [2] _rig (res://test/test_demo_people_ui.gd:88)
         [3] test_the_inspector_shows_skills_as_meters_and_keeps_details_optional (res://test/test_demo_people_ui.gd:209)
         [4] _run_test (res://test/run_tests.gd:194)
         [5] _run_suite (res://test/run_tests.gd:168)
         [6] _run_suite (/home/runner/work/redwall-rts/redwall-rts/tools/ci_test_shard_runner.gd:30)
         [7] _run_worker (res://test/run_tests.gd:121)
         [8] _initialize (res://test/run_tests.gd:108)
EXPECTED WARNING: demo cast: badger_quarryman has no loadable body; using a placeholder
     at: push_warning (core/variant/variant_utility.cpp:1033)
     GDScript backtrace (most recent call first):
         [0] setup_creature (res://demo/cast/demo_actor.gd:211)
         [1] build (res://demo/cast/demo_cast.gd:159)
         [2] _rig (res://test/test_demo_people_ui.gd:88)
         [3] test_the_inspector_shows_skills_as_meters_and_keeps_details_optional (res://test/test_demo_people_ui.gd:209)
         [4] _run_test (res://test/run_tests.gd:194)
         [5] _run_suite (res://test/run_tests.gd:168)
         [6] _run_suite (/home/runner/work/redwall-rts/redwall-rts/tools/ci_test_shard_runner.gd:30)
         [7] _run_worker (res://test/run_tests.gd:121)
         [8] _initialize (res://test/run_tests.gd:108)
EXPECTED WARNING: demo cast: beaver_bridgewright has no loadable body; using a placeholder
     at: push_warning (core/variant/variant_utility.cpp:1033)
     GDScript backtrace (most recent call first):
         [0] setup_creature (res://demo/cast/demo_actor.gd:211)
         [1] build (res://demo/cast/demo_cast.gd:159)
         [2] _rig (res://test/test_demo_people_ui.gd:88)
         [3] test_the_inspector_shows_skills_as_meters_and_keeps_details_optional (res://test/test_demo_people_ui.gd:209)
         [4] _run_test (res://test/run_tests.gd:194)
         [5] _run_suite (res://test/run_tests.gd:168)
         [6] _run_suite (/home/runner/work/redwall-rts/redwall-rts/tools/ci_test_shard_runner.gd:30)
         [7] _run_worker (res://test/run_tests.gd:121)
         [8] _initialize (res://test/run_tests.gd:108)
  PASS  test_the_inspector_shows_skills_as_meters_and_keeps_details_optional
EXPECTED WARNING: demo cast: mouse_keeper has no loadable body; using a placeholder
     at: push_warning (core/variant/variant_utility.cpp:1033)
     GDScript backtrace (most recent call first):
         [0] setup_creature (res://demo/cast/demo_actor.gd:211)
         [1] build (res://demo/cast/demo_cast.gd:159)
         [2] _rig (res://test/test_demo_people_ui.gd:88)
         [3] test_moments_go_to_their_place_and_person (res://test/test_demo_people_ui.gd:238)
         [4] _run_test (res://test/run_tests.gd:194)
         [5] _run_suite (res://test/run_tests.gd:168)
         [6] _run_suite (/home/runner/work/redwall-rts/redwall-rts/tools/ci_test_shard_runner.gd:30)
         [7] _run_worker (res://test/run_tests.gd:121)
         [8] _initialize (res://test/run_tests.gd:108)
EXPECTED WARNING: demo cast: mouse_fieldworker has no loadable body; using a placeholder
     at: push_warning (core/variant/variant_utility.cpp:1033)
     GDScript backtrace (most recent call first):
         [0] setup_creature (res://demo/cast/demo_actor.gd:211)
         [1] build (res://demo/cast/demo_cast.gd:159)
         [2] _rig (res://test/test_demo_people_ui.gd:88)
         [3] test_moments_go_to_their_place_and_person (res://test/test_demo_people_ui.gd:238)
         [4] _run_test (res://test/run_tests.gd:194)
         [5] _run_suite (res://test/run_tests.gd:168)
         [6] _run_suite (/home/runner/work/redwall-rts/redwall-rts/tools/ci_test_shard_runner.gd:30)
         [7] _run_worker (res://test/run_tests.gd:121)
         [8] _initialize (res://test/run_tests.gd:108)
EXPECTED WARNING: demo cast: squirrel_gatherer has no loadable body; using a placeholder
     at: push_warning (core/variant/variant_utility.cpp:1033)
     GDScript backtrace (most recent call first):
         [0] setup_creature (res://demo/cast/demo_actor.gd:211)
         [1] build (res://demo/cast/demo_cast.gd:159)
         [2] _rig (res://test/test_demo_people_ui.gd:88)
         [3] test_moments_go_to_their_place_and_person (res://test/test_demo_people_ui.gd:238)
         [4] _run_test (res://test/run_tests.gd:194)
         [5] _run_suite (res://test/run_tests.gd:168)
         [6] _run_suite (/home/runner/work/redwall-rts/redwall-rts/tools/ci_test_shard_runner.gd:30)
         [7] _run_worker (res://test/run_tests.gd:121)
         [8] _initialize (res://test/run_tests.gd:108)
EXPECTED WARNING: demo cast: squirrel_forester has no loadable body; using a placeholder
     at: push_warning (core/variant/variant_utility.cpp:1033)
     GDScript backtrace (most recent call first):
         [0] setup_creature (res://demo/cast/demo_actor.gd:211)
         [1] build (res://demo/cast/demo_cast.gd:159)
         [2] _rig (res://test/test_demo_people_ui.gd:88)
         [3] test_moments_go_to_their_place_and_person (res://test/test_demo_people_ui.gd:238)
         [4] _run_test (res://test/run_tests.gd:194)
         [5] _run_suite (res://test/run_tests.gd:168)
         [6] _run_suite (/home/runner/work/redwall-rts/redwall-rts/tools/ci_test_shard_runner.gd:30)
         [7] _run_worker (res://test/run_tests.gd:121)
         [8] _initialize (res://test/run_tests.gd:108)
EXPECTED WARNING: demo cast: otter_boatwright has no loadable body; using a placeholder
     at: push_warning (core/variant/variant_utility.cpp:1033)
     GDScript backtrace (most recent call first):
         [0] setup_creature (res://demo/cast/demo_actor.gd:211)
         [1] build (res://demo/cast/demo_cast.gd:159)
         [2] _rig (res://test/test_demo_people_ui.gd:88)
         [3] test_moments_go_to_their_place_and_person (res://test/test_demo_people_ui.gd:238)
         [4] _run_test (res://test/run_tests.gd:194)
         [5] _run_suite (res://test/run_tests.gd:168)
         [6] _run_suite (/home/runner/work/redwall-rts/redwall-rts/tools/ci_test_shard_runner.gd:30)
         [7] _run_worker (res://test/run_tests.gd:121)
         [8] _initialize (res://test/run_tests.gd:108)
EXPECTED WARNING: demo cast: otter_fisher has no loadable body; using a placeholder
     at: push_warning (core/variant/variant_utility.cpp:1033)
     GDScript backtrace (most recent call first):
         [0] setup_creature (res://demo/cast/demo_actor.gd:211)
         [1] build (res://demo/cast/demo_cast.gd:159)
         [2] _rig (res://test/test_demo_people_ui.gd:88)
         [3] test_moments_go_to_their_place_and_person (res://test/test_demo_people_ui.gd:238)
         [4] _run_test (res://test/run_tests.gd:194)
         [5] _run_suite (res://test/run_tests.gd:168)
         [6] _run_suite (/home/runner/work/redwall-rts/redwall-rts/tools/ci_test_shard_runner.gd:30)
         [7] _run_worker (res://test/run_tests.gd:121)
         [8] _initialize (res://test/run_tests.gd:108)
EXPECTED WARNING: demo cast: mole_digger has no loadable body; using a placeholder
     at: push_warning (core/variant/variant_utility.cpp:1033)
     GDScript backtrace (most recent call first):
         [0] setup_creature (res://demo/cast/demo_actor.gd:211)
         [1] build (res://demo/cast/demo_cast.gd:159)
         [2] _rig (res://test/test_demo_people_ui.gd:88)
         [3] test_moments_go_to_their_place_and_person (res://test/test_demo_people_ui.gd:238)
         [4] _run_test (res://test/run_tests.gd:194)
         [5] _run_suite (res://test/run_tests.gd:168)
         [6] _run_suite (/home/runner/work/redwall-rts/redwall-rts/tools/ci_test_shard_runner.gd:30)
         [7] _run_worker (res://test/run_tests.gd:121)
         [8] _initialize (res://test/run_tests.gd:108)
EXPECTED WARNING: demo cast: badger_quarryman has no loadable body; using a placeholder
     at: push_warning (core/variant/variant_utility.cpp:1033)
     GDScript backtrace (most recent call first):
         [0] setup_creature (res://demo/cast/demo_actor.gd:211)
         [1] build (res://demo/cast/demo_cast.gd:159)
         [2] _rig (res://test/test_demo_people_ui.gd:88)
         [3] test_moments_go_to_their_place_and_person (res://test/test_demo_people_ui.gd:238)
         [4] _run_test (res://test/run_tests.gd:194)
         [5] _run_suite (res://test/run_tests.gd:168)
         [6] _run_suite (/home/runner/work/redwall-rts/redwall-rts/tools/ci_test_shard_runner.gd:30)
         [7] _run_worker (res://test/run_tests.gd:121)
         [8] _initialize (res://test/run_tests.gd:108)
EXPECTED WARNING: demo cast: beaver_bridgewright has no loadable body; using a placeholder
     at: push_warning (core/variant/variant_utility.cpp:1033)
     GDScript backtrace (most recent call first):
         [0] setup_creature (res://demo/cast/demo_actor.gd:211)
         [1] build (res://demo/cast/demo_cast.gd:159)
         [2] _rig (res://test/test_demo_people_ui.gd:88)
         [3] test_moments_go_to_their_place_and_person (res://test/test_demo_people_ui.gd:238)
         [4] _run_test (res://test/run_tests.gd:194)
         [5] _run_suite (res://test/run_tests.gd:168)
         [6] _run_suite (/home/runner/work/redwall-rts/redwall-rts/tools/ci_test_shard_runner.gd:30)
         [7] _run_worker (res://test/run_tests.gd:121)
         [8] _initialize (res://test/run_tests.gd:108)
  PASS  test_moments_go_to_their_place_and_person
EXPECTED WARNING: demo cast: mouse_keeper has no loadable body; using a placeholder
     at: push_warning (core/variant/variant_utility.cpp:1033)
     GDScript backtrace (most recent call first):
         [0] setup_creature (res://demo/cast/demo_actor.gd:211)
         [1] build (res://demo/cast/demo_cast.gd:159)
         [2] _rig (res://test/test_demo_people_ui.gd:88)
         [3] test_the_notable_pin_in_the_inspector (res://test/test_demo_people_ui.gd:277)
         [4] _run_test (res://test/run_tests.gd:194)
         [5] _run_suite (res://test/run_tests.gd:168)
         [6] _run_suite (/home/runner/work/redwall-rts/redwall-rts/tools/ci_test_shard_runner.gd:30)
         [7] _run_worker (res://test/run_tests.gd:121)
         [8] _initialize (res://test/run_tests.gd:108)
EXPECTED WARNING: demo cast: mouse_fieldworker has no loadable body; using a placeholder
     at: push_warning (core/variant/variant_utility.cpp:1033)
     GDScript backtrace (most recent call first):
         [0] setup_creature (res://demo/cast/demo_actor.gd:211)
         [1] build (res://demo/cast/demo_cast.gd:159)
         [2] _rig (res://test/test_demo_people_ui.gd:88)
         [3] test_the_notable_pin_in_the_inspector (res://test/test_demo_people_ui.gd:277)
         [4] _run_test (res://test/run_tests.gd:194)
         [5] _run_suite (res://test/run_tests.gd:168)
         [6] _run_suite (/home/runner/work/redwall-rts/redwall-rts/tools/ci_test_shard_runner.gd:30)
         [7] _run_worker (res://test/run_tests.gd:121)
         [8] _initialize (res://test/run_tests.gd:108)
EXPECTED WARNING: demo cast: squirrel_gatherer has no loadable body; using a placeholder
     at: push_warning (core/variant/variant_utility.cpp:1033)
     GDScript backtrace (most recent call first):
         [0] setup_creature (res://demo/cast/demo_actor.gd:211)
         [1] build (res://demo/cast/demo_cast.gd:159)
         [2] _rig (res://test/test_demo_people_ui.gd:88)
         [3] test_the_notable_pin_in_the_inspector (res://test/test_demo_people_ui.gd:277)
         [4] _run_test (res://test/run_tests.gd:194)
         [5] _run_suite (res://test/run_tests.gd:168)
         [6] _run_suite (/home/runner/work/redwall-rts/redwall-rts/tools/ci_test_shard_runner.gd:30)
         [7] _run_worker (res://test/run_tests.gd:121)
         [8] _initialize (res://test/run_tests.gd:108)
EXPECTED WARNING: demo cast: squirrel_forester has no loadable body; using a placeholder
     at: push_warning (core/variant/variant_utility.cpp:1033)
     GDScript backtrace (most recent call first):
         [0] setup_creature (res://demo/cast/demo_actor.gd:211)
         [1] build (res://demo/cast/demo_cast.gd:159)
         [2] _rig (res://test/test_demo_people_ui.gd:88)
         [3] test_the_notable_pin_in_the_inspector (res://test/test_demo_people_ui.gd:277)
         [4] _run_test (res://test/run_tests.gd:194)
         [5] _run_suite (res://test/run_tests.gd:168)
         [6] _run_suite (/home/runner/work/redwall-rts/redwall-rts/tools/ci_test_shard_runner.gd:30)
         [7] _run_worker (res://test/run_tests.gd:121)
         [8] _initialize (res://test/run_tests.gd:108)
EXPECTED WARNING: demo cast: otter_boatwright has no loadable body; using a placeholder
     at: push_warning (core/variant/variant_utility.cpp:1033)
     GDScript backtrace (most recent call first):
         [0] setup_creature (res://demo/cast/demo_actor.gd:211)
         [1] build (res://demo/cast/demo_cast.gd:159)
         [2] _rig (res://test/test_demo_people_ui.gd:88)
         [3] test_the_notable_pin_in_the_inspector (res://test/test_demo_people_ui.gd:277)
         [4] _run_test (res://test/run_tests.gd:194)
         [5] _run_suite (res://test/run_tests.gd:168)
         [6] _run_suite (/home/runner/work/redwall-rts/redwall-rts/tools/ci_test_shard_runner.gd:30)
         [7] _run_worker (res://test/run_tests.gd:121)
         [8] _initialize (res://test/run_tests.gd:108)
EXPECTED WARNING: demo cast: otter_fisher has no loadable body; using a placeholder
     at: push_warning (core/variant/variant_utility.cpp:1033)
     GDScript backtrace (most recent call first):
         [0] setup_creature (res://demo/cast/demo_actor.gd:211)
         [1] build (res://demo/cast/demo_cast.gd:159)
         [2] _rig (res://test/test_demo_people_ui.gd:88)
         [3] test_the_notable_pin_in_the_inspector (res://test/test_demo_people_ui.gd:277)
         [4] _run_test (res://test/run_tests.gd:194)
         [5] _run_suite (res://test/run_tests.gd:168)
         [6] _run_suite (/home/runner/work/redwall-rts/redwall-rts/tools/ci_test_shard_runner.gd:30)
         [7] _run_worker (res://test/run_tests.gd:121)
         [8] _initialize (res://test/run_tests.gd:108)
EXPECTED WARNING: demo cast: mole_digger has no loadable body; using a placeholder
     at: push_warning (core/variant/variant_utility.cpp:1033)
     GDScript backtrace (most recent call first):
         [0] setup_creature (res://demo/cast/demo_actor.gd:211)
         [1] build (res://demo/cast/demo_cast.gd:159)
         [2] _rig (res://test/test_demo_people_ui.gd:88)
         [3] test_the_notable_pin_in_the_inspector (res://test/test_demo_people_ui.gd:277)
         [4] _run_test (res://test/run_tests.gd:194)
         [5] _run_suite (res://test/run_tests.gd:168)
         [6] _run_suite (/home/runner/work/redwall-rts/redwall-rts/tools/ci_test_shard_runner.gd:30)
         [7] _run_worker (res://test/run_tests.gd:121)
         [8] _initialize (res://test/run_tests.gd:108)
EXPECTED WARNING: demo cast: badger_quarryman has no loadable body; using a placeholder
     at: push_warning (core/variant/variant_utility.cpp:1033)
     GDScript backtrace (most recent call first):
         [0] setup_creature (res://demo/cast/demo_actor.gd:211)
         [1] build (res://demo/cast/demo_cast.gd:159)
         [2] _rig (res://test/test_demo_people_ui.gd:88)
         [3] test_the_notable_pin_in_the_inspector (res://test/test_demo_people_ui.gd:277)
         [4] _run_test (res://test/run_tests.gd:194)
         [5] _run_suite (res://test/run_tests.gd:168)
         [6] _run_suite (/home/runner/work/redwall-rts/redwall-rts/tools/ci_test_shard_runner.gd:30)
         [7] _run_worker (res://test/run_tests.gd:121)
         [8] _initialize (res://test/run_tests.gd:108)
EXPECTED WARNING: demo cast: beaver_bridgewright has no loadable body; using a placeholder
     at: push_warning (core/variant/variant_utility.cpp:1033)
     GDScript backtrace (most recent call first):
         [0] setup_creature (res://demo/cast/demo_actor.gd:211)
         [1] build (res://demo/cast/demo_cast.gd:159)
         [2] _rig (res://test/test_demo_people_ui.gd:88)
         [3] test_the_notable_pin_in_the_inspector (res://test/test_demo_people_ui.gd:277)
         [4] _run_test (res://test/run_tests.gd:194)
         [5] _run_suite (res://test/run_tests.gd:168)
         [6] _run_suite (/home/runner/work/redwall-rts/redwall-rts/tools/ci_test_shard_runner.gd:30)
         [7] _run_worker (res://test/run_tests.gd:121)
         [8] _initialize (res://test/run_tests.gd:108)
  PASS  test_the_notable_pin_in_the_inspector
EXPECTED WARNING: demo cast: mouse_keeper has no loadable body; using a placeholder
     at: push_warning (core/variant/variant_utility.cpp:1033)
     GDScript backtrace (most recent call first):
         [0] setup_creature (res://demo/cast/demo_actor.gd:211)
         [1] build (res://demo/cast/demo_cast.gd:159)
         [2] _rig (res://test/test_demo_people_ui.gd:88)
         [3] test_why_names_the_owner_that_has_the_resident (res://test/test_demo_people_ui.gd:295)
         [4] _run_test (res://test/run_tests.gd:194)
         [5] _run_suite (res://test/run_tests.gd:168)
         [6] _run_suite (/home/runner/work/redwall-rts/redwall-rts/tools/ci_test_shard_runner.gd:30)
         [7] _run_worker (res://test/run_tests.gd:121)
         [8] _initialize (res://test/run_tests.gd:108)
EXPECTED WARNING: demo cast: mouse_fieldworker has no loadable body; using a placeholder
     at: push_warning (core/variant/variant_utility.cpp:1033)
     GDScript backtrace (most recent call first):
         [0] setup_creature (res://demo/cast/demo_actor.gd:211)
         [1] build (res://demo/cast/demo_cast.gd:159)
         [2] _rig (res://test/test_demo_people_ui.gd:88)
         [3] test_why_names_the_owner_that_has_the_resident (res://test/test_demo_people_ui.gd:295)
         [4] _run_test (res://test/run_tests.gd:194)
         [5] _run_suite (res://test/run_tests.gd:168)
         [6] _run_suite (/home/runner/work/redwall-rts/redwall-rts/tools/ci_test_shard_runner.gd:30)
         [7] _run_worker (res://test/run_tests.gd:121)
         [8] _initialize (res://test/run_tests.gd:108)
EXPECTED WARNING: demo cast: squirrel_gatherer has no loadable body; using a placeholder
     at: push_warning (core/variant/variant_utility.cpp:1033)
     GDScript backtrace (most recent call first):
         [0] setup_creature (res://demo/cast/demo_actor.gd:211)
         [1] build (res://demo/cast/demo_cast.gd:159)
         [2] _rig (res://test/test_demo_people_ui.gd:88)
         [3] test_why_names_the_owner_that_has_the_resident (res://test/test_demo_people_ui.gd:295)
         [4] _run_test (res://test/run_tests.gd:194)
         [5] _run_suite (res://test/run_tests.gd:168)
         [6] _run_suite (/home/runner/work/redwall-rts/redwall-rts/tools/ci_test_shard_runner.gd:30)
         [7] _run_worker (res://test/run_tests.gd:121)
         [8] _initialize (res://test/run_tests.gd:108)
EXPECTED WARNING: demo cast: squirrel_forester has no loadable body; using a placeholder
     at: push_warning (core/variant/variant_utility.cpp:1033)
     GDScript backtrace (most recent call first):
         [0] setup_creature (res://demo/cast/demo_actor.gd:211)
         [1] build (res://demo/cast/demo_cast.gd:159)
         [2] _rig (res://test/test_demo_people_ui.gd:88)
         [3] test_why_names_the_owner_that_has_the_resident (res://test/test_demo_people_ui.gd:295)
         [4] _run_test (res://test/run_tests.gd:194)
         [5] _run_suite (res://test/run_tests.gd:168)
         [6] _run_suite (/home/runner/work/redwall-rts/redwall-rts/tools/ci_test_shard_runner.gd:30)
         [7] _run_worker (res://test/run_tests.gd:121)
         [8] _initialize (res://test/run_tests.gd:108)
EXPECTED WARNING: demo cast: otter_boatwright has no loadable body; using a placeholder
     at: push_warning (core/variant/variant_utility.cpp:1033)
     GDScript backtrace (most recent call first):
         [0] setup_creature (res://demo/cast/demo_actor.gd:211)
         [1] build (res://demo/cast/demo_cast.gd:159)
         [2] _rig (res://test/test_demo_people_ui.gd:88)
         [3] test_why_names_the_owner_that_has_the_resident (res://test/test_demo_people_ui.gd:295)
         [4] _run_test (res://test/run_tests.gd:194)
         [5] _run_suite (res://test/run_tests.gd:168)
         [6] _run_suite (/home/runner/work/redwall-rts/redwall-rts/tools/ci_test_shard_runner.gd:30)
         [7] _run_worker (res://test/run_tests.gd:121)
         [8] _initialize (res://test/run_tests.gd:108)
EXPECTED WARNING: demo cast: otter_fisher has no loadable body; using a placeholder
     at: push_warning (core/variant/variant_utility.cpp:1033)
     GDScript backtrace (most recent call first):
         [0] setup_creature (res://demo/cast/demo_actor.gd:211)
         [1] build (res://demo/cast/demo_cast.gd:159)
         [2] _rig (res://test/test_demo_people_ui.gd:88)
         [3] test_why_names_the_owner_that_has_the_resident (res://test/test_demo_people_ui.gd:295)
         [4] _run_test (res://test/run_tests.gd:194)
         [5] _run_suite (res://test/run_tests.gd:168)
         [6] _run_suite (/home/runner/work/redwall-rts/redwall-rts/tools/ci_test_shard_runner.gd:30)
         [7] _run_worker (res://test/run_tests.gd:121)
         [8] _initialize (res://test/run_tests.gd:108)
EXPECTED WARNING: demo cast: mole_digger has no loadable body; using a placeholder
     at: push_warning (core/variant/variant_utility.cpp:1033)
     GDScript backtrace (most recent call first):
         [0] setup_creature (res://demo/cast/demo_actor.gd:211)
         [1] build (res://demo/cast/demo_cast.gd:159)
         [2] _rig (res://test/test_demo_people_ui.gd:88)
         [3] test_why_names_the_owner_that_has_the_resident (res://test/test_demo_people_ui.gd:295)
         [4] _run_test (res://test/run_tests.gd:194)
         [5] _run_suite (res://test/run_tests.gd:168)
         [6] _run_suite (/home/runner/work/redwall-rts/redwall-rts/tools/ci_test_shard_runner.gd:30)
         [7] _run_worker (res://test/run_tests.gd:121)
         [8] _initialize (res://test/run_tests.gd:108)
EXPECTED WARNING: demo cast: badger_quarryman has no loadable body; using a placeholder
     at: push_warning (core/variant/variant_utility.cpp:1033)
     GDScript backtrace (most recent call first):
         [0] setup_creature (res://demo/cast/demo_actor.gd:211)
         [1] build (res://demo/cast/demo_cast.gd:159)
         [2] _rig (res://test/test_demo_people_ui.gd:88)
         [3] test_why_names_the_owner_that_has_the_resident (res://test/test_demo_people_ui.gd:295)
         [4] _run_test (res://test/run_tests.gd:194)
         [5] _run_suite (res://test/run_tests.gd:168)
         [6] _run_suite (/home/runner/work/redwall-rts/redwall-rts/tools/ci_test_shard_runner.gd:30)
         [7] _run_worker (res://test/run_tests.gd:121)
         [8] _initialize (res://test/run_tests.gd:108)
EXPECTED WARNING: demo cast: beaver_bridgewright has no loadable body; using a placeholder
     at: push_warning (core/variant/variant_utility.cpp:1033)
     GDScript backtrace (most recent call first):
         [0] setup_creature (res://demo/cast/demo_actor.gd:211)
         [1] build (res://demo/cast/demo_cast.gd:159)
         [2] _rig (res://test/test_demo_people_ui.gd:88)
         [3] test_why_names_the_owner_that_has_the_resident (res://test/test_demo_people_ui.gd:295)
         [4] _run_test (res://test/run_tests.gd:194)
         [5] _run_suite (res://test/run_tests.gd:168)
         [6] _run_suite (/home/runner/work/redwall-rts/redwall-rts/tools/ci_test_shard_runner.gd:30)
         [7] _run_worker (res://test/run_tests.gd:121)
         [8] _initialize (res://test/run_tests.gd:108)
  PASS  test_why_names_the_owner_that_has_the_resident
EXPECTED WARNING: demo cast: mouse_keeper has no loadable body; using a placeholder
     at: push_warning (core/variant/variant_utility.cpp:1033)
     GDScript backtrace (most recent call first):
         [0] setup_creature (res://demo/cast/demo_actor.gd:211)
         [1] build (res://demo/cast/demo_cast.gd:159)
         [2] _rig (res://test/test_demo_people_ui.gd:88)
         [3] test_a_distinctive_deed_offers_a_spotlight_once_and_pinning_changes_nothing_else (res://test/test_demo_people_ui.gd:322)
         [4] _run_test (res://test/run_tests.gd:194)
         [5] _run_suite (res://test/run_tests.gd:168)
         [6] _run_suite (/home/runner/work/redwall-rts/redwall-rts/tools/ci_test_shard_runner.gd:30)
         [7] _run_worker (res://test/run_tests.gd:121)
         [8] _initialize (res://test/run_tests.gd:108)
EXPECTED WARNING: demo cast: mouse_fieldworker has no loadable body; using a placeholder
     at: push_warning (core/variant/variant_utility.cpp:1033)
     GDScript backtrace (most recent call first):
         [0] setup_creature (res://demo/cast/demo_actor.gd:211)
         [1] build (res://demo/cast/demo_cast.gd:159)
         [2] _rig (res://test/test_demo_people_ui.gd:88)
         [3] test_a_distinctive_deed_offers_a_spotlight_once_and_pinning_changes_nothing_else (res://test/test_demo_people_ui.gd:322)
         [4] _run_test (res://test/run_tests.gd:194)
         [5] _run_suite (res://test/run_tests.gd:168)
         [6] _run_suite (/home/runner/work/redwall-rts/redwall-rts/tools/ci_test_shard_runner.gd:30)
         [7] _run_worker (res://test/run_tests.gd:121)
         [8] _initialize (res://test/run_tests.gd:108)
EXPECTED WARNING: demo cast: squirrel_gatherer has no loadable body; using a placeholder
     at: push_warning (core/variant/variant_utility.cpp:1033)
     GDScript backtrace (most recent call first):
         [0] setup_creature (res://demo/cast/demo_actor.gd:211)
         [1] build (res://demo/cast/demo_cast.gd:159)
         [2] _rig (res://test/test_demo_people_ui.gd:88)
         [3] test_a_distinctive_deed_offers_a_spotlight_once_and_pinning_changes_nothing_else (res://test/test_demo_people_ui.gd:322)
         [4] _run_test (res://test/run_tests.gd:194)
         [5] _run_suite (res://test/run_tests.gd:168)
         [6] _run_suite (/home/runner/work/redwall-rts/redwall-rts/tools/ci_test_shard_runner.gd:30)
         [7] _run_worker (res://test/run_tests.gd:121)
         [8] _initialize (res://test/run_tests.gd:108)
EXPECTED WARNING: demo cast: squirrel_forester has no loadable body; using a placeholder
     at: push_warning (core/variant/variant_utility.cpp:1033)
     GDScript backtrace (most recent call first):
         [0] setup_creature (res://demo/cast/demo_actor.gd:211)
         [1] build (res://demo/cast/demo_cast.gd:159)
         [2] _rig (res://test/test_demo_people_ui.gd:88)
         [3] test_a_distinctive_deed_offers_a_spotlight_once_and_pinning_changes_nothing_else (res://test/test_demo_people_ui.gd:322)
         [4] _run_test (res://test/run_tests.gd:194)
         [5] _run_suite (res://test/run_tests.gd:168)
         [6] _run_suite (/home/runner/work/redwall-rts/redwall-rts/tools/ci_test_shard_runner.gd:30)
         [7] _run_worker (res://test/run_tests.gd:121)
         [8] _initialize (res://test/run_tests.gd:108)
EXPECTED WARNING: demo cast: otter_boatwright has no loadable body; using a placeholder
     at: push_warning (core/variant/variant_utility.cpp:1033)
     GDScript backtrace (most recent call first):
         [0] setup_creature (res://demo/cast/demo_actor.gd:211)
         [1] build (res://demo/cast/demo_cast.gd:159)
         [2] _rig (res://test/test_demo_people_ui.gd:88)
         [3] test_a_distinctive_deed_offers_a_spotlight_once_and_pinning_changes_nothing_else (res://test/test_demo_people_ui.gd:322)
         [4] _run_test (res://test/run_tests.gd:194)
         [5] _run_suite (res://test/run_tests.gd:168)
         [6] _run_suite (/home/runner/work/redwall-rts/redwall-rts/tools/ci_test_shard_runner.gd:30)
         [7] _run_worker (res://test/run_tests.gd:121)
         [8] _initialize (res://test/run_tests.gd:108)
EXPECTED WARNING: demo cast: otter_fisher has no loadable body; using a placeholder
     at: push_warning (core/variant/variant_utility.cpp:1033)
     GDScript backtrace (most recent call first):
         [0] setup_creature (res://demo/cast/demo_actor.gd:211)
         [1] build (res://demo/cast/demo_cast.gd:159)
         [2] _rig (res://test/test_demo_people_ui.gd:88)
         [3] test_a_distinctive_deed_offers_a_spotlight_once_and_pinning_changes_nothing_else (res://test/test_demo_people_ui.gd:322)
         [4] _run_test (res://test/run_tests.gd:194)
         [5] _run_suite (res://test/run_tests.gd:168)
         [6] _run_suite (/home/runner/work/redwall-rts/redwall-rts/tools/ci_test_shard_runner.gd:30)
         [7] _run_worker (res://test/run_tests.gd:121)
         [8] _initialize (res://test/run_tests.gd:108)
EXPECTED WARNING: demo cast: mole_digger has no loadable body; using a placeholder
     at: push_warning (core/variant/variant_utility.cpp:1033)
     GDScript backtrace (most recent call first):
         [0] setup_creature (res://demo/cast/demo_actor.gd:211)
         [1] build (res://demo/cast/demo_cast.gd:159)
         [2] _rig (res://test/test_demo_people_ui.gd:88)
         [3] test_a_distinctive_deed_offers_a_spotlight_once_and_pinning_changes_nothing_else (res://test/test_demo_people_ui.gd:322)
         [4] _run_test (res://test/run_tests.gd:194)
         [5] _run_suite (res://test/run_tests.gd:168)
         [6] _run_suite (/home/runner/work/redwall-rts/redwall-rts/tools/ci_test_shard_runner.gd:30)
         [7] _run_worker (res://test/run_tests.gd:121)
         [8] _initialize (res://test/run_tests.gd:108)
EXPECTED WARNING: demo cast: badger_quarryman has no loadable body; using a placeholder
     at: push_warning (core/variant/variant_utility.cpp:1033)
     GDScript backtrace (most recent call first):
         [0] setup_creature (res://demo/cast/demo_actor.gd:211)
         [1] build (res://demo/cast/demo_cast.gd:159)
         [2] _rig (res://test/test_demo_people_ui.gd:88)
         [3] test_a_distinctive_deed_offers_a_spotlight_once_and_pinning_changes_nothing_else (res://test/test_demo_people_ui.gd:322)
         [4] _run_test (res://test/run_tests.gd:194)
         [5] _run_suite (res://test/run_tests.gd:168)
         [6] _run_suite (/home/runner/work/redwall-rts/redwall-rts/tools/ci_test_shard_runner.gd:30)
         [7] _run_worker (res://test/run_tests.gd:121)
         [8] _initialize (res://test/run_tests.gd:108)
EXPECTED WARNING: demo cast: beaver_bridgewright has no loadable body; using a placeholder
     at: push_warning (core/variant/variant_utility.cpp:1033)
     GDScript backtrace (most recent call first):
         [0] setup_creature (res://demo/cast/demo_actor.gd:211)
         [1] build (res://demo/cast/demo_cast.gd:159)
         [2] _rig (res://test/test_demo_people_ui.gd:88)
         [3] test_a_distinctive_deed_offers_a_spotlight_once_and_pinning_changes_nothing_else (res://test/test_demo_people_ui.gd:322)
         [4] _run_test (res://test/run_tests.gd:194)
         [5] _run_suite (res://test/run_tests.gd:168)
         [6] _run_suite (/home/runner/work/redwall-rts/redwall-rts/tools/ci_test_shard_runner.gd:30)
         [7] _run_worker (res://test/run_tests.gd:121)
         [8] _initialize (res://test/run_tests.gd:108)
  PASS  test_a_distinctive_deed_offers_a_spotlight_once_and_pinning_changes_nothing_else
EXPECTED WARNING: demo cast: mouse_keeper has no loadable body; using a placeholder
     at: push_warning (core/variant/variant_utility.cpp:1033)
     GDScript backtrace (most recent call first):
         [0] setup_creature (res://demo/cast/demo_actor.gd:211)
         [1] build (res://demo/cast/demo_cast.gd:159)
         [2] _rig (res://test/test_demo_people_ui.gd:88)
         [3] test_offers_queue_and_yield_to_the_incident_card (res://test/test_demo_people_ui.gd:354)
         [4] _run_test (res://test/run_tests.gd:194)
         [5] _run_suite (res://test/run_tests.gd:168)
         [6] _run_suite (/home/runner/work/redwall-rts/redwall-rts/tools/ci_test_shard_runner.gd:30)
         [7] _run_worker (res://test/run_tests.gd:121)
         [8] _initialize (res://test/run_tests.gd:108)
EXPECTED WARNING: demo cast: mouse_fieldworker has no loadable body; using a placeholder
     at: push_warning (core/variant/variant_utility.cpp:1033)
     GDScript backtrace (most recent call first):
         [0] setup_creature (res://demo/cast/demo_actor.gd:211)
         [1] build (res://demo/cast/demo_cast.gd:159)
         [2] _rig (res://test/test_demo_people_ui.gd:88)
         [3] test_offers_queue_and_yield_to_the_incident_card (res://test/test_demo_people_ui.gd:354)
         [4] _run_test (res://test/run_tests.gd:194)
         [5] _run_suite (res://test/run_tests.gd:168)
         [6] _run_suite (/home/runner/work/redwall-rts/redwall-rts/tools/ci_test_shard_runner.gd:30)
         [7] _run_worker (res://test/run_tests.gd:121)
         [8] _initialize (res://test/run_tests.gd:108)
EXPECTED WARNING: demo cast: squirrel_gatherer has no loadable body; using a placeholder
     at: push_warning (core/variant/variant_utility.cpp:1033)
     GDScript backtrace (most recent call first):
         [0] setup_creature (res://demo/cast/demo_actor.gd:211)
         [1] build (res://demo/cast/demo_cast.gd:159)
         [2] _rig (res://test/test_demo_people_ui.gd:88)
         [3] test_offers_queue_and_yield_to_the_incident_card (res://test/test_demo_people_ui.gd:354)
         [4] _run_test (res://test/run_tests.gd:194)
         [5] _run_suite (res://test/run_tests.gd:168)
         [6] _run_suite (/home/runner/work/redwall-rts/redwall-rts/tools/ci_test_shard_runner.gd:30)
         [7] _run_worker (res://test/run_tests.gd:121)
         [8] _initialize (res://test/run_tests.gd:108)
EXPECTED WARNING: demo cast: squirrel_forester has no loadable body; using a placeholder
     at: push_warning (core/variant/variant_utility.cpp:1033)
     GDScript backtrace (most recent call first):
         [0] setup_creature (res://demo/cast/demo_actor.gd:211)
         [1] build (res://demo/cast/demo_cast.gd:159)
         [2] _rig (res://test/test_demo_people_ui.gd:88)
         [3] test_offers_queue_and_yield_to_the_incident_card (res://test/test_demo_people_ui.gd:354)
         [4] _run_test (res://test/run_tests.gd:194)
         [5] _run_suite (res://test/run_tests.gd:168)
         [6] _run_suite (/home/runner/work/redwall-rts/redwall-rts/tools/ci_test_shard_runner.gd:30)
         [7] _run_worker (res://test/run_tests.gd:121)
         [8] _initialize (res://test/run_tests.gd:108)
EXPECTED WARNING: demo cast: otter_boatwright has no loadable body; using a placeholder
     at: push_warning (core/variant/variant_utility.cpp:1033)
     GDScript backtrace (most recent call first):
         [0] setup_creature (res://demo/cast/demo_actor.gd:211)
         [1] build (res://demo/cast/demo_cast.gd:159)
         [2] _rig (res://test/test_demo_people_ui.gd:88)
         [3] test_offers_queue_and_yield_to_the_incident_card (res://test/test_demo_people_ui.gd:354)
         [4] _run_test (res://test/run_tests.gd:194)
         [5] _run_suite (res://test/run_tests.gd:168)
         [6] _run_suite (/home/runner/work/redwall-rts/redwall-rts/tools/ci_test_shard_runner.gd:30)
         [7] _run_worker (res://test/run_tests.gd:121)
         [8] _initialize (res://test/run_tests.gd:108)
EXPECTED WARNING: demo cast: otter_fisher has no loadable body; using a placeholder
     at: push_warning (core/variant/variant_utility.cpp:1033)
     GDScript backtrace (most recent call first):
         [0] setup_creature (res://demo/cast/demo_actor.gd:211)
         [1] build (res://demo/cast/demo_cast.gd:159)
         [2] _rig (res://test/test_demo_people_ui.gd:88)
         [3] test_offers_queue_and_yield_to_the_incident_card (res://test/test_demo_people_ui.gd:354)
         [4] _run_test (res://test/run_tests.gd:194)
         [5] _run_suite (res://test/run_tests.gd:168)
         [6] _run_suite (/home/runner/work/redwall-rts/redwall-rts/tools/ci_test_shard_runner.gd:30)
         [7] _run_worker (res://test/run_tests.gd:121)
         [8] _initialize (res://test/run_tests.gd:108)
EXPECTED WARNING: demo cast: mole_digger has no loadable body; using a placeholder
     at: push_warning (core/variant/variant_utility.cpp:1033)
     GDScript backtrace (most recent call first):
         [0] setup_creature (res://demo/cast/demo_actor.gd:211)
         [1] build (res://demo/cast/demo_cast.gd:159)
         [2] _rig (res://test/test_demo_people_ui.gd:88)
         [3] test_offers_queue_and_yield_to_the_incident_card (res://test/test_demo_people_ui.gd:354)
         [4] _run_test (res://test/run_tests.gd:194)
         [5] _run_suite (res://test/run_tests.gd:168)
         [6] _run_suite (/home/runner/work/redwall-rts/redwall-rts/tools/ci_test_shard_runner.gd:30)
         [7] _run_worker (res://test/run_tests.gd:121)
         [8] _initialize (res://test/run_tests.gd:108)
EXPECTED WARNING: demo cast: badger_quarryman has no loadable body; using a placeholder
     at: push_warning (core/variant/variant_utility.cpp:1033)
     GDScript backtrace (most recent call first):
         [0] setup_creature (res://demo/cast/demo_actor.gd:211)
         [1] build (res://demo/cast/demo_cast.gd:159)
         [2] _rig (res://test/test_demo_people_ui.gd:88)
         [3] test_offers_queue_and_yield_to_the_incident_card (res://test/test_demo_people_ui.gd:354)
         [4] _run_test (res://test/run_tests.gd:194)
         [5] _run_suite (res://test/run_tests.gd:168)
         [6] _run_suite (/home/runner/work/redwall-rts/redwall-rts/tools/ci_test_shard_runner.gd:30)
         [7] _run_worker (res://test/run_tests.gd:121)
         [8] _initialize (res://test/run_tests.gd:108)
EXPECTED WARNING: demo cast: beaver_bridgewright has no loadable body; using a placeholder
     at: push_warning (core/variant/variant_utility.cpp:1033)
     GDScript backtrace (most recent call first):
         [0] setup_creature (res://demo/cast/demo_actor.gd:211)
         [1] build (res://demo/cast/demo_cast.gd:159)
         [2] _rig (res://test/test_demo_people_ui.gd:88)
         [3] test_offers_queue_and_yield_to_the_incident_card (res://test/test_demo_people_ui.gd:354)
         [4] _run_test (res://test/run_tests.gd:194)
         [5] _run_suite (res://test/run_tests.gd:168)
         [6] _run_suite (/home/runner/work/redwall-rts/redwall-rts/tools/ci_test_shard_runner.gd:30)
         [7] _run_worker (res://test/run_tests.gd:121)
         [8] _initialize (res://test/run_tests.gd:108)
  PASS  test_offers_queue_and_yield_to_the_incident_card
EXPECTED WARNING: demo cast: mouse_keeper has no loadable body; using a placeholder
     at: push_warning (core/variant/variant_utility.cpp:1033)
     GDScript backtrace (most recent call first):
         [0] setup_creature (res://demo/cast/demo_actor.gd:211)
         [1] build (res://demo/cast/demo_cast.gd:159)
         [2] _rig (res://test/test_demo_people_ui.gd:88)
         [3] test_a_season_s_end_offers_its_moments_to_pin_keep_or_dismiss (res://test/test_demo_people_ui.gd:375)
         [4] _run_test (res://test/run_tests.gd:194)
         [5] _run_suite (res://test/run_tests.gd:168)
         [6] _run_suite (/home/runner/work/redwall-rts/redwall-rts/tools/ci_test_shard_runner.gd:30)
         [7] _run_worker (res://test/run_tests.gd:121)
         [8] _initialize (res://test/run_tests.gd:108)
EXPECTED WARNING: demo cast: mouse_fieldworker has no loadable body; using a placeholder
     at: push_warning (core/variant/variant_utility.cpp:1033)
     GDScript backtrace (most recent call first):
         [0] setup_creature (res://demo/cast/demo_actor.gd:211)
         [1] build (res://demo/cast/demo_cast.gd:159)
         [2] _rig (res://test/test_demo_people_ui.gd:88)
         [3] test_a_season_s_end_offers_its_moments_to_pin_keep_or_dismiss (res://test/test_demo_people_ui.gd:375)
         [4] _run_test (res://test/run_tests.gd:194)
         [5] _run_suite (res://test/run_tests.gd:168)
         [6] _run_suite (/home/runner/work/redwall-rts/redwall-rts/tools/ci_test_shard_runner.gd:30)
         [7] _run_worker (res://test/run_tests.gd:121)
         [8] _initialize (res://test/run_tests.gd:108)
EXPECTED WARNING: demo cast: squirrel_gatherer has no loadable body; using a placeholder
     at: push_warning (core/variant/variant_utility.cpp:1033)
     GDScript backtrace (most recent call first):
         [0] setup_creature (res://demo/cast/demo_actor.gd:211)
         [1] build (res://demo/cast/demo_cast.gd:159)
         [2] _rig (res://test/test_demo_people_ui.gd:88)
         [3] test_a_season_s_end_offers_its_moments_to_pin_keep_or_dismiss (res://test/test_demo_people_ui.gd:375)
         [4] _run_test (res://test/run_tests.gd:194)
         [5] _run_suite (res://test/run_tests.gd:168)
         [6] _run_suite (/home/runner/work/redwall-rts/redwall-rts/tools/ci_test_shard_runner.gd:30)
         [7] _run_worker (res://test/run_tests.gd:121)
         [8] _initialize (res://test/run_tests.gd:108)
EXPECTED WARNING: demo cast: squirrel_forester has no loadable body; using a placeholder
     at: push_warning (core/variant/variant_utility.cpp:1033)
     GDScript backtrace (most recent call first):
         [0] setup_creature (res://demo/cast/demo_actor.gd:211)
         [1] build (res://demo/cast/demo_cast.gd:159)
         [2] _rig (res://test/test_demo_people_ui.gd:88)
         [3] test_a_season_s_end_offers_its_moments_to_pin_keep_or_dismiss (res://test/test_demo_people_ui.gd:375)
         [4] _run_test (res://test/run_tests.gd:194)
         [5] _run_suite (res://test/run_tests.gd:168)
         [6] _run_suite (/home/runner/work/redwall-rts/redwall-rts/tools/ci_test_shard_runner.gd:30)
         [7] _run_worker (res://test/run_tests.gd:121)
         [8] _initialize (res://test/run_tests.gd:108)
EXPECTED WARNING: demo cast: otter_boatwright has no loadable body; using a placeholder
     at: push_warning (core/variant/variant_utility.cpp:1033)
     GDScript backtrace (most recent call first):
         [0] setup_creature (res://demo/cast/demo_actor.gd:211)
         [1] build (res://demo/cast/demo_cast.gd:159)
         [2] _rig (res://test/test_demo_people_ui.gd:88)
         [3] test_a_season_s_end_offers_its_moments_to_pin_keep_or_dismiss (res://test/test_demo_people_ui.gd:375)
         [4] _run_test (res://test/run_tests.gd:194)
         [5] _run_suite (res://test/run_tests.gd:168)
         [6] _run_suite (/home/runner/work/redwall-rts/redwall-rts/tools/ci_test_shard_runner.gd:30)
         [7] _run_worker (res://test/run_tests.gd:121)
         [8] _initialize (res://test/run_tests.gd:108)
EXPECTED WARNING: demo cast: otter_fisher has no loadable body; using a placeholder
     at: push_warning (core/variant/variant_utility.cpp:1033)
     GDScript backtrace (most recent call first):
         [0] setup_creature (res://demo/cast/demo_actor.gd:211)
         [1] build (res://demo/cast/demo_cast.gd:159)
         [2] _rig (res://test/test_demo_people_ui.gd:88)
         [3] test_a_season_s_end_offers_its_moments_to_pin_keep_or_dismiss (res://test/test_demo_people_ui.gd:375)
         [4] _run_test (res://test/run_tests.gd:194)
         [5] _run_suite (res://test/run_tests.gd:168)
         [6] _run_suite (/home/runner/work/redwall-rts/redwall-rts/tools/ci_test_shard_runner.gd:30)
         [7] _run_worker (res://test/run_tests.gd:121)
         [8] _initialize (res://test/run_tests.gd:108)
EXPECTED WARNING: demo cast: mole_digger has no loadable body; using a placeholder
     at: push_warning (core/variant/variant_utility.cpp:1033)
     GDScript backtrace (most recent call first):
         [0] setup_creature (res://demo/cast/demo_actor.gd:211)
         [1] build (res://demo/cast/demo_cast.gd:159)
         [2] _rig (res://test/test_demo_people_ui.gd:88)
         [3] test_a_season_s_end_offers_its_moments_to_pin_keep_or_dismiss (res://test/test_demo_people_ui.gd:375)
         [4] _run_test (res://test/run_tests.gd:194)
         [5] _run_suite (res://test/run_tests.gd:168)
         [6] _run_suite (/home/runner/work/redwall-rts/redwall-rts/tools/ci_test_shard_runner.gd:30)
         [7] _run_worker (res://test/run_tests.gd:121)
         [8] _initialize (res://test/run_tests.gd:108)
EXPECTED WARNING: demo cast: badger_quarryman has no loadable body; using a placeholder
     at: push_warning (core/variant/variant_utility.cpp:1033)
     GDScript backtrace (most recent call first):
         [0] setup_creature (res://demo/cast/demo_actor.gd:211)
         [1] build (res://demo/cast/demo_cast.gd:159)
         [2] _rig (res://test/test_demo_people_ui.gd:88)
         [3] test_a_season_s_end_offers_its_moments_to_pin_keep_or_dismiss (res://test/test_demo_people_ui.gd:375)
         [4] _run_test (res://test/run_tests.gd:194)
         [5] _run_suite (res://test/run_tests.gd:168)
         [6] _run_suite (/home/runner/work/redwall-rts/redwall-rts/tools/ci_test_shard_runner.gd:30)
         [7] _run_worker (res://test/run_tests.gd:121)
         [8] _initialize (res://test/run_tests.gd:108)
EXPECTED WARNING: demo cast: beaver_bridgewright has no loadable body; using a placeholder
     at: push_warning (core/variant/variant_utility.cpp:1033)
     GDScript backtrace (most recent call first):
         [0] setup_creature (res://demo/cast/demo_actor.gd:211)
         [1] build (res://demo/cast/demo_cast.gd:159)
         [2] _rig (res://test/test_demo_people_ui.gd:88)
         [3] test_a_season_s_end_offers_its_moments_to_pin_keep_or_dismiss (res://test/test_demo_people_ui.gd:375)
         [4] _run_test (res://test/run_tests.gd:194)
         [5] _run_suite (res://test/run_tests.gd:168)
         [6] _run_suite (/home/runner/work/redwall-rts/redwall-rts/tools/ci_test_shard_runner.gd:30)
         [7] _run_worker (res://test/run_tests.gd:121)
         [8] _initialize (res://test/run_tests.gd:108)
  PASS  test_a_season_s_end_offers_its_moments_to_pin_keep_or_dismiss
EXPECTED WARNING: demo cast: mouse_keeper has no loadable body; using a placeholder
     at: push_warning (core/variant/variant_utility.cpp:1033)
     GDScript backtrace (most recent call first):
         [0] setup_creature (res://demo/cast/demo_actor.gd:211)
         [1] build (res://demo/cast/demo_cast.gd:159)
         [2] _rig (res://test/test_demo_people_ui.gd:88)
         [3] test_later_leaves_the_moments_uncurated (res://test/test_demo_people_ui.gd:410)
         [4] _run_test (res://test/run_tests.gd:194)
         [5] _run_suite (res://test/run_tests.gd:168)
         [6] _run_suite (/home/runner/work/redwall-rts/redwall-rts/tools/ci_test_shard_runner.gd:30)
         [7] _run_worker (res://test/run_tests.gd:121)
         [8] _initialize (res://test/run_tests.gd:108)
EXPECTED WARNING: demo cast: mouse_fieldworker has no loadable body; using a placeholder
     at: push_warning (core/variant/variant_utility.cpp:1033)
     GDScript backtrace (most recent call first):
         [0] setup_creature (res://demo/cast/demo_actor.gd:211)
         [1] build (res://demo/cast/demo_cast.gd:159)
         [2] _rig (res://test/test_demo_people_ui.gd:88)
         [3] test_later_leaves_the_moments_uncurated (res://test/test_demo_people_ui.gd:410)
         [4] _run_test (res://test/run_tests.gd:194)
         [5] _run_suite (res://test/run_tests.gd:168)
         [6] _run_suite (/home/runner/work/redwall-rts/redwall-rts/tools/ci_test_shard_runner.gd:30)
         [7] _run_worker (res://test/run_tests.gd:121)
         [8] _initialize (res://test/run_tests.gd:108)
EXPECTED WARNING: demo cast: squirrel_gatherer has no loadable body; using a placeholder
     at: push_warning (core/variant/variant_utility.cpp:1033)
     GDScript backtrace (most recent call first):
         [0] setup_creature (res://demo/cast/demo_actor.gd:211)
         [1] build (res://demo/cast/demo_cast.gd:159)
         [2] _rig (res://test/test_demo_people_ui.gd:88)
         [3] test_later_leaves_the_moments_uncurated (res://test/test_demo_people_ui.gd:410)
         [4] _run_test (res://test/run_tests.gd:194)
         [5] _run_suite (res://test/run_tests.gd:168)
         [6] _run_suite (/home/runner/work/redwall-rts/redwall-rts/tools/ci_test_shard_runner.gd:30)
         [7] _run_worker (res://test/run_tests.gd:121)
         [8] _initialize (res://test/run_tests.gd:108)
EXPECTED WARNING: demo cast: squirrel_forester has no loadable body; using a placeholder
     at: push_warning (core/variant/variant_utility.cpp:1033)
     GDScript backtrace (most recent call first):
         [0] setup_creature (res://demo/cast/demo_actor.gd:211)
         [1] build (res://demo/cast/demo_cast.gd:159)
         [2] _rig (res://test/test_demo_people_ui.gd:88)
         [3] test_later_leaves_the_moments_uncurated (res://test/test_demo_people_ui.gd:410)
         [4] _run_test (res://test/run_tests.gd:194)
         [5] _run_suite (res://test/run_tests.gd:168)
         [6] _run_suite (/home/runner/work/redwall-rts/redwall-rts/tools/ci_test_shard_runner.gd:30)
         [7] _run_worker (res://test/run_tests.gd:121)
         [8] _initialize (res://test/run_tests.gd:108)
EXPECTED WARNING: demo cast: otter_boatwright has no loadable body; using a placeholder
     at: push_warning (core/variant/variant_utility.cpp:1033)
     GDScript backtrace (most recent call first):
         [0] setup_creature (res://demo/cast/demo_actor.gd:211)
         [1] build (res://demo/cast/demo_cast.gd:159)
         [2] _rig (res://test/test_demo_people_ui.gd:88)
         [3] test_later_leaves_the_moments_uncurated (res://test/test_demo_people_ui.gd:410)
         [4] _run_test (res://test/run_tests.gd:194)
         [5] _run_suite (res://test/run_tests.gd:168)
         [6] _run_suite (/home/runner/work/redwall-rts/redwall-rts/tools/ci_test_shard_runner.gd:30)
         [7] _run_worker (res://test/run_tests.gd:121)
         [8] _initialize (res://test/run_tests.gd:108)
EXPECTED WARNING: demo cast: otter_fisher has no loadable body; using a placeholder
     at: push_warning (core/variant/variant_utility.cpp:1033)
     GDScript backtrace (most recent call first):
         [0] setup_creature (res://demo/cast/demo_actor.gd:211)
         [1] build (res://demo/cast/demo_cast.gd:159)
         [2] _rig (res://test/test_demo_people_ui.gd:88)
         [3] test_later_leaves_the_moments_uncurated (res://test/test_demo_people_ui.gd:410)
         [4] _run_test (res://test/run_tests.gd:194)
         [5] _run_suite (res://test/run_tests.gd:168)
         [6] _run_suite (/home/runner/work/redwall-rts/redwall-rts/tools/ci_test_shard_runner.gd:30)
         [7] _run_worker (res://test/run_tests.gd:121)
         [8] _initialize (res://test/run_tests.gd:108)
EXPECTED WARNING: demo cast: mole_digger has no loadable body; using a placeholder
     at: push_warning (core/variant/variant_utility.cpp:1033)
     GDScript backtrace (most recent call first):
         [0] setup_creature (res://demo/cast/demo_actor.gd:211)
         [1] build (res://demo/cast/demo_cast.gd:159)
         [2] _rig (res://test/test_demo_people_ui.gd:88)
         [3] test_later_leaves_the_moments_uncurated (res://test/test_demo_people_ui.gd:410)
         [4] _run_test (res://test/run_tests.gd:194)
         [5] _run_suite (res://test/run_tests.gd:168)
         [6] _run_suite (/home/runner/work/redwall-rts/redwall-rts/tools/ci_test_shard_runner.gd:30)
         [7] _run_worker (res://test/run_tests.gd:121)
         [8] _initialize (res://test/run_tests.gd:108)
EXPECTED WARNING: demo cast: badger_quarryman has no loadable body; using a placeholder
     at: push_warning (core/variant/variant_utility.cpp:1033)
     GDScript backtrace (most recent call first):
         [0] setup_creature (res://demo/cast/demo_actor.gd:211)
         [1] build (res://demo/cast/demo_cast.gd:159)
         [2] _rig (res://test/test_demo_people_ui.gd:88)
         [3] test_later_leaves_the_moments_uncurated (res://test/test_demo_people_ui.gd:410)
         [4] _run_test (res://test/run_tests.gd:194)
         [5] _run_suite (res://test/run_tests.gd:168)
         [6] _run_suite (/home/runner/work/redwall-rts/redwall-rts/tools/ci_test_shard_runner.gd:30)
         [7] _run_worker (res://test/run_tests.gd:121)
         [8] _initialize (res://test/run_tests.gd:108)
EXPECTED WARNING: demo cast: beaver_bridgewright has no loadable body; using a placeholder
     at: push_warning (core/variant/variant_utility.cpp:1033)
     GDScript backtrace (most recent call first):
         [0] setup_creature (res://demo/cast/demo_actor.gd:211)
         [1] build (res://demo/cast/demo_cast.gd:159)
         [2] _rig (res://test/test_demo_people_ui.gd:88)
         [3] test_later_leaves_the_moments_uncurated (res://test/test_demo_people_ui.gd:410)
         [4] _run_test (res://test/run_tests.gd:194)
         [5] _run_suite (res://test/run_tests.gd:168)
         [6] _run_suite (/home/runner/work/redwall-rts/redwall-rts/tools/ci_test_shard_runner.gd:30)
         [7] _run_worker (res://test/run_tests.gd:121)
         [8] _initialize (res://test/run_tests.gd:108)
  PASS  test_later_leaves_the_moments_uncurated
EXPECTED WARNING: demo cast: mouse_keeper has no loadable body; using a placeholder
     at: push_warning (core/variant/variant_utility.cpp:1033)
     GDScript backtrace (most recent call first):
         [0] setup_creature (res://demo/cast/demo_actor.gd:211)
         [1] build (res://demo/cast/demo_cast.gd:159)
         [2] _rig (res://test/test_demo_people_ui.gd:88)
         [3] test_one_evening_line_a_day_from_a_free_resident (res://test/test_demo_people_ui.gd:430)
         [4] _run_test (res://test/run_tests.gd:194)
         [5] _run_suite (res://test/run_tests.gd:168)
         [6] _run_suite (/home/runner/work/redwall-rts/redwall-rts/tools/ci_test_shard_runner.gd:30)
         [7] _run_worker (res://test/run_tests.gd:121)
         [8] _initialize (res://test/run_tests.gd:108)
EXPECTED WARNING: demo cast: mouse_fieldworker has no loadable body; using a placeholder
     at: push_warning (core/variant/variant_utility.cpp:1033)
     GDScript backtrace (most recent call first):
         [0] setup_creature (res://demo/cast/demo_actor.gd:211)
         [1] build (res://demo/cast/demo_cast.gd:159)
         [2] _rig (res://test/test_demo_people_ui.gd:88)
         [3] test_one_evening_line_a_day_from_a_free_resident (res://test/test_demo_people_ui.gd:430)
         [4] _run_test (res://test/run_tests.gd:194)
         [5] _run_suite (res://test/run_tests.gd:168)
         [6] _run_suite (/home/runner/work/redwall-rts/redwall-rts/tools/ci_test_shard_runner.gd:30)
         [7] _run_worker (res://test/run_tests.gd:121)
         [8] _initialize (res://test/run_tests.gd:108)
EXPECTED WARNING: demo cast: squirrel_gatherer has no loadable body; using a placeholder
     at: push_warning (core/variant/variant_utility.cpp:1033)
     GDScript backtrace (most recent call first):
         [0] setup_creature (res://demo/cast/demo_actor.gd:211)
         [1] build (res://demo/cast/demo_cast.gd:159)
         [2] _rig (res://test/test_demo_people_ui.gd:88)
         [3] test_one_evening_line_a_day_from_a_free_resident (res://test/test_demo_people_ui.gd:430)
         [4] _run_test (res://test/run_tests.gd:194)
         [5] _run_suite (res://test/run_tests.gd:168)
         [6] _run_suite (/home/runner/work/redwall-rts/redwall-rts/tools/ci_test_shard_runner.gd:30)
         [7] _run_worker (res://test/run_tests.gd:121)
         [8] _initialize (res://test/run_tests.gd:108)
EXPECTED WARNING: demo cast: squirrel_forester has no loadable body; using a placeholder
     at: push_warning (core/variant/variant_utility.cpp:1033)
     GDScript backtrace (most recent call first):
         [0] setup_creature (res://demo/cast/demo_actor.gd:211)
         [1] build (res://demo/cast/demo_cast.gd:159)
         [2] _rig (res://test/test_demo_people_ui.gd:88)
         [3] test_one_evening_line_a_day_from_a_free_resident (res://test/test_demo_people_ui.gd:430)
         [4] _run_test (res://test/run_tests.gd:194)
         [5] _run_suite (res://test/run_tests.gd:168)
         [6] _run_suite (/home/runner/work/redwall-rts/redwall-rts/tools/ci_test_shard_runner.gd:30)
         [7] _run_worker (res://test/run_tests.gd:121)
         [8] _initialize (res://test/run_tests.gd:108)
EXPECTED WARNING: demo cast: otter_boatwright has no loadable body; using a placeholder
     at: push_warning (core/variant/variant_utility.cpp:1033)
     GDScript backtrace (most recent call first):
         [0] setup_creature (res://demo/cast/demo_actor.gd:211)
         [1] build (res://demo/cast/demo_cast.gd:159)
         [2] _rig (res://test/test_demo_people_ui.gd:88)
         [3] test_one_evening_line_a_day_from_a_free_resident (res://test/test_demo_people_ui.gd:430)
         [4] _run_test (res://test/run_tests.gd:194)
         [5] _run_suite (res://test/run_tests.gd:168)
         [6] _run_suite (/home/runner/work/redwall-rts/redwall-rts/tools/ci_test_shard_runner.gd:30)
         [7] _run_worker (res://test/run_tests.gd:121)
         [8] _initialize (res://test/run_tests.gd:108)
EXPECTED WARNING: demo cast: otter_fisher has no loadable body; using a placeholder
     at: push_warning (core/variant/variant_utility.cpp:1033)
     GDScript backtrace (most recent call first):
         [0] setup_creature (res://demo/cast/demo_actor.gd:211)
         [1] build (res://demo/cast/demo_cast.gd:159)
         [2] _rig (res://test/test_demo_people_ui.gd:88)
         [3] test_one_evening_line_a_day_from_a_free_resident (res://test/test_demo_people_ui.gd:430)
         [4] _run_test (res://test/run_tests.gd:194)
         [5] _run_suite (res://test/run_tests.gd:168)
         [6] _run_suite (/home/runner/work/redwall-rts/redwall-rts/tools/ci_test_shard_runner.gd:30)
         [7] _run_worker (res://test/run_tests.gd:121)
         [8] _initialize (res://test/run_tests.gd:108)
EXPECTED WARNING: demo cast: mole_digger has no loadable body; using a placeholder
     at: push_warning (core/variant/variant_utility.cpp:1033)
     GDScript backtrace (most recent call first):
         [0] setup_creature (res://demo/cast/demo_actor.gd:211)
         [1] build (res://demo/cast/demo_cast.gd:159)
         [2] _rig (res://test/test_demo_people_ui.gd:88)
         [3] test_one_evening_line_a_day_from_a_free_resident (res://test/test_demo_people_ui.gd:430)
         [4] _run_test (res://test/run_tests.gd:194)
         [5] _run_suite (res://test/run_tests.gd:168)
         [6] _run_suite (/home/runner/work/redwall-rts/redwall-rts/tools/ci_test_shard_runner.gd:30)
         [7] _run_worker (res://test/run_tests.gd:121)
         [8] _initialize (res://test/run_tests.gd:108)
EXPECTED WARNING: demo cast: badger_quarryman has no loadable body; using a placeholder
     at: push_warning (core/variant/variant_utility.cpp:1033)
     GDScript backtrace (most recent call first):
         [0] setup_creature (res://demo/cast/demo_actor.gd:211)
         [1] build (res://demo/cast/demo_cast.gd:159)
         [2] _rig (res://test/test_demo_people_ui.gd:88)
         [3] test_one_evening_line_a_day_from_a_free_resident (res://test/test_demo_people_ui.gd:430)
         [4] _run_test (res://test/run_tests.gd:194)
         [5] _run_suite (res://test/run_tests.gd:168)
         [6] _run_suite (/home/runner/work/redwall-rts/redwall-rts/tools/ci_test_shard_runner.gd:30)
         [7] _run_worker (res://test/run_tests.gd:121)
         [8] _initialize (res://test/run_tests.gd:108)
EXPECTED WARNING: demo cast: beaver_bridgewright has no loadable body; using a placeholder
     at: push_warning (core/variant/variant_utility.cpp:1033)
     GDScript backtrace (most recent call first):
         [0] setup_creature (res://demo/cast/demo_actor.gd:211)
         [1] build (res://demo/cast/demo_cast.gd:159)
         [2] _rig (res://test/test_demo_people_ui.gd:88)
         [3] test_one_evening_line_a_day_from_a_free_resident (res://test/test_demo_people_ui.gd:430)
         [4] _run_test (res://test/run_tests.gd:194)
         [5] _run_suite (res://test/run_tests.gd:168)
         [6] _run_suite (/home/runner/work/redwall-rts/redwall-rts/tools/ci_test_shard_runner.gd:30)
         [7] _run_worker (res://test/run_tests.gd:121)
         [8] _initialize (res://test/run_tests.gd:108)
  PASS  test_one_evening_line_a_day_from_a_free_resident
EXPECTED WARNING: demo cast: mouse_keeper has no loadable body; using a placeholder
     at: push_warning (core/variant/variant_utility.cpp:1033)
     GDScript backtrace (most recent call first):
         [0] setup_creature (res://demo/cast/demo_actor.gd:211)
         [1] build (res://demo/cast/demo_cast.gd:159)
         [2] _rig (res://test/test_demo_people_ui.gd:88)
         [3] test_a_pleased_line_follows_only_a_deed_of_that_day (res://test/test_demo_people_ui.gd:450)
         [4] _run_test (res://test/run_tests.gd:194)
         [5] _run_suite (res://test/run_tests.gd:168)
         [6] _run_suite (/home/runner/work/redwall-rts/redwall-rts/tools/ci_test_shard_runner.gd:30)
         [7] _run_worker (res://test/run_tests.gd:121)
         [8] _initialize (res://test/run_tests.gd:108)
EXPECTED WARNING: demo cast: mouse_fieldworker has no loadable body; using a placeholder
     at: push_warning (core/variant/variant_utility.cpp:1033)
     GDScript backtrace (most recent call first):
         [0] setup_creature (res://demo/cast/demo_actor.gd:211)
         [1] build (res://demo/cast/demo_cast.gd:159)
         [2] _rig (res://test/test_demo_people_ui.gd:88)
         [3] test_a_pleased_line_follows_only_a_deed_of_that_day (res://test/test_demo_people_ui.gd:450)
         [4] _run_test (res://test/run_tests.gd:194)
         [5] _run_suite (res://test/run_tests.gd:168)
         [6] _run_suite (/home/runner/work/redwall-rts/redwall-rts/tools/ci_test_shard_runner.gd:30)
         [7] _run_worker (res://test/run_tests.gd:121)
         [8] _initialize (res://test/run_tests.gd:108)
EXPECTED WARNING: demo cast: squirrel_gatherer has no loadable body; using a placeholder
     at: push_warning (core/variant/variant_utility.cpp:1033)
     GDScript backtrace (most recent call first):
         [0] setup_creature (res://demo/cast/demo_actor.gd:211)
         [1] build (res://demo/cast/demo_cast.gd:159)
         [2] _rig (res://test/test_demo_people_ui.gd:88)
         [3] test_a_pleased_line_follows_only_a_deed_of_that_day (res://test/test_demo_people_ui.gd:450)
         [4] _run_test (res://test/run_tests.gd:194)
         [5] _run_suite (res://test/run_tests.gd:168)
         [6] _run_suite (/home/runner/work/redwall-rts/redwall-rts/tools/ci_test_shard_runner.gd:30)
         [7] _run_worker (res://test/run_tests.gd:121)
         [8] _initialize (res://test/run_tests.gd:108)
EXPECTED WARNING: demo cast: squirrel_forester has no loadable body; using a placeholder
     at: push_warning (core/variant/variant_utility.cpp:1033)
     GDScript backtrace (most recent call first):
         [0] setup_creature (res://demo/cast/demo_actor.gd:211)
         [1] build (res://demo/cast/demo_cast.gd:159)
         [2] _rig (res://test/test_demo_people_ui.gd:88)
         [3] test_a_pleased_line_follows_only_a_deed_of_that_day (res://test/test_demo_people_ui.gd:450)
         [4] _run_test (res://test/run_tests.gd:194)
         [5] _run_suite (res://test/run_tests.gd:168)
         [6] _run_suite (/home/runner/work/redwall-rts/redwall-rts/tools/ci_test_shard_runner.gd:30)
         [7] _run_worker (res://test/run_tests.gd:121)
         [8] _initialize (res://test/run_tests.gd:108)
EXPECTED WARNING: demo cast: otter_boatwright has no loadable body; using a placeholder
     at: push_warning (core/variant/variant_utility.cpp:1033)
     GDScript backtrace (most recent call first):
         [0] setup_creature (res://demo/cast/demo_actor.gd:211)
         [1] build (res://demo/cast/demo_cast.gd:159)
         [2] _rig (res://test/test_demo_people_ui.gd:88)
         [3] test_a_pleased_line_follows_only_a_deed_of_that_day (res://test/test_demo_people_ui.gd:450)
         [4] _run_test (res://test/run_tests.gd:194)
         [5] _run_suite (res://test/run_tests.gd:168)
         [6] _run_suite (/home/runner/work/redwall-rts/redwall-rts/tools/ci_test_shard_runner.gd:30)
         [7] _run_worker (res://test/run_tests.gd:121)
         [8] _initialize (res://test/run_tests.gd:108)
EXPECTED WARNING: demo cast: otter_fisher has no loadable body; using a placeholder
     at: push_warning (core/variant/variant_utility.cpp:1033)
     GDScript backtrace (most recent call first):
         [0] setup_creature (res://demo/cast/demo_actor.gd:211)
         [1] build (res://demo/cast/demo_cast.gd:159)
         [2] _rig (res://test/test_demo_people_ui.gd:88)
         [3] test_a_pleased_line_follows_only_a_deed_of_that_day (res://test/test_demo_people_ui.gd:450)
         [4] _run_test (res://test/run_tests.gd:194)
         [5] _run_suite (res://test/run_tests.gd:168)
         [6] _run_suite (/home/runner/work/redwall-rts/redwall-rts/tools/ci_test_shard_runner.gd:30)
         [7] _run_worker (res://test/run_tests.gd:121)
         [8] _initialize (res://test/run_tests.gd:108)
EXPECTED WARNING: demo cast: mole_digger has no loadable body; using a placeholder
     at: push_warning (core/variant/variant_utility.cpp:1033)
     GDScript backtrace (most recent call first):
         [0] setup_creature (res://demo/cast/demo_actor.gd:211)
         [1] build (res://demo/cast/demo_cast.gd:159)
         [2] _rig (res://test/test_demo_people_ui.gd:88)
         [3] test_a_pleased_line_follows_only_a_deed_of_that_day (res://test/test_demo_people_ui.gd:450)
         [4] _run_test (res://test/run_tests.gd:194)
         [5] _run_suite (res://test/run_tests.gd:168)
         [6] _run_suite (/home/runner/work/redwall-rts/redwall-rts/tools/ci_test_shard_runner.gd:30)
         [7] _run_worker (res://test/run_tests.gd:121)
         [8] _initialize (res://test/run_tests.gd:108)
EXPECTED WARNING: demo cast: badger_quarryman has no loadable body; using a placeholder
     at: push_warning (core/variant/variant_utility.cpp:1033)
     GDScript backtrace (most recent call first):
         [0] setup_creature (res://demo/cast/demo_actor.gd:211)
         [1] build (res://demo/cast/demo_cast.gd:159)
         [2] _rig (res://test/test_demo_people_ui.gd:88)
         [3] test_a_pleased_line_follows_only_a_deed_of_that_day (res://test/test_demo_people_ui.gd:450)
         [4] _run_test (res://test/run_tests.gd:194)
         [5] _run_suite (res://test/run_tests.gd:168)
         [6] _run_suite (/home/runner/work/redwall-rts/redwall-rts/tools/ci_test_shard_runner.gd:30)
         [7] _run_worker (res://test/run_tests.gd:121)
         [8] _initialize (res://test/run_tests.gd:108)
EXPECTED WARNING: demo cast: beaver_bridgewright has no loadable body; using a placeholder
     at: push_warning (core/variant/variant_utility.cpp:1033)
     GDScript backtrace (most recent call first):
         [0] setup_creature (res://demo/cast/demo_actor.gd:211)
         [1] build (res://demo/cast/demo_cast.gd:159)
         [2] _rig (res://test/test_demo_people_ui.gd:88)
         [3] test_a_pleased_line_follows_only_a_deed_of_that_day (res://test/test_demo_people_ui.gd:450)
         [4] _run_test (res://test/run_tests.gd:194)
         [5] _run_suite (res://test/run_tests.gd:168)
         [6] _run_suite (/home/runner/work/redwall-rts/redwall-rts/tools/ci_test_shard_runner.gd:30)
         [7] _run_worker (res://test/run_tests.gd:121)
         [8] _initialize (res://test/run_tests.gd:108)
  PASS  test_a_pleased_line_follows_only_a_deed_of_that_day
EXPECTED WARNING: demo cast: mouse_keeper has no loadable body; using a placeholder
     at: push_warning (core/variant/variant_utility.cpp:1033)
     GDScript backtrace (most recent call first):
         [0] setup_creature (res://demo/cast/demo_actor.gd:211)
         [1] build (res://demo/cast/demo_cast.gd:159)
         [2] _rig (res://test/test_demo_people_ui.gd:88)
         [3] test_dialect_only_in_tuppen_s_own_lines_never_in_functional_text (res://test/test_demo_people_ui.gd:467)
         [4] _run_test (res://test/run_tests.gd:194)
         [5] _run_suite (res://test/run_tests.gd:168)
         [6] _run_suite (/home/runner/work/redwall-rts/redwall-rts/tools/ci_test_shard_runner.gd:30)
         [7] _run_worker (res://test/run_tests.gd:121)
         [8] _initialize (res://test/run_tests.gd:108)
EXPECTED WARNING: demo cast: mouse_fieldworker has no loadable body; using a placeholder
     at: push_warning (core/variant/variant_utility.cpp:1033)
     GDScript backtrace (most recent call first):
         [0] setup_creature (res://demo/cast/demo_actor.gd:211)
         [1] build (res://demo/cast/demo_cast.gd:159)
         [2] _rig (res://test/test_demo_people_ui.gd:88)
         [3] test_dialect_only_in_tuppen_s_own_lines_never_in_functional_text (res://test/test_demo_people_ui.gd:467)
         [4] _run_test (res://test/run_tests.gd:194)
         [5] _run_suite (res://test/run_tests.gd:168)
         [6] _run_suite (/home/runner/work/redwall-rts/redwall-rts/tools/ci_test_shard_runner.gd:30)
         [7] _run_worker (res://test/run_tests.gd:121)
         [8] _initialize (res://test/run_tests.gd:108)
EXPECTED WARNING: demo cast: squirrel_gatherer has no loadable body; using a placeholder
     at: push_warning (core/variant/variant_utility.cpp:1033)
     GDScript backtrace (most recent call first):
         [0] setup_creature (res://demo/cast/demo_actor.gd:211)
         [1] build (res://demo/cast/demo_cast.gd:159)
         [2] _rig (res://test/test_demo_people_ui.gd:88)
         [3] test_dialect_only_in_tuppen_s_own_lines_never_in_functional_text (res://test/test_demo_people_ui.gd:467)
         [4] _run_test (res://test/run_tests.gd:194)
         [5] _run_suite (res://test/run_tests.gd:168)
         [6] _run_suite (/home/runner/work/redwall-rts/redwall-rts/tools/ci_test_shard_runner.gd:30)
         [7] _run_worker (res://test/run_tests.gd:121)
         [8] _initialize (res://test/run_tests.gd:108)
EXPECTED WARNING: demo cast: squirrel_forester has no loadable body; using a placeholder
     at: push_warning (core/variant/variant_utility.cpp:1033)
     GDScript backtrace (most recent call first):
         [0] setup_creature (res://demo/cast/demo_actor.gd:211)
         [1] build (res://demo/cast/demo_cast.gd:159)
         [2] _rig (res://test/test_demo_people_ui.gd:88)
         [3] test_dialect_only_in_tuppen_s_own_lines_never_in_functional_text (res://test/test_demo_people_ui.gd:467)
         [4] _run_test (res://test/run_tests.gd:194)
         [5] _run_suite (res://test/run_tests.gd:168)
         [6] _run_suite (/home/runner/work/redwall-rts/redwall-rts/tools/ci_test_shard_runner.gd:30)
         [7] _run_worker (res://test/run_tests.gd:121)
         [8] _initialize (res://test/run_tests.gd:108)
EXPECTED WARNING: demo cast: otter_boatwright has no loadable body; using a placeholder
     at: push_warning (core/variant/variant_utility.cpp:1033)
     GDScript backtrace (most recent call first):
         [0] setup_creature (res://demo/cast/demo_actor.gd:211)
         [1] build (res://demo/cast/demo_cast.gd:159)
         [2] _rig (res://test/test_demo_people_ui.gd:88)
         [3] test_dialect_only_in_tuppen_s_own_lines_never_in_functional_text (res://test/test_demo_people_ui.gd:467)
         [4] _run_test (res://test/run_tests.gd:194)
         [5] _run_suite (res://test/run_tests.gd:168)
         [6] _run_suite (/home/runner/work/redwall-rts/redwall-rts/tools/ci_test_shard_runner.gd:30)
         [7] _run_worker (res://test/run_tests.gd:121)
         [8] _initialize (res://test/run_tests.gd:108)
EXPECTED WARNING: demo cast: otter_fisher has no loadable body; using a placeholder
     at: push_warning (core/variant/variant_utility.cpp:1033)
     GDScript backtrace (most recent call first):
         [0] setup_creature (res://demo/cast/demo_actor.gd:211)
         [1] build (res://demo/cast/demo_cast.gd:159)
         [2] _rig (res://test/test_demo_people_ui.gd:88)
         [3] test_dialect_only_in_tuppen_s_own_lines_never_in_functional_text (res://test/test_demo_people_ui.gd:467)
         [4] _run_test (res://test/run_tests.gd:194)
         [5] _run_suite (res://test/run_tests.gd:168)
         [6] _run_suite (/home/runner/work/redwall-rts/redwall-rts/tools/ci_test_shard_runner.gd:30)
         [7] _run_worker (res://test/run_tests.gd:121)
         [8] _initialize (res://test/run_tests.gd:108)
EXPECTED WARNING: demo cast: mole_digger has no loadable body; using a placeholder
     at: push_warning (core/variant/variant_utility.cpp:1033)
     GDScript backtrace (most recent call first):
         [0] setup_creature (res://demo/cast/demo_actor.gd:211)
         [1] build (res://demo/cast/demo_cast.gd:159)
         [2] _rig (res://test/test_demo_people_ui.gd:88)
         [3] test_dialect_only_in_tuppen_s_own_lines_never_in_functional_text (res://test/test_demo_people_ui.gd:467)
         [4] _run_test (res://test/run_tests.gd:194)
         [5] _run_suite (res://test/run_tests.gd:168)
         [6] _run_suite (/home/runner/work/redwall-rts/redwall-rts/tools/ci_test_shard_runner.gd:30)
         [7] _run_worker (res://test/run_tests.gd:121)
         [8] _initialize (res://test/run_tests.gd:108)
EXPECTED WARNING: demo cast: badger_quarryman has no loadable body; using a placeholder
     at: push_warning (core/variant/variant_utility.cpp:1033)
     GDScript backtrace (most recent call first):
         [0] setup_creature (res://demo/cast/demo_actor.gd:211)
         [1] build (res://demo/cast/demo_cast.gd:159)
         [2] _rig (res://test/test_demo_people_ui.gd:88)
         [3] test_dialect_only_in_tuppen_s_own_lines_never_in_functional_text (res://test/test_demo_people_ui.gd:467)
         [4] _run_test (res://test/run_tests.gd:194)
         [5] _run_suite (res://test/run_tests.gd:168)
         [6] _run_suite (/home/runner/work/redwall-rts/redwall-rts/tools/ci_test_shard_runner.gd:30)
         [7] _run_worker (res://test/run_tests.gd:121)
         [8] _initialize (res://test/run_tests.gd:108)
EXPECTED WARNING: demo cast: beaver_bridgewright has no loadable body; using a placeholder
     at: push_warning (core/variant/variant_utility.cpp:1033)
     GDScript backtrace (most recent call first):
         [0] setup_creature (res://demo/cast/demo_actor.gd:211)
         [1] build (res://demo/cast/demo_cast.gd:159)
         [2] _rig (res://test/test_demo_people_ui.gd:88)
         [3] test_dialect_only_in_tuppen_s_own_lines_never_in_functional_text (res://test/test_demo_people_ui.gd:467)
         [4] _run_test (res://test/run_tests.gd:194)
         [5] _run_suite (res://test/run_tests.gd:168)
         [6] _run_suite (/home/runner/work/redwall-rts/redwall-rts/tools/ci_test_shard_runner.gd:30)
         [7] _run_worker (res://test/run_tests.gd:121)
         [8] _initialize (res://test/run_tests.gd:108)
  PASS  test_dialect_only_in_tuppen_s_own_lines_never_in_functional_text
EXPECTED WARNING: demo cast: mouse_keeper has no loadable body; using a placeholder
     at: push_warning (core/variant/variant_utility.cpp:1033)
     GDScript backtrace (most recent call first):
         [0] setup_creature (res://demo/cast/demo_actor.gd:211)
         [1] build (res://demo/cast/demo_cast.gd:159)
         [2] _rig (res://test/test_demo_people_ui.gd:88)
         [3] test_the_dig_lead_speaks_through_the_works (res://test/test_demo_people_ui.gd:498)
         [4] _run_test (res://test/run_tests.gd:194)
         [5] _run_suite (res://test/run_tests.gd:168)
         [6] _run_suite (/home/runner/work/redwall-rts/redwall-rts/tools/ci_test_shard_runner.gd:30)
         [7] _run_worker (res://test/run_tests.gd:121)
         [8] _initialize (res://test/run_tests.gd:108)
EXPECTED WARNING: demo cast: mouse_fieldworker has no loadable body; using a placeholder
     at: push_warning (core/variant/variant_utility.cpp:1033)
     GDScript backtrace (most recent call first):
         [0] setup_creature (res://demo/cast/demo_actor.gd:211)
         [1] build (res://demo/cast/demo_cast.gd:159)
         [2] _rig (res://test/test_demo_people_ui.gd:88)
         [3] test_the_dig_lead_speaks_through_the_works (res://test/test_demo_people_ui.gd:498)
         [4] _run_test (res://test/run_tests.gd:194)
         [5] _run_suite (res://test/run_tests.gd:168)
         [6] _run_suite (/home/runner/work/redwall-rts/redwall-rts/tools/ci_test_shard_runner.gd:30)
         [7] _run_worker (res://test/run_tests.gd:121)
         [8] _initialize (res://test/run_tests.gd:108)
EXPECTED WARNING: demo cast: squirrel_gatherer has no loadable body; using a placeholder
     at: push_warning (core/variant/variant_utility.cpp:1033)
     GDScript backtrace (most recent call first):
         [0] setup_creature (res://demo/cast/demo_actor.gd:211)
         [1] build (res://demo/cast/demo_cast.gd:159)
         [2] _rig (res://test/test_demo_people_ui.gd:88)
         [3] test_the_dig_lead_speaks_through_the_works (res://test/test_demo_people_ui.gd:498)
         [4] _run_test (res://test/run_tests.gd:194)
         [5] _run_suite (res://test/run_tests.gd:168)
         [6] _run_suite (/home/runner/work/redwall-rts/redwall-rts/tools/ci_test_shard_runner.gd:30)
         [7] _run_worker (res://test/run_tests.gd:121)
         [8] _initialize (res://test/run_tests.gd:108)
EXPECTED WARNING: demo cast: squirrel_forester has no loadable body; using a placeholder
     at: push_warning (core/variant/variant_utility.cpp:1033)
     GDScript backtrace (most recent call first):
         [0] setup_creature (res://demo/cast/demo_actor.gd:211)
         [1] build (res://demo/cast/demo_cast.gd:159)
         [2] _rig (res://test/test_demo_people_ui.gd:88)
         [3] test_the_dig_lead_speaks_through_the_works (res://test/test_demo_people_ui.gd:498)
         [4] _run_test (res://test/run_tests.gd:194)
         [5] _run_suite (res://test/run_tests.gd:168)
         [6] _run_suite (/home/runner/work/redwall-rts/redwall-rts/tools/ci_test_shard_runner.gd:30)
         [7] _run_worker (res://test/run_tests.gd:121)
         [8] _initialize (res://test/run_tests.gd:108)
EXPECTED WARNING: demo cast: otter_boatwright has no loadable body; using a placeholder
     at: push_warning (core/variant/variant_utility.cpp:1033)
     GDScript backtrace (most recent call first):
         [0] setup_creature (res://demo/cast/demo_actor.gd:211)
         [1] build (res://demo/cast/demo_cast.gd:159)
         [2] _rig (res://test/test_demo_people_ui.gd:88)
         [3] test_the_dig_lead_speaks_through_the_works (res://test/test_demo_people_ui.gd:498)
         [4] _run_test (res://test/run_tests.gd:194)
         [5] _run_suite (res://test/run_tests.gd:168)
         [6] _run_suite (/home/runner/work/redwall-rts/redwall-rts/tools/ci_test_shard_runner.gd:30)
         [7] _run_worker (res://test/run_tests.gd:121)
         [8] _initialize (res://test/run_tests.gd:108)
EXPECTED WARNING: demo cast: otter_fisher has no loadable body; using a placeholder
     at: push_warning (core/variant/variant_utility.cpp:1033)
     GDScript backtrace (most recent call first):
         [0] setup_creature (res://demo/cast/demo_actor.gd:211)
         [1] build (res://demo/cast/demo_cast.gd:159)
         [2] _rig (res://test/test_demo_people_ui.gd:88)
         [3] test_the_dig_lead_speaks_through_the_works (res://test/test_demo_people_ui.gd:498)
         [4] _run_test (res://test/run_tests.gd:194)
         [5] _run_suite (res://test/run_tests.gd:168)
         [6] _run_suite (/home/runner/work/redwall-rts/redwall-rts/tools/ci_test_shard_runner.gd:30)
         [7] _run_worker (res://test/run_tests.gd:121)
         [8] _initialize (res://test/run_tests.gd:108)
EXPECTED WARNING: demo cast: mole_digger has no loadable body; using a placeholder
     at: push_warning (core/variant/variant_utility.cpp:1033)
     GDScript backtrace (most recent call first):
         [0] setup_creature (res://demo/cast/demo_actor.gd:211)
         [1] build (res://demo/cast/demo_cast.gd:159)
         [2] _rig (res://test/test_demo_people_ui.gd:88)
         [3] test_the_dig_lead_speaks_through_the_works (res://test/test_demo_people_ui.gd:498)
         [4] _run_test (res://test/run_tests.gd:194)
         [5] _run_suite (res://test/run_tests.gd:168)
         [6] _run_suite (/home/runner/work/redwall-rts/redwall-rts/tools/ci_test_shard_runner.gd:30)
         [7] _run_worker (res://test/run_tests.gd:121)
         [8] _initialize (res://test/run_tests.gd:108)
EXPECTED WARNING: demo cast: badger_quarryman has no loadable body; using a placeholder
     at: push_warning (core/variant/variant_utility.cpp:1033)
     GDScript backtrace (most recent call first):
         [0] setup_creature (res://demo/cast/demo_actor.gd:211)
         [1] build (res://demo/cast/demo_cast.gd:159)
         [2] _rig (res://test/test_demo_people_ui.gd:88)
         [3] test_the_dig_lead_speaks_through_the_works (res://test/test_demo_people_ui.gd:498)
         [4] _run_test (res://test/run_tests.gd:194)
         [5] _run_suite (res://test/run_tests.gd:168)
         [6] _run_suite (/home/runner/work/redwall-rts/redwall-rts/tools/ci_test_shard_runner.gd:30)
         [7] _run_worker (res://test/run_tests.gd:121)
         [8] _initialize (res://test/run_tests.gd:108)
EXPECTED WARNING: demo cast: beaver_bridgewright has no loadable body; using a placeholder
     at: push_warning (core/variant/variant_utility.cpp:1033)
     GDScript backtrace (most recent call first):
         [0] setup_creature (res://demo/cast/demo_actor.gd:211)
         [1] build (res://demo/cast/demo_cast.gd:159)
         [2] _rig (res://test/test_demo_people_ui.gd:88)
         [3] test_the_dig_lead_speaks_through_the_works (res://test/test_demo_people_ui.gd:498)
         [4] _run_test (res://test/run_tests.gd:194)
         [5] _run_suite (res://test/run_tests.gd:168)
         [6] _run_suite (/home/runner/work/redwall-rts/redwall-rts/tools/ci_test_shard_runner.gd:30)
         [7] _run_worker (res://test/run_tests.gd:121)
         [8] _initialize (res://test/run_tests.gd:108)
  PASS  test_the_dig_lead_speaks_through_the_works
EXPECTED WARNING: demo cast: mouse_keeper has no loadable body; using a placeholder
     at: push_warning (core/variant/variant_utility.cpp:1033)
     GDScript backtrace (most recent call first):
         [0] setup_creature (res://demo/cast/demo_actor.gd:211)
         [1] build (res://demo/cast/demo_cast.gd:159)
         [2] _rig (res://test/test_demo_people_ui.gd:88)
         [3] test_one_resident_s_skills_are_meters_not_words_and_a_group_keeps_its_short_forms (res://test/test_demo_people_ui.gd:511)
         [4] _run_test (res://test/run_tests.gd:194)
         [5] _run_suite (res://test/run_tests.gd:168)
         [6] _run_suite (/home/runner/work/redwall-rts/redwall-rts/tools/ci_test_shard_runner.gd:30)
         [7] _run_worker (res://test/run_tests.gd:121)
         [8] _initialize (res://test/run_tests.gd:108)
EXPECTED WARNING: demo cast: mouse_fieldworker has no loadable body; using a placeholder
     at: push_warning (core/variant/variant_utility.cpp:1033)
     GDScript backtrace (most recent call first):
         [0] setup_creature (res://demo/cast/demo_actor.gd:211)
         [1] build (res://demo/cast/demo_cast.gd:159)
         [2] _rig (res://test/test_demo_people_ui.gd:88)
         [3] test_one_resident_s_skills_are_meters_not_words_and_a_group_keeps_its_short_forms (res://test/test_demo_people_ui.gd:511)
         [4] _run_test (res://test/run_tests.gd:194)
         [5] _run_suite (res://test/run_tests.gd:168)
         [6] _run_suite (/home/runner/work/redwall-rts/redwall-rts/tools/ci_test_shard_runner.gd:30)
         [7] _run_worker (res://test/run_tests.gd:121)
         [8] _initialize (res://test/run_tests.gd:108)
EXPECTED WARNING: demo cast: squirrel_gatherer has no loadable body; using a placeholder
     at: push_warning (core/variant/variant_utility.cpp:1033)
     GDScript backtrace (most recent call first):
         [0] setup_creature (res://demo/cast/demo_actor.gd:211)
         [1] build (res://demo/cast/demo_cast.gd:159)
         [2] _rig (res://test/test_demo_people_ui.gd:88)
         [3] test_one_resident_s_skills_are_meters_not_words_and_a_group_keeps_its_short_forms (res://test/test_demo_people_ui.gd:511)
         [4] _run_test (res://test/run_tests.gd:194)
         [5] _run_suite (res://test/run_tests.gd:168)
         [6] _run_suite (/home/runner/work/redwall-rts/redwall-rts/tools/ci_test_shard_runner.gd:30)
         [7] _run_worker (res://test/run_tests.gd:121)
         [8] _initialize (res://test/run_tests.gd:108)
EXPECTED WARNING: demo cast: squirrel_forester has no loadable body; using a placeholder
     at: push_warning (core/variant/variant_utility.cpp:1033)
     GDScript backtrace (most recent call first):
         [0] setup_creature (res://demo/cast/demo_actor.gd:211)
         [1] build (res://demo/cast/demo_cast.gd:159)
         [2] _rig (res://test/test_demo_people_ui.gd:88)
         [3] test_one_resident_s_skills_are_meters_not_words_and_a_group_keeps_its_short_forms (res://test/test_demo_people_ui.gd:511)
         [4] _run_test (res://test/run_tests.gd:194)
         [5] _run_suite (res://test/run_tests.gd:168)
         [6] _run_suite (/home/runner/work/redwall-rts/redwall-rts/tools/ci_test_shard_runner.gd:30)
         [7] _run_worker (res://test/run_tests.gd:121)
         [8] _initialize (res://test/run_tests.gd:108)
EXPECTED WARNING: demo cast: otter_boatwright has no loadable body; using a placeholder
     at: push_warning (core/variant/variant_utility.cpp:1033)
     GDScript backtrace (most recent call first):
         [0] setup_creature (res://demo/cast/demo_actor.gd:211)
         [1] build (res://demo/cast/demo_cast.gd:159)
         [2] _rig (res://test/test_demo_people_ui.gd:88)
         [3] test_one_resident_s_skills_are_meters_not_words_and_a_group_keeps_its_short_forms (res://test/test_demo_people_ui.gd:511)
         [4] _run_test (res://test/run_tests.gd:194)
         [5] _run_suite (res://test/run_tests.gd:168)
         [6] _run_suite (/home/runner/work/redwall-rts/redwall-rts/tools/ci_test_shard_runner.gd:30)
         [7] _run_worker (res://test/run_tests.gd:121)
         [8] _initialize (res://test/run_tests.gd:108)
EXPECTED WARNING: demo cast: otter_fisher has no loadable body; using a placeholder
     at: push_warning (core/variant/variant_utility.cpp:1033)
     GDScript backtrace (most recent call first):
         [0] setup_creature (res://demo/cast/demo_actor.gd:211)
         [1] build (res://demo/cast/demo_cast.gd:159)
         [2] _rig (res://test/test_demo_people_ui.gd:88)
         [3] test_one_resident_s_skills_are_meters_not_words_and_a_group_keeps_its_short_forms (res://test/test_demo_people_ui.gd:511)
         [4] _run_test (res://test/run_tests.gd:194)
         [5] _run_suite (res://test/run_tests.gd:168)
         [6] _run_suite (/home/runner/work/redwall-rts/redwall-rts/tools/ci_test_shard_runner.gd:30)
         [7] _run_worker (res://test/run_tests.gd:121)
         [8] _initialize (res://test/run_tests.gd:108)
EXPECTED WARNING: demo cast: mole_digger has no loadable body; using a placeholder
     at: push_warning (core/variant/variant_utility.cpp:1033)
     GDScript backtrace (most recent call first):
         [0] setup_creature (res://demo/cast/demo_actor.gd:211)
         [1] build (res://demo/cast/demo_cast.gd:159)
         [2] _rig (res://test/test_demo_people_ui.gd:88)
         [3] test_one_resident_s_skills_are_meters_not_words_and_a_group_keeps_its_short_forms (res://test/test_demo_people_ui.gd:511)
         [4] _run_test (res://test/run_tests.gd:194)
         [5] _run_suite (res://test/run_tests.gd:168)
         [6] _run_suite (/home/runner/work/redwall-rts/redwall-rts/tools/ci_test_shard_runner.gd:30)
         [7] _run_worker (res://test/run_tests.gd:121)
         [8] _initialize (res://test/run_tests.gd:108)
EXPECTED WARNING: demo cast: badger_quarryman has no loadable body; using a placeholder
     at: push_warning (core/variant/variant_utility.cpp:1033)
     GDScript backtrace (most recent call first):
         [0] setup_creature (res://demo/cast/demo_actor.gd:211)
         [1] build (res://demo/cast/demo_cast.gd:159)
         [2] _rig (res://test/test_demo_people_ui.gd:88)
         [3] test_one_resident_s_skills_are_meters_not_words_and_a_group_keeps_its_short_forms (res://test/test_demo_people_ui.gd:511)
         [4] _run_test (res://test/run_tests.gd:194)
         [5] _run_suite (res://test/run_tests.gd:168)
         [6] _run_suite (/home/runner/work/redwall-rts/redwall-rts/tools/ci_test_shard_runner.gd:30)
         [7] _run_worker (res://test/run_tests.gd:121)
         [8] _initialize (res://test/run_tests.gd:108)
EXPECTED WARNING: demo cast: beaver_bridgewright has no loadable body; using a placeholder
     at: push_warning (core/variant/variant_utility.cpp:1033)
     GDScript backtrace (most recent call first):
         [0] setup_creature (res://demo/cast/demo_actor.gd:211)
         [1] build (res://demo/cast/demo_cast.gd:159)
         [2] _rig (res://test/test_demo_people_ui.gd:88)
         [3] test_one_resident_s_skills_are_meters_not_words_and_a_group_keeps_its_short_forms (res://test/test_demo_people_ui.gd:511)
         [4] _run_test (res://test/run_tests.gd:194)
         [5] _run_suite (res://test/run_tests.gd:168)
         [6] _run_suite (/home/runner/work/redwall-rts/redwall-rts/tools/ci_test_shard_runner.gd:30)
         [7] _run_worker (res://test/run_tests.gd:121)
         [8] _initialize (res://test/run_tests.gd:108)
  PASS  test_one_resident_s_skills_are_meters_not_words_and_a_group_keeps_its_short_forms
  PASS  test_the_water_s_words_split_into_bridging_and_swimming
  PASS  test_a_dug_through_tunnel_is_said_by_its_own_lead
EXPECTED WARNING: demo cast: mouse_keeper has no loadable body; using a placeholder
     at: push_warning (core/variant/variant_utility.cpp:1033)
     GDScript backtrace (most recent call first):
         [0] setup_creature (res://demo/cast/demo_actor.gd:211)
         [1] build (res://demo/cast/demo_cast.gd:159)
         [2] _rig (res://test/test_demo_people_ui.gd:88)
         [3] test_the_water_registers_bridging_as_skill_only (res://test/test_demo_people_ui.gd:568)
         [4] _run_test (res://test/run_tests.gd:194)
         [5] _run_suite (res://test/run_tests.gd:168)
         [6] _run_suite (/home/runner/work/redwall-rts/redwall-rts/tools/ci_test_shard_runner.gd:30)
         [7] _run_worker (res://test/run_tests.gd:121)
         [8] _initialize (res://test/run_tests.gd:108)
EXPECTED WARNING: demo cast: mouse_fieldworker has no loadable body; using a placeholder
     at: push_warning (core/variant/variant_utility.cpp:1033)
     GDScript backtrace (most recent call first):
         [0] setup_creature (res://demo/cast/demo_actor.gd:211)
         [1] build (res://demo/cast/demo_cast.gd:159)
         [2] _rig (res://test/test_demo_people_ui.gd:88)
         [3] test_the_water_registers_bridging_as_skill_only (res://test/test_demo_people_ui.gd:568)
         [4] _run_test (res://test/run_tests.gd:194)
         [5] _run_suite (res://test/run_tests.gd:168)
         [6] _run_suite (/home/runner/work/redwall-rts/redwall-rts/tools/ci_test_shard_runner.gd:30)
         [7] _run_worker (res://test/run_tests.gd:121)
         [8] _initialize (res://test/run_tests.gd:108)
EXPECTED WARNING: demo cast: squirrel_gatherer has no loadable body; using a placeholder
     at: push_warning (core/variant/variant_utility.cpp:1033)
     GDScript backtrace (most recent call first):
         [0] setup_creature (res://demo/cast/demo_actor.gd:211)
         [1] build (res://demo/cast/demo_cast.gd:159)
         [2] _rig (res://test/test_demo_people_ui.gd:88)
         [3] test_the_water_registers_bridging_as_skill_only (res://test/test_demo_people_ui.gd:568)
         [4] _run_test (res://test/run_tests.gd:194)
         [5] _run_suite (res://test/run_tests.gd:168)
         [6] _run_suite (/home/runner/work/redwall-rts/redwall-rts/tools/ci_test_shard_runner.gd:30)
         [7] _run_worker (res://test/run_tests.gd:121)
         [8] _initialize (res://test/run_tests.gd:108)
EXPECTED WARNING: demo cast: squirrel_forester has no loadable body; using a placeholder
     at: push_warning (core/variant/variant_utility.cpp:1033)
     GDScript backtrace (most recent call first):
         [0] setup_creature (res://demo/cast/demo_actor.gd:211)
         [1] build (res://demo/cast/demo_cast.gd:159)
         [2] _rig (res://test/test_demo_people_ui.gd:88)
         [3] test_the_water_registers_bridging_as_skill_only (res://test/test_demo_people_ui.gd:568)
         [4] _run_test (res://test/run_tests.gd:194)
         [5] _run_suite (res://test/run_tests.gd:168)
         [6] _run_suite (/home/runner/work/redwall-rts/redwall-rts/tools/ci_test_shard_runner.gd:30)
         [7] _run_worker (res://test/run_tests.gd:121)
         [8] _initialize (res://test/run_tests.gd:108)
EXPECTED WARNING: demo cast: otter_boatwright has no loadable body; using a placeholder
     at: push_warning (core/variant/variant_utility.cpp:1033)
     GDScript backtrace (most recent call first):
         [0] setup_creature (res://demo/cast/demo_actor.gd:211)
         [1] build (res://demo/cast/demo_cast.gd:159)
         [2] _rig (res://test/test_demo_people_ui.gd:88)
         [3] test_the_water_registers_bridging_as_skill_only (res://test/test_demo_people_ui.gd:568)
         [4] _run_test (res://test/run_tests.gd:194)
         [5] _run_suite (res://test/run_tests.gd:168)
         [6] _run_suite (/home/runner/work/redwall-rts/redwall-rts/tools/ci_test_shard_runner.gd:30)
         [7] _run_worker (res://test/run_tests.gd:121)
         [8] _initialize (res://test/run_tests.gd:108)
EXPECTED WARNING: demo cast: otter_fisher has no loadable body; using a placeholder
     at: push_warning (core/variant/variant_utility.cpp:1033)
     GDScript backtrace (most recent call first):
         [0] setup_creature (res://demo/cast/demo_actor.gd:211)
         [1] build (res://demo/cast/demo_cast.gd:159)
         [2] _rig (res://test/test_demo_people_ui.gd:88)
         [3] test_the_water_registers_bridging_as_skill_only (res://test/test_demo_people_ui.gd:568)
         [4] _run_test (res://test/run_tests.gd:194)
         [5] _run_suite (res://test/run_tests.gd:168)
         [6] _run_suite (/home/runner/work/redwall-rts/redwall-rts/tools/ci_test_shard_runner.gd:30)
         [7] _run_worker (res://test/run_tests.gd:121)
         [8] _initialize (res://test/run_tests.gd:108)
EXPECTED WARNING: demo cast: mole_digger has no loadable body; using a placeholder
     at: push_warning (core/variant/variant_utility.cpp:1033)
     GDScript backtrace (most recent call first):
         [0] setup_creature (res://demo/cast/demo_actor.gd:211)
         [1] build (res://demo/cast/demo_cast.gd:159)
         [2] _rig (res://test/test_demo_people_ui.gd:88)
         [3] test_the_water_registers_bridging_as_skill_only (res://test/test_demo_people_ui.gd:568)
         [4] _run_test (res://test/run_tests.gd:194)
         [5] _run_suite (res://test/run_tests.gd:168)
         [6] _run_suite (/home/runner/work/redwall-rts/redwall-rts/tools/ci_test_shard_runner.gd:30)
         [7] _run_worker (res://test/run_tests.gd:121)
         [8] _initialize (res://test/run_tests.gd:108)
EXPECTED WARNING: demo cast: badger_quarryman has no loadable body; using a placeholder
     at: push_warning (core/variant/variant_utility.cpp:1033)
     GDScript backtrace (most recent call first):
         [0] setup_creature (res://demo/cast/demo_actor.gd:211)
         [1] build (res://demo/cast/demo_cast.gd:159)
         [2] _rig (res://test/test_demo_people_ui.gd:88)
         [3] test_the_water_registers_bridging_as_skill_only (res://test/test_demo_people_ui.gd:568)
         [4] _run_test (res://test/run_tests.gd:194)
         [5] _run_suite (res://test/run_tests.gd:168)
         [6] _run_suite (/home/runner/work/redwall-rts/redwall-rts/tools/ci_test_shard_runner.gd:30)
         [7] _run_worker (res://test/run_tests.gd:121)
         [8] _initialize (res://test/run_tests.gd:108)
EXPECTED WARNING: demo cast: beaver_bridgewright has no loadable body; using a placeholder
     at: push_warning (core/variant/variant_utility.cpp:1033)
     GDScript backtrace (most recent call first):
         [0] setup_creature (res://demo/cast/demo_actor.gd:211)
         [1] build (res://demo/cast/demo_cast.gd:159)
         [2] _rig (res://test/test_demo_people_ui.gd:88)
         [3] test_the_water_registers_bridging_as_skill_only (res://test/test_demo_people_ui.gd:568)
         [4] _run_test (res://test/run_tests.gd:194)
         [5] _run_suite (res://test/run_tests.gd:168)
         [6] _run_suite (/home/runner/work/redwall-rts/redwall-rts/tools/ci_test_shard_runner.gd:30)
         [7] _run_worker (res://test/run_tests.gd:121)
         [8] _initialize (res://test/run_tests.gd:108)
  PASS  test_the_water_registers_bridging_as_skill_only
EXPECTED WARNING: demo cast: mouse_keeper has no loadable body; using a placeholder
     at: push_warning (core/variant/variant_utility.cpp:1033)
     GDScript backtrace (most recent call first):
         [0] setup_creature (res://demo/cast/demo_actor.gd:211)
         [1] build (res://demo/cast/demo_cast.gd:159)
         [2] _rig (res://test/test_demo_people_ui.gd:88)
         [3] test_a_notable_resident_is_not_offered_and_unpinning_keeps_offers (res://test/test_demo_people_ui.gd:587)
         [4] _run_test (res://test/run_tests.gd:194)
         [5] _run_suite (res://test/run_tests.gd:168)
         [6] _run_suite (/home/runner/work/redwall-rts/redwall-rts/tools/ci_test_shard_runner.gd:30)
         [7] _run_worker (res://test/run_tests.gd:121)
         [8] _initialize (res://test/run_tests.gd:108)
EXPECTED WARNING: demo cast: mouse_fieldworker has no loadable body; using a placeholder
     at: push_warning (core/variant/variant_utility.cpp:1033)
     GDScript backtrace (most recent call first):
         [0] setup_creature (res://demo/cast/demo_actor.gd:211)
         [1] build (res://demo/cast/demo_cast.gd:159)
         [2] _rig (res://test/test_demo_people_ui.gd:88)
         [3] test_a_notable_resident_is_not_offered_and_unpinning_keeps_offers (res://test/test_demo_people_ui.gd:587)
         [4] _run_test (res://test/run_tests.gd:194)
         [5] _run_suite (res://test/run_tests.gd:168)
         [6] _run_suite (/home/runner/work/redwall-rts/redwall-rts/tools/ci_test_shard_runner.gd:30)
         [7] _run_worker (res://test/run_tests.gd:121)
         [8] _initialize (res://test/run_tests.gd:108)
EXPECTED WARNING: demo cast: squirrel_gatherer has no loadable body; using a placeholder
     at: push_warning (core/variant/variant_utility.cpp:1033)
     GDScript backtrace (most recent call first):
         [0] setup_creature (res://demo/cast/demo_actor.gd:211)
         [1] build (res://demo/cast/demo_cast.gd:159)
         [2] _rig (res://test/test_demo_people_ui.gd:88)
         [3] test_a_notable_resident_is_not_offered_and_unpinning_keeps_offers (res://test/test_demo_people_ui.gd:587)
         [4] _run_test (res://test/run_tests.gd:194)
         [5] _run_suite (res://test/run_tests.gd:168)
         [6] _run_suite (/home/runner/work/redwall-rts/redwall-rts/tools/ci_test_shard_runner.gd:30)
         [7] _run_worker (res://test/run_tests.gd:121)
         [8] _initialize (res://test/run_tests.gd:108)
EXPECTED WARNING: demo cast: squirrel_forester has no loadable body; using a placeholder
     at: push_warning (core/variant/variant_utility.cpp:1033)
     GDScript backtrace (most recent call first):
         [0] setup_creature (res://demo/cast/demo_actor.gd:211)
         [1] build (res://demo/cast/demo_cast.gd:159)
         [2] _rig (res://test/test_demo_people_ui.gd:88)
         [3] test_a_notable_resident_is_not_offered_and_unpinning_keeps_offers (res://test/test_demo_people_ui.gd:587)
         [4] _run_test (res://test/run_tests.gd:194)
         [5] _run_suite (res://test/run_tests.gd:168)
         [6] _run_suite (/home/runner/work/redwall-rts/redwall-rts/tools/ci_test_shard_runner.gd:30)
         [7] _run_worker (res://test/run_tests.gd:121)
         [8] _initialize (res://test/run_tests.gd:108)
EXPECTED WARNING: demo cast: otter_boatwright has no loadable body; using a placeholder
     at: push_warning (core/variant/variant_utility.cpp:1033)
     GDScript backtrace (most recent call first):
         [0] setup_creature (res://demo/cast/demo_actor.gd:211)
         [1] build (res://demo/cast/demo_cast.gd:159)
         [2] _rig (res://test/test_demo_people_ui.gd:88)
         [3] test_a_notable_resident_is_not_offered_and_unpinning_keeps_offers (res://test/test_demo_people_ui.gd:587)
         [4] _run_test (res://test/run_tests.gd:194)
         [5] _run_suite (res://test/run_tests.gd:168)
         [6] _run_suite (/home/runner/work/redwall-rts/redwall-rts/tools/ci_test_shard_runner.gd:30)
         [7] _run_worker (res://test/run_tests.gd:121)
         [8] _initialize (res://test/run_tests.gd:108)
EXPECTED WARNING: demo cast: otter_fisher has no loadable body; using a placeholder
     at: push_warning (core/variant/variant_utility.cpp:1033)
     GDScript backtrace (most recent call first):
         [0] setup_creature (res://demo/cast/demo_actor.gd:211)
         [1] build (res://demo/cast/demo_cast.gd:159)
         [2] _rig (res://test/test_demo_people_ui.gd:88)
         [3] test_a_notable_resident_is_not_offered_and_unpinning_keeps_offers (res://test/test_demo_people_ui.gd:587)
         [4] _run_test (res://test/run_tests.gd:194)
         [5] _run_suite (res://test/run_tests.gd:168)
         [6] _run_suite (/home/runner/work/redwall-rts/redwall-rts/tools/ci_test_shard_runner.gd:30)
         [7] _run_worker (res://test/run_tests.gd:121)
         [8] _initialize (res://test/run_tests.gd:108)
EXPECTED WARNING: demo cast: mole_digger has no loadable body; using a placeholder
     at: push_warning (core/variant/variant_utility.cpp:1033)
     GDScript backtrace (most recent call first):
         [0] setup_creature (res://demo/cast/demo_actor.gd:211)
         [1] build (res://demo/cast/demo_cast.gd:159)
         [2] _rig (res://test/test_demo_people_ui.gd:88)
         [3] test_a_notable_resident_is_not_offered_and_unpinning_keeps_offers (res://test/test_demo_people_ui.gd:587)
         [4] _run_test (res://test/run_tests.gd:194)
         [5] _run_suite (res://test/run_tests.gd:168)
         [6] _run_suite (/home/runner/work/redwall-rts/redwall-rts/tools/ci_test_shard_runner.gd:30)
         [7] _run_worker (res://test/run_tests.gd:121)
         [8] _initialize (res://test/run_tests.gd:108)
EXPECTED WARNING: demo cast: badger_quarryman has no loadable body; using a placeholder
     at: push_warning (core/variant/variant_utility.cpp:1033)
     GDScript backtrace (most recent call first):
         [0] setup_creature (res://demo/cast/demo_actor.gd:211)
         [1] build (res://demo/cast/demo_cast.gd:159)
         [2] _rig (res://test/test_demo_people_ui.gd:88)
         [3] test_a_notable_resident_is_not_offered_and_unpinning_keeps_offers (res://test/test_demo_people_ui.gd:587)
         [4] _run_test (res://test/run_tests.gd:194)
         [5] _run_suite (res://test/run_tests.gd:168)
         [6] _run_suite (/home/runner/work/redwall-rts/redwall-rts/tools/ci_test_shard_runner.gd:30)
         [7] _run_worker (res://test/run_tests.gd:121)
         [8] _initialize (res://test/run_tests.gd:108)
EXPECTED WARNING: demo cast: beaver_bridgewright has no loadable body; using a placeholder
     at: push_warning (core/variant/variant_utility.cpp:1033)
     GDScript backtrace (most recent call first):
         [0] setup_creature (res://demo/cast/demo_actor.gd:211)
         [1] build (res://demo/cast/demo_cast.gd:159)
         [2] _rig (res://test/test_demo_people_ui.gd:88)
         [3] test_a_notable_resident_is_not_offered_and_unpinning_keeps_offers (res://test/test_demo_people_ui.gd:587)
         [4] _run_test (res://test/run_tests.gd:194)
         [5] _run_suite (res://test/run_tests.gd:168)
         [6] _run_suite (/home/runner/work/redwall-rts/redwall-rts/tools/ci_test_shard_runner.gd:30)
         [7] _run_worker (res://test/run_tests.gd:121)
         [8] _initialize (res://test/run_tests.gd:108)
  PASS  test_a_notable_resident_is_not_offered_and_unpinning_keeps_offers
EXPECTED WARNING: demo cast: mouse_keeper has no loadable body; using a placeholder
     at: push_warning (core/variant/variant_utility.cpp:1033)
     GDScript backtrace (most recent call first):
         [0] setup_creature (res://demo/cast/demo_actor.gd:211)
         [1] build (res://demo/cast/demo_cast.gd:159)
         [2] _rig (res://test/test_demo_people_ui.gd:88)
         [3] test_only_a_resident_on_its_own_time_on_the_surface_is_free (res://test/test_demo_people_ui.gd:600)
         [4] _run_test (res://test/run_tests.gd:194)
         [5] _run_suite (res://test/run_tests.gd:168)
         [6] _run_suite (/home/runner/work/redwall-rts/redwall-rts/tools/ci_test_shard_runner.gd:30)
         [7] _run_worker (res://test/run_tests.gd:121)
         [8] _initialize (res://test/run_tests.gd:108)
EXPECTED WARNING: demo cast: mouse_fieldworker has no loadable body; using a placeholder
     at: push_warning (core/variant/variant_utility.cpp:1033)
     GDScript backtrace (most recent call first):
         [0] setup_creature (res://demo/cast/demo_actor.gd:211)
         [1] build (res://demo/cast/demo_cast.gd:159)
         [2] _rig (res://test/test_demo_people_ui.gd:88)
         [3] test_only_a_resident_on_its_own_time_on_the_surface_is_free (res://test/test_demo_people_ui.gd:600)
         [4] _run_test (res://test/run_tests.gd:194)
         [5] _run_suite (res://test/run_tests.gd:168)
         [6] _run_suite (/home/runner/work/redwall-rts/redwall-rts/tools/ci_test_shard_runner.gd:30)
         [7] _run_worker (res://test/run_tests.gd:121)
         [8] _initialize (res://test/run_tests.gd:108)
EXPECTED WARNING: demo cast: squirrel_gatherer has no loadable body; using a placeholder
     at: push_warning (core/variant/variant_utility.cpp:1033)
     GDScript backtrace (most recent call first):
         [0] setup_creature (res://demo/cast/demo_actor.gd:211)
         [1] build (res://demo/cast/demo_cast.gd:159)
         [2] _rig (res://test/test_demo_people_ui.gd:88)
         [3] test_only_a_resident_on_its_own_time_on_the_surface_is_free (res://test/test_demo_people_ui.gd:600)
         [4] _run_test (res://test/run_tests.gd:194)
         [5] _run_suite (res://test/run_tests.gd:168)
         [6] _run_suite (/home/runner/work/redwall-rts/redwall-rts/tools/ci_test_shard_runner.gd:30)
         [7] _run_worker (res://test/run_tests.gd:121)
         [8] _initialize (res://test/run_tests.gd:108)
EXPECTED WARNING: demo cast: squirrel_forester has no loadable body; using a placeholder
     at: push_warning (core/variant/variant_utility.cpp:1033)
     GDScript backtrace (most recent call first):
         [0] setup_creature (res://demo/cast/demo_actor.gd:211)
         [1] build (res://demo/cast/demo_cast.gd:159)
         [2] _rig (res://test/test_demo_people_ui.gd:88)
         [3] test_only_a_resident_on_its_own_time_on_the_surface_is_free (res://test/test_demo_people_ui.gd:600)
         [4] _run_test (res://test/run_tests.gd:194)
         [5] _run_suite (res://test/run_tests.gd:168)
         [6] _run_suite (/home/runner/work/redwall-rts/redwall-rts/tools/ci_test_shard_runner.gd:30)
         [7] _run_worker (res://test/run_tests.gd:121)
         [8] _initialize (res://test/run_tests.gd:108)
EXPECTED WARNING: demo cast: otter_boatwright has no loadable body; using a placeholder
     at: push_warning (core/variant/variant_utility.cpp:1033)
     GDScript backtrace (most recent call first):
         [0] setup_creature (res://demo/cast/demo_actor.gd:211)
         [1] build (res://demo/cast/demo_cast.gd:159)
         [2] _rig (res://test/test_demo_people_ui.gd:88)
         [3] test_only_a_resident_on_its_own_time_on_the_surface_is_free (res://test/test_demo_people_ui.gd:600)
         [4] _run_test (res://test/run_tests.gd:194)
         [5] _run_suite (res://test/run_tests.gd:168)
         [6] _run_suite (/home/runner/work/redwall-rts/redwall-rts/tools/ci_test_shard_runner.gd:30)
         [7] _run_worker (res://test/run_tests.gd:121)
         [8] _initialize (res://test/run_tests.gd:108)
EXPECTED WARNING: demo cast: otter_fisher has no loadable body; using a placeholder
     at: push_warning (core/variant/variant_utility.cpp:1033)
     GDScript backtrace (most recent call first):
         [0] setup_creature (res://demo/cast/demo_actor.gd:211)
         [1] build (res://demo/cast/demo_cast.gd:159)
         [2] _rig (res://test/test_demo_people_ui.gd:88)
         [3] test_only_a_resident_on_its_own_time_on_the_surface_is_free (res://test/test_demo_people_ui.gd:600)
         [4] _run_test (res://test/run_tests.gd:194)
         [5] _run_suite (res://test/run_tests.gd:168)
         [6] _run_suite (/home/runner/work/redwall-rts/redwall-rts/tools/ci_test_shard_runner.gd:30)
         [7] _run_worker (res://test/run_tests.gd:121)
         [8] _initialize (res://test/run_tests.gd:108)
EXPECTED WARNING: demo cast: mole_digger has no loadable body; using a placeholder
     at: push_warning (core/variant/variant_utility.cpp:1033)
     GDScript backtrace (most recent call first):
         [0] setup_creature (res://demo/cast/demo_actor.gd:211)
         [1] build (res://demo/cast/demo_cast.gd:159)
         [2] _rig (res://test/test_demo_people_ui.gd:88)
         [3] test_only_a_resident_on_its_own_time_on_the_surface_is_free (res://test/test_demo_people_ui.gd:600)
         [4] _run_test (res://test/run_tests.gd:194)
         [5] _run_suite (res://test/run_tests.gd:168)
         [6] _run_suite (/home/runner/work/redwall-rts/redwall-rts/tools/ci_test_shard_runner.gd:30)
         [7] _run_worker (res://test/run_tests.gd:121)
         [8] _initialize (res://test/run_tests.gd:108)
EXPECTED WARNING: demo cast: badger_quarryman has no loadable body; using a placeholder
     at: push_warning (core/variant/variant_utility.cpp:1033)
     GDScript backtrace (most recent call first):
         [0] setup_creature (res://demo/cast/demo_actor.gd:211)
         [1] build (res://demo/cast/demo_cast.gd:159)
         [2] _rig (res://test/test_demo_people_ui.gd:88)
         [3] test_only_a_resident_on_its_own_time_on_the_surface_is_free (res://test/test_demo_people_ui.gd:600)
         [4] _run_test (res://test/run_tests.gd:194)
         [5] _run_suite (res://test/run_tests.gd:168)
         [6] _run_suite (/home/runner/work/redwall-rts/redwall-rts/tools/ci_test_shard_runner.gd:30)
         [7] _run_worker (res://test/run_tests.gd:121)
         [8] _initialize (res://test/run_tests.gd:108)
EXPECTED WARNING: demo cast: beaver_bridgewright has no loadable body; using a placeholder
     at: push_warning (core/variant/variant_utility.cpp:1033)
     GDScript backtrace (most recent call first):
         [0] setup_creature (res://demo/cast/demo_actor.gd:211)
         [1] build (res://demo/cast/demo_cast.gd:159)
         [2] _rig (res://test/test_demo_people_ui.gd:88)
         [3] test_only_a_resident_on_its_own_time_on_the_surface_is_free (res://test/test_demo_people_ui.gd:600)
         [4] _run_test (res://test/run_tests.gd:194)
         [5] _run_suite (res://test/run_tests.gd:168)
         [6] _run_suite (/home/runner/work/redwall-rts/redwall-rts/tools/ci_test_shard_runner.gd:30)
         [7] _run_worker (res://test/run_tests.gd:121)
         [8] _initialize (res://test/run_tests.gd:108)
  PASS  test_only_a_resident_on_its_own_time_on_the_surface_is_free
EXPECTED WARNING: demo cast: mouse_keeper has no loadable body; using a placeholder
     at: push_warning (core/variant/variant_utility.cpp:1033)
     GDScript backtrace (most recent call first):
         [0] setup_creature (res://demo/cast/demo_actor.gd:211)
         [1] build (res://demo/cast/demo_cast.gd:159)
         [2] _rig (res://test/test_demo_people_ui.gd:88)
         [3] test_the_kitchen_says_why (res://test/test_demo_people_ui.gd:617)
         [4] _run_test (res://test/run_tests.gd:194)
         [5] _run_suite (res://test/run_tests.gd:168)
         [6] _run_suite (/home/runner/work/redwall-rts/redwall-rts/tools/ci_test_shard_runner.gd:30)
         [7] _run_worker (res://test/run_tests.gd:121)
         [8] _initialize (res://test/run_tests.gd:108)
EXPECTED WARNING: demo cast: mouse_fieldworker has no loadable body; using a placeholder
     at: push_warning (core/variant/variant_utility.cpp:1033)
     GDScript backtrace (most recent call first):
         [0] setup_creature (res://demo/cast/demo_actor.gd:211)
         [1] build (res://demo/cast/demo_cast.gd:159)
         [2] _rig (res://test/test_demo_people_ui.gd:88)
         [3] test_the_kitchen_says_why (res://test/test_demo_people_ui.gd:617)
         [4] _run_test (res://test/run_tests.gd:194)
         [5] _run_suite (res://test/run_tests.gd:168)
         [6] _run_suite (/home/runner/work/redwall-rts/redwall-rts/tools/ci_test_shard_runner.gd:30)
         [7] _run_worker (res://test/run_tests.gd:121)
         [8] _initialize (res://test/run_tests.gd:108)
EXPECTED WARNING: demo cast: squirrel_gatherer has no loadable body; using a placeholder
     at: push_warning (core/variant/variant_utility.cpp:1033)
     GDScript backtrace (most recent call first):
         [0] setup_creature (res://demo/cast/demo_actor.gd:211)
         [1] build (res://demo/cast/demo_cast.gd:159)
         [2] _rig (res://test/test_demo_people_ui.gd:88)
         [3] test_the_kitchen_says_why (res://test/test_demo_people_ui.gd:617)
         [4] _run_test (res://test/run_tests.gd:194)
         [5] _run_suite (res://test/run_tests.gd:168)
         [6] _run_suite (/home/runner/work/redwall-rts/redwall-rts/tools/ci_test_shard_runner.gd:30)
         [7] _run_worker (res://test/run_tests.gd:121)
         [8] _initialize (res://test/run_tests.gd:108)
EXPECTED WARNING: demo cast: squirrel_forester has no loadable body; using a placeholder
     at: push_warning (core/variant/variant_utility.cpp:1033)
     GDScript backtrace (most recent call first):
         [0] setup_creature (res://demo/cast/demo_actor.gd:211)
         [1] build (res://demo/cast/demo_cast.gd:159)
         [2] _rig (res://test/test_demo_people_ui.gd:88)
         [3] test_the_kitchen_says_why (res://test/test_demo_people_ui.gd:617)
         [4] _run_test (res://test/run_tests.gd:194)
         [5] _run_suite (res://test/run_tests.gd:168)
         [6] _run_suite (/home/runner/work/redwall-rts/redwall-rts/tools/ci_test_shard_runner.gd:30)
         [7] _run_worker (res://test/run_tests.gd:121)
         [8] _initialize (res://test/run_tests.gd:108)
EXPECTED WARNING: demo cast: otter_boatwright has no loadable body; using a placeholder
     at: push_warning (core/variant/variant_utility.cpp:1033)
     GDScript backtrace (most recent call first):
         [0] setup_creature (res://demo/cast/demo_actor.gd:211)
         [1] build (res://demo/cast/demo_cast.gd:159)
         [2] _rig (res://test/test_demo_people_ui.gd:88)
         [3] test_the_kitchen_says_why (res://test/test_demo_people_ui.gd:617)
         [4] _run_test (res://test/run_tests.gd:194)
         [5] _run_suite (res://test/run_tests.gd:168)
         [6] _run_suite (/home/runner/work/redwall-rts/redwall-rts/tools/ci_test_shard_runner.gd:30)
         [7] _run_worker (res://test/run_tests.gd:121)
         [8] _initialize (res://test/run_tests.gd:108)
EXPECTED WARNING: demo cast: otter_fisher has no loadable body; using a placeholder
     at: push_warning (core/variant/variant_utility.cpp:1033)
     GDScript backtrace (most recent call first):
         [0] setup_creature (res://demo/cast/demo_actor.gd:211)
         [1] build (res://demo/cast/demo_cast.gd:159)
         [2] _rig (res://test/test_demo_people_ui.gd:88)
         [3] test_the_kitchen_says_why (res://test/test_demo_people_ui.gd:617)
         [4] _run_test (res://test/run_tests.gd:194)
         [5] _run_suite (res://test/run_tests.gd:168)
         [6] _run_suite (/home/runner/work/redwall-rts/redwall-rts/tools/ci_test_shard_runner.gd:30)
         [7] _run_worker (res://test/run_tests.gd:121)
         [8] _initialize (res://test/run_tests.gd:108)
EXPECTED WARNING: demo cast: mole_digger has no loadable body; using a placeholder
     at: push_warning (core/variant/variant_utility.cpp:1033)
     GDScript backtrace (most recent call first):
         [0] setup_creature (res://demo/cast/demo_actor.gd:211)
         [1] build (res://demo/cast/demo_cast.gd:159)
         [2] _rig (res://test/test_demo_people_ui.gd:88)
         [3] test_the_kitchen_says_why (res://test/test_demo_people_ui.gd:617)
         [4] _run_test (res://test/run_tests.gd:194)
         [5] _run_suite (res://test/run_tests.gd:168)
         [6] _run_suite (/home/runner/work/redwall-rts/redwall-rts/tools/ci_test_shard_runner.gd:30)
         [7] _run_worker (res://test/run_tests.gd:121)
         [8] _initialize (res://test/run_tests.gd:108)
EXPECTED WARNING: demo cast: badger_quarryman has no loadable body; using a placeholder
     at: push_warning (core/variant/variant_utility.cpp:1033)
     GDScript backtrace (most recent call first):
         [0] setup_creature (res://demo/cast/demo_actor.gd:211)
         [1] build (res://demo/cast/demo_cast.gd:159)
         [2] _rig (res://test/test_demo_people_ui.gd:88)
         [3] test_the_kitchen_says_why (res://test/test_demo_people_ui.gd:617)
         [4] _run_test (res://test/run_tests.gd:194)
         [5] _run_suite (res://test/run_tests.gd:168)
         [6] _run_suite (/home/runner/work/redwall-rts/redwall-rts/tools/ci_test_shard_runner.gd:30)
         [7] _run_worker (res://test/run_tests.gd:121)
         [8] _initialize (res://test/run_tests.gd:108)
EXPECTED WARNING: demo cast: beaver_bridgewright has no loadable body; using a placeholder
     at: push_warning (core/variant/variant_utility.cpp:1033)
     GDScript backtrace (most recent call first):
         [0] setup_creature (res://demo/cast/demo_actor.gd:211)
         [1] build (res://demo/cast/demo_cast.gd:159)
         [2] _rig (res://test/test_demo_people_ui.gd:88)
         [3] test_the_kitchen_says_why (res://test/test_demo_people_ui.gd:617)
         [4] _run_test (res://test/run_tests.gd:194)
         [5] _run_suite (res://test/run_tests.gd:168)
         [6] _run_suite (/home/runner/work/redwall-rts/redwall-rts/tools/ci_test_shard_runner.gd:30)
         [7] _run_worker (res://test/run_tests.gd:121)
         [8] _initialize (res://test/run_tests.gd:108)
  PASS  test_the_kitchen_says_why
EXPECTED WARNING: demo cast: mouse_keeper has no loadable body; using a placeholder
     at: push_warning (core/variant/variant_utility.cpp:1033)
     GDScript backtrace (most recent call first):
         [0] setup_creature (res://demo/cast/demo_actor.gd:211)
         [1] build (res://demo/cast/demo_cast.gd:159)
         [2] _rig (res://test/test_demo_people_ui.gd:88)
         [3] test_moments_are_capped_and_an_empty_season_changes_nothing (res://test/test_demo_people_ui.gd:633)
         [4] _run_test (res://test/run_tests.gd:194)
         [5] _run_suite (res://test/run_tests.gd:168)
         [6] _run_suite (/home/runner/work/redwall-rts/redwall-rts/tools/ci_test_shard_runner.gd:30)
         [7] _run_worker (res://test/run_tests.gd:121)
         [8] _initialize (res://test/run_tests.gd:108)
EXPECTED WARNING: demo cast: mouse_fieldworker has no loadable body; using a placeholder
     at: push_warning (core/variant/variant_utility.cpp:1033)
     GDScript backtrace (most recent call first):
         [0] setup_creature (res://demo/cast/demo_actor.gd:211)
         [1] build (res://demo/cast/demo_cast.gd:159)
         [2] _rig (res://test/test_demo_people_ui.gd:88)
         [3] test_moments_are_capped_and_an_empty_season_changes_nothing (res://test/test_demo_people_ui.gd:633)
         [4] _run_test (res://test/run_tests.gd:194)
         [5] _run_suite (res://test/run_tests.gd:168)
         [6] _run_suite (/home/runner/work/redwall-rts/redwall-rts/tools/ci_test_shard_runner.gd:30)
         [7] _run_worker (res://test/run_tests.gd:121)
         [8] _initialize (res://test/run_tests.gd:108)
EXPECTED WARNING: demo cast: squirrel_gatherer has no loadable body; using a placeholder
     at: push_warning (core/variant/variant_utility.cpp:1033)
     GDScript backtrace (most recent call first):
         [0] setup_creature (res://demo/cast/demo_actor.gd:211)
         [1] build (res://demo/cast/demo_cast.gd:159)
         [2] _rig (res://test/test_demo_people_ui.gd:88)
         [3] test_moments_are_capped_and_an_empty_season_changes_nothing (res://test/test_demo_people_ui.gd:633)
         [4] _run_test (res://test/run_tests.gd:194)
         [5] _run_suite (res://test/run_tests.gd:168)
         [6] _run_suite (/home/runner/work/redwall-rts/redwall-rts/tools/ci_test_shard_runner.gd:30)
         [7] _run_worker (res://test/run_tests.gd:121)
         [8] _initialize (res://test/run_tests.gd:108)
EXPECTED WARNING: demo cast: squirrel_forester has no loadable body; using a placeholder
     at: push_warning (core/variant/variant_utility.cpp:1033)
     GDScript backtrace (most recent call first):
         [0] setup_creature (res://demo/cast/demo_actor.gd:211)
         [1] build (res://demo/cast/demo_cast.gd:159)
         [2] _rig (res://test/test_demo_people_ui.gd:88)
         [3] test_moments_are_capped_and_an_empty_season_changes_nothing (res://test/test_demo_people_ui.gd:633)
         [4] _run_test (res://test/run_tests.gd:194)
         [5] _run_suite (res://test/run_tests.gd:168)
         [6] _run_suite (/home/runner/work/redwall-rts/redwall-rts/tools/ci_test_shard_runner.gd:30)
         [7] _run_worker (res://test/run_tests.gd:121)
         [8] _initialize (res://test/run_tests.gd:108)
EXPECTED WARNING: demo cast: otter_boatwright has no loadable body; using a placeholder
     at: push_warning (core/variant/variant_utility.cpp:1033)
     GDScript backtrace (most recent call first):
         [0] setup_creature (res://demo/cast/demo_actor.gd:211)
         [1] build (res://demo/cast/demo_cast.gd:159)
         [2] _rig (res://test/test_demo_people_ui.gd:88)
         [3] test_moments_are_capped_and_an_empty_season_changes_nothing (res://test/test_demo_people_ui.gd:633)
         [4] _run_test (res://test/run_tests.gd:194)
         [5] _run_suite (res://test/run_tests.gd:168)
         [6] _run_suite (/home/runner/work/redwall-rts/redwall-rts/tools/ci_test_shard_runner.gd:30)
         [7] _run_worker (res://test/run_tests.gd:121)
         [8] _initialize (res://test/run_tests.gd:108)
EXPECTED WARNING: demo cast: otter_fisher has no loadable body; using a placeholder
     at: push_warning (core/variant/variant_utility.cpp:1033)
     GDScript backtrace (most recent call first):
         [0] setup_creature (res://demo/cast/demo_actor.gd:211)
         [1] build (res://demo/cast/demo_cast.gd:159)
         [2] _rig (res://test/test_demo_people_ui.gd:88)
         [3] test_moments_are_capped_and_an_empty_season_changes_nothing (res://test/test_demo_people_ui.gd:633)
         [4] _run_test (res://test/run_tests.gd:194)
         [5] _run_suite (res://test/run_tests.gd:168)
         [6] _run_suite (/home/runner/work/redwall-rts/redwall-rts/tools/ci_test_shard_runner.gd:30)
         [7] _run_worker (res://test/run_tests.gd:121)
         [8] _initialize (res://test/run_tests.gd:108)
EXPECTED WARNING: demo cast: mole_digger has no loadable body; using a placeholder
     at: push_warning (core/variant/variant_utility.cpp:1033)
     GDScript backtrace (most recent call first):
         [0] setup_creature (res://demo/cast/demo_actor.gd:211)
         [1] build (res://demo/cast/demo_cast.gd:159)
         [2] _rig (res://test/test_demo_people_ui.gd:88)
         [3] test_moments_are_capped_and_an_empty_season_changes_nothing (res://test/test_demo_people_ui.gd:633)
         [4] _run_test (res://test/run_tests.gd:194)
         [5] _run_suite (res://test/run_tests.gd:168)
         [6] _run_suite (/home/runner/work/redwall-rts/redwall-rts/tools/ci_test_shard_runner.gd:30)
         [7] _run_worker (res://test/run_tests.gd:121)
         [8] _initialize (res://test/run_tests.gd:108)
EXPECTED WARNING: demo cast: badger_quarryman has no loadable body; using a placeholder
     at: push_warning (core/variant/variant_utility.cpp:1033)
     GDScript backtrace (most recent call first):
         [0] setup_creature (res://demo/cast/demo_actor.gd:211)
         [1] build (res://demo/cast/demo_cast.gd:159)
         [2] _rig (res://test/test_demo_people_ui.gd:88)
         [3] test_moments_are_capped_and_an_empty_season_changes_nothing (res://test/test_demo_people_ui.gd:633)
         [4] _run_test (res://test/run_tests.gd:194)
         [5] _run_suite (res://test/run_tests.gd:168)
         [6] _run_suite (/home/runner/work/redwall-rts/redwall-rts/tools/ci_test_shard_runner.gd:30)
         [7] _run_worker (res://test/run_tests.gd:121)
         [8] _initialize (res://test/run_tests.gd:108)
EXPECTED WARNING: demo cast: beaver_bridgewright has no loadable body; using a placeholder
     at: push_warning (core/variant/variant_utility.cpp:1033)
     GDScript backtrace (most recent call first):
         [0] setup_creature (res://demo/cast/demo_actor.gd:211)
         [1] build (res://demo/cast/demo_cast.gd:159)
         [2] _rig (res://test/test_demo_people_ui.gd:88)
         [3] test_moments_are_capped_and_an_empty_season_changes_nothing (res://test/test_demo_people_ui.gd:633)
         [4] _run_test (res://test/run_tests.gd:194)
         [5] _run_suite (res://test/run_tests.gd:168)
         [6] _run_suite (/home/runner/work/redwall-rts/redwall-rts/tools/ci_test_shard_runner.gd:30)
         [7] _run_worker (res://test/run_tests.gd:121)
         [8] _initialize (res://test/run_tests.gd:108)
EXPECTED WARNING: demo cast: mouse_keeper has no loadable body; using a placeholder
     at: push_warning (core/variant/variant_utility.cpp:1033)
     GDScript backtrace (most recent call first):
         [0] setup_creature (res://demo/cast/demo_actor.gd:211)
         [1] build (res://demo/cast/demo_cast.gd:159)
         [2] _rig (res://test/test_demo_people_ui.gd:88)
         [3] test_moments_are_capped_and_an_empty_season_changes_nothing (res://test/test_demo_people_ui.gd:637)
         [4] _run_test (res://test/run_tests.gd:194)
         [5] _run_suite (res://test/run_tests.gd:168)
         [6] _run_suite (/home/runner/work/redwall-rts/redwall-rts/tools/ci_test_shard_runner.gd:30)
         [7] _run_worker (res://test/run_tests.gd:121)
         [8] _initialize (res://test/run_tests.gd:108)
EXPECTED WARNING: demo cast: mouse_fieldworker has no loadable body; using a placeholder
     at: push_warning (core/variant/variant_utility.cpp:1033)
     GDScript backtrace (most recent call first):
         [0] setup_creature (res://demo/cast/demo_actor.gd:211)
         [1] build (res://demo/cast/demo_cast.gd:159)
         [2] _rig (res://test/test_demo_people_ui.gd:88)
         [3] test_moments_are_capped_and_an_empty_season_changes_nothing (res://test/test_demo_people_ui.gd:637)
         [4] _run_test (res://test/run_tests.gd:194)
         [5] _run_suite (res://test/run_tests.gd:168)
         [6] _run_suite (/home/runner/work/redwall-rts/redwall-rts/tools/ci_test_shard_runner.gd:30)
         [7] _run_worker (res://test/run_tests.gd:121)
         [8] _initialize (res://test/run_tests.gd:108)
EXPECTED WARNING: demo cast: squirrel_gatherer has no loadable body; using a placeholder
     at: push_warning (core/variant/variant_utility.cpp:1033)
     GDScript backtrace (most recent call first):
         [0] setup_creature (res://demo/cast/demo_actor.gd:211)
         [1] build (res://demo/cast/demo_cast.gd:159)
         [2] _rig (res://test/test_demo_people_ui.gd:88)
         [3] test_moments_are_capped_and_an_empty_season_changes_nothing (res://test/test_demo_people_ui.gd:637)
         [4] _run_test (res://test/run_tests.gd:194)
         [5] _run_suite (res://test/run_tests.gd:168)
         [6] _run_suite (/home/runner/work/redwall-rts/redwall-rts/tools/ci_test_shard_runner.gd:30)
         [7] _run_worker (res://test/run_tests.gd:121)
         [8] _initialize (res://test/run_tests.gd:108)
EXPECTED WARNING: demo cast: squirrel_forester has no loadable body; using a placeholder
     at: push_warning (core/variant/variant_utility.cpp:1033)
     GDScript backtrace (most recent call first):
         [0] setup_creature (res://demo/cast/demo_actor.gd:211)
         [1] build (res://demo/cast/demo_cast.gd:159)
         [2] _rig (res://test/test_demo_people_ui.gd:88)
         [3] test_moments_are_capped_and_an_empty_season_changes_nothing (res://test/test_demo_people_ui.gd:637)
         [4] _run_test (res://test/run_tests.gd:194)
         [5] _run_suite (res://test/run_tests.gd:168)
         [6] _run_suite (/home/runner/work/redwall-rts/redwall-rts/tools/ci_test_shard_runner.gd:30)
         [7] _run_worker (res://test/run_tests.gd:121)
         [8] _initialize (res://test/run_tests.gd:108)
EXPECTED WARNING: demo cast: otter_boatwright has no loadable body; using a placeholder
     at: push_warning (core/variant/variant_utility.cpp:1033)
     GDScript backtrace (most recent call first):
         [0] setup_creature (res://demo/cast/demo_actor.gd:211)
         [1] build (res://demo/cast/demo_cast.gd:159)
         [2] _rig (res://test/test_demo_people_ui.gd:88)
         [3] test_moments_are_capped_and_an_empty_season_changes_nothing (res://test/test_demo_people_ui.gd:637)
         [4] _run_test (res://test/run_tests.gd:194)
         [5] _run_suite (res://test/run_tests.gd:168)
         [6] _run_suite (/home/runner/work/redwall-rts/redwall-rts/tools/ci_test_shard_runner.gd:30)
         [7] _run_worker (res://test/run_tests.gd:121)
         [8] _initialize (res://test/run_tests.gd:108)
EXPECTED WARNING: demo cast: otter_fisher has no loadable body; using a placeholder
     at: push_warning (core/variant/variant_utility.cpp:1033)
     GDScript backtrace (most recent call first):
         [0] setup_creature (res://demo/cast/demo_actor.gd:211)
         [1] build (res://demo/cast/demo_cast.gd:159)
         [2] _rig (res://test/test_demo_people_ui.gd:88)
         [3] test_moments_are_capped_and_an_empty_season_changes_nothing (res://test/test_demo_people_ui.gd:637)
         [4] _run_test (res://test/run_tests.gd:194)
         [5] _run_suite (res://test/run_tests.gd:168)
         [6] _run_suite (/home/runner/work/redwall-rts/redwall-rts/tools/ci_test_shard_runner.gd:30)
         [7] _run_worker (res://test/run_tests.gd:121)
         [8] _initialize (res://test/run_tests.gd:108)
EXPECTED WARNING: demo cast: mole_digger has no loadable body; using a placeholder
     at: push_warning (core/variant/variant_utility.cpp:1033)
     GDScript backtrace (most recent call first):
         [0] setup_creature (res://demo/cast/demo_actor.gd:211)
         [1] build (res://demo/cast/demo_cast.gd:159)
         [2] _rig (res://test/test_demo_people_ui.gd:88)
         [3] test_moments_are_capped_and_an_empty_season_changes_nothing (res://test/test_demo_people_ui.gd:637)
         [4] _run_test (res://test/run_tests.gd:194)
         [5] _run_suite (res://test/run_tests.gd:168)
         [6] _run_suite (/home/runner/work/redwall-rts/redwall-rts/tools/ci_test_shard_runner.gd:30)
         [7] _run_worker (res://test/run_tests.gd:121)
         [8] _initialize (res://test/run_tests.gd:108)
EXPECTED WARNING: demo cast: badger_quarryman has no loadable body; using a placeholder
     at: push_warning (core/variant/variant_utility.cpp:1033)
     GDScript backtrace (most recent call first):
         [0] setup_creature (res://demo/cast/demo_actor.gd:211)
         [1] build (res://demo/cast/demo_cast.gd:159)
         [2] _rig (res://test/test_demo_people_ui.gd:88)
         [3] test_moments_are_capped_and_an_empty_season_changes_nothing (res://test/test_demo_people_ui.gd:637)
         [4] _run_test (res://test/run_tests.gd:194)
         [5] _run_suite (res://test/run_tests.gd:168)
         [6] _run_suite (/home/runner/work/redwall-rts/redwall-rts/tools/ci_test_shard_runner.gd:30)
         [7] _run_worker (res://test/run_tests.gd:121)
         [8] _initialize (res://test/run_tests.gd:108)
EXPECTED WARNING: demo cast: beaver_bridgewright has no loadable body; using a placeholder
     at: push_warning (core/variant/variant_utility.cpp:1033)
     GDScript backtrace (most recent call first):
         [0] setup_creature (res://demo/cast/demo_actor.gd:211)
         [1] build (res://demo/cast/demo_cast.gd:159)
         [2] _rig (res://test/test_demo_people_ui.gd:88)
         [3] test_moments_are_capped_and_an_empty_season_changes_nothing (res://test/test_demo_people_ui.gd:637)
         [4] _run_test (res://test/run_tests.gd:194)
         [5] _run_suite (res://test/run_tests.gd:168)
         [6] _run_suite (/home/runner/work/redwall-rts/redwall-rts/tools/ci_test_shard_runner.gd:30)
         [7] _run_worker (res://test/run_tests.gd:121)
         [8] _initialize (res://test/run_tests.gd:108)
  PASS  test_moments_are_capped_and_an_empty_season_changes_nothing
EXPECTED WARNING: demo cast: mouse_keeper has no loadable body; using a placeholder
     at: push_warning (core/variant/variant_utility.cpp:1033)
     GDScript backtrace (most recent call first):
         [0] setup_creature (res://demo/cast/demo_actor.gd:211)
         [1] build (res://demo/cast/demo_cast.gd:159)
         [2] _rig (res://test/test_demo_people_ui.gd:88)
         [3] test_a_group_carries_no_person_and_the_panel_shows_none (res://test/test_demo_people_ui.gd:653)
         [4] _run_test (res://test/run_tests.gd:194)
         [5] _run_suite (res://test/run_tests.gd:168)
         [6] _run_suite (/home/runner/work/redwall-rts/redwall-rts/tools/ci_test_shard_runner.gd:30)
         [7] _run_worker (res://test/run_tests.gd:121)
         [8] _initialize (res://test/run_tests.gd:108)
EXPECTED WARNING: demo cast: mouse_fieldworker has no loadable body; using a placeholder
     at: push_warning (core/variant/variant_utility.cpp:1033)
     GDScript backtrace (most recent call first):
         [0] setup_creature (res://demo/cast/demo_actor.gd:211)
         [1] build (res://demo/cast/demo_cast.gd:159)
         [2] _rig (res://test/test_demo_people_ui.gd:88)
         [3] test_a_group_carries_no_person_and_the_panel_shows_none (res://test/test_demo_people_ui.gd:653)
         [4] _run_test (res://test/run_tests.gd:194)
         [5] _run_suite (res://test/run_tests.gd:168)
         [6] _run_suite (/home/runner/work/redwall-rts/redwall-rts/tools/ci_test_shard_runner.gd:30)
         [7] _run_worker (res://test/run_tests.gd:121)
         [8] _initialize (res://test/run_tests.gd:108)
EXPECTED WARNING: demo cast: squirrel_gatherer has no loadable body; using a placeholder
     at: push_warning (core/variant/variant_utility.cpp:1033)
     GDScript backtrace (most recent call first):
         [0] setup_creature (res://demo/cast/demo_actor.gd:211)
         [1] build (res://demo/cast/demo_cast.gd:159)
         [2] _rig (res://test/test_demo_people_ui.gd:88)
         [3] test_a_group_carries_no_person_and_the_panel_shows_none (res://test/test_demo_people_ui.gd:653)
         [4] _run_test (res://test/run_tests.gd:194)
         [5] _run_suite (res://test/run_tests.gd:168)
         [6] _run_suite (/home/runner/work/redwall-rts/redwall-rts/tools/ci_test_shard_runner.gd:30)
         [7] _run_worker (res://test/run_tests.gd:121)
         [8] _initialize (res://test/run_tests.gd:108)
EXPECTED WARNING: demo cast: squirrel_forester has no loadable body; using a placeholder
     at: push_warning (core/variant/variant_utility.cpp:1033)
     GDScript backtrace (most recent call first):
         [0] setup_creature (res://demo/cast/demo_actor.gd:211)
         [1] build (res://demo/cast/demo_cast.gd:159)
         [2] _rig (res://test/test_demo_people_ui.gd:88)
         [3] test_a_group_carries_no_person_and_the_panel_shows_none (res://test/test_demo_people_ui.gd:653)
         [4] _run_test (res://test/run_tests.gd:194)
         [5] _run_suite (res://test/run_tests.gd:168)
         [6] _run_suite (/home/runner/work/redwall-rts/redwall-rts/tools/ci_test_shard_runner.gd:30)
         [7] _run_worker (res://test/run_tests.gd:121)
         [8] _initialize (res://test/run_tests.gd:108)
EXPECTED WARNING: demo cast: otter_boatwright has no loadable body; using a placeholder
     at: push_warning (core/variant/variant_utility.cpp:1033)
     GDScript backtrace (most recent call first):
         [0] setup_creature (res://demo/cast/demo_actor.gd:211)
         [1] build (res://demo/cast/demo_cast.gd:159)
         [2] _rig (res://test/test_demo_people_ui.gd:88)
         [3] test_a_group_carries_no_person_and_the_panel_shows_none (res://test/test_demo_people_ui.gd:653)
         [4] _run_test (res://test/run_tests.gd:194)
         [5] _run_suite (res://test/run_tests.gd:168)
         [6] _run_suite (/home/runner/work/redwall-rts/redwall-rts/tools/ci_test_shard_runner.gd:30)
         [7] _run_worker (res://test/run_tests.gd:121)
         [8] _initialize (res://test/run_tests.gd:108)
EXPECTED WARNING: demo cast: otter_fisher has no loadable body; using a placeholder
     at: push_warning (core/variant/variant_utility.cpp:1033)
     GDScript backtrace (most recent call first):
         [0] setup_creature (res://demo/cast/demo_actor.gd:211)
         [1] build (res://demo/cast/demo_cast.gd:159)
         [2] _rig (res://test/test_demo_people_ui.gd:88)
         [3] test_a_group_carries_no_person_and_the_panel_shows_none (res://test/test_demo_people_ui.gd:653)
         [4] _run_test (res://test/run_tests.gd:194)
         [5] _run_suite (res://test/run_tests.gd:168)
         [6] _run_suite (/home/runner/work/redwall-rts/redwall-rts/tools/ci_test_shard_runner.gd:30)
         [7] _run_worker (res://test/run_tests.gd:121)
         [8] _initialize (res://test/run_tests.gd:108)
EXPECTED WARNING: demo cast: mole_digger has no loadable body; using a placeholder
     at: push_warning (core/variant/variant_utility.cpp:1033)
     GDScript backtrace (most recent call first):
         [0] setup_creature (res://demo/cast/demo_actor.gd:211)
         [1] build (res://demo/cast/demo_cast.gd:159)
         [2] _rig (res://test/test_demo_people_ui.gd:88)
         [3] test_a_group_carries_no_person_and_the_panel_shows_none (res://test/test_demo_people_ui.gd:653)
         [4] _run_test (res://test/run_tests.gd:194)
         [5] _run_suite (res://test/run_tests.gd:168)
         [6] _run_suite (/home/runner/work/redwall-rts/redwall-rts/tools/ci_test_shard_runner.gd:30)
         [7] _run_worker (res://test/run_tests.gd:121)
         [8] _initialize (res://test/run_tests.gd:108)
EXPECTED WARNING: demo cast: badger_quarryman has no loadable body; using a placeholder
     at: push_warning (core/variant/variant_utility.cpp:1033)
     GDScript backtrace (most recent call first):
         [0] setup_creature (res://demo/cast/demo_actor.gd:211)
         [1] build (res://demo/cast/demo_cast.gd:159)
         [2] _rig (res://test/test_demo_people_ui.gd:88)
         [3] test_a_group_carries_no_person_and_the_panel_shows_none (res://test/test_demo_people_ui.gd:653)
         [4] _run_test (res://test/run_tests.gd:194)
         [5] _run_suite (res://test/run_tests.gd:168)
         [6] _run_suite (/home/runner/work/redwall-rts/redwall-rts/tools/ci_test_shard_runner.gd:30)
         [7] _run_worker (res://test/run_tests.gd:121)
         [8] _initialize (res://test/run_tests.gd:108)
EXPECTED WARNING: demo cast: beaver_bridgewright has no loadable body; using a placeholder
     at: push_warning (core/variant/variant_utility.cpp:1033)
     GDScript backtrace (most recent call first):
         [0] setup_creature (res://demo/cast/demo_actor.gd:211)
         [1] build (res://demo/cast/demo_cast.gd:159)
         [2] _rig (res://test/test_demo_people_ui.gd:88)
         [3] test_a_group_carries_no_person_and_the_panel_shows_none (res://test/test_demo_people_ui.gd:653)
         [4] _run_test (res://test/run_tests.gd:194)
         [5] _run_suite (res://test/run_tests.gd:168)
         [6] _run_suite (/home/runner/work/redwall-rts/redwall-rts/tools/ci_test_shard_runner.gd:30)
         [7] _run_worker (res://test/run_tests.gd:121)
         [8] _initialize (res://test/run_tests.gd:108)
  PASS  test_a_group_carries_no_person_and_the_panel_shows_none
  PASS  test_with_no_portrait_staged_the_person_has_no_header
  PASS  test_a_staged_portrait_heads_the_person_with_its_name_and_role
  PASS  test_the_portrait_is_looked_up_once_a_resident_and_drawn_when_given_late
CI_SUITE_TIME {"assertions":314,"failures":0,"suite":"test_demo_people_ui.gd","tests":27,"usec":10547059}
test_demo_routes.gd
  PASS  test_a_tunnel_s_after_estimate_is_the_router_s_cost_once_it_is_dug
  PASS  test_a_before_estimate_over_the_live_network_is_the_router_s_cost_in_the_rain
  PASS  test_a_bridge_s_after_estimate_is_the_router_s_cost_once_it_is_built
  PASS  test_a_loaded_haul_walked_before_and_after_the_bridge_takes_what_the_estimate_says
  PASS  test_the_estimate_plans_one_piece_a_window_and_only_when_the_desk_has_room
  PASS  test_an_estimate_starts_again_when_the_network_changes_and_not_otherwise
  PASS  test_a_group_s_fit_is_said_member_by_member_never_the_lead_s
  PASS  test_a_route_s_stretches_are_surface_underground_by_level_and_its_crossings
  PASS  test_water_stretches_are_wading_a_bridge_a_swim_and_the_proposed_bridge
  PASS  test_finding_a_route_is_the_desk_s_wait
  PASS  test_a_flood_or_a_fall_ahead_is_said_at_that_segment_s_entry
  PASS  test_a_load_taken_up_after_planning_is_too_wide_for_the_bore_ahead
  PASS  test_waiting_in_a_mouth_s_line_is_said_at_the_mouth
  PASS  test_stranded_below_with_every_way_out_closed_is_no_safe_exit
  PASS  test_a_trip_with_no_route_at_all_is_said_at_its_goal
  PASS  test_a_large_dig_reads_as_a_junction_then_a_connection
  PASS  test_a_finished_stage_is_told_apart_from_a_dead_end_heading
  PASS  test_the_next_payoff_counts_the_work_left_to_it
  PASS  test_a_stage_s_benefit_opens_only_the_segments_to_it
  PASS  test_a_piece_laid_but_not_dug_is_estimated_as_the_router_will_cost_it_once_dug
  PASS  test_a_trip_reads_calculating_then_now_and_after_honestly
  PASS  test_the_village_s_work_places_stand_on_land_and_the_far_banks_lie_across_the_water
  PASS  test_a_planned_bridge_s_materials_are_reserved_then_delivered_and_nothing_is_missing
  PASS  test_a_crew_member_aboard_reads_by_boat_out_and_back
  PASS  test_the_rescue_card_names_victim_responder_landing_and_a_time_the_same_while_paused
  PASS  test_with_its_rescuer_called_away_the_card_says_the_blockage_and_the_safety_net
  PASS  test_the_overlay_draws_each_member_and_redraws_only_on_change
  PASS  test_a_dig_ending_blind_below_is_a_spur_and_levels_are_named
  PASS  test_past_a_reached_stage_the_next_payoff_counts_from_it
  PASS  test_after_a_step_longer_than_the_budget_the_estimate_rests_as_many_windows
  PASS  test_a_discarded_copy_of_the_network_is_freed
  PASS  test_a_route_read_from_a_waypoint_on_is_that_stretch_of_it
  PASS  test_a_swimmer_treading_above_one_it_cannot_fetch_is_a_blockage_on_the_card
CI_SUITE_TIME {"assertions":246,"failures":0,"suite":"test_demo_routes.gd","tests":33,"usec":2620981}
test_demo_run_until.gd
  PASS  test_next_hour_tick_is_strictly_after_now
  PASS  test_the_next_meal_is_the_kitchens_next_call
  PASS  test_usec_to_tick_lands_on_the_tick_exactly
  PASS  test_dawn_fires_at_six_exactly_at_one_two_and_four_x
  PASS  test_dawn_takes_ten_real_minutes_at_one_x
  PASS  test_dusk_fires_at_twenty_exactly_with_ragged_frames
  PASS  test_the_next_meal_fires_at_the_call
  PASS  test_without_the_cap_a_frame_would_overshoot
  PASS  test_the_clock_cap_limits_a_frame_and_minus_one_does_not
  PASS  test_an_event_target_has_no_cap
  PASS  test_a_project_fires_when_its_watch_says_done
  PASS  test_a_removed_project_cancels_the_run
  PASS  test_no_project_selected_refuses
  PASS  test_a_harvest_window_fires_on_a_bed_newly_ripe
  PASS  test_nothing_growing_refuses_the_harvest
  PASS  test_the_next_warning_fires_on_a_new_one
  PASS  test_a_pause_cancels_the_run_and_says_so
  PASS  test_arrival_pauses_as_the_player_with_the_arrival
  PASS  test_a_critical_incident_cancels_a_run_even_with_auto_pause_off
  PASS  test_a_run_to_the_next_warning_takes_a_critical_incident_as_its_arrival
  PASS  test_a_warning_line_in_the_feed_is_the_next_warning
  PASS  test_stop_cancels_the_run
  PASS  test_starting_while_paused_resumes_first_and_the_menu_refuses
  PASS  test_the_preview_says_when_and_how_long
  PASS  test_a_removed_project_pauses_the_village_saying_so
  PASS  test_an_unavailable_target_changes_nothing
  PASS  test_a_warning_posted_before_the_start_is_in_the_baseline
  PASS  test_a_bed_harvested_and_ripe_again_is_a_new_window
  PASS  test_a_merged_repeat_is_not_a_new_incident
CI_SUITE_TIME {"assertions":90,"failures":0,"suite":"test_demo_run_until.gd","tests":29,"usec":261706}
test_demo_standing.gd
  PASS  test_the_goods_are_read_from_the_catalog
  PASS  test_adding_refuses_with_words
  PASS  test_the_book_holds_twelve
  PASS  test_the_latch_starts_below_the_amount_and_stops_at_the_band
  PASS  test_committed_output_counts_against_the_target
  PASS  test_off_queues_nothing_and_remove_leaves_the_work
  PASS  test_amount_steps_within_bounds
  PASS  test_only_a_blocked_order_raises_a_notice_and_once
  PASS  test_keep_planks_queues_sawing_on_the_woods_board
  PASS  test_keep_planks_is_blocked_without_wood_and_says_it_in_the_incidents
  PASS  test_keep_wood_gathers_deadfall_first_and_takes_the_fuel_bucket
  PASS  test_keep_a_crop_adopts_the_ripe_bed_s_harvest
  PASS  test_keep_meals_harvests_food_and_is_urgent_under_two_food_days
  PASS  test_the_driver_keeps_once_per_hour_moved
  PASS  test_keeping_allocates_nothing
  PASS  test_the_firewood_is_a_built_in_order_that_can_be_switched_off
  PASS  test_the_work_screen_adds_and_shows_an_order
  PASS  test_a_built_in_row_can_only_be_switched
  PASS  test_a_player_s_urgent_mark_holds_until_the_reserve_changes
  PASS  test_the_hour_never_keeps_a_built_in_order
  PASS  test_only_a_food_crop_is_urgent_and_only_under_two_food_days
  PASS  test_a_reused_board_row_is_another_job
  PASS  test_the_firewood_raises_nothing_when_wood_is_plenty
  PASS  test_adopting_a_harvest_keeps_the_player_s_marks
  PASS  test_the_driver_keeps_the_player_s_orders_on_the_hour_and_not_the_built_in
  PASS  test_an_order_whose_every_job_is_blocked_on_the_board_is_blocked
  PASS  test_switching_resets_the_latch
  PASS  test_a_full_woods_board_blocks_with_its_own_words
  PASS  test_a_built_in_order_s_priority_is_its_owner_s
  PASS  test_a_priority_change_never_lands_on_a_reused_row
  PASS  test_observe_keeps_a_refusal_s_reason
  PASS  test_a_reused_farm_row_is_another_job
CI_SUITE_TIME {"assertions":158,"failures":0,"suite":"test_demo_standing.gd","tests":32,"usec":6231384}
test_demo_tunnel_ext.gd
  PASS  test_every_day_s_climate_is_the_real_table_s
  PASS  test_ordinary_rain_falls_in_spells_of_three_days
  PASS  test_an_hour_reads_as_sky_at_exact_thresholds
  PASS  test_a_day_s_rain_falls_as_whole_shower_hours
  PASS  test_the_surface_speed_query
  PASS  test_a_frost_night_s_hours_read_as_frost
  PASS  test_a_change_of_condition_bumps_the_revision_once
  PASS  test_the_weather_speaks
  PASS  test_the_village_water_wets_the_east_stream_bank
  PASS  test_a_fixture_water_map_is_obeyed_everywhere
  PASS  test_the_authored_ground
  PASS  test_ground_cells_are_found_with_floor_division_and_clamped
  PASS  test_the_edge_wobble_is_seeded_and_bounded
  PASS  test_each_ground_s_dig_work_and_spoil
  PASS  test_the_timeline_follows_the_ground
  PASS  test_stage_spoil_and_face_on_a_mixed_timeline
  PASS  test_the_exit_ramp_breaks_out_at_its_mouth
  PASS  test_a_loam_tunnel_keeps_the_uniform_rule_exactly
  PASS  test_rock_yields_stone
  PASS  test_a_crew_rate_credits_work_exactly
  PASS  test_a_route_out_of_its_lengths_is_refused_whole
  PASS  test_progress_of_a_widening_pass
  PASS  test_who_fits_which_bore_loaded_or_not
  PASS  test_loaded_width_boundaries
  PASS  test_closing_and_reopening
  PASS  test_rain_sends_a_walker_through_a_tunnel_the_sun_does_not
  PASS  test_lanterns_and_queues_weigh_on_the_plan
  PASS  test_a_line_forms_and_moves_up
  PASS  test_a_full_line_refuses_and_prices_itself_out
  PASS  test_the_line_turns_off_an_obstacle
  PASS  test_the_crew_rate_follows_one_worker_per_face
  PASS  test_the_digging_skill_s_arithmetic
  PASS  test_rock_needs_a_breaker
  PASS  test_the_foremole_s_skill_quickens_the_crew
  PASS  test_a_crew_holds_three_besides_the_foremole
  PASS  test_skill_is_credited_to_the_face
  PASS  test_the_demo_stores_pay_all_or_nothing
  PASS  test_find_tables_at_their_boundaries
  PASS  test_each_metre_is_rolled_once_per_layer
  PASS  test_the_village_s_rock_pocket_holds_a_relic
  PASS  test_what_each_job_costs_and_takes
  PASS  test_inputs_are_paid_once_at_the_start
  PASS  test_work_moves_along_and_finishes
  PASS  test_a_pump_or_a_clearing_reopens_the_tunnel
  PASS  test_a_widening_posts_its_spoil_as_it_cuts_and_widens_the_bore
  PASS  test_jobs_on_a_freed_tunnel_are_void
  PASS  test_a_survey_counts_wet_and_weak_quanta_and_places_the_fall
  PASS  test_rain_seeps_in_warns_at_half_and_floods_at_forty_seconds
  PASS  test_a_flood_by_the_stream_seeps_four_times_as_fast
  PASS  test_crossings_strain_a_weak_bore_until_it_falls
  PASS  test_only_weak_ground_takes_a_crossing_s_strain
  PASS  test_a_long_sand_run_falls_in_its_middle_three_metres
  PASS  test_bracing_prevents_both_and_work_pauses_them
  PASS  test_a_flood_and_a_fall_close_the_tunnel_and_a_repair_resets
  PASS  test_threats_come_in_a_seeded_order
  PASS  test_the_first_threat_comes_on_its_own_after_six_game_days
  PASS  test_threats_come_about_every_nine_game_days
  PASS  test_the_flood_s_disc_and_shelters
  PASS  test_nobody_walks_past_a_tunnel_s_way_out_to_its_far_mouth
  PASS  test_an_escape_goes_through_the_nearest_tunnel_out_of_the_disc
CI_SUITE_TIME {"assertions":1334,"failures":0,"suite":"test_demo_tunnel_ext.gd","tests":60,"usec":2395624}
test_demo_work_arrival.gd
  PASS  test_a_harvester_walled_off_from_its_spot_cuts_nothing_from_afar
  PASS  test_a_walk_given_up_at_the_spot_is_not_arrival
  PASS  test_a_harvester_pushed_off_its_spot_stops_cutting_and_walks_back
  PASS  test_a_carrier_pushed_off_the_store_spot_stores_nothing_from_there
  PASS  test_a_feller_pushed_off_its_spot_fells_nothing_from_there
  PASS  test_a_woods_walk_given_up_at_the_spot_is_not_arrival
  PASS  test_a_feller_walled_off_from_the_tree_fells_nothing_from_afar
CI_SUITE_TIME {"assertions":24,"failures":0,"suite":"test_demo_work_arrival.gd","tests":7,"usec":4046782}
test_demo_work_screen.gd
  PASS  test_an_empty_board_says_so_and_how_to_make_work
  PASS  test_each_row_says_target_action_worker_state_work_left_and_resume_intent
  PASS  test_blocked_tasks_come_first_with_their_reason_in_words
  PASS  test_pause_and_resume_from_the_row
  PASS  test_a_carried_load_disables_pause_and_reassign_with_the_reason
  PASS  test_reassign_through_the_picker_shows_each_residents_eligibility
  PASS  test_an_open_picker_stays_with_its_task_when_the_list_re_sorts
  PASS  test_priority_and_urgent_from_the_row
  PASS  test_go_to_jumps_to_the_target_and_closes
  PASS  test_a_row_whose_task_changed_under_it_does_nothing
  PASS  test_cancel_all_shows_its_scope_then_cancels_what_it_said
  PASS  test_the_projects_view_groups_tasks_by_source
  PASS  test_the_residents_view_lists_each_crew_and_moves_a_member
  PASS  test_an_order_list_is_shown_and_edited_from_the_residents_view
  PASS  test_presets_preview_then_apply_from_the_residents_view
  PASS  test_a_paused_tunnel_job_is_claimed_by_one_who_fits_its_bore
  PASS  test_a_tunnel_job_paused_reassigned_and_cancelled
  PASS  test_a_paused_tunnel_job_is_not_taken_back_by_its_old_worker
  PASS  test_a_tunnel_job_posted_again_is_a_new_job
  PASS  test_a_widening_needs_one_who_can_dig
  PASS  test_a_tunnel_job_that_cannot_be_worked_says_why_and_waits
  PASS  test_a_mixed_group_on_a_tunnel_job_previews_each_member
  PASS  test_spoil_rows_are_listed_with_their_phase_and_say_how_to_stop_them
  PASS  test_a_waiting_fixture_is_listed_and_handed_to_a_resident
  PASS  test_a_queued_woods_order_goes_to_the_nearest_selected_resident
CI_SUITE_TIME {"assertions":152,"failures":0,"suite":"test_demo_work_screen.gd","tests":25,"usec":5457311}
test_demolition_admissions.gd
  PASS  test_a_new_building_publishes_the_first_destination_revision
  PASS  test_recording_an_admission_advances_the_revision_and_keeps_the_binding
  PASS  test_a_live_admission_refuses_a_second_and_a_retired_one_keeps_its_claim
  PASS  test_release_clears_the_record_advances_the_revision_and_refuses_nothing_to_release
  PASS  test_record_refuses_a_stale_building_a_stale_project_and_a_bad_output_shape
  PASS  test_the_revision_refuses_before_it_would_pass_int32
  PASS  test_clear_forgets_every_record_and_restarts_revisions
  PASS  test_both_revision_bounds_refuse_at_their_exact_edge
CI_SUITE_TIME {"assertions":53,"failures":0,"suite":"test_demolition_admissions.gd","tests":8,"usec":192386}
test_ecology.gd
  PASS  test_the_first_midnight_is_tick_13500_and_not_tick_18000
  PASS  test_exactly_two_boundaries_fall_in_the_first_two_simulated_days
  PASS  test_the_midnight_inverse_is_gated_on_the_clocks_own_predicate
  PASS  test_the_season_and_season_day_come_from_the_boundary_tick
  PASS  test_running_the_same_day_twice_changes_nothing_the_second_time
  PASS  test_a_day_before_the_last_one_consumed_is_refused
  PASS  test_clearing_the_ecology_drops_the_day_latch_and_every_store
  PASS  test_every_fish_stock_recovers_by_the_section_five_four_formula
  PASS  test_a_closed_species_still_recovers
  PASS  test_salmon_receive_the_autumn_day_one_restock_capped_at_capacity
  PASS  test_salmon_receive_no_restock_on_autumn_day_two
  PASS  test_the_daily_fishing_quota_accumulator_is_reset_at_midnight
  PASS  test_the_restocking_latch_does_not_enter_at_exactly_thirty_percent
  PASS  test_the_restocking_latch_enters_one_milli_unit_below_thirty_percent
  PASS  test_the_restocking_latch_does_not_clear_at_exactly_forty_percent
  PASS  test_the_restocking_latch_clears_one_milli_unit_above_forty_percent
  PASS  test_a_forage_patch_grows_by_decision_0036s_additive_rule
  PASS  test_a_forage_patch_grows_by_the_new_days_season_not_a_fixed_one
  PASS  test_a_dormant_kind_grows_nothing_and_is_not_an_error
  PASS  test_a_claim_outstanding_across_midnight_consumes_the_new_days_allowance
  PASS  test_a_claim_on_a_kind_dormant_in_the_new_season_is_released
  PASS  test_annual_patch_counters_do_not_reset_at_an_ordinary_midnight
  PASS  test_annual_patch_counters_reset_at_the_year_boundary
  PASS  test_an_unserviced_hive_loses_two_hundred_strength_for_the_completed_day
  PASS  test_a_hive_serviced_on_the_completed_day_produces_and_is_not_charged
  PASS  test_a_winter_hive_without_feed_loses_five_hundred_strength
  PASS  test_a_fed_winter_hive_eats_its_feed_and_keeps_its_strength
  PASS  test_a_hive_reaching_zero_strength_is_reported_abandoned
  PASS  test_a_strength_change_crossing_five_thousand_refreshes_the_orchard_links
  PASS  test_a_strength_change_inside_the_band_crosses_nothing
  PASS  test_an_exhausted_tree_regrows_on_its_forty_eighth_day
  PASS  test_a_node_with_no_regrow_period_never_regrows
  PASS  test_a_node_that_was_never_felled_is_left_alone
  PASS  test_the_stage_creates_and_advances_no_job
  PASS  test_the_stage_advances_no_orchard_and_reads_no_weather
  PASS  test_an_empty_ecology_runs_a_day_that_changes_nothing
  PASS  test_a_refused_day_clears_every_count_on_the_result
  PASS  test_a_leg_refusing_midway_carries_no_count_from_the_legs_that_ran
  PASS  test_the_ecology_day_writes_no_fish_closure_bit_at_all
  PASS  test_the_ecology_day_recovers_a_summer_blight_closed_mussel_bed
  PASS  test_the_ecology_day_uses_the_new_days_season_not_the_elapsed_one
CI_SUITE_TIME {"assertions":299,"failures":0,"suite":"test_ecology.gd","tests":41,"usec":1363450}
test_inventory_anchor.gd
  PASS  test_anchor_domain_is_the_exterior_grid_buildings_indexes
  PASS  test_domain_predicate_accepts_unplaced_and_both_grid_ends_only
  PASS  test_a_container_created_without_an_anchor_is_unplaced
  PASS  test_create_container_records_the_anchor_at_both_ends_of_the_grid
  PASS  test_create_container_refuses_an_out_of_domain_anchor_before_writing
  PASS  test_create_container_checks_the_anchor_before_store_capacity
  PASS  test_a_reused_slot_does_not_inherit_the_retired_rows_anchor
  PASS  test_the_query_reports_the_current_generation_of_a_reused_slot
  PASS  test_clear_resets_every_anchor_to_unplaced
  PASS  test_an_anchor_beyond_int32_is_refused_not_truncated
  PASS  test_set_container_anchor_places_moves_and_unplaces
  PASS  test_set_container_anchor_refuses_an_out_of_domain_tile_without_writing
  PASS  test_set_container_anchor_refuses_a_dead_or_stale_container
  PASS  test_a_poisoned_transaction_restores_the_anchor_byte_for_byte
  PASS  test_a_committed_transaction_keeps_the_anchor
  PASS  test_the_refusal_carrying_reader_tells_unplaced_from_missing
  PASS  test_the_query_finds_every_container_on_a_footprint_in_slot_order
  PASS  test_an_unplaced_container_is_never_reported_whatever_the_mask_marks
  PASS  test_any_nonzero_mask_byte_marks_a_tile
  PASS  test_a_clear_footprint_is_a_complete_scan_reporting_zero
  PASS  test_the_query_refuses_a_mask_of_the_wrong_size
  PASS  test_the_query_refuses_an_undersized_buffer_without_truncating
  PASS  test_the_query_is_read_only_on_success_and_refusal
  PASS  test_audit_refuses_an_out_of_domain_anchor_on_a_live_row_only
  PASS  test_the_rollback_image_includes_the_anchor
  PASS  test_the_canonical_projection_copies_live_anchors_and_masks_dead_ones
  PASS  test_restore_refuses_an_out_of_domain_live_anchor_and_a_dead_anchor_residue
CI_SUITE_TIME {"assertions":229,"failures":0,"suite":"test_inventory_anchor.gd","tests":27,"usec":45078}
test_inventory_ground_piles.gd
  PASS  test_a_pile_is_world_owned_400000_g_reachable_and_anchored_on_its_tile
  PASS  test_creation_outside_an_explicit_transaction_refuses_and_writes_nothing
  PASS  test_one_pile_per_tile_within_and_across_transactions
  PASS  test_an_out_of_domain_tile_refuses_before_the_site_is_asked
  PASS  test_the_sites_refusal_is_returned_by_name
  PASS  test_a_malformed_world_ref_refuses_invalid_owner
  PASS  test_an_unbound_or_released_authority_fails_closed
  PASS  test_binding_refuses_half_an_authority_and_an_open_transaction
  PASS  test_an_authority_that_reenters_the_store_is_refused
  PASS  test_a_full_container_store_refuses_capacity
  PASS  test_create_container_refuses_the_reserved_pile_policy
  PASS  test_a_piles_anchor_cannot_be_moved
  PASS  test_destroying_a_pile_clears_its_cell_and_rollback_restores_it
  PASS  test_aborting_a_pile_creation_is_byte_identical
  PASS  test_an_empty_pile_is_reclaimed_by_the_commit_that_created_it
  PASS  test_a_pile_emptied_by_an_implicit_operation_is_reclaimed_at_once
  PASS  test_a_pile_emptied_by_a_transfer_inside_a_transaction_is_reclaimed_at_commit
  PASS  test_a_partial_withdrawal_keeps_the_pile
  PASS  test_emptying_a_claimed_pile_is_refused_not_unclaimed
  PASS  test_a_new_pile_holding_only_a_claim_is_refused_at_commit
  PASS  test_the_audit_refuses_a_lotless_pile_at_rest
  PASS  test_a_rolled_back_transaction_reclaims_nothing
  PASS  test_the_audit_refuses_a_map_that_disagrees_with_the_rows
  PASS  test_clear_empties_the_map
  PASS  test_restore_rebuilds_the_map_identically_to_the_live_one
  PASS  test_restore_refuses_two_piles_on_one_tile_and_an_unplaced_pile
  PASS  test_a_reused_slot_that_is_no_longer_a_pile_is_never_reclaimed
  PASS  test_state_bytes_covers_the_tile_map
  PASS  test_a_reclaimed_piles_slot_returns_to_the_allocator_under_a_new_generation
CI_SUITE_TIME {"assertions":233,"failures":0,"suite":"test_inventory_ground_piles.gd","tests":29,"usec":50025}
test_legacy_battle_combat_system.gd
  PASS  test_damage_reduces_health
  PASS  test_lethal_damage_destroys_the_entity
  PASS  test_health_never_goes_negative
  PASS  test_damage_requires_a_positive_amount
  PASS  test_damage_without_health_component_is_ignored
  PASS  test_damage_to_unknown_entity_is_ignored
  PASS  test_heal_restores_up_to_maximum
  PASS  test_dead_entities_cannot_be_healed
  PASS  test_health_fraction_is_safe_at_zero_maximum
  PASS  test_the_legacy_battle_module_is_not_registered_as_an_autoload
CI_SUITE_TIME {"assertions":26,"failures":0,"suite":"test_legacy_battle_combat_system.gd","tests":10,"usec":12262}
test_movement_clearance.gd
  PASS  test_production_movement_refuses_a_ready_class_one_route_for_every_starter_species
  PASS  test_synthetic_class_one_admits_a_real_class_one_route_and_advances
  PASS  test_synthetic_class_two_admits_a_real_class_two_route_and_advances
  PASS  test_profile_one_route_two_mismatch_refuses_and_preserves_idle
  PASS  test_profile_two_route_one_mismatch_refuses_and_preserves_idle
  PASS  test_a_mismatched_readmission_mid_travel_changes_nothing_then_restored_class_continues
  PASS  test_the_getter_reports_the_readied_class_and_refuses_every_non_ready_phase
  PASS  test_the_clearance_gate_is_ordered_after_earlier_gates_and_before_route_end_start
  PASS  test_invalid_profile_id_refuses_before_clearance_is_considered
  PASS  test_unbound_contact_refuses_before_clearance_is_considered
  PASS  test_the_clearance_gate_precedes_a_wrong_route_start_too
  PASS  test_the_synthetic_fixture_retains_the_parents_refusal_for_an_invalid_profile_id
CI_SUITE_TIME {"assertions":263,"failures":0,"suite":"test_movement_clearance.gd","tests":12,"usec":1501533}
test_resident_crowd.gd
  PASS  test_the_buffer_is_sized_once_to_the_resident_row_capacity
  PASS  test_nothing_is_visible_before_the_first_refresh
  PASS  test_every_instance_starts_with_an_identity_basis_and_no_owner
  PASS  test_an_unbound_crowd_refuses_rather_than_drawing_nobody
  PASS  test_binding_refuses_a_missing_store_rather_than_half_binding
  PASS  test_unbinding_stops_drawing_without_touching_a_store
  PASS  test_an_alpha_outside_its_own_fraction_is_refused
  PASS  test_the_alpha_is_applied_between_the_two_committed_poses
  PASS  test_the_alpha_interpolates_all_three_axes
  PASS  test_one_instance_is_drawn_for_each_living_resident
  PASS  test_the_instance_count_follows_the_living_count_down
  PASS  test_the_instance_count_follows_the_living_count_up
  PASS  test_a_living_resident_with_no_placed_pose_is_counted_not_drawn
  PASS  test_a_dead_but_still_present_resident_is_not_drawn
  PASS  test_the_filled_buffer_reaches_the_multimesh_itself
  PASS  test_each_instance_holds_its_own_residents_pose
  PASS  test_instances_compact_over_a_gap_in_the_resident_rows
  PASS  test_the_instance_to_slot_column_records_who_was_drawn
  PASS  test_an_instance_outside_the_buffer_is_refused_not_answered
  PASS  test_yaw_is_never_turned_into_a_rotation
  PASS  test_a_thousand_refreshes_change_no_authoritative_field
  PASS  test_a_thousand_refreshes_move_no_byte_of_any_column
  PASS  test_an_invisible_view_and_a_drawn_one_commit_the_same_state
  PASS  test_a_null_crowd_mesh_is_refused
  PASS  test_a_mesh_is_adopted_by_the_multimesh_itself
CI_SUITE_TIME {"assertions":78,"failures":0,"suite":"test_resident_crowd.gd","tests":25,"usec":1525057}
test_rng.gd
  PASS  test_gt004_fixed_stream_from_state_one
  PASS  test_next_u32_refuses_zero_and_non_u32_state
  PASS  test_next_u32_never_produces_zero_over_a_long_run
  PASS  test_hash_pair_matches_the_published_constants
  PASS  test_stream_keys_are_the_nine_names_in_ascii_order
  PASS  test_unknown_stream_names_and_ids_are_refused
  PASS  test_seed_derivation_is_hash_pair_of_seed_and_stream_id_plus_one
  PASS  test_zero_hash_seed_is_replaced_with_one
  PASS  test_extreme_int32_world_seeds_derive_their_published_states
  PASS  test_seed_world_refuses_a_seed_outside_int32
  PASS  test_two_independent_stores_produce_the_same_literal_sequence
  PASS  test_different_seeds_produce_different_sequences
  PASS  test_streams_do_not_perturb_one_another
  PASS  test_every_stream_has_its_own_counter
  PASS  test_draw_count_increments_exactly_once_per_draw_of_every_form
  PASS  test_a_refused_draw_consumes_nothing
  PASS  test_draws_refuse_until_the_world_is_seeded
  PASS  test_clear_returns_the_store_to_unseeded
  PASS  test_hunting_tombstone_is_seeded_but_refuses_every_draw
  PASS  test_hunting_tombstone_rejects_noncanonical_loaded_values
  PASS  test_hunting_tombstone_detects_a_seed_mismatch
  PASS  test_restore_round_trips_state_and_count_and_reproduces_the_next_values
  PASS  test_restore_refuses_illegal_state_and_count
  PASS  test_signed_storage_form_round_trips_across_the_sign_boundary
  PASS  test_stored_state_matches_the_conversion_of_the_live_state
  PASS  test_draw_below_is_exactly_the_modulo_of_the_raw_draw
  PASS  test_draw_in_range_reproduces_the_quality_rule
  PASS  test_small_bound_reduction_is_near_uniform_over_sixty_thousand_draws
  PASS  test_modulo_bias_is_present_and_exactly_the_disclosed_size
CI_SUITE_TIME {"assertions":473,"failures":0,"suite":"test_rng.gd","tests":29,"usec":156204}
test_save_component_columns_schema.gd
  PASS  test_literal_protocol_totals_and_section_local_versions
  PASS  test_every_field_matches_registry_and_explicit_source_count_layout
  PASS  test_all_offsets_tile_the_exact_independent_framing
  PASS  test_independent_children_remain_distinct_and_exact
  PASS  test_fixed_strides_are_not_independent_child_extents
  PASS  test_invalid_lookup_indices_have_separate_validity
CI_SUITE_TIME {"assertions":2685,"failures":0,"suite":"test_save_component_columns_schema.gd","tests":6,"usec":35940}
test_save_owner_field_policy.gd
  PASS  test_canonical_layout_and_clear_defaults
  PASS  test_frozen_state_history_request_and_projection_witnesses
  PASS  test_null_shapes_and_bucket_cardinalities_precede_values
  PASS  test_every_physical_address_has_domain_checks
  PASS  test_open_ledger_filters_and_multiple_fields
  PASS  test_full_plot_capacity_and_counter_boundary
  PASS  test_accepted_scalar_endpoints_do_not_normalize_history
  PASS  test_closed_reason_gate_has_an_independent_abandoned_shape_witness
CI_SUITE_TIME {"assertions":42353,"failures":0,"suite":"test_save_owner_field_policy.gd","tests":8,"usec":6842532}
test_save_owner_injury.gd
  PASS  test_layout_cleared_defaults_and_full_i64_endpoints
  PASS  test_every_physical_position_and_each_zero_accessor_witness
  PASS  test_severity_signs_references_and_accumulator_extrema
  PASS  test_no_injury_history_free_rows_and_exact_pair_uniqueness
  PASS  test_global_gate_priority_and_inactive_before_duplicate
  PASS  test_shapes_before_values_null_owner_and_typed_buckets
  PASS  test_actual_overflow_refuses_the_entire_sweep_and_reports_first_row
  PASS  test_max_minus_one_advances_once_and_dead_or_uninjured_rows_are_skipped
  PASS  test_public_care_treatment_latches_and_stale_healthy_rescuer_history
CI_SUITE_TIME {"assertions":14578,"failures":0,"suite":"test_save_owner_injury.gd","tests":9,"usec":351420}
test_scale_stress.gd
  PASS  test_expand_keeps_the_originals_first_and_clones_by_index
  PASS  test_expand_off_cut_and_capped
  PASS  test_requested_count_and_placeholders
  PASS  test_generated_names_are_distinct_up_to_the_cap
  PASS  test_the_probe_sums_sections_and_clears
  PASS  test_scripts_are_booked_to_their_systems
  PASS  test_the_record_keeps_rows_and_ranks_percentiles
  PASS  test_the_desk_tallies_plans_per_resident_only_when_asked
  PASS  test_a_phase_keeps_only_the_frames_run_at_its_speed
  PASS  test_the_kitchen_books_check_finds_each_imbalance
  PASS  test_twenty_five_residents_run_headless_with_their_invariants
  PASS  test_one_extra_retained_resource_fails_the_exit_check
  PASS  test_the_exit_check_allows_no_count
  PASS  test_the_subprocess_fails_an_unnamed_warning
CI_SUITE_TIME {"assertions":62,"failures":0,"suite":"test_scale_stress.gd","tests":14,"usec":28792909}
test_settlement_demolition_work.gd
  PASS  test_an_admission_writes_no_job_and_the_next_planner_tick_posts_one
  PASS  test_a_piece_removal_posts_its_job_at_the_piece
  PASS  test_a_quiet_tick_with_nothing_admitted_does_not_walk_the_rows
  PASS  test_selection_offers_the_work_job_and_reserves_a_builder
  PASS  test_each_productive_tick_is_credited_to_the_project_in_step
  PASS  test_a_tick_work_gd_refuses_after_consuming_still_reaches_the_project
  PASS  test_a_final_tick_refused_after_consuming_still_commits
  PASS  test_a_reserved_job_produces_nothing
  PASS  test_a_job_out_of_step_takes_no_work_and_is_replaced_on_the_hour
  PASS  test_a_paused_project_takes_no_work_and_loses_its_job_on_the_hour
  PASS  test_the_last_productive_tick_commits_the_demolition_in_the_same_tick
  PASS  test_a_finished_piece_removal_commits_through_its_own_door
  PASS  test_a_refused_commit_stays_pending_and_the_hour_retries_it
  PASS  test_cancelling_the_demolition_retires_its_job_and_frees_the_builder
  PASS  test_a_refused_cancellation_keeps_the_job
  PASS  test_cancelling_a_piece_removal_retires_its_job
  PASS  test_a_cancel_job_command_cancels_the_job_not_the_demolition
  PASS  test_a_completion_called_directly_retires_the_job_it_leaves_behind
  PASS  test_a_piece_removal_completed_directly_retires_its_job
  PASS  test_work_finished_around_the_job_retires_it_on_the_hour_and_retries_the_commit
  PASS  test_a_stranded_release_retires_the_job_of_an_orphaned_removal
  PASS  test_a_job_whose_building_is_gone_takes_no_work_and_the_next_reconcile_retires_it
  PASS  test_a_job_whose_admission_is_gone_takes_no_work_and_the_next_reconcile_retires_it
  PASS  test_an_hour_that_clears_a_stale_link_retries_no_admission_without_an_order
  PASS  test_a_readmitted_building_does_not_keep_the_old_projects_job
  PASS  test_an_unlinked_build_job_is_never_worked_and_is_retired_on_the_hour
  PASS  test_two_adjacent_orphans_are_both_swept_in_one_hour
  PASS  test_a_working_job_without_a_worker_produces_nothing_and_logs_nothing
  PASS  test_an_order_on_a_goods_refusal_records_the_intent_and_keeps_the_notice
  PASS  test_an_order_on_a_claim_only_refusal_records_the_intent
  PASS  test_an_order_on_an_admissible_building_just_admits
  PASS  test_the_report_flag_is_cleared_by_the_next_request
  PASS  test_an_order_on_any_other_refusal_records_nothing
  PASS  test_the_evacuable_refusals_are_exactly_the_two_goods_stage_codes
  PASS  test_the_hour_admits_once_the_sources_report_empty
  PASS  test_a_claim_left_on_the_footprint_keeps_the_order_waiting
  PASS  test_goods_in_a_rooms_store_on_the_footprint_are_a_source_too
  PASS  test_a_retry_refused_for_another_reason_keeps_the_order
  PASS  test_cancel_evacuation_withdraws_the_order
  PASS  test_an_admission_by_the_plain_request_spends_the_order
  PASS  test_an_order_for_a_building_gone_around_the_coordinator_is_forgotten
  PASS  test_reset_forgets_orders_and_links
CI_SUITE_TIME {"assertions":586,"failures":0,"suite":"test_settlement_demolition_work.gd","tests":42,"usec":8961471}
test_settlement_system.gd
  PASS  test_a_fresh_settlement_is_empty
  PASS  test_creation_spawns_the_gdd_cohort_with_every_component
  PASS  test_the_reservation_pool_is_owned_and_empty
  PASS  test_a_second_creation_is_refused_and_changes_nothing
  PASS  test_reset_empties_every_store_and_the_directory
  PASS  test_a_settlement_can_be_created_again_after_a_reset
  PASS  test_a_tick_integrates_needs_by_the_exact_gdd_remainder_rule
  PASS  test_needs_do_not_move_without_a_tick
  PASS  test_a_negative_tick_index_is_refused_and_runs_no_stage
  PASS  test_the_activity_is_resolved_on_the_residents_own_staggered_tick
  PASS  test_the_resolved_activity_follows_the_schedule_template_hour
  PASS  test_the_job_queue_is_empty_and_nobody_is_assigned
  PASS  test_a_queued_job_is_selected_on_the_residents_staggered_tick
  PASS  test_a_forbidden_job_kind_is_never_assigned
  PASS  test_a_tick_advances_a_job_in_the_work_state
  PASS  test_a_job_not_in_the_work_state_takes_no_work
  PASS  test_productive_work_credits_xp_at_ten_per_completed_work_unit
  PASS  test_the_accepted_total_is_per_tick_and_not_cumulative
  PASS  test_a_party_advances_its_shared_row_once_at_the_combined_rate
  PASS  test_a_winter_day_boundary_applies_the_hunger_multiplier
  PASS  test_a_non_winter_day_boundary_releases_the_multiplier
  PASS  test_an_out_of_range_day_boundary_is_refused
  PASS  test_the_settlement_registers_its_item_catalog_into_its_own_inventory
  PASS  test_stock_age_runs_on_the_hour_crossing_and_not_on_any_other_tick
  PASS  test_the_midnight_leg_logs_aging_without_running_a_second_age_pass
  PASS  test_a_day_boundary_with_no_tick_path_behind_it_runs_the_aging_leg_itself
  PASS  test_reset_empties_the_stock_layer_and_restores_its_catalog
  PASS  test_the_boundary_runs_aging_then_the_handover_then_ecology_then_crops
  PASS  test_the_boundary_advances_the_settlements_own_ecology
  PASS  test_a_season_that_does_not_belong_to_that_day_is_refused
  PASS  test_day_one_raises_no_boundary_because_it_opens_at_six_in_the_morning
  PASS  test_a_replayed_day_boundary_is_refused_rather_than_applied_twice
  PASS  test_reset_drops_the_ecology_stores_and_the_leg_log
  PASS  test_the_ecology_shares_the_settlements_one_entity_directory
  PASS  test_creating_the_settlement_opens_day_ones_weather
  PASS  test_the_hourly_crop_leg_runs_on_hour_crossings_and_not_only_at_midnight
  PASS  test_the_hourly_crop_leg_reports_the_hour_it_integrated
  PASS  test_the_crop_stage_advances_this_settlements_own_stores
  PASS  test_the_crop_stage_shares_the_settlements_directory_ecology_and_stream_set
  PASS  test_an_unseeded_settlement_refuses_its_second_seasons_weather_draw
  PASS  test_a_hive_eligibility_crossing_reaches_the_farm_side_of_the_boundary
  PASS  test_reset_drops_the_crop_and_weather_stores_and_the_world_seed
  PASS  test_the_clock_runs_exactly_one_settlement_tick_per_completed_tick
  PASS  test_a_faster_speed_runs_more_of_the_same_tick
  PASS  test_a_paused_clock_runs_no_settlement_tick
  PASS  test_the_first_midnight_reaches_the_settlement_day_boundary
  PASS  test_a_sublethal_health_event_lowers_health_and_keeps_the_resident_living
  PASS  test_a_lethal_health_event_records_a_death_and_keeps_the_row
  PASS  test_health_is_floored_at_zero_by_an_overkill_event
  PASS  test_treatment_stops_at_the_health_maximum
  PASS  test_a_dead_resident_refuses_treatment_and_is_skipped_by_the_tick
  PASS  test_an_out_of_range_resident_row_is_refused_rather_than_answered
  PASS  test_a_row_inside_capacity_but_outside_the_cohort_is_not_present
  PASS  test_a_resident_reference_taken_before_a_reset_is_no_longer_valid
[measure] settlement tick at 12 residents over 300 ticks: mean 264 us, max 471 us
  PASS  test_a_settlement_tick_at_the_starting_cohort_is_measured
  PASS  test_the_settlement_runs_the_command_commit_stage_every_tick
  PASS  test_an_unsupported_command_refuses_in_the_running_settlement
  PASS  test_the_ecology_kinds_no_longer_refuse_store_not_bound
  PASS  test_an_unbound_dispatch_still_refuses_store_not_bound
  PASS  test_the_command_stage_runs_before_the_selection_stage
  PASS  test_the_command_stage_commits_before_the_selection_stage_can_take_the_job
  PASS  test_the_command_queue_follows_the_clock_the_game_is_running_on
  PASS  test_a_reset_settlement_keeps_no_pending_command
  PASS  test_a_paused_zone_edit_resumes_into_one_intent_one_job_and_cancels
  PASS  test_the_published_harvest_is_never_advanced_to_job_state_work
  PASS  test_a_replayed_command_in_the_running_loop_produces_no_second_job
  PASS  test_a_set_policy_edit_reaches_the_forage_store_in_this_composition
  PASS  test_repeating_a_policy_edit_creates_no_second_job
  PASS  test_world_generation_alone_creates_no_job_and_no_intent
  PASS  test_the_planner_is_composed_over_this_settlements_own_stores
  PASS  test_the_measured_stage_list_matches_what_actually_runs
  PASS  test_every_stage_is_measured_on_every_tick
  PASS  test_the_presentation_extract_captures_every_tick
  PASS  test_hiding_a_presentation_layer_changes_no_authoritative_value
  PASS  test_the_planner_day_boundary_is_not_a_req_set_007_leg
  PASS  test_every_stage_closes_its_window_exactly_once_per_tick
  PASS  test_the_planner_midnight_is_counted_rather_than_assumed
  PASS  test_a_repeated_tick_index_is_counted_as_a_refused_extract
  PASS  test_a_refused_interval_sweep_still_extracts_the_tick
  PASS  test_a_command_due_at_tick_one_is_not_committed_by_tick_zero
  PASS  test_generating_a_settlement_produces_the_world_and_the_cohort_together
  PASS  test_an_ungenerated_settlement_has_neither_world_nor_population
  PASS  test_the_generated_cohort_is_gdd_5_1s_species_mix
  PASS  test_the_generated_cohort_starts_at_gdd_5_1s_needs_and_health
  PASS  test_the_generated_cohort_carries_gdd_5_1s_skills_and_the_reserved_zero
  PASS  test_only_the_warden_is_named_in_the_generated_cohort
  PASS  test_every_generated_resident_is_attached_and_ticks
  PASS  test_generation_seeds_the_rng_the_settlement_could_not_seed_itself
  PASS  test_generating_resets_the_job_and_command_state_it_was_composed_over
  PASS  test_generating_resets_the_farm_plots_it_was_composed_over
  PASS  test_generating_resets_the_hives_it_was_composed_over
  PASS  test_the_generated_cohort_holds_gdd_5_1s_persistent_ids_one_to_twelve
  PASS  test_the_world_entities_continue_the_same_counter_from_thirteen
  PASS  test_every_live_persistent_id_is_unique_across_kinds
  PASS  test_no_destroyed_persistent_id_is_reissued
[R-INIT-ID-001] ids consumed by initialization: 1768; next id: 1769
  PASS  test_the_next_persistent_id_is_derived_from_every_allocation_event
  PASS  test_the_same_seed_initializes_identically_under_the_new_order
  PASS  test_generation_refuses_a_settlement_that_already_holds_residents
  PASS  test_an_unloaded_item_catalog_refuses_and_leaves_the_settlement_empty
  PASS  test_a_refusal_before_the_transaction_retains_the_previous_valid_world
  PASS  test_a_cohort_that_refuses_leaves_no_half_settlement_standing
  PASS  test_a_refused_cohort_preflight_never_enters_the_transaction
  PASS  test_the_cohort_is_allocated_seeded_and_before_the_world_is_published
  PASS  test_an_abandoned_transaction_does_not_leave_a_plan_that_can_publish_later
  PASS  test_a_refused_generation_reports_it_and_spawns_no_cohort
  PASS  test_resetting_a_generated_settlement_discards_the_world_with_the_cohort
  PASS  test_a_new_world_restarts_the_id_space_at_rowan
  PASS  test_the_building_store_is_composed_over_this_settlements_one_directory
  PASS  test_an_empty_settlement_holds_no_building_room_or_furniture
  PASS  test_a_placed_building_allocates_a_row_in_the_settlements_directory
  PASS  test_the_bed_counter_reads_live_furniture_rows_and_falls_when_one_is_removed
  PASS  test_a_bed_takes_a_resident_of_this_settlement_as_its_user
  PASS  test_a_bed_refuses_a_directory_row_that_is_not_a_resident
  PASS  test_resetting_the_settlement_empties_the_building_store_and_its_directory_rows
  PASS  test_a_generated_settlement_materialises_the_starter_colony
  PASS  test_a_building_placed_after_generation_takes_the_next_persistent_id
  PASS  test_the_building_store_adds_no_stage_to_the_tick
  PASS  test_the_construction_store_shares_this_settlements_building_store
  PASS  test_a_project_opened_through_the_settlement_names_a_real_building
  PASS  test_a_generated_settlement_still_holds_no_construction_project
  PASS  test_resetting_the_settlement_releases_every_project_row
  PASS  test_the_construction_store_adds_no_stage_to_the_tick
  PASS  test_a_ledger_failure_in_the_hourly_sweep_raises_the_existing_critical_pause
  PASS  test_the_faulted_hour_is_retried_exactly_once_and_recovers_the_same_hour
  PASS  test_a_recovered_retry_clears_the_pause_and_the_fault_together
EXPECTED ERROR: SettlementSystem: stock integrity fault 'INVENTORY_TRANSACTION_OPEN' at hour tick 750 is unrecovered (retries attempted: 1); the simulation is halted until the settlement is reset.
   at: push_error (core/variant/variant_utility.cpp:1023)
   GDScript backtrace (most recent call first):
       [0] _halt_stock_integrity (res://scripts/systems/settlement_system.gd:2184)
       [1] _retry_stock_hour (res://scripts/systems/settlement_system.gd:2105)
       [2] _age_stock_hour (res://scripts/systems/settlement_system.gd:2075)
       [3] _age_stocks (res://scripts/systems/settlement_system.gd:2062)
       [4] _run_stages (res://scripts/systems/settlement_system.gd:1940)
       [5] run_tick (res://scripts/systems/settlement_system.gd:1905)
       [6] test_a_retry_that_also_fails_halts_the_simulation_and_is_never_retried_again (res://test/test_settlement_system.gd:2761)
       [7] _run_test (res://test/run_tests.gd:194)
       [8] _run_suite (res://test/run_tests.gd:168)
       [9] _run_suite (/home/runner/work/redwall-rts/redwall-rts/tools/ci_test_shard_runner.gd:30)
       [10] _run_worker (res://test/run_tests.gd:121)
       [11] _initialize (res://test/run_tests.gd:108)
  PASS  test_a_retry_that_also_fails_halts_the_simulation_and_is_never_retried_again
EXPECTED ERROR: SettlementSystem: stock integrity fault 'INVENTORY_TRANSACTION_OPEN' at hour tick 750 is unrecovered (retries attempted: 1); the simulation is halted until the settlement is reset.
   at: push_error (core/variant/variant_utility.cpp:1023)
   GDScript backtrace (most recent call first):
       [0] _halt_stock_integrity (res://scripts/systems/settlement_system.gd:2184)
       [1] _retry_stock_hour (res://scripts/systems/settlement_system.gd:2105)
       [2] _age_stock_hour (res://scripts/systems/settlement_system.gd:2075)
       [3] _age_stocks (res://scripts/systems/settlement_system.gd:2062)
       [4] _run_stages (res://scripts/systems/settlement_system.gd:1940)
       [5] run_tick (res://scripts/systems/settlement_system.gd:1905)
       [6] test_a_halted_tick_runs_no_stage_and_re_asserts_the_shared_critical_bit (res://test/test_settlement_system.gd:2785)
       [7] _run_test (res://test/run_tests.gd:194)
       [8] _run_suite (res://test/run_tests.gd:168)
       [9] _run_suite (/home/runner/work/redwall-rts/redwall-rts/tools/ci_test_shard_runner.gd:30)
       [10] _run_worker (res://test/run_tests.gd:121)
       [11] _initialize (res://test/run_tests.gd:108)
  PASS  test_a_halted_tick_runs_no_stage_and_re_asserts_the_shared_critical_bit
EXPECTED ERROR: SettlementSystem: stock integrity fault 'INVENTORY_TRANSACTION_OPEN' at hour tick 750 is unrecovered (retries attempted: 1); the simulation is halted until the settlement is reset.
   at: push_error (core/variant/variant_utility.cpp:1023)
   GDScript backtrace (most recent call first):
       [0] _halt_stock_integrity (res://scripts/systems/settlement_system.gd:2184)
       [1] _retry_stock_hour (res://scripts/systems/settlement_system.gd:2105)
       [2] _age_stock_hour (res://scripts/systems/settlement_system.gd:2075)
       [3] _age_stocks (res://scripts/systems/settlement_system.gd:2062)
       [4] _run_stages (res://scripts/systems/settlement_system.gd:1940)
       [5] run_tick (res://scripts/systems/settlement_system.gd:1905)
       [6] test_only_a_reset_leaves_a_halted_settlement (res://test/test_settlement_system.gd:2804)
       [7] _run_test (res://test/run_tests.gd:194)
       [8] _run_suite (res://test/run_tests.gd:168)
       [9] _run_suite (/home/runner/work/redwall-rts/redwall-rts/tools/ci_test_shard_runner.gd:30)
       [10] _run_worker (res://test/run_tests.gd:121)
       [11] _initialize (res://test/run_tests.gd:108)
  PASS  test_only_a_reset_leaves_a_halted_settlement
  PASS  test_a_later_hours_fault_earns_its_own_single_retry
  PASS  test_a_cadence_refusal_is_not_an_integrity_fault_and_pauses_nothing
EXPECTED ERROR: SettlementSystem: stock integrity fault 'OVERFLOW' at hour tick 750 is unrecovered (retries attempted: 0); the simulation is halted until the settlement is reset.
   at: push_error (core/variant/variant_utility.cpp:1023)
   GDScript backtrace (most recent call first):
       [0] _halt_stock_integrity (res://scripts/systems/settlement_system.gd:2184)
       [1] _raise_stock_integrity_fault (res://scripts/systems/settlement_system.gd:2160)
       [2] _note_stock_hour_result (res://scripts/systems/settlement_system.gd:2134)
       [3] _age_stock_hour (res://scripts/systems/settlement_system.gd:2082)
       [4] _age_stocks (res://scripts/systems/settlement_system.gd:2062)
       [5] _run_stages (res://scripts/systems/settlement_system.gd:1940)
       [6] run_tick (res://scripts/systems/settlement_system.gd:1905)
       [7] test_a_per_lot_arithmetic_failure_pauses_and_halts_without_a_retry (res://test/test_settlement_system.gd:2882)
       [8] _run_test (res://test/run_tests.gd:194)
       [9] _run_suite (res://test/run_tests.gd:168)
       [10] _run_suite (/home/runner/work/redwall-rts/redwall-rts/tools/ci_test_shard_runner.gd:30)
       [11] _run_worker (res://test/run_tests.gd:121)
       [12] _initialize (res://test/run_tests.gd:108)
  PASS  test_a_per_lot_arithmetic_failure_pauses_and_halts_without_a_retry
  PASS  test_the_daily_aging_leg_raises_and_retries_the_same_fault_as_the_tick_path
EXPECTED ERROR: SettlementSystem: stock integrity fault 'INVENTORY_TRANSACTION_OPEN' at hour tick 750 is unrecovered (retries attempted: 1); the simulation is halted until the settlement is reset.
   at: push_error (core/variant/variant_utility.cpp:1023)
   GDScript backtrace (most recent call first):
       [0] _halt_stock_integrity (res://scripts/systems/settlement_system.gd:2184)
       [1] _retry_stock_hour (res://scripts/systems/settlement_system.gd:2105)
       [2] _age_stock_hour (res://scripts/systems/settlement_system.gd:2075)
       [3] _age_stocks (res://scripts/systems/settlement_system.gd:2062)
       [4] _run_stages (res://scripts/systems/settlement_system.gd:1940)
       [5] run_tick (res://scripts/systems/settlement_system.gd:1905)
       [6] test_a_halted_settlement_refuses_the_daily_boundary_before_aging_anything (res://test/test_settlement_system.gd:2928)
       [7] _run_test (res://test/run_tests.gd:194)
       [8] _run_suite (res://test/run_tests.gd:168)
       [9] _run_suite (/home/runner/work/redwall-rts/redwall-rts/tools/ci_test_shard_runner.gd:30)
       [10] _run_worker (res://test/run_tests.gd:121)
       [11] _initialize (res://test/run_tests.gd:108)
  PASS  test_a_halted_settlement_refuses_the_daily_boundary_before_aging_anything
  PASS  test_the_retry_runs_inside_the_existing_stock_age_stage_and_adds_no_ninth
  PASS  test_the_integrity_refusal_class_is_read_from_stock_ages_own_constants
  PASS  test_the_settlement_binds_its_own_aging_stage_as_the_seed_expiry_authority
  PASS  test_exact_expiry_is_refused_at_reserve_and_one_milli_hour_short_is_not
  PASS  test_an_existing_claim_is_revalidated_at_commit_and_refused
  PASS  test_the_guard_still_lets_the_hourly_pass_convert_the_seed_it_refuses
  PASS  test_the_wiring_survives_a_settlement_reset
  PASS  test_the_seed_guard_survives_a_critical_pause_and_its_retry_recovery
  PASS  test_the_settlement_owns_one_transform_store_bound_to_its_own_directory
  PASS  test_the_generated_cohort_stands_on_the_authored_assembly_row
  PASS  test_the_twelve_assembly_tiles_are_distinct_and_are_the_authored_indices
  PASS  test_the_generated_map_reserves_the_assembly_row_before_resource_placement
  PASS  test_nothing_static_or_generated_occupies_the_assembly_row
  PASS  test_the_assembly_row_grants_no_home_bed_or_building
  PASS  test_placement_happens_against_the_prepared_world_not_a_published_one
  PASS  test_the_cohort_only_fixture_places_nobody
  PASS  test_assignment_follows_the_persistent_id_and_not_the_resident_row
  PASS  test_the_resolver_refuses_a_cohort_that_is_not_exactly_ids_one_to_twelve
  PASS  test_the_resolver_refuses_an_undersized_output_column_rather_than_resizing_it
  PASS  test_a_refused_generation_over_a_published_world_leaves_the_poses_byte_identical
  PASS  test_a_cohort_refusal_inside_the_transaction_leaves_no_pose_standing
  PASS  test_a_new_world_reset_leaks_no_pose_into_the_world_that_follows_it
  PASS  test_repeated_presentation_reads_change_no_authoritative_pose_byte
  PASS  test_the_apron_exclusion_covers_exactly_the_twelve_authored_tiles
  PASS  test_a_plan_that_puts_a_resource_node_on_the_apron_refuses_the_placement
  PASS  test_a_plan_clear_of_the_apron_passes_the_exclusion
  PASS  test_an_unreadable_plan_refuses_rather_than_being_treated_as_empty
  PASS  test_a_pose_store_that_leaves_a_previous_pose_behind_refuses_the_whole_world
  PASS  test_a_candidate_row_that_is_already_placed_refuses_before_anything_is_written
  PASS  test_a_spotless_building_passes_the_preview_and_admit_then_needs_output_capacity
  PASS  test_the_gate_refuses_a_stale_inactive_or_already_demolishing_building
  PASS  test_the_gate_reports_the_exact_stranded_lots_of_a_building_owned_store
  PASS  test_a_reserved_lot_is_counted_once_and_not_twice
  PASS  test_reserved_container_mass_is_an_outstanding_claim_and_never_an_invented_lot
  PASS  test_goods_under_a_room_or_a_furniture_owner_are_not_missed
  PASS  test_a_projects_material_container_is_scanned_through_its_inventory_handle
  PASS  test_a_material_container_reached_twice_is_counted_once
  PASS  test_an_unprovable_material_container_binding_refuses_as_a_missing_contract
  PASS  test_a_delivered_project_with_no_container_binding_refuses_as_a_missing_contract
  PASS  test_the_endpoint_proof_runs_before_the_occupant_recheck
  PASS  test_stranded_goods_refuse_before_the_occupant_recheck
  PASS  test_the_resident_half_still_refuses_after_a_proved_empty_goods_scan
  PASS  test_a_haul_that_clears_the_store_lets_the_preview_pass
  PASS  test_no_demolition_request_changes_one_byte_of_any_store
  PASS  test_a_spotless_request_changes_nothing_either
  PASS  test_the_gate_scans_every_container_an_owner_holds_rather_than_a_buffers_worth
CI_SUITE_TIME {"assertions":6044,"failures":0,"suite":"test_settlement_system.gd","tests":179,"usec":59137036}
test_store_policy.gd
  PASS  test_the_arena_is_sections_3_budget_plus_the_binding_stamp
  PASS  test_an_unconfigured_store_admits_by_its_category_mask_alone
  PASS  test_the_category_mask_still_decides_without_any_policy
  PASS  test_disallowing_an_item_refuses_exactly_that_item
  PASS  test_the_allow_byte_only_restricts_the_category_mask
  PASS  test_only_the_buildings_main_store_carries_its_policy
  PASS  test_a_dead_container_or_an_unknown_item_admits_nothing
  PASS  test_every_writer_refusal_is_named_and_writes_nothing
  PASS  test_the_boundary_values_are_accepted
  PASS  test_ordinary_production_may_not_draw_below_the_minimum
  PASS  test_a_minimum_binds_only_the_main_store
  PASS  test_a_reused_building_row_inherits_nothing
  PASS  test_a_new_world_inherits_nothing_only_because_the_store_is_cleared_with_it
  PASS  test_two_owned_stores_at_the_origin_both_carry_the_policy
  PASS  test_clear_returns_every_row_to_the_defaults
  PASS  test_the_per_building_reads_refuse_absence
  PASS  test_a_bound_building_still_has_no_cell_for_an_unknown_item
  PASS  test_the_origin_accessor_refuses_a_stale_building
  PASS  test_the_creation_mark_sees_a_transient_object
  PASS  test_the_published_queries_allocate_nothing
CI_SUITE_TIME {"assertions":245,"failures":0,"suite":"test_store_policy.gd","tests":20,"usec":1300740}
test_transforms.gd
  PASS  test_directory_binding_compares_actual_owner_not_coincident_refs
  PASS  test_capacity_is_the_sum_of_the_four_positioned_kinds
  PASS  test_exactly_four_kinds_are_positioned
  PASS  test_the_row_is_the_kind_base_plus_the_typed_row
  PASS  test_the_row_refuses_an_unpositioned_kind_and_a_dead_reference
  PASS  test_place_sets_previous_equal_to_current
  PASS  test_advance_rolls_current_into_previous
  PASS  test_advance_refuses_an_entity_that_was_never_placed
  PASS  test_a_typed_row_inherited_from_another_slot_reads_as_unbound
  PASS  test_a_successor_placing_the_row_replaces_the_pose_without_double_counting
  PASS  test_unbind_clears_the_row_and_the_count
  PASS  test_place_refuses_a_field_that_does_not_fit_int32
  PASS  test_set_yaw_rolls_the_previous_yaw
  PASS  test_yaw_scale_is_the_contracted_65536_units_per_turn
  PASS  test_shortest_yaw_delta_takes_the_short_way_round
  PASS  test_interpolation_returns_metres_from_the_two_committed_ticks
  PASS  test_interpolation_refuses_an_alpha_outside_the_tick
  PASS  test_interpolation_cannot_change_one_authoritative_field
  PASS  test_interpolation_refuses_an_unplaced_or_dead_entity
  PASS  test_identical_stores_digest_identically_and_a_changed_field_does_not
  PASS  test_an_empty_store_digests_to_zero_and_a_placement_changes_it
  PASS  test_the_state_image_covers_every_column_not_a_sample_of_them
  PASS  test_every_written_field_moves_the_state_image
  PASS  test_the_reset_returns_all_nine_columns_to_a_freshly_allocated_store
  PASS  test_a_row_reused_after_a_reset_reads_as_unplaced_until_it_is_placed_again
  PASS  test_a_refused_place_leaves_the_whole_store_byte_identical
  PASS  test_runtime_revision_changes_for_every_successful_write_including_same_values
  PASS  test_refused_mutations_preserve_runtime_revision_and_authoritative_bytes
  PASS  test_reset_reuse_and_explicit_restore_invalidation_never_recycle_runtime_token
  PASS  test_revision_exhaustion_poison_never_prevents_pose_write_or_whole_reset
CI_SUITE_TIME {"assertions":203,"failures":0,"suite":"test_transforms.gd","tests":30,"usec":841321}
test_ui_context_gates.gd
  PASS  test_nothing_selected_leaves_the_selected_gate_false
  PASS  test_opening_resident_detail_sets_the_gate_and_registers_the_panel
  PASS  test_closing_detail_keeps_a_still_valid_resident_selection_live
  PASS  test_clearing_every_reference_hides_the_selected_controls
  PASS  test_tile_detail_with_no_resident_ref_still_sets_the_gate
  PASS  test_selecting_a_zone_sets_the_gate_and_shows_its_policy
  PASS  test_selecting_a_job_alone_sets_and_clears_the_gate
  PASS  test_opening_a_workspace_gates_the_page_the_frame_and_back
  PASS  test_switching_pages_keeps_the_frame_and_back_open_throughout
  PASS  test_back_is_an_idempotent_close_not_a_toggle
  PASS  test_workspace_gates_hold_at_every_supported_profile
  PASS  test_an_unavailable_true_gated_control_only_registers_when_selected
  PASS  test_selection_rewires_keyboard_order_without_waiting_for_layout
  PASS  test_visible_control_gate_invariant_in_every_context_and_profile
  PASS  test_name_editor_without_selected_context_refuses_before_drawing
CI_SUITE_TIME {"assertions":1081,"failures":0,"suite":"test_ui_context_gates.gd","tests":15,"usec":429014}
test_underground_connector_assemblies.gd
  PASS  test_two_groups_cover_four_actual_parts_with_one_anchor_each
  PASS  test_unknown_empty_gap_overlap_and_outside_anchor_refuse
  PASS  test_actual_catalog_census_prevents_missing_or_invented_parts
  PASS  test_extra_included_part_bill_missing_group_and_wrong_anchor_refuse
  PASS  test_refused_reads_preserve_every_output_and_successful_load_is_immutable
  PASS  test_failed_first_hash_load_clears_bank_and_can_retry
  PASS  test_wire_truncation_tail_version_counts_and_recipe_digest_refuse
  PASS  test_allocation_preflight_and_independent_packed_census
  PASS  test_exact_generic_maximum_and_twenty_six_candidate_groups
  PASS  test_foreign_actual_recipe_inventory_and_rebinding_refuse
  PASS  test_current_catalog_replacement_invalidates_grouping_without_output_writes
  PASS  test_final_recipe_callback_cannot_reenter_or_replace_current_source
  PASS  test_last_observer_world_retirement_refuses_initial_publication
  PASS  test_last_observer_registration_rewire_preserves_hash_output
  PASS  test_last_callback_output_resize_is_not_a_partial_hash_success
  PASS  test_recipe_digest_callback_resize_refuses_before_any_hash_index
  PASS  test_catalog_digest_callback_resize_refuses_unpublished_header
CI_SUITE_TIME {"assertions":1002,"failures":0,"suite":"test_underground_connector_assemblies.gd","tests":17,"usec":1507419}
test_underground_phase_structure.gd
  PASS  test_real_pack_cold_estimates_and_unbound_provider
  PASS  test_paid_brace_protects_exact_fine_floor_and_roof
  PASS  test_paid_cut_and_fine_finish_retain_natural_protections
  PASS  test_identity_only_provider_readers_and_exact_scope
  PASS  test_material_free_query_allocates_no_fragment_banks_and_checks_budget_before_handles
  PASS  test_existing_paid_cavity_cannot_be_mistaken_for_original_natural_earth
  PASS  test_another_confirmed_section_protects_its_footing_before_any_brace
  PASS  test_unauthored_clear_height_is_not_silently_shortened_or_inferred
  PASS  test_same_column_braces_reuse_room_protection_and_one_close_cannot_release_it
  PASS  test_sealed_candidate_cannot_remove_protection_or_exact_claims
  PASS  test_original_token_replaced_after_handles_prevents_bank_allocation_and_payment
  PASS  test_split_support_union_passes_but_duplicate_volume_cannot_hide_a_hole
  PASS  test_reentry_poison_refuses_outer_observation_and_clean_retry_remains_possible
  PASS  test_late_sparse_capacity_refusal_keeps_real_paid_work_and_retries_without_double_inputs
  PASS  test_prepared_claim_removal_refuses_without_reinterpreting_floor_envelope_as_footprint
  PASS  test_content_and_actual_world_retirement_refuse_rebinding_or_publication
  PASS  test_direct_start_or_commit_requires_current_actual_paid_work_phase
  PASS  test_bad_token_mode_or_capacity_refuses_before_allocating_scope_identity_callback
  PASS  test_scope_lifetime_is_borrowed_for_complete_run_then_expires_without_a_cycle
CI_SUITE_TIME {"assertions":240,"failures":0,"suite":"test_underground_phase_structure.gd","tests":19,"usec":10544965}
test_world_owner_columns.gd
  PASS  test_the_resource_tile_map_captures_and_cross_checks_against_the_live_nodes
  PASS  test_a_tile_naming_a_row_that_is_not_present_is_refused
  PASS  test_a_live_node_with_no_inverse_entry_is_refused
  PASS  test_a_row_outside_the_node_capacity_is_refused_by_the_local_domain
  PASS  test_a_present_but_exhausted_node_is_not_rejected
  PASS  test_a_refused_restore_leaves_the_live_tile_map_untouched
  PASS  test_a_real_rotated_footprint_cross_checks_tile_by_tile
  PASS  test_dropping_one_footprint_tile_is_caught_and_the_origin_alone_is_not_enough
  PASS  test_a_stray_occupied_tile_no_live_row_claims_is_caught
  PASS  test_each_of_the_three_grids_is_bounded_by_its_own_capacity
  PASS  test_a_room_tile_run_and_its_furniture_cross_check_together
  PASS  test_the_farming_orchard_bound_mirrors_the_orchard_stores_own_capacity
  PASS  test_a_tile_with_no_live_plot_keeps_its_ripe_tick_and_tending
  PASS  test_a_family_without_its_streak_is_refused_by_the_stores_own_predicate
  PASS  test_each_tile_history_domain_is_bounded_where_the_ruling_says
  PASS  test_a_negative_ripe_tick_below_the_null_is_refused_but_minus_one_is_not
  PASS  test_the_plot_inverse_and_its_mirrors_cross_check_in_both_directions
  PASS  test_a_live_plot_with_no_tile_entry_is_caught_by_the_reverse_walk
  PASS  test_the_head_column_captures_and_the_two_chain_directions_agree
  PASS  test_two_tiles_of_one_zone_share_a_chain_the_walk_follows
  PASS  test_a_head_pointing_at_a_freed_link_is_refused_not_walked
  PASS  test_a_head_naming_a_link_never_handed_out_is_refused
  PASS  test_a_head_outside_the_arena_is_refused_by_the_local_domain
  PASS  test_saved_head_order_survives_a_restore_unchanged
  PASS  test_a_legality_override_survives_the_round_trip_and_is_not_rebuilt_away
  PASS  test_a_restore_rebuilds_the_walkable_count_and_the_clearance_column
  PASS  test_the_spatial_domains_are_the_baselines_and_the_revision_stays_i32
  PASS  test_every_cell_including_the_blocked_ones_is_represented
  PASS  test_the_temperature_and_rain_bounds_are_derived_and_equal_the_rulings
  PASS  test_every_present_event_tuple_must_be_the_compiled_one
  PASS  test_an_absent_tuple_is_exactly_minus_one_zero_zero
  PASS  test_a_present_event_needs_its_identity_and_that_season_must_admit_it
  PASS  test_an_expired_event_keeps_its_scheduled_identity_and_its_forecast
  PASS  test_a_restore_consumes_no_weather_draw
  PASS  test_the_cleared_fixture_is_reported_and_not_promoted
  PASS  test_the_owner_wrapper_version_is_not_the_stores_snapshot_version
  PASS  test_an_unpublished_map_must_be_the_sources_exact_reset_state
  PASS  test_the_two_sentinels_are_255_and_not_a_signed_minus_one
  PASS  test_a_published_map_binds_seven_live_basins_of_the_right_kinds
  PASS  test_two_basins_naming_one_directory_slot_are_refused
  PASS  test_a_half_null_basin_reference_is_refused_and_not_coerced_to_null
  PASS  test_a_published_map_may_not_leave_any_basin_unbound
  PASS  test_the_danger_band_domain_is_zero_to_three
CI_SUITE_TIME {"assertions":200,"failures":0,"suite":"test_world_owner_columns.gd","tests":43,"usec":8582735}
[EntityManager] ready
[GameManager] ready
[SettlementSystem] ready
[EconomySystem] ready
[UIManager] ready


1205 test(s), 84713 assertion(s), 0 failure(s)
diagnostics: 0 unexpected error(s), 0 unexpected warning(s), 215 expected, 0 tolerated; leaked at exit: 0 object(s), 0 resource(s)
[EntityManager] ready
[GameManager] ready
[SettlementSystem] ready
[EconomySystem] ready
[UIManager] ready
log: 0 unexpected error(s), 0 unexpected warning(s); leaked at exit: 0 object(s), 0 resource(s).
ok: 1205 tests, 84713 assertions, 0 failures.
