Godot Engine v4.7.2.stable.official.ed1daf0bf - https://godotengine.org

Godot Engine v4.7.2.stable.official.ed1daf0bf - https://godotengine.org

test_building_definitions.gd
  PASS  test_every_catalog_key_has_a_fact_row_and_vice_versa
  PASS  test_every_building_unlock_is_a_valid_milestone_id
  PASS  test_no_building_unlock_uses_minus_one_or_an_unknown_ordinal
  PASS  test_the_starting_mask_unlocks_exactly_the_start_buildings
  PASS  test_a_sparse_mask_still_locks_the_m1_buildings
  PASS  test_the_eleven_station_keys_bind_to_their_own_ids
  PASS  test_a_station_id_is_never_the_building_id_that_provides_it
  PASS  test_a_building_with_no_service_answers_minus_one_and_not_zero
  PASS  test_the_kitchen_service_has_two_provider_kinds
  PASS  test_no_other_furniture_provides_a_station
  PASS  test_buildings_providing_lists_exactly_one_provider_per_service
  PASS  test_catalog_slots_for_station_refuses_the_wrong_service
  PASS  test_the_furniture_bit_is_one_shifted_by_the_definition_id
  PASS  test_shelf_capacity_belongs_to_the_shelf_alone
  PASS  test_the_footprints_and_work_match_the_owning_rows
  PASS  test_managed_interiors_and_room_tiles_agree_with_bal_cat_007
  PASS  test_base_store_capacities_are_the_section_4_2_values
  PASS  test_passive_and_worker_slots_are_separate_columns
  PASS  test_tier_two_is_restricted_to_the_four_upgradeable_keys
  PASS  test_furniture_floor_sizes_and_user_slots_match_section_4_3
  PASS  test_unknown_ids_answer_zero_and_never_another_row
CI_SUITE_TIME {"assertions":420,"failures":0,"suite":"test_building_definitions.gd","tests":21,"usec":22669}
test_catalog.gd
  PASS  test_compile_domain_assigns_ascending_ascii_order_ids
  PASS  test_compile_domain_is_independent_of_insertion_order
  PASS  test_compile_domain_sorts_by_ascii_content_not_stringname_identity
  PASS  test_compile_domain_rejects_duplicate_keys
  PASS  test_compile_domain_handles_the_empty_key_set
  PASS  test_compile_domain_accepts_exactly_256_item_definition_keys
  PASS  test_compile_domain_rejects_257_item_definition_keys
  PASS  test_compile_domain_256_ceiling_is_scoped_to_item_definition
  PASS  test_fixed_speed_enum_matches_gdd_4_3_exactly
  PASS  test_fixed_job_kind_enum_preserves_the_reserved_gap
  PASS  test_fixed_zone_type_enum_preserves_the_reserved_gap
  PASS  test_fixed_season_quality_severity_enums_match_gdd_4_3
  PASS  test_fixed_activity_enum_matches_gdd_4_3_exactly
  PASS  test_fixed_job_state_enum_matches_gdd_4_3_exactly
  PASS  test_the_whole_job_kind_and_zone_type_tables_are_unchanged
  PASS  test_job_state_work_is_not_activity_work
  PASS  test_activity_and_job_state_refuse_recompilation
  PASS  test_every_protected_domain_has_a_fixed_enum_table
  PASS  test_fixed_enum_returns_empty_for_an_unknown_domain
  PASS  test_compile_domain_refuses_to_recompile_a_protected_enum
  PASS  test_compile_catalog_returns_every_domains_ids_when_all_succeed
  PASS  test_compile_catalog_aborts_before_producing_any_domain_on_failure
  PASS  test_compile_catalog_accepts_a_plain_untyped_array_of_string_keys
  PASS  test_compile_catalog_refuses_an_untyped_array_with_a_non_string_element
  PASS  test_fixed_soil_enum_matches_gdd_4_3_exactly
  PASS  test_fixed_crop_state_enum_matches_gdd_4_3_exactly
  PASS  test_fixed_order_mode_enum_matches_gdd_4_3_exactly
  PASS  test_soil_crop_state_and_order_mode_refuse_recompilation
  PASS  test_the_three_new_protected_enums_are_named_in_the_protected_table
  PASS  test_the_compiled_enum_tables_are_the_generated_ascii_order
  PASS  test_every_compiled_domain_regenerates_its_own_table_from_its_keys
  PASS  test_verify_compiled_enum_accepts_the_compiled_domains_and_refuses_others
  PASS  test_the_compiled_domains_are_registered_and_never_protected
  PASS  test_compiled_id_of_resolves_every_key_and_refuses_the_unknown
  PASS  test_compiled_key_of_resolves_every_id_and_refuses_the_unknown
  PASS  test_the_legacy_conversion_maps_translate_every_old_ordinal
  PASS  test_the_legacy_maps_are_the_ruled_permutations
  PASS  test_an_untranslatable_ordinal_is_refused_rather_than_reinterpreted
  PASS  test_absence_converts_to_absence_in_every_compiled_domain
  PASS  test_building_definition_is_the_complete_thirty_row_catalog
  PASS  test_furniture_definition_is_the_complete_nine_row_catalog
  PASS  test_the_starter_buildings_and_furniture_are_inside_the_complete_domains
  PASS  test_display_names_are_not_keys_in_either_new_domain
  PASS  test_building_and_furniture_are_two_domains_that_never_share_an_id
  PASS  test_unknown_keys_and_ids_in_the_new_domains_are_refused_without_a_sentinel
  PASS  test_the_new_compiled_domains_regenerate_from_shuffled_keys
  PASS  test_room_type_and_building_state_match_gdd_4_3_exactly
  PASS  test_room_type_and_building_state_are_not_their_own_ascii_order
  PASS  test_the_fixed_enum_table_index_and_the_protected_list_name_the_same_domains
  PASS  test_the_new_domains_were_never_numbered_any_other_way
  PASS  test_fixed_injury_kind_enum_matches_gdd_4_3_exactly
  PASS  test_injury_kind_hazard_bindings_are_the_inherited_numbers
  PASS  test_injury_kind_is_not_its_own_ascii_order_and_refuses_recompilation
  PASS  test_descending_input_still_compiles_to_ascending_ascii_ids
  PASS  test_injury_kind_is_absent_from_the_compiled_domain_list
  PASS  test_fixed_inventory_provenance_matches_prov_r01_exactly
  PASS  test_the_named_provenance_constants_are_the_ruled_numbers
  PASS  test_provenance_membership_admits_exactly_the_six
  PASS  test_inventory_provenance_is_not_its_own_ascii_order_and_refuses_recompilation
  PASS  test_inventory_provenance_is_absent_from_the_compiled_domain_list
  PASS  test_the_label_rule_binds_each_restricted_member_to_its_item
  PASS  test_the_label_rule_restricts_no_item_for_ordinary_or_starter
  PASS  test_salt_input_requires_both_the_brine_item_and_coastal_brine
  PASS  test_recipe_output_is_ordinary_unless_its_contract_names_an_origin
  PASS  test_a_withdrawal_needs_a_ledger_balance_and_not_merely_a_label
CI_SUITE_TIME {"assertions":686,"failures":0,"suite":"test_catalog.gd","tests":65,"usec":36175}
test_demo_action_cards.gd
  PASS  test_a_card_puts_the_refusal_and_its_fix_first
  PASS  test_work_is_game_time_on_the_demo_calendar
  PASS  test_lines_break_at_word_boundaries
  PASS  test_the_command_grammar_is_one_across_panels
  PASS  test_the_brains_resuming_rule_says_what_an_order_interrupts
  PASS  test_a_dig_resumes_only_once_something_is_dug
  PASS  test_the_command_layer_words_the_interruption
  PASS  test_a_farm_card_costs_what_the_order_spends_and_works_as_long
  PASS  test_a_short_compost_store_is_the_only_compost_cost_and_earth_never_stands_in
  PASS  test_every_farm_refusal_is_the_orders
  PASS  test_the_farm_assignment_preview_is_who_the_order_sends
  PASS  test_the_bed_panel_shows_each_verbs_card_and_its_interruption
  PASS  test_a_woods_card_costs_what_sawing_spends_and_works_as_long
  PASS  test_every_woods_refusal_is_the_orders
  PASS  test_the_woods_assignment_preview_is_who_the_order_sends
  PASS  test_a_tunnel_card_costs_what_the_job_pays
  PASS  test_every_tunnel_refusal_is_the_orders
  PASS  test_the_tunnel_assignment_preview_is_who_the_order_sends
  PASS  test_a_fitout_card_costs_what_the_order_pays_and_refuses_as_it_does
  PASS  test_a_bridge_card_costs_what_the_build_pays
  PASS  test_the_bridge_assignment_preview_is_who_builds_it
  PASS  test_the_dive_card_names_the_divers_the_order_sends
  PASS  test_the_dig_tools_card_names_the_digger_confirm_sends
  PASS  test_a_card_button_wears_the_huds_tooltip
  PASS  test_a_full_farm_board_refuses_a_new_job_but_joins_a_queued_one
  PASS  test_the_woods_panel_buttons_are_their_cards
  PASS  test_the_tunnels_panel_buttons_are_their_cards
  PASS  test_the_party_panels_tool_buttons_carry_their_cards
  PASS  test_a_cards_edges
  PASS  test_a_free_resident_at_night_goes_back_to_bed_and_a_lost_rule_is_skipped
  PASS  test_the_farm_plans_work_steps_only
  PASS  test_a_farm_card_counts_the_work_already_done_and_the_step_reached
  PASS  test_a_raise_card_shows_the_heap_it_needs
  PASS  test_the_bed_panels_buttons_dim_name_resident_0_and_scope_cancel
  PASS  test_a_picker_row_refused_by_the_board_keeps_the_boards_words
  PASS  test_the_woods_board_and_the_trunks_hands_refuse_as_the_orders_do
  PASS  test_a_selected_haul_counts_its_hands_and_refuses_when_all_are_busy
  PASS  test_a_woods_card_works_at_the_named_residents_skill_and_hauls_by_the_trip
  PASS  test_gathering_aims_at_the_piles_generation_and_names_resident_0
  PASS  test_a_tunnel_card_counts_work_done_and_its_crew
  PASS  test_the_tunnel_panel_names_what_the_mole_stops
  PASS  test_the_dig_tool_sends_the_digger_its_card_names
  PASS  test_a_fitout_card_names_the_first_selected_who_can_reach_and_what_it_puts_in_first
  PASS  test_a_bridge_card_works_at_its_builders_skill_and_counts_who_is_able
  PASS  test_a_bridge_card_refuses_short_pier_wood_and_no_free_row
  PASS  test_a_log_card_off_a_ready_trunk_says_so
  PASS  test_the_dive_card_names_the_first_diver
  PASS  test_a_crew_joins_only_as_far_as_its_room
  PASS  test_a_planting_card_needs_a_quarter_unit_of_compost
  PASS  test_a_fixture_card_skips_who_cannot_reach_and_names_a_later_waiting_fixture_only_if_first
  PASS  test_a_refresh_leaves_the_room_rows_shown_as_they_were
CI_SUITE_TIME {"assertions":555,"failures":0,"suite":"test_demo_action_cards.gd","tests":51,"usec":17224240}
test_demo_art_wiring.gd
  PASS  test_an_icon_only_row_is_read_by_key_and_a_missing_file_is_not
  PASS  test_an_item_is_drawn_by_its_key_first_and_its_model_second
  PASS  test_every_dish_has_its_icon_key_by_its_recipe_key
  PASS  test_the_orchard_draws_the_food_art_where_it_is_staged
  PASS  test_without_the_food_art_the_orchard_draws_its_stand_ins
  PASS  test_a_planted_fruit_tree_grows_through_the_food_arts_shares
  PASS  test_the_old_orchards_stand_shows_full_apple_baskets
  PASS  test_the_forage_spots_draw_their_models_only_where_staged
  PASS  test_the_bramble_edge_is_clear_of_the_orchards_blocks
  PASS  test_the_herb_patch_model_stands_for_its_clumps
  PASS  test_the_door_dressing_stands_before_the_bodys_front
  PASS  test_the_infirmary_body_falls_back_to_its_stand_in
  PASS  test_the_evergreens_stand_in_the_woods_the_same_every_run
  PASS  test_the_evergreens_are_drawn_at_brendans_sizes
  PASS  test_the_authored_bare_oak_is_used_only_when_both_load
  PASS  test_the_brace_is_the_timber_set_when_staged_else_the_old_brace
  PASS  test_rock_faces_stand_where_the_ground_is_rock
CI_SUITE_TIME {"assertions":247,"failures":0,"suite":"test_demo_art_wiring.gd","tests":17,"usec":1269348}
test_demo_clock.gd
  PASS  test_the_clock_reads_the_game_s_effective_speed
  PASS  test_a_frame_is_split_into_exact_sub_steps
  PASS  test_paused_no_resident_moves_turns_or_changes_clip
  PASS  test_a_walker_at_2x_covers_twice_the_ground_of_1x
  PASS  test_resuming_continues_exactly_where_it_paused
  PASS  test_digging_stops_while_paused_and_runs_twice_as_fast_at_2x
  PASS  test_clips_freeze_paused_and_play_faster_at_speed
  PASS  test_the_mound_holds_still_while_paused
  PASS  test_a_game_hour_is_25_seconds_at_1x_and_a_day_ten_minutes
CI_SUITE_TIME {"assertions":61,"failures":0,"suite":"test_demo_clock.gd","tests":9,"usec":249755}
test_demo_earth.gd
  PASS  test_raising_and_banking_add_no_fertility_and_spend_no_compost
  PASS  test_compost_on_a_bed_is_refused_with_heaps_full_of_earth
  PASS  test_compost_comes_only_from_plant_waste
  PASS  test_earth_is_conserved_from_the_dig_through_clearing_to_beds_built
  PASS  test_raise_fetches_earth_from_the_stores_when_no_heap_has_any
  PASS  test_no_earth_anywhere_refuses_raise_on_the_card_and_the_order
  PASS  test_a_raise_cancelled_mid_carry_walks_its_earth_back_to_the_heap
  PASS  test_the_work_board_shows_an_earth_return_as_a_delivery_it_never_redirects
  PASS  test_a_bank_cancelled_while_working_the_bed_carries_its_earth_back
  PASS  test_earth_fetched_from_the_stores_goes_back_to_the_stores
  PASS  test_a_carrier_called_away_keeps_the_earth_on_the_board_and_a_cancel_then_returns_it
  PASS  test_a_raise_refused_at_its_bed_carries_its_earth_back
  PASS  test_an_earth_return_that_cannot_get_through_puts_its_earth_back_where_it_came_from
  PASS  test_earth_whose_heap_has_gone_goes_to_the_stores_or_waits_in_hand
  PASS  test_a_clearing_basket_whose_heap_has_gone_goes_into_the_stores
  PASS  test_the_stores_keep_earth_all_or_nothing
  PASS  test_the_stores_are_a_source_beside_the_heaps
  PASS  test_the_village_wiring_keeps_cleared_earth_in_the_stores
CI_SUITE_TIME {"assertions":196,"failures":0,"suite":"test_demo_earth.gd","tests":18,"usec":9497656}
test_demo_fitout.gd
  PASS  test_a_home_and_a_cellar_have_their_places
  PASS  test_the_costs_are_the_table_s
  PASS  test_a_fixture_is_paid_for_all_or_nothing
  PASS  test_a_hearth_pays_stone_and_a_rug_wood
  PASS  test_refusals_come_before_the_cost_and_in_words
  PASS  test_the_short_refusal_says_what_is_needed_and_held
  PASS  test_the_suggested_layout_plans_every_empty_place_or_none
  PASS  test_taking_one_out_gives_its_cost_back_the_planned_first
  PASS  test_a_cellar_keeps_racks_for_the_food_it_holds
  PASS  test_a_cellar_s_capacity_is_the_sum_of_its_installed_racks
  PASS  test_the_cool_rule_on_its_facts
  PASS  test_a_hearth_within_three_metres_warms_a_cellar
  PASS  test_a_cellar_that_opens_onto_a_hearth_is_warm
  PASS  test_comfort_is_a_bed_a_hearth_and_capped_decorations
  PASS  test_a_home_s_comfort_counts_what_is_installed
  PASS  test_work_puts_a_fixture_in_for_the_one_on_it
  PASS  test_a_room_laid_again_starts_bare
  PASS  test_a_home_laid_again_forgets_its_large_bed
  PASS  test_waiting_fixtures_are_listed_in_place_order
  PASS  test_a_place_is_drawn_as_it_stands_and_only_when_it_changes
TOLERATED ERROR: Condition "!is_inside_tree()" is true. Returning: Transform3D()
   at: get_global_transform (scene/3d/node_3d.cpp:649)
   GDScript backtrace (most recent call first):
       [0] _light (res://demo/burrow/fixture_view.gd:378)
       [1] refresh (res://demo/burrow/fixture_view.gd:173)
       [2] test_a_lit_hearth_glows_and_smokes_and_a_cold_one_does_not (res://test/test_demo_fitout.gd:505)
       [3] _run_test (res://test/run_tests.gd:194)
       [4] _run_suite (res://test/run_tests.gd:168)
       [5] _run_suite (/home/runner/work/redwall-rts/redwall-rts/tools/ci_test_shard_runner.gd:30)
       [6] _run_worker (res://test/run_tests.gd:121)
       [7] _initialize (res://test/run_tests.gd:108)
  PASS  test_a_lit_hearth_glows_and_smokes_and_a_cold_one_does_not
  PASS  test_a_cellar_s_racks_fill_in_place_as_its_stock_rises
  PASS  test_a_passage_not_yet_dug_does_not_open_onto_a_hearth
TOLERATED ERROR: Condition "!is_inside_tree()" is true. Returning: Transform3D()
   at: get_global_transform (scene/3d/node_3d.cpp:649)
   GDScript backtrace (most recent call first):
       [0] _light (res://demo/burrow/fixture_view.gd:378)
       [1] refresh (res://demo/burrow/fixture_view.gd:173)
       [2] test_the_hearth_lights_in_its_own_colour (res://test/test_demo_fitout.gd:571)
       [3] _run_test (res://test/run_tests.gd:194)
       [4] _run_suite (res://test/run_tests.gd:168)
       [5] _run_suite (/home/runner/work/redwall-rts/redwall-rts/tools/ci_test_shard_runner.gd:30)
       [6] _run_worker (res://test/run_tests.gd:121)
       [7] _initialize (res://test/run_tests.gd:108)
  PASS  test_the_hearth_lights_in_its_own_colour
  PASS  test_a_cellar_id_names_its_room_and_its_rack
  PASS  test_the_last_planned_is_taken_out_first
  PASS  test_a_rack_only_planned_is_no_store_and_keeps_nothing_cool
  PASS  test_a_cellar_does_not_open_onto_a_hearth_through_another_room
  PASS  test_a_hearth_on_another_level_does_not_warm_a_cellar
  PASS  test_the_smoke_follows_the_clock
  PASS  test_the_housing_count_is_the_beds_put_in
  PASS  test_a_hearth_taken_out_gives_its_stone_back
  PASS  test_a_malformed_cellar_id_names_no_room
  PASS  test_the_palette_says_what_is_in_coming_and_can_be_done
  PASS  test_a_large_bed_digs_its_alcove_into_a_nook_and_costs_four_planks
  PASS  test_a_nook_is_refused_where_it_may_not_go
  PASS  test_a_refused_large_bed_names_its_first_alcove_s_reason
  PASS  test_a_home_with_a_large_bed_is_not_suggested_another
  PASS  test_a_place_emptied_of_a_large_bed_is_a_burrow_bed_s_again
  PASS  test_a_tunnel_by_the_back_alcove_sends_the_large_bed_by_the_door
  PASS  test_another_room_by_the_alcove_refuses_its_nook
  PASS  test_a_nook_is_part_of_its_room_s_void
  PASS  test_a_large_bed_taken_out_gives_its_planks_back_and_its_nook_stays
  PASS  test_a_large_bed_is_a_big_bed_lying_out_in_its_nook
CI_SUITE_TIME {"assertions":298,"failures":0,"suite":"test_demo_fitout.gd","tests":44,"usec":104069}
test_demo_harvest_plan.gd
  PASS  test_the_rows_show_each_laid_bed_as_it_stands
  PASS  test_steady_spreads_a_crop_s_beds_and_preserving_sows_them_together
  PASS  test_a_window_closing_holds_the_days_inside_it
  PASS  test_the_kitchen_s_use_and_the_keeping
  PASS  test_an_overloaded_day_is_said_with_a_later_sowing
  PASS  test_booking_orders_today_and_books_the_rest
  PASS  test_a_changed_crop_drops_its_booking_and_a_missed_window_waits
  PASS  test_an_hour_with_no_booking_allocates_nothing
  PASS  test_the_harvest_tab_shows_the_plan_and_books_it
  PASS  test_keeping_reads_the_slowest_store_and_a_bare_site_is_never_planned
  PASS  test_a_day_over_the_stores_room_is_said
  PASS  test_a_booking_refused_by_a_full_board_stays_booked
  PASS  test_shifting_with_no_sowing_day_ahead_is_refused
  PASS  test_a_booking_on_a_bed_taken_up_is_dropped
CI_SUITE_TIME {"assertions":97,"failures":0,"suite":"test_demo_harvest_plan.gd","tests":14,"usec":2526192}
test_demo_lens_probes.gd
  PASS  test_the_base_probe_says_nothing_and_cannot_outline
  PASS  test_a_reading_compares_and_copies_every_field
  PASS  test_a_bed_is_read_inside_its_square_and_nowhere_else
  PASS  test_the_moisture_words_give_the_bed_s_own_band_edges
  PASS  test_the_reading_follows_the_sim_and_the_field_moves_only_on_a_new_colour
  PASS  test_choosing_a_crop_re_words_the_bed_with_its_moisture_unchanged
  PASS  test_ripeness_entries_split_at_the_grace_and_the_loss
  PASS  test_the_ripeness_words_give_growth_hours_or_hours_ripe
  PASS  test_the_service_words_quote_the_leat_s_figures
  PASS  test_reading_a_bed_allocates_nothing
  PASS  test_the_water_is_read_to_the_unit_with_its_zone
  PASS  test_the_pond_reads_as_its_ice_and_the_stream_as_water
  PASS  test_the_water_words_hold_the_shallower_zone_at_a_threshold
  PASS  test_the_water_legend_and_field_follow_the_painted_body_and_the_ice
  PASS  test_reading_the_water_allocates_nothing
  PASS  test_a_tree_and_its_zone_are_read
  PASS  test_the_woods_outline_samples_zones_only_and_a_fell_re_words
  PASS  test_the_woods_field_is_its_zones
  PASS  test_the_scales_reach_their_layers_and_quote_the_rules
  PASS  test_the_overlays_paint_with_the_tokens
  PASS  test_every_ramp_passes_the_colour_blind_check
  PASS  test_the_woods_marks_pass_the_colour_blind_check
  PASS  test_the_old_woods_marks_fail_where_decision_0581_measured
  PASS  test_the_old_ramps_fail_the_check_that_the_new_ones_pass
  PASS  test_the_colour_maths_matches_its_references
CI_SUITE_TIME {"assertions":174,"failures":0,"suite":"test_demo_lens_probes.gd","tests":25,"usec":1599707}
test_demo_menu.gd
  PASS  test_opening_holds_menu_and_closing_restores_the_speed
  PASS  test_a_player_pause_held_before_the_menu_is_still_held_after
  PASS  test_set_menu_pause_is_refused_before_start_and_holds_once
EXPECTED WARNING: the clock refused to release the menu's pause (LOAD_IN_PROGRESS); the menu stays open
     at: push_warning (core/variant/variant_utility.cpp:1033)
     GDScript backtrace (most recent call first):
         [0] close (res://demo/ui/demo_menu.gd:275)
         [1] test_a_refused_release_keeps_the_menu_open_and_runs_nothing (res://test/test_demo_menu.gd:102)
         [2] _run_test (res://test/run_tests.gd:194)
         [3] _run_suite (res://test/run_tests.gd:168)
         [4] _run_suite (/home/runner/work/redwall-rts/redwall-rts/tools/ci_test_shard_runner.gd:30)
         [5] _run_worker (res://test/run_tests.gd:121)
         [6] _initialize (res://test/run_tests.gd:108)
EXPECTED WARNING: the clock refused to release the menu's pause (LOAD_IN_PROGRESS); the menu stays open
     at: push_warning (core/variant/variant_utility.cpp:1033)
     GDScript backtrace (most recent call first):
         [0] close (res://demo/ui/demo_menu.gd:275)
         [1] _confirmed (res://demo/ui/demo_menu.gd:372)
         [2] test_a_refused_release_keeps_the_menu_open_and_runs_nothing (res://test/test_demo_menu.gd:106)
         [3] _run_test (res://test/run_tests.gd:194)
         [4] _run_suite (res://test/run_tests.gd:168)
         [5] _run_suite (/home/runner/work/redwall-rts/redwall-rts/tools/ci_test_shard_runner.gd:30)
         [6] _run_worker (res://test/run_tests.gd:121)
         [7] _initialize (res://test/run_tests.gd:108)
EXPECTED WARNING: the clock refused to release the menu's pause (LOAD_IN_PROGRESS); the menu stays open
     at: push_warning (core/variant/variant_utility.cpp:1033)
     GDScript backtrace (most recent call first):
         [0] close (res://demo/ui/demo_menu.gd:275)
         [1] open_lab (res://demo/ui/demo_menu.gd:380)
         [2] test_a_refused_release_keeps_the_menu_open_and_runs_nothing (res://test/test_demo_menu.gd:107)
         [3] _run_test (res://test/run_tests.gd:194)
         [4] _run_suite (res://test/run_tests.gd:168)
         [5] _run_suite (/home/runner/work/redwall-rts/redwall-rts/tools/ci_test_shard_runner.gd:30)
         [6] _run_worker (res://test/run_tests.gd:121)
         [7] _initialize (res://test/run_tests.gd:108)
EXPECTED WARNING: the clock refused to release the menu's pause (LOAD_IN_PROGRESS); the menu stays open
     at: push_warning (core/variant/variant_utility.cpp:1033)
     GDScript backtrace (most recent call first):
         [0] close (res://demo/ui/demo_menu.gd:275)
         [1] _confirmed (res://demo/ui/demo_menu.gd:372)
         [2] test_a_refused_release_keeps_the_menu_open_and_runs_nothing (res://test/test_demo_menu.gd:110)
         [3] _run_test (res://test/run_tests.gd:194)
         [4] _run_suite (res://test/run_tests.gd:168)
         [5] _run_suite (/home/runner/work/redwall-rts/redwall-rts/tools/ci_test_shard_runner.gd:30)
         [6] _run_worker (res://test/run_tests.gd:121)
         [7] _initialize (res://test/run_tests.gd:108)
  PASS  test_a_refused_release_keeps_the_menu_open_and_runs_nothing
  PASS  test_opening_twice_and_closing_twice_hold_and_release_once
  PASS  test_the_menu_page_offers_the_six_actions_and_the_no_save_line
  PASS  test_escape_goes_back_a_page_then_closes
  PASS  test_controls_list_the_demo_s_keys
  PASS  test_resume_closes
  PASS  test_restart_and_quit_ask_first_and_say_the_village_is_lost
  PASS  test_a_confirmed_restart_or_quit_releases_the_pause_and_runs
  PASS  test_the_demo_lab_entry_closes_the_menu_and_opens_the_lab
  PASS  test_settings_offer_only_the_scales_that_fit_and_the_sound
  PASS  test_choosing_a_scale_applies_it_only_where_it_fits
  PASS  test_full_screen_says_its_state_and_toggles_through_the_host
  PASS  test_the_demo_s_interface_scale_fits_and_applies
  PASS  test_every_demo_layout_site_follows_the_scale
  PASS  test_the_hud_menu_button_opens_the_host_menu_not_new_settlement
CI_SUITE_TIME {"assertions":104,"failures":0,"suite":"test_demo_menu.gd","tests":18,"usec":414709}
test_demo_orchard.gd
  PASS  test_the_numbers_are_the_documents
  PASS  test_the_early_yield_is_the_product_floored_once
  PASS  test_berry_growth_is_the_capped_additive_form
  PASS  test_stages_by_age
  PASS  test_the_sites_are_tile_blocks_clear_of_the_village
  PASS  test_the_old_orchard_is_real_rows
  PASS  test_a_day_untended_costs_100_and_tended_restores_50
  PASS  test_the_old_trees_bear_once_in_their_window
  PASS  test_a_young_tree_bears_early_then_fully
  PASS  test_an_early_year_is_not_picked_twice_when_it_matures_in_its_window
  PASS  test_planting_refusals_and_saplings
  PASS  test_a_plan_grows_its_sapling_and_promises_its_site
  PASS  test_the_hedge_fruits_in_summer_and_keeps_its_floor
  PASS  test_the_grove_record_keeps_the_newest
  PASS  test_a_stand_is_never_a_destination
  PASS  test_moving_food_keeps_its_age_and_the_ledger
  PASS  test_a_move_takes_what_fits_and_merges_keeping_the_older_age
  PASS  test_the_board_opens_one_job_a_kind_a_target
  PASS  test_the_routine_raises_the_seasons_work
  PASS  test_together_timing_waits_for_the_whole_group
  PASS  test_a_cancelled_routine_job_is_not_raised_again_today
  PASS  test_a_resident_tends_a_tree
  PASS  test_a_harvest_goes_to_the_baskets_and_on_to_a_store
  PASS  test_room_first_a_full_stand_waits
  PASS  test_a_picking_fills_a_basket_of_berries
  PASS  test_a_planting_takes_its_sapling_and_compost_when_done
  PASS  test_a_plan_is_propagated_grown_and_planted
  PASS  test_the_grove_is_observed_once_a_season
  PASS  test_a_drought_tending_pays_two_units_of_water
  PASS  test_a_carrier_called_away_sets_its_load_down_and_another_carries_it_on
  PASS  test_pause_resume_and_reassign_a_waiting_job
  PASS  test_the_kitchen_policy_sends_the_baskets_to_the_kitchen_and_the_keep_stays
  PASS  test_order_refusals_say_why
  PASS  test_the_keeping_policy_sends_the_baskets_to_the_cellar
  PASS  test_a_year_old_tree_bears_on_the_day_it_turns_one
  PASS  test_a_ready_plan_plants_only_its_own_species
  PASS  test_work_completes_at_exactly_its_need
  PASS  test_a_carrier_lost_three_times_keeps_its_load
  PASS  test_a_held_picking_leaves_less_for_the_next
  PASS  test_a_haul_called_away_releases_its_room
  PASS  test_a_haul_follows_its_store_when_the_stores_move
  PASS  test_a_worker_off_its_spot_walks_back_and_resumes_the_work
  PASS  test_no_job_is_raised_that_cannot_start
  PASS  test_a_partial_delivery_keeps_the_rest_in_hand
  PASS  test_a_job_nobody_can_reach_is_given_up_after_three_tries
  PASS  test_together_picks_a_tree_whose_window_closes
  PASS  test_the_first_early_day_boundary
  PASS  test_a_propagation_does_not_work_a_new_plan_on_a_reused_row
  PASS  test_the_nursery_takes_its_fruit_from_the_stands_only
CI_SUITE_TIME {"assertions":2711,"failures":0,"suite":"test_demo_orchard.gd","tests":49,"usec":16837622}
test_demo_planner.gd
  PASS  test_the_pantry_ledger_balances_stock_in_out_and_spoiled
  PASS  test_a_closed_day_is_the_ledgers_movement_that_day
  PASS  test_the_record_counts_the_kitchen_meals_from_its_ledgers
  PASS  test_who_went_without_is_the_kitchen_s_tally
  PASS  test_a_day_waits_for_the_kitchen_to_run_past_its_midnight
  PASS  test_the_record_maps_every_kitchen_counter
  PASS  test_the_day_s_event_is_the_one_active_on_it
  PASS  test_a_withered_crop_is_a_crop_lost_on_its_day
  PASS  test_a_season_s_totals_are_its_days_and_a_year_is_kept
  PASS  test_the_farm_posts_each_day_and_each_season_to_the_news
  PASS  test_a_growing_bed_s_forecast_is_the_tick_it_ripens
  PASS  test_a_ripe_bed_shows_its_rule_dates
  PASS  test_the_overview_s_cells_are_the_bed_panel_s_words
  PASS  test_needs_attention_is_the_warning_needs_and_waiting_harvests
  PASS  test_harvest_soon_is_ripe_or_within_a_day_at_today_s_rate
  PASS  test_the_calendar_s_today_is_the_hud_s_date_on_the_ten_minute_day
  PASS  test_the_calendar_holds_the_windows_and_the_demo_schedule
  PASS  test_the_season_event_shows_only_once_announced
  PASS  test_the_calendar_shows_the_kitchen_s_planned_meals_and_the_food_in_store
  PASS  test_the_fallow_plan_is_the_farm_s_own_fallow_season
  PASS  test_the_fallow_gain_is_farming_gd_s_after_a_real_legume
  PASS  test_the_legume_plan_gives_back_its_cost_as_the_farm_does
  PASS  test_the_compost_plan_is_compost_then_the_picker_s_estimate
  PASS  test_a_standing_crop_s_plans_start_at_its_harvest
  PASS  test_compare_sorts_and_holds_its_order_until_sorted_again
  PASS  test_compare_rings_and_ranks_the_beds_on_the_map
  PASS  test_t_opens_the_planner_and_t_and_esc_close_it
  PASS  test_the_overview_rows_follow_the_filter_and_open_their_bed
  PASS  test_every_tab_fills_from_the_farm
CI_SUITE_TIME {"assertions":247,"failures":0,"suite":"test_demo_planner.gd","tests":29,"usec":16304964}
test_demo_playtest_log.gd
  PASS  test_the_ring_wraps_and_keeps_the_newest
  PASS  test_recording_retains_nothing
  PASS  test_events_read_in_words
  PASS  test_the_header_has_every_field
  PASS  test_the_header_names_the_settings_and_presets
  PASS  test_the_header_holds_no_path
  PASS  test_file_logging_is_on_for_desktop_exports
  PASS  test_names_sort_by_start_and_keep_processes_apart
  PASS  test_rotation_keeps_the_last_sessions_and_nothing_else_is_touched
  PASS  test_the_header_says_whether_the_last_session_ended_cleanly
  PASS  test_the_file_is_capped_and_forced_lines_use_the_reserve
  PASS  test_lines_carry_no_home_or_user_folder
  PASS  test_repeats_fold_after_the_limit
  PASS  test_the_tail_keeps_the_newest_lines
  PASS  test_the_logger_writes_errors_warnings_and_printerr
  PASS  test_breadcrumbs_before_an_error_are_written_before_it
  PASS  test_an_error_every_frame_is_folded
  PASS  test_script_frames_are_written_under_the_line
  PASS  test_a_mark_is_written_at_once_with_the_last_breadcrumbs
  PASS  test_a_long_frame_is_a_freeze_written_when_it_ends
  PASS  test_the_watch_reports_a_freeze_once_while_it_lasts
  PASS  test_the_watch_thread_writes_a_freeze_still_going
  PASS  test_each_frame_beats_the_watch_at_the_phase_threshold
  PASS  test_a_full_file_still_ends_cleanly
  PASS  test_the_heartbeat_says_time_rate_memory_and_errors
  PASS  test_breadcrumbs_are_flushed_once_a_second_not_each_frame
  PASS  test_a_session_ends_with_its_totals_once
  PASS  test_ending_the_session_lets_go_of_it
  PASS  test_a_second_session_ends_the_first
  PASS  test_copy_report_is_a_fresh_header_and_the_tail_without_paths
  PASS  test_without_a_session_everything_is_a_quiet_no_op
  PASS  test_settings_shows_the_section_and_help_says_where_the_logs_are
  PASS  test_the_toast_says_the_mark_and_hides_after_its_time
CI_SUITE_TIME {"assertions":186,"failures":0,"suite":"test_demo_playtest_log.gd","tests":33,"usec":2427018}
test_demo_props.gd
  PASS  test_every_prop_has_a_positive_demo_size_and_a_rule
EXPECTED ERROR: demo_props: 'item_trout' has a flat or inverted bound
   at: push_error (core/variant/variant_utility.cpp:1023)
   GDScript backtrace (most recent call first):
       [0] scale_for (res://demo/props/demo_props.gd:191)
       [1] test_scale_measures_height_or_the_longest_side_by_rule (res://test/test_demo_props.gd:88)
       [2] _run_test (res://test/run_tests.gd:194)
       [3] _run_suite (res://test/run_tests.gd:168)
       [4] _run_suite (/home/runner/work/redwall-rts/redwall-rts/tools/ci_test_shard_runner.gd:30)
       [5] _run_worker (res://test/run_tests.gd:121)
       [6] _initialize (res://test/run_tests.gd:108)
  PASS  test_scale_measures_height_or_the_longest_side_by_rule
  PASS  test_an_unstaged_prop_is_a_box_of_its_size_standing_on_the_ground
  PASS  test_a_row_whose_model_is_missing_is_not_staged
  PASS  test_a_missing_icon_is_a_roundel_in_the_swatch_ringed_in_brass
  PASS  test_eleven_items_have_their_own_model_and_five_a_roundel
  PASS  test_a_held_item_is_centred_on_the_hands
  PASS  test_eleven_crops_grow_their_own_plant_and_five_borrow
  PASS  test_each_stage_shows_its_subset_of_the_plant_cells
  PASS  test_withered_and_blighted_read_apart
  PASS  test_a_bed_shows_the_stage_cells_and_a_withered_bed_slumps
  PASS  test_plant_cards_are_sized_to_the_plant_and_planted_by_its_width
  PASS  test_a_staged_plant_takes_its_cards
  PASS  test_a_ripe_lettuce_bed_draws_heads_not_cards
  PASS  test_a_harvest_is_carried_as_its_own_model_and_put_down_at_the_store
  PASS  test_a_harvest_in_hand_is_read_from_the_job_board
  PASS  test_a_shelf_shows_a_jar_per_started_third_and_its_goods_in_order
  PASS  test_the_store_shelf_lists_its_goods_most_first_and_cellars_wait_for_their_room
  PASS  test_finds_and_relics_have_their_models
  PASS  test_finds_lie_where_they_were_cut_in_the_underground_view
  PASS  test_the_ring_keeps_the_latest_finds
  PASS  test_the_panel_shows_a_finds_shelf
  PASS  test_lanterns_hang_on_alternate_walls_facing_into_the_bore
  PASS  test_a_lit_braced_tunnel_shows_frames_lanterns_and_glows_below
  PASS  test_boats_float_and_the_jetty_deck_stands_above_the_water
  PASS  test_a_digger_holds_its_pick_only_while_digging
  PASS  test_the_beaver_bridgewright_works_the_water_and_the_timber
CI_SUITE_TIME {"assertions":404,"failures":0,"suite":"test_demo_props.gd","tests":27,"usec":3202375}
test_demo_session_live.gd
  PASS  test_pauses_run_until_presets_and_the_object_list_at_1280x720
  PASS  test_pauses_run_until_presets_and_the_object_list_at_1920x1080
CI_SUITE_TIME {"assertions":140,"failures":0,"suite":"test_demo_session_live.gd","tests":2,"usec":48286670}
test_demo_songs.gd
  PASS  test_the_book_has_an_id_per_song_and_every_line_fits_the_bubble
  PASS  test_no_song_names_anyone_or_anywhere_from_the_books
  PASS  test_a_broken_book_is_refused_and_says_where
  PASS  test_a_slot_takes_a_recorded_deed_or_the_song_s_own_fallback
  PASS  test_an_otter_sings_a_work_song_only_while_working
  PASS  test_each_context_sings_its_own_songs_and_never_another_s
  PASS  test_nothing_is_sung_while_paused_or_out_of_context
  PASS  test_a_song_runs_to_its_end_then_rests
  PASS  test_at_most_two_lead_at_once
  PASS  test_supper_is_one_table_others_join_and_it_is_news_once_a_day
  PASS  test_hearing_a_song_to_its_end_twice_teaches_it
  PASS  test_a_learner_sings_what_it_learned
  PASS  test_songs_off_silences_everyone_and_makes_no_news
  PASS  test_the_settings_switch_and_the_songs_bus
  PASS  test_the_hum_is_synthesised_from_the_tune
  PASS  test_the_bubbles_show_nothing_they_cannot_place
  PASS  test_a_resident_s_context_follows_what_it_is_doing
  PASS  test_supper_seats_and_working_board_tasks_are_read_as_contexts
  PASS  test_read_contexts_marks_the_board_in_one_pass_as_the_scan_would
  PASS  test_a_line_begun_asks_the_hum_once_and_never_with_songs_off
  PASS  test_the_songs_bus_is_muffled_underground_like_the_world_above
  PASS  test_a_learner_teaches_in_its_own_name
CI_SUITE_TIME {"assertions":263,"failures":0,"suite":"test_demo_songs.gd","tests":22,"usec":375711}
test_demo_sound.gd
  PASS  test_the_shipped_table_has_every_cue_on_a_bus_with_an_equivalent
  PASS  test_a_cue_without_an_equivalent_or_with_an_unknown_bus_is_refused
  PASS  test_each_bad_field_refuses_its_cue
EXPECTED WARNING: sound cue chop: 5 of 5 files missing (res://demo/assets/no_such_sound_folder/chop_01.wav, res://demo/assets/no_such_sound_folder/chop_02.ogg, res://demo/assets/no_such_sound_folder/chop_03.ogg, res://demo/assets/no_such_sound_folder/chop_04.ogg, res://demo/assets/no_such_sound_folder/chop_05.ogg); it plays silent until they are staged
     at: push_warning (core/variant/variant_utility.cpp:1033)
     GDScript backtrace (most recent call first):
         [0] _load_row (res://demo/sound/sound_table.gd:153)
         [1] load_streams (res://demo/sound/sound_table.gd:134)
         [2] test_missing_files_play_silent_with_one_warning_per_cue (res://test/test_demo_sound.gd:165)
         [3] _run_test (res://test/run_tests.gd:194)
         [4] _run_suite (res://test/run_tests.gd:168)
         [5] _run_suite (/home/runner/work/redwall-rts/redwall-rts/tools/ci_test_shard_runner.gd:30)
         [6] _run_worker (res://test/run_tests.gd:121)
         [7] _initialize (res://test/run_tests.gd:108)
EXPECTED WARNING: sound cue gnaw: 5 of 5 files missing (res://demo/assets/no_such_sound_folder/gnaw_01.wav, res://demo/assets/no_such_sound_folder/gnaw_02.wav, res://demo/assets/no_such_sound_folder/gnaw_03.wav, res://demo/assets/no_such_sound_folder/gnaw_04.wav, res://demo/assets/no_such_sound_folder/gnaw_05.wav); it plays silent until they are staged
     at: push_warning (core/variant/variant_utility.cpp:1033)
     GDScript backtrace (most recent call first):
         [0] _load_row (res://demo/sound/sound_table.gd:153)
         [1] load_streams (res://demo/sound/sound_table.gd:134)
         [2] test_missing_files_play_silent_with_one_warning_per_cue (res://test/test_demo_sound.gd:165)
         [3] _run_test (res://test/run_tests.gd:194)
         [4] _run_suite (res://test/run_tests.gd:168)
         [5] _run_suite (/home/runner/work/redwall-rts/redwall-rts/tools/ci_test_shard_runner.gd:30)
         [6] _run_worker (res://test/run_tests.gd:121)
         [7] _initialize (res://test/run_tests.gd:108)
EXPECTED WARNING: sound cue saw: 3 of 3 files missing (res://demo/assets/no_such_sound_folder/saw_01.wav, res://demo/assets/no_such_sound_folder/saw_02.wav, res://demo/assets/no_such_sound_folder/saw_03.wav); it plays silent until they are staged
     at: push_warning (core/variant/variant_utility.cpp:1033)
     GDScript backtrace (most recent call first):
         [0] _load_row (res://demo/sound/sound_table.gd:153)
         [1] load_streams (res://demo/sound/sound_table.gd:134)
         [2] test_missing_files_play_silent_with_one_warning_per_cue (res://test/test_demo_sound.gd:165)
         [3] _run_test (res://test/run_tests.gd:194)
         [4] _run_suite (res://test/run_tests.gd:168)
         [5] _run_suite (/home/runner/work/redwall-rts/redwall-rts/tools/ci_test_shard_runner.gd:30)
         [6] _run_worker (res://test/run_tests.gd:121)
         [7] _initialize (res://test/run_tests.gd:108)
EXPECTED WARNING: sound cue dig: 3 of 3 files missing (res://demo/assets/no_such_sound_folder/dig_01.wav, res://demo/assets/no_such_sound_folder/dig_02.wav, res://demo/assets/no_such_sound_folder/dig_03.wav); it plays silent until they are staged
     at: push_warning (core/variant/variant_utility.cpp:1033)
     GDScript backtrace (most recent call first):
         [0] _load_row (res://demo/sound/sound_table.gd:153)
         [1] load_streams (res://demo/sound/sound_table.gd:134)
         [2] test_missing_files_play_silent_with_one_warning_per_cue (res://test/test_demo_sound.gd:165)
         [3] _run_test (res://test/run_tests.gd:194)
         [4] _run_suite (res://test/run_tests.gd:168)
         [5] _run_suite (/home/runner/work/redwall-rts/redwall-rts/tools/ci_test_shard_runner.gd:30)
         [6] _run_worker (res://test/run_tests.gd:121)
         [7] _initialize (res://test/run_tests.gd:108)
EXPECTED WARNING: sound cue tree_fall: 1 of 1 files missing (res://demo/assets/no_such_sound_folder/tree_fall_01.wav); it plays silent until they are staged
     at: push_warning (core/variant/variant_utility.cpp:1033)
     GDScript backtrace (most recent call first):
         [0] _load_row (res://demo/sound/sound_table.gd:153)
         [1] load_streams (res://demo/sound/sound_table.gd:134)
         [2] test_missing_files_play_silent_with_one_warning_per_cue (res://test/test_demo_sound.gd:165)
         [3] _run_test (res://test/run_tests.gd:194)
         [4] _run_suite (res://test/run_tests.gd:168)
         [5] _run_suite (/home/runner/work/redwall-rts/redwall-rts/tools/ci_test_shard_runner.gd:30)
         [6] _run_worker (res://test/run_tests.gd:121)
         [7] _initialize (res://test/run_tests.gd:108)
EXPECTED WARNING: sound cue pickup: 3 of 3 files missing (res://demo/assets/no_such_sound_folder/pickup_01.ogg, res://demo/assets/no_such_sound_folder/pickup_02.ogg, res://demo/assets/no_such_sound_folder/pickup_03.ogg); it plays silent until they are staged
     at: push_warning (core/variant/variant_utility.cpp:1033)
     GDScript backtrace (most recent call first):
         [0] _load_row (res://demo/sound/sound_table.gd:153)
         [1] load_streams (res://demo/sound/sound_table.gd:134)
         [2] test_missing_files_play_silent_with_one_warning_per_cue (res://test/test_demo_sound.gd:165)
         [3] _run_test (res://test/run_tests.gd:194)
         [4] _run_suite (res://test/run_tests.gd:168)
         [5] _run_suite (/home/runner/work/redwall-rts/redwall-rts/tools/ci_test_shard_runner.gd:30)
         [6] _run_worker (res://test/run_tests.gd:121)
         [7] _initialize (res://test/run_tests.gd:108)
EXPECTED WARNING: sound cue drop: 4 of 4 files missing (res://demo/assets/no_such_sound_folder/drop_01.ogg, res://demo/assets/no_such_sound_folder/drop_02.ogg, res://demo/assets/no_such_sound_folder/drop_03.ogg, res://demo/assets/no_such_sound_folder/drop_04.ogg); it plays silent until they are staged
     at: push_warning (core/variant/variant_utility.cpp:1033)
     GDScript backtrace (most recent call first):
         [0] _load_row (res://demo/sound/sound_table.gd:153)
         [1] load_streams (res://demo/sound/sound_table.gd:134)
         [2] test_missing_files_play_silent_with_one_warning_per_cue (res://test/test_demo_sound.gd:165)
         [3] _run_test (res://test/run_tests.gd:194)
         [4] _run_suite (res://test/run_tests.gd:168)
         [5] _run_suite (/home/runner/work/redwall-rts/redwall-rts/tools/ci_test_shard_runner.gd:30)
         [6] _run_worker (res://test/run_tests.gd:121)
         [7] _initialize (res://test/run_tests.gd:108)
EXPECTED WARNING: sound cue step_grass: 4 of 4 files missing (res://demo/assets/no_such_sound_folder/step_grass_01.ogg, res://demo/assets/no_such_sound_folder/step_grass_02.ogg, res://demo/assets/no_such_sound_folder/step_grass_03.ogg, res://demo/assets/no_such_sound_folder/step_grass_04.ogg); it plays silent until they are staged
     at: push_warning (core/variant/variant_utility.cpp:1033)
     GDScript backtrace (most recent call first):
         [0] _load_row (res://demo/sound/sound_table.gd:153)
         [1] load_streams (res://demo/sound/sound_table.gd:134)
         [2] test_missing_files_play_silent_with_one_warning_per_cue (res://test/test_demo_sound.gd:165)
         [3] _run_test (res://test/run_tests.gd:194)
         [4] _run_suite (res://test/run_tests.gd:168)
         [5] _run_suite (/home/runner/work/redwall-rts/redwall-rts/tools/ci_test_shard_runner.gd:30)
         [6] _run_worker (res://test/run_tests.gd:121)
         [7] _initialize (res://test/run_tests.gd:108)
EXPECTED WARNING: sound cue step_dirt: 4 of 4 files missing (res://demo/assets/no_such_sound_folder/step_dirt_01.ogg, res://demo/assets/no_such_sound_folder/step_dirt_02.ogg, res://demo/assets/no_such_sound_folder/step_dirt_03.ogg, res://demo/assets/no_such_sound_folder/step_dirt_04.ogg); it plays silent until they are staged
     at: push_warning (core/variant/variant_utility.cpp:1033)
     GDScript backtrace (most recent call first):
         [0] _load_row (res://demo/sound/sound_table.gd:153)
         [1] load_streams (res://demo/sound/sound_table.gd:134)
         [2] test_missing_files_play_silent_with_one_warning_per_cue (res://test/test_demo_sound.gd:165)
         [3] _run_test (res://test/run_tests.gd:194)
         [4] _run_suite (res://test/run_tests.gd:168)
         [5] _run_suite (/home/runner/work/redwall-rts/redwall-rts/tools/ci_test_shard_runner.gd:30)
         [6] _run_worker (res://test/run_tests.gd:121)
         [7] _initialize (res://test/run_tests.gd:108)
EXPECTED WARNING: sound cue step_wood: 4 of 4 files missing (res://demo/assets/no_such_sound_folder/step_wood_01.wav, res://demo/assets/no_such_sound_folder/step_wood_02.wav, res://demo/assets/no_such_sound_folder/step_wood_03.wav, res://demo/assets/no_such_sound_folder/step_wood_04.wav); it plays silent until they are staged
     at: push_warning (core/variant/variant_utility.cpp:1033)
     GDScript backtrace (most recent call first):
         [0] _load_row (res://demo/sound/sound_table.gd:153)
         [1] load_streams (res://demo/sound/sound_table.gd:134)
         [2] test_missing_files_play_silent_with_one_warning_per_cue (res://test/test_demo_sound.gd:165)
         [3] _run_test (res://test/run_tests.gd:194)
         [4] _run_suite (res://test/run_tests.gd:168)
         [5] _run_suite (/home/runner/work/redwall-rts/redwall-rts/tools/ci_test_shard_runner.gd:30)
         [6] _run_worker (res://test/run_tests.gd:121)
         [7] _initialize (res://test/run_tests.gd:108)
EXPECTED WARNING: sound cue step_tunnel: 4 of 4 files missing (res://demo/assets/no_such_sound_folder/step_tunnel_01.ogg, res://demo/assets/no_such_sound_folder/step_tunnel_02.ogg, res://demo/assets/no_such_sound_folder/step_tunnel_03.ogg, res://demo/assets/no_such_sound_folder/step_tunnel_04.ogg); it plays silent until they are staged
     at: push_warning (core/variant/variant_utility.cpp:1033)
     GDScript backtrace (most recent call first):
         [0] _load_row (res://demo/sound/sound_table.gd:153)
         [1] load_streams (res://demo/sound/sound_table.gd:134)
         [2] test_missing_files_play_silent_with_one_warning_per_cue (res://test/test_demo_sound.gd:165)
         [3] _run_test (res://test/run_tests.gd:194)
         [4] _run_suite (res://test/run_tests.gd:168)
         [5] _run_suite (/home/runner/work/redwall-rts/redwall-rts/tools/ci_test_shard_runner.gd:30)
         [6] _run_worker (res://test/run_tests.gd:121)
         [7] _initialize (res://test/run_tests.gd:108)
EXPECTED WARNING: sound cue step_wade: 3 of 3 files missing (res://demo/assets/no_such_sound_folder/step_wade_01.ogg, res://demo/assets/no_such_sound_folder/step_wade_02.ogg, res://demo/assets/no_such_sound_folder/step_wade_03.ogg); it plays silent until they are staged
     at: push_warning (core/variant/variant_utility.cpp:1033)
     GDScript backtrace (most recent call first):
         [0] _load_row (res://demo/sound/sound_table.gd:153)
         [1] load_streams (res://demo/sound/sound_table.gd:134)
         [2] test_missing_files_play_silent_with_one_warning_per_cue (res://test/test_demo_sound.gd:165)
         [3] _run_test (res://test/run_tests.gd:194)
         [4] _run_suite (res://test/run_tests.gd:168)
         [5] _run_suite (/home/runner/work/redwall-rts/redwall-rts/tools/ci_test_shard_runner.gd:30)
         [6] _run_worker (res://test/run_tests.gd:121)
         [7] _initialize (res://test/run_tests.gd:108)
EXPECTED WARNING: sound cue splash: 3 of 3 files missing (res://demo/assets/no_such_sound_folder/splash_01.ogg, res://demo/assets/no_such_sound_folder/splash_02.ogg, res://demo/assets/no_such_sound_folder/splash_03.ogg); it plays silent until they are staged
     at: push_warning (core/variant/variant_utility.cpp:1033)
     GDScript backtrace (most recent call first):
         [0] _load_row (res://demo/sound/sound_table.gd:153)
         [1] load_streams (res://demo/sound/sound_table.gd:134)
         [2] test_missing_files_play_silent_with_one_warning_per_cue (res://test/test_demo_sound.gd:165)
         [3] _run_test (res://test/run_tests.gd:194)
         [4] _run_suite (res://test/run_tests.gd:168)
         [5] _run_suite (/home/runner/work/redwall-rts/redwall-rts/tools/ci_test_shard_runner.gd:30)
         [6] _run_worker (res://test/run_tests.gd:121)
         [7] _initialize (res://test/run_tests.gd:108)
EXPECTED WARNING: sound cue water_in: 2 of 2 files missing (res://demo/assets/no_such_sound_folder/water_in_01.ogg, res://demo/assets/no_such_sound_folder/water_in_02.ogg); it plays silent until they are staged
     at: push_warning (core/variant/variant_utility.cpp:1033)
     GDScript backtrace (most recent call first):
         [0] _load_row (res://demo/sound/sound_table.gd:153)
         [1] load_streams (res://demo/sound/sound_table.gd:134)
         [2] test_missing_files_play_silent_with_one_warning_per_cue (res://test/test_demo_sound.gd:165)
         [3] _run_test (res://test/run_tests.gd:194)
         [4] _run_suite (res://test/run_tests.gd:168)
         [5] _run_suite (/home/runner/work/redwall-rts/redwall-rts/tools/ci_test_shard_runner.gd:30)
         [6] _run_worker (res://test/run_tests.gd:121)
         [7] _initialize (res://test/run_tests.gd:108)
EXPECTED WARNING: sound cue water_out: 2 of 2 files missing (res://demo/assets/no_such_sound_folder/water_out_01.ogg, res://demo/assets/no_such_sound_folder/water_out_02.ogg); it plays silent until they are staged
     at: push_warning (core/variant/variant_utility.cpp:1033)
     GDScript backtrace (most recent call first):
         [0] _load_row (res://demo/sound/sound_table.gd:153)
         [1] load_streams (res://demo/sound/sound_table.gd:134)
         [2] test_missing_files_play_silent_with_one_warning_per_cue (res://test/test_demo_sound.gd:165)
         [3] _run_test (res://test/run_tests.gd:194)
         [4] _run_suite (res://test/run_tests.gd:168)
         [5] _run_suite (/home/runner/work/redwall-rts/redwall-rts/tools/ci_test_shard_runner.gd:30)
         [6] _run_worker (res://test/run_tests.gd:121)
         [7] _initialize (res://test/run_tests.gd:108)
EXPECTED WARNING: sound cue amb_stream: 1 of 1 files missing (res://demo/assets/no_such_sound_folder/amb_stream_01.ogg); it plays silent until they are staged
     at: push_warning (core/variant/variant_utility.cpp:1033)
     GDScript backtrace (most recent call first):
         [0] _load_row (res://demo/sound/sound_table.gd:153)
         [1] load_streams (res://demo/sound/sound_table.gd:134)
         [2] test_missing_files_play_silent_with_one_warning_per_cue (res://test/test_demo_sound.gd:165)
         [3] _run_test (res://test/run_tests.gd:194)
         [4] _run_suite (res://test/run_tests.gd:168)
         [5] _run_suite (/home/runner/work/redwall-rts/redwall-rts/tools/ci_test_shard_runner.gd:30)
         [6] _run_worker (res://test/run_tests.gd:121)
         [7] _initialize (res://test/run_tests.gd:108)
EXPECTED WARNING: sound cue amb_wind: 1 of 1 files missing (res://demo/assets/no_such_sound_folder/amb_wind_01.wav); it plays silent until they are staged
     at: push_warning (core/variant/variant_utility.cpp:1033)
     GDScript backtrace (most recent call first):
         [0] _load_row (res://demo/sound/sound_table.gd:153)
         [1] load_streams (res://demo/sound/sound_table.gd:134)
         [2] test_missing_files_play_silent_with_one_warning_per_cue (res://test/test_demo_sound.gd:165)
         [3] _run_test (res://test/run_tests.gd:194)
         [4] _run_suite (res://test/run_tests.gd:168)
         [5] _run_suite (/home/runner/work/redwall-rts/redwall-rts/tools/ci_test_shard_runner.gd:30)
         [6] _run_worker (res://test/run_tests.gd:121)
         [7] _initialize (res://test/run_tests.gd:108)
EXPECTED WARNING: sound cue amb_rain: 1 of 1 files missing (res://demo/assets/no_such_sound_folder/amb_rain_01.ogg); it plays silent until they are staged
     at: push_warning (core/variant/variant_utility.cpp:1033)
     GDScript backtrace (most recent call first):
         [0] _load_row (res://demo/sound/sound_table.gd:153)
         [1] load_streams (res://demo/sound/sound_table.gd:134)
         [2] test_missing_files_play_silent_with_one_warning_per_cue (res://test/test_demo_sound.gd:165)
         [3] _run_test (res://test/run_tests.gd:194)
         [4] _run_suite (res://test/run_tests.gd:168)
         [5] _run_suite (/home/runner/work/redwall-rts/redwall-rts/tools/ci_test_shard_runner.gd:30)
         [6] _run_worker (res://test/run_tests.gd:121)
         [7] _initialize (res://test/run_tests.gd:108)
EXPECTED WARNING: sound cue warning: 1 of 1 files missing (res://demo/assets/no_such_sound_folder/warning_01.ogg); it plays silent until they are staged
     at: push_warning (core/variant/variant_utility.cpp:1033)
     GDScript backtrace (most recent call first):
         [0] _load_row (res://demo/sound/sound_table.gd:153)
         [1] load_streams (res://demo/sound/sound_table.gd:134)
         [2] test_missing_files_play_silent_with_one_warning_per_cue (res://test/test_demo_sound.gd:165)
         [3] _run_test (res://test/run_tests.gd:194)
         [4] _run_suite (res://test/run_tests.gd:168)
         [5] _run_suite (/home/runner/work/redwall-rts/redwall-rts/tools/ci_test_shard_runner.gd:30)
         [6] _run_worker (res://test/run_tests.gd:121)
         [7] _initialize (res://test/run_tests.gd:108)
EXPECTED WARNING: sound cue complete: 1 of 1 files missing (res://demo/assets/no_such_sound_folder/complete_01.ogg); it plays silent until they are staged
     at: push_warning (core/variant/variant_utility.cpp:1033)
     GDScript backtrace (most recent call first):
         [0] _load_row (res://demo/sound/sound_table.gd:153)
         [1] load_streams (res://demo/sound/sound_table.gd:134)
         [2] test_missing_files_play_silent_with_one_warning_per_cue (res://test/test_demo_sound.gd:165)
         [3] _run_test (res://test/run_tests.gd:194)
         [4] _run_suite (res://test/run_tests.gd:168)
         [5] _run_suite (/home/runner/work/redwall-rts/redwall-rts/tools/ci_test_shard_runner.gd:30)
         [6] _run_worker (res://test/run_tests.gd:121)
         [7] _initialize (res://test/run_tests.gd:108)
EXPECTED WARNING: sound cue ui_click: 1 of 1 files missing (res://demo/assets/no_such_sound_folder/ui_click_01.ogg); it plays silent until they are staged
     at: push_warning (core/variant/variant_utility.cpp:1033)
     GDScript backtrace (most recent call first):
         [0] _load_row (res://demo/sound/sound_table.gd:153)
         [1] load_streams (res://demo/sound/sound_table.gd:134)
         [2] test_missing_files_play_silent_with_one_warning_per_cue (res://test/test_demo_sound.gd:165)
         [3] _run_test (res://test/run_tests.gd:194)
         [4] _run_suite (res://test/run_tests.gd:168)
         [5] _run_suite (/home/runner/work/redwall-rts/redwall-rts/tools/ci_test_shard_runner.gd:30)
         [6] _run_worker (res://test/run_tests.gd:121)
         [7] _initialize (res://test/run_tests.gd:108)
  PASS  test_missing_files_play_silent_with_one_warning_per_cue
TOLERATED WARNING: sound cue chop: 5 of 5 files missing (res://demo/assets/sound/chop_01.wav, res://demo/assets/sound/chop_02.ogg, res://demo/assets/sound/chop_03.ogg, res://demo/assets/sound/chop_04.ogg, res://demo/assets/sound/chop_05.ogg); it plays silent until they are staged
     at: push_warning (core/variant/variant_utility.cpp:1033)
     GDScript backtrace (most recent call first):
         [0] _load_row (res://demo/sound/sound_table.gd:153)
         [1] load_streams (res://demo/sound/sound_table.gd:134)
         [2] warm (res://demo/sound/sound_director.gd:121)
         [3] test_a_silent_cue_still_plays_its_voice_and_its_gap (res://test/test_demo_sound.gd:178)
         [4] _run_test (res://test/run_tests.gd:194)
         [5] _run_suite (res://test/run_tests.gd:168)
         [6] _run_suite (/home/runner/work/redwall-rts/redwall-rts/tools/ci_test_shard_runner.gd:30)
         [7] _run_worker (res://test/run_tests.gd:121)
         [8] _initialize (res://test/run_tests.gd:108)
TOLERATED WARNING: sound cue gnaw: 5 of 5 files missing (res://demo/assets/sound/gnaw_01.wav, res://demo/assets/sound/gnaw_02.wav, res://demo/assets/sound/gnaw_03.wav, res://demo/assets/sound/gnaw_04.wav, res://demo/assets/sound/gnaw_05.wav); it plays silent until they are staged
     at: push_warning (core/variant/variant_utility.cpp:1033)
     GDScript backtrace (most recent call first):
         [0] _load_row (res://demo/sound/sound_table.gd:153)
         [1] load_streams (res://demo/sound/sound_table.gd:134)
         [2] warm (res://demo/sound/sound_director.gd:121)
         [3] test_a_silent_cue_still_plays_its_voice_and_its_gap (res://test/test_demo_sound.gd:178)
         [4] _run_test (res://test/run_tests.gd:194)
         [5] _run_suite (res://test/run_tests.gd:168)
         [6] _run_suite (/home/runner/work/redwall-rts/redwall-rts/tools/ci_test_shard_runner.gd:30)
         [7] _run_worker (res://test/run_tests.gd:121)
         [8] _initialize (res://test/run_tests.gd:108)
TOLERATED WARNING: sound cue saw: 3 of 3 files missing (res://demo/assets/sound/saw_01.wav, res://demo/assets/sound/saw_02.wav, res://demo/assets/sound/saw_03.wav); it plays silent until they are staged
     at: push_warning (core/variant/variant_utility.cpp:1033)
     GDScript backtrace (most recent call first):
         [0] _load_row (res://demo/sound/sound_table.gd:153)
         [1] load_streams (res://demo/sound/sound_table.gd:134)
         [2] warm (res://demo/sound/sound_director.gd:121)
         [3] test_a_silent_cue_still_plays_its_voice_and_its_gap (res://test/test_demo_sound.gd:178)
         [4] _run_test (res://test/run_tests.gd:194)
         [5] _run_suite (res://test/run_tests.gd:168)
         [6] _run_suite (/home/runner/work/redwall-rts/redwall-rts/tools/ci_test_shard_runner.gd:30)
         [7] _run_worker (res://test/run_tests.gd:121)
         [8] _initialize (res://test/run_tests.gd:108)
TOLERATED WARNING: sound cue dig: 3 of 3 files missing (res://demo/assets/sound/dig_01.wav, res://demo/assets/sound/dig_02.wav, res://demo/assets/sound/dig_03.wav); it plays silent until they are staged
     at: push_warning (core/variant/variant_utility.cpp:1033)
     GDScript backtrace (most recent call first):
         [0] _load_row (res://demo/sound/sound_table.gd:153)
         [1] load_streams (res://demo/sound/sound_table.gd:134)
         [2] warm (res://demo/sound/sound_director.gd:121)
         [3] test_a_silent_cue_still_plays_its_voice_and_its_gap (res://test/test_demo_sound.gd:178)
         [4] _run_test (res://test/run_tests.gd:194)
         [5] _run_suite (res://test/run_tests.gd:168)
         [6] _run_suite (/home/runner/work/redwall-rts/redwall-rts/tools/ci_test_shard_runner.gd:30)
         [7] _run_worker (res://test/run_tests.gd:121)
         [8] _initialize (res://test/run_tests.gd:108)
TOLERATED WARNING: sound cue tree_fall: 1 of 1 files missing (res://demo/assets/sound/tree_fall_01.wav); it plays silent until they are staged
     at: push_warning (core/variant/variant_utility.cpp:1033)
     GDScript backtrace (most recent call first):
         [0] _load_row (res://demo/sound/sound_table.gd:153)
         [1] load_streams (res://demo/sound/sound_table.gd:134)
         [2] warm (res://demo/sound/sound_director.gd:121)
         [3] test_a_silent_cue_still_plays_its_voice_and_its_gap (res://test/test_demo_sound.gd:178)
         [4] _run_test (res://test/run_tests.gd:194)
         [5] _run_suite (res://test/run_tests.gd:168)
         [6] _run_suite (/home/runner/work/redwall-rts/redwall-rts/tools/ci_test_shard_runner.gd:30)
         [7] _run_worker (res://test/run_tests.gd:121)
         [8] _initialize (res://test/run_tests.gd:108)
TOLERATED WARNING: sound cue pickup: 3 of 3 files missing (res://demo/assets/sound/pickup_01.ogg, res://demo/assets/sound/pickup_02.ogg, res://demo/assets/sound/pickup_03.ogg); it plays silent until they are staged
     at: push_warning (core/variant/variant_utility.cpp:1033)
     GDScript backtrace (most recent call first):
         [0] _load_row (res://demo/sound/sound_table.gd:153)
         [1] load_streams (res://demo/sound/sound_table.gd:134)
         [2] warm (res://demo/sound/sound_director.gd:121)
         [3] test_a_silent_cue_still_plays_its_voice_and_its_gap (res://test/test_demo_sound.gd:178)
         [4] _run_test (res://test/run_tests.gd:194)
         [5] _run_suite (res://test/run_tests.gd:168)
         [6] _run_suite (/home/runner/work/redwall-rts/redwall-rts/tools/ci_test_shard_runner.gd:30)
         [7] _run_worker (res://test/run_tests.gd:121)
         [8] _initialize (res://test/run_tests.gd:108)
TOLERATED WARNING: sound cue drop: 4 of 4 files missing (res://demo/assets/sound/drop_01.ogg, res://demo/assets/sound/drop_02.ogg, res://demo/assets/sound/drop_03.ogg, res://demo/assets/sound/drop_04.ogg); it plays silent until they are staged
     at: push_warning (core/variant/variant_utility.cpp:1033)
     GDScript backtrace (most recent call first):
         [0] _load_row (res://demo/sound/sound_table.gd:153)
         [1] load_streams (res://demo/sound/sound_table.gd:134)
         [2] warm (res://demo/sound/sound_director.gd:121)
         [3] test_a_silent_cue_still_plays_its_voice_and_its_gap (res://test/test_demo_sound.gd:178)
         [4] _run_test (res://test/run_tests.gd:194)
         [5] _run_suite (res://test/run_tests.gd:168)
         [6] _run_suite (/home/runner/work/redwall-rts/redwall-rts/tools/ci_test_shard_runner.gd:30)
         [7] _run_worker (res://test/run_tests.gd:121)
         [8] _initialize (res://test/run_tests.gd:108)
TOLERATED WARNING: sound cue step_grass: 4 of 4 files missing (res://demo/assets/sound/step_grass_01.ogg, res://demo/assets/sound/step_grass_02.ogg, res://demo/assets/sound/step_grass_03.ogg, res://demo/assets/sound/step_grass_04.ogg); it plays silent until they are staged
     at: push_warning (core/variant/variant_utility.cpp:1033)
     GDScript backtrace (most recent call first):
         [0] _load_row (res://demo/sound/sound_table.gd:153)
         [1] load_streams (res://demo/sound/sound_table.gd:134)
         [2] warm (res://demo/sound/sound_director.gd:121)
         [3] test_a_silent_cue_still_plays_its_voice_and_its_gap (res://test/test_demo_sound.gd:178)
         [4] _run_test (res://test/run_tests.gd:194)
         [5] _run_suite (res://test/run_tests.gd:168)
         [6] _run_suite (/home/runner/work/redwall-rts/redwall-rts/tools/ci_test_shard_runner.gd:30)
         [7] _run_worker (res://test/run_tests.gd:121)
         [8] _initialize (res://test/run_tests.gd:108)
TOLERATED WARNING: sound cue step_dirt: 4 of 4 files missing (res://demo/assets/sound/step_dirt_01.ogg, res://demo/assets/sound/step_dirt_02.ogg, res://demo/assets/sound/step_dirt_03.ogg, res://demo/assets/sound/step_dirt_04.ogg); it plays silent until they are staged
     at: push_warning (core/variant/variant_utility.cpp:1033)
     GDScript backtrace (most recent call first):
         [0] _load_row (res://demo/sound/sound_table.gd:153)
         [1] load_streams (res://demo/sound/sound_table.gd:134)
         [2] warm (res://demo/sound/sound_director.gd:121)
         [3] test_a_silent_cue_still_plays_its_voice_and_its_gap (res://test/test_demo_sound.gd:178)
         [4] _run_test (res://test/run_tests.gd:194)
         [5] _run_suite (res://test/run_tests.gd:168)
         [6] _run_suite (/home/runner/work/redwall-rts/redwall-rts/tools/ci_test_shard_runner.gd:30)
         [7] _run_worker (res://test/run_tests.gd:121)
         [8] _initialize (res://test/run_tests.gd:108)
TOLERATED WARNING: sound cue step_wood: 4 of 4 files missing (res://demo/assets/sound/step_wood_01.wav, res://demo/assets/sound/step_wood_02.wav, res://demo/assets/sound/step_wood_03.wav, res://demo/assets/sound/step_wood_04.wav); it plays silent until they are staged
     at: push_warning (core/variant/variant_utility.cpp:1033)
     GDScript backtrace (most recent call first):
         [0] _load_row (res://demo/sound/sound_table.gd:153)
         [1] load_streams (res://demo/sound/sound_table.gd:134)
         [2] warm (res://demo/sound/sound_director.gd:121)
         [3] test_a_silent_cue_still_plays_its_voice_and_its_gap (res://test/test_demo_sound.gd:178)
         [4] _run_test (res://test/run_tests.gd:194)
         [5] _run_suite (res://test/run_tests.gd:168)
         [6] _run_suite (/home/runner/work/redwall-rts/redwall-rts/tools/ci_test_shard_runner.gd:30)
         [7] _run_worker (res://test/run_tests.gd:121)
         [8] _initialize (res://test/run_tests.gd:108)
TOLERATED WARNING: sound cue step_tunnel: 4 of 4 files missing (res://demo/assets/sound/step_tunnel_01.ogg, res://demo/assets/sound/step_tunnel_02.ogg, res://demo/assets/sound/step_tunnel_03.ogg, res://demo/assets/sound/step_tunnel_04.ogg); it plays silent until they are staged
     at: push_warning (core/variant/variant_utility.cpp:1033)
     GDScript backtrace (most recent call first):
         [0] _load_row (res://demo/sound/sound_table.gd:153)
         [1] load_streams (res://demo/sound/sound_table.gd:134)
         [2] warm (res://demo/sound/sound_director.gd:121)
         [3] test_a_silent_cue_still_plays_its_voice_and_its_gap (res://test/test_demo_sound.gd:178)
         [4] _run_test (res://test/run_tests.gd:194)
         [5] _run_suite (res://test/run_tests.gd:168)
         [6] _run_suite (/home/runner/work/redwall-rts/redwall-rts/tools/ci_test_shard_runner.gd:30)
         [7] _run_worker (res://test/run_tests.gd:121)
         [8] _initialize (res://test/run_tests.gd:108)
TOLERATED WARNING: sound cue step_wade: 3 of 3 files missing (res://demo/assets/sound/step_wade_01.ogg, res://demo/assets/sound/step_wade_02.ogg, res://demo/assets/sound/step_wade_03.ogg); it plays silent until they are staged
     at: push_warning (core/variant/variant_utility.cpp:1033)
     GDScript backtrace (most recent call first):
         [0] _load_row (res://demo/sound/sound_table.gd:153)
         [1] load_streams (res://demo/sound/sound_table.gd:134)
         [2] warm (res://demo/sound/sound_director.gd:121)
         [3] test_a_silent_cue_still_plays_its_voice_and_its_gap (res://test/test_demo_sound.gd:178)
         [4] _run_test (res://test/run_tests.gd:194)
         [5] _run_suite (res://test/run_tests.gd:168)
         [6] _run_suite (/home/runner/work/redwall-rts/redwall-rts/tools/ci_test_shard_runner.gd:30)
         [7] _run_worker (res://test/run_tests.gd:121)
         [8] _initialize (res://test/run_tests.gd:108)
TOLERATED WARNING: sound cue splash: 3 of 3 files missing (res://demo/assets/sound/splash_01.ogg, res://demo/assets/sound/splash_02.ogg, res://demo/assets/sound/splash_03.ogg); it plays silent until they are staged
     at: push_warning (core/variant/variant_utility.cpp:1033)
     GDScript backtrace (most recent call first):
         [0] _load_row (res://demo/sound/sound_table.gd:153)
         [1] load_streams (res://demo/sound/sound_table.gd:134)
         [2] warm (res://demo/sound/sound_director.gd:121)
         [3] test_a_silent_cue_still_plays_its_voice_and_its_gap (res://test/test_demo_sound.gd:178)
         [4] _run_test (res://test/run_tests.gd:194)
         [5] _run_suite (res://test/run_tests.gd:168)
         [6] _run_suite (/home/runner/work/redwall-rts/redwall-rts/tools/ci_test_shard_runner.gd:30)
         [7] _run_worker (res://test/run_tests.gd:121)
         [8] _initialize (res://test/run_tests.gd:108)
TOLERATED WARNING: sound cue water_in: 2 of 2 files missing (res://demo/assets/sound/water_in_01.ogg, res://demo/assets/sound/water_in_02.ogg); it plays silent until they are staged
     at: push_warning (core/variant/variant_utility.cpp:1033)
     GDScript backtrace (most recent call first):
         [0] _load_row (res://demo/sound/sound_table.gd:153)
         [1] load_streams (res://demo/sound/sound_table.gd:134)
         [2] warm (res://demo/sound/sound_director.gd:121)
         [3] test_a_silent_cue_still_plays_its_voice_and_its_gap (res://test/test_demo_sound.gd:178)
         [4] _run_test (res://test/run_tests.gd:194)
         [5] _run_suite (res://test/run_tests.gd:168)
         [6] _run_suite (/home/runner/work/redwall-rts/redwall-rts/tools/ci_test_shard_runner.gd:30)
         [7] _run_worker (res://test/run_tests.gd:121)
         [8] _initialize (res://test/run_tests.gd:108)
TOLERATED WARNING: sound cue water_out: 2 of 2 files missing (res://demo/assets/sound/water_out_01.ogg, res://demo/assets/sound/water_out_02.ogg); it plays silent until they are staged
     at: push_warning (core/variant/variant_utility.cpp:1033)
     GDScript backtrace (most recent call first):
         [0] _load_row (res://demo/sound/sound_table.gd:153)
         [1] load_streams (res://demo/sound/sound_table.gd:134)
         [2] warm (res://demo/sound/sound_director.gd:121)
         [3] test_a_silent_cue_still_plays_its_voice_and_its_gap (res://test/test_demo_sound.gd:178)
         [4] _run_test (res://test/run_tests.gd:194)
         [5] _run_suite (res://test/run_tests.gd:168)
         [6] _run_suite (/home/runner/work/redwall-rts/redwall-rts/tools/ci_test_shard_runner.gd:30)
         [7] _run_worker (res://test/run_tests.gd:121)
         [8] _initialize (res://test/run_tests.gd:108)
TOLERATED WARNING: sound cue amb_stream: 1 of 1 files missing (res://demo/assets/sound/amb_stream_01.ogg); it plays silent until they are staged
     at: push_warning (core/variant/variant_utility.cpp:1033)
     GDScript backtrace (most recent call first):
         [0] _load_row (res://demo/sound/sound_table.gd:153)
         [1] load_streams (res://demo/sound/sound_table.gd:134)
         [2] warm (res://demo/sound/sound_director.gd:121)
         [3] test_a_silent_cue_still_plays_its_voice_and_its_gap (res://test/test_demo_sound.gd:178)
         [4] _run_test (res://test/run_tests.gd:194)
         [5] _run_suite (res://test/run_tests.gd:168)
         [6] _run_suite (/home/runner/work/redwall-rts/redwall-rts/tools/ci_test_shard_runner.gd:30)
         [7] _run_worker (res://test/run_tests.gd:121)
         [8] _initialize (res://test/run_tests.gd:108)
TOLERATED WARNING: sound cue amb_wind: 1 of 1 files missing (res://demo/assets/sound/amb_wind_01.wav); it plays silent until they are staged
     at: push_warning (core/variant/variant_utility.cpp:1033)
     GDScript backtrace (most recent call first):
         [0] _load_row (res://demo/sound/sound_table.gd:153)
         [1] load_streams (res://demo/sound/sound_table.gd:134)
         [2] warm (res://demo/sound/sound_director.gd:121)
         [3] test_a_silent_cue_still_plays_its_voice_and_its_gap (res://test/test_demo_sound.gd:178)
         [4] _run_test (res://test/run_tests.gd:194)
         [5] _run_suite (res://test/run_tests.gd:168)
         [6] _run_suite (/home/runner/work/redwall-rts/redwall-rts/tools/ci_test_shard_runner.gd:30)
         [7] _run_worker (res://test/run_tests.gd:121)
         [8] _initialize (res://test/run_tests.gd:108)
TOLERATED WARNING: sound cue amb_rain: 1 of 1 files missing (res://demo/assets/sound/amb_rain_01.ogg); it plays silent until they are staged
     at: push_warning (core/variant/variant_utility.cpp:1033)
     GDScript backtrace (most recent call first):
         [0] _load_row (res://demo/sound/sound_table.gd:153)
         [1] load_streams (res://demo/sound/sound_table.gd:134)
         [2] warm (res://demo/sound/sound_director.gd:121)
         [3] test_a_silent_cue_still_plays_its_voice_and_its_gap (res://test/test_demo_sound.gd:178)
         [4] _run_test (res://test/run_tests.gd:194)
         [5] _run_suite (res://test/run_tests.gd:168)
         [6] _run_suite (/home/runner/work/redwall-rts/redwall-rts/tools/ci_test_shard_runner.gd:30)
         [7] _run_worker (res://test/run_tests.gd:121)
         [8] _initialize (res://test/run_tests.gd:108)
TOLERATED WARNING: sound cue warning: 1 of 1 files missing (res://demo/assets/sound/warning_01.ogg); it plays silent until they are staged
     at: push_warning (core/variant/variant_utility.cpp:1033)
     GDScript backtrace (most recent call first):
         [0] _load_row (res://demo/sound/sound_table.gd:153)
         [1] load_streams (res://demo/sound/sound_table.gd:134)
         [2] warm (res://demo/sound/sound_director.gd:121)
         [3] test_a_silent_cue_still_plays_its_voice_and_its_gap (res://test/test_demo_sound.gd:178)
         [4] _run_test (res://test/run_tests.gd:194)
         [5] _run_suite (res://test/run_tests.gd:168)
         [6] _run_suite (/home/runner/work/redwall-rts/redwall-rts/tools/ci_test_shard_runner.gd:30)
         [7] _run_worker (res://test/run_tests.gd:121)
         [8] _initialize (res://test/run_tests.gd:108)
TOLERATED WARNING: sound cue complete: 1 of 1 files missing (res://demo/assets/sound/complete_01.ogg); it plays silent until they are staged
     at: push_warning (core/variant/variant_utility.cpp:1033)
     GDScript backtrace (most recent call first):
         [0] _load_row (res://demo/sound/sound_table.gd:153)
         [1] load_streams (res://demo/sound/sound_table.gd:134)
         [2] warm (res://demo/sound/sound_director.gd:121)
         [3] test_a_silent_cue_still_plays_its_voice_and_its_gap (res://test/test_demo_sound.gd:178)
         [4] _run_test (res://test/run_tests.gd:194)
         [5] _run_suite (res://test/run_tests.gd:168)
         [6] _run_suite (/home/runner/work/redwall-rts/redwall-rts/tools/ci_test_shard_runner.gd:30)
         [7] _run_worker (res://test/run_tests.gd:121)
         [8] _initialize (res://test/run_tests.gd:108)
TOLERATED WARNING: sound cue ui_click: 1 of 1 files missing (res://demo/assets/sound/ui_click_01.ogg); it plays silent until they are staged
     at: push_warning (core/variant/variant_utility.cpp:1033)
     GDScript backtrace (most recent call first):
         [0] _load_row (res://demo/sound/sound_table.gd:153)
         [1] load_streams (res://demo/sound/sound_table.gd:134)
         [2] warm (res://demo/sound/sound_director.gd:121)
         [3] test_a_silent_cue_still_plays_its_voice_and_its_gap (res://test/test_demo_sound.gd:178)
         [4] _run_test (res://test/run_tests.gd:194)
         [5] _run_suite (res://test/run_tests.gd:168)
         [6] _run_suite (/home/runner/work/redwall-rts/redwall-rts/tools/ci_test_shard_runner.gd:30)
         [7] _run_worker (res://test/run_tests.gd:121)
         [8] _initialize (res://test/run_tests.gd:108)
  PASS  test_a_silent_cue_still_plays_its_voice_and_its_gap
TOLERATED WARNING: sound cue chop: 5 of 5 files missing (res://demo/assets/sound/chop_01.wav, res://demo/assets/sound/chop_02.ogg, res://demo/assets/sound/chop_03.ogg, res://demo/assets/sound/chop_04.ogg, res://demo/assets/sound/chop_05.ogg); it plays silent until they are staged
     at: push_warning (core/variant/variant_utility.cpp:1033)
     GDScript backtrace (most recent call first):
         [0] _load_row (res://demo/sound/sound_table.gd:153)
         [1] load_streams (res://demo/sound/sound_table.gd:134)
         [2] warm (res://demo/sound/sound_director.gd:121)
         [3] warm (res://demo/demo_prewarm.gd:77)
         [4] test_the_prewarm_loads_the_streams_at_boot (res://test/test_demo_sound.gd:195)
         [5] _run_test (res://test/run_tests.gd:194)
         [6] _run_suite (res://test/run_tests.gd:168)
         [7] _run_suite (/home/runner/work/redwall-rts/redwall-rts/tools/ci_test_shard_runner.gd:30)
         [8] _run_worker (res://test/run_tests.gd:121)
         [9] _initialize (res://test/run_tests.gd:108)
TOLERATED WARNING: sound cue gnaw: 5 of 5 files missing (res://demo/assets/sound/gnaw_01.wav, res://demo/assets/sound/gnaw_02.wav, res://demo/assets/sound/gnaw_03.wav, res://demo/assets/sound/gnaw_04.wav, res://demo/assets/sound/gnaw_05.wav); it plays silent until they are staged
     at: push_warning (core/variant/variant_utility.cpp:1033)
     GDScript backtrace (most recent call first):
         [0] _load_row (res://demo/sound/sound_table.gd:153)
         [1] load_streams (res://demo/sound/sound_table.gd:134)
         [2] warm (res://demo/sound/sound_director.gd:121)
         [3] warm (res://demo/demo_prewarm.gd:77)
         [4] test_the_prewarm_loads_the_streams_at_boot (res://test/test_demo_sound.gd:195)
         [5] _run_test (res://test/run_tests.gd:194)
         [6] _run_suite (res://test/run_tests.gd:168)
         [7] _run_suite (/home/runner/work/redwall-rts/redwall-rts/tools/ci_test_shard_runner.gd:30)
         [8] _run_worker (res://test/run_tests.gd:121)
         [9] _initialize (res://test/run_tests.gd:108)
TOLERATED WARNING: sound cue saw: 3 of 3 files missing (res://demo/assets/sound/saw_01.wav, res://demo/assets/sound/saw_02.wav, res://demo/assets/sound/saw_03.wav); it plays silent until they are staged
     at: push_warning (core/variant/variant_utility.cpp:1033)
     GDScript backtrace (most recent call first):
         [0] _load_row (res://demo/sound/sound_table.gd:153)
         [1] load_streams (res://demo/sound/sound_table.gd:134)
         [2] warm (res://demo/sound/sound_director.gd:121)
         [3] warm (res://demo/demo_prewarm.gd:77)
         [4] test_the_prewarm_loads_the_streams_at_boot (res://test/test_demo_sound.gd:195)
         [5] _run_test (res://test/run_tests.gd:194)
         [6] _run_suite (res://test/run_tests.gd:168)
         [7] _run_suite (/home/runner/work/redwall-rts/redwall-rts/tools/ci_test_shard_runner.gd:30)
         [8] _run_worker (res://test/run_tests.gd:121)
         [9] _initialize (res://test/run_tests.gd:108)
TOLERATED WARNING: sound cue dig: 3 of 3 files missing (res://demo/assets/sound/dig_01.wav, res://demo/assets/sound/dig_02.wav, res://demo/assets/sound/dig_03.wav); it plays silent until they are staged
     at: push_warning (core/variant/variant_utility.cpp:1033)
     GDScript backtrace (most recent call first):
         [0] _load_row (res://demo/sound/sound_table.gd:153)
         [1] load_streams (res://demo/sound/sound_table.gd:134)
         [2] warm (res://demo/sound/sound_director.gd:121)
         [3] warm (res://demo/demo_prewarm.gd:77)
         [4] test_the_prewarm_loads_the_streams_at_boot (res://test/test_demo_sound.gd:195)
         [5] _run_test (res://test/run_tests.gd:194)
         [6] _run_suite (res://test/run_tests.gd:168)
         [7] _run_suite (/home/runner/work/redwall-rts/redwall-rts/tools/ci_test_shard_runner.gd:30)
         [8] _run_worker (res://test/run_tests.gd:121)
         [9] _initialize (res://test/run_tests.gd:108)
TOLERATED WARNING: sound cue tree_fall: 1 of 1 files missing (res://demo/assets/sound/tree_fall_01.wav); it plays silent until they are staged
     at: push_warning (core/variant/variant_utility.cpp:1033)
     GDScript backtrace (most recent call first):
         [0] _load_row (res://demo/sound/sound_table.gd:153)
         [1] load_streams (res://demo/sound/sound_table.gd:134)
         [2] warm (res://demo/sound/sound_director.gd:121)
         [3] warm (res://demo/demo_prewarm.gd:77)
         [4] test_the_prewarm_loads_the_streams_at_boot (res://test/test_demo_sound.gd:195)
         [5] _run_test (res://test/run_tests.gd:194)
         [6] _run_suite (res://test/run_tests.gd:168)
         [7] _run_suite (/home/runner/work/redwall-rts/redwall-rts/tools/ci_test_shard_runner.gd:30)
         [8] _run_worker (res://test/run_tests.gd:121)
         [9] _initialize (res://test/run_tests.gd:108)
TOLERATED WARNING: sound cue pickup: 3 of 3 files missing (res://demo/assets/sound/pickup_01.ogg, res://demo/assets/sound/pickup_02.ogg, res://demo/assets/sound/pickup_03.ogg); it plays silent until they are staged
     at: push_warning (core/variant/variant_utility.cpp:1033)
     GDScript backtrace (most recent call first):
         [0] _load_row (res://demo/sound/sound_table.gd:153)
         [1] load_streams (res://demo/sound/sound_table.gd:134)
         [2] warm (res://demo/sound/sound_director.gd:121)
         [3] warm (res://demo/demo_prewarm.gd:77)
         [4] test_the_prewarm_loads_the_streams_at_boot (res://test/test_demo_sound.gd:195)
         [5] _run_test (res://test/run_tests.gd:194)
         [6] _run_suite (res://test/run_tests.gd:168)
         [7] _run_suite (/home/runner/work/redwall-rts/redwall-rts/tools/ci_test_shard_runner.gd:30)
         [8] _run_worker (res://test/run_tests.gd:121)
         [9] _initialize (res://test/run_tests.gd:108)
TOLERATED WARNING: sound cue drop: 4 of 4 files missing (res://demo/assets/sound/drop_01.ogg, res://demo/assets/sound/drop_02.ogg, res://demo/assets/sound/drop_03.ogg, res://demo/assets/sound/drop_04.ogg); it plays silent until they are staged
     at: push_warning (core/variant/variant_utility.cpp:1033)
     GDScript backtrace (most recent call first):
         [0] _load_row (res://demo/sound/sound_table.gd:153)
         [1] load_streams (res://demo/sound/sound_table.gd:134)
         [2] warm (res://demo/sound/sound_director.gd:121)
         [3] warm (res://demo/demo_prewarm.gd:77)
         [4] test_the_prewarm_loads_the_streams_at_boot (res://test/test_demo_sound.gd:195)
         [5] _run_test (res://test/run_tests.gd:194)
         [6] _run_suite (res://test/run_tests.gd:168)
         [7] _run_suite (/home/runner/work/redwall-rts/redwall-rts/tools/ci_test_shard_runner.gd:30)
         [8] _run_worker (res://test/run_tests.gd:121)
         [9] _initialize (res://test/run_tests.gd:108)
TOLERATED WARNING: sound cue step_grass: 4 of 4 files missing (res://demo/assets/sound/step_grass_01.ogg, res://demo/assets/sound/step_grass_02.ogg, res://demo/assets/sound/step_grass_03.ogg, res://demo/assets/sound/step_grass_04.ogg); it plays silent until they are staged
     at: push_warning (core/variant/variant_utility.cpp:1033)
     GDScript backtrace (most recent call first):
         [0] _load_row (res://demo/sound/sound_table.gd:153)
         [1] load_streams (res://demo/sound/sound_table.gd:134)
         [2] warm (res://demo/sound/sound_director.gd:121)
         [3] warm (res://demo/demo_prewarm.gd:77)
         [4] test_the_prewarm_loads_the_streams_at_boot (res://test/test_demo_sound.gd:195)
         [5] _run_test (res://test/run_tests.gd:194)
         [6] _run_suite (res://test/run_tests.gd:168)
         [7] _run_suite (/home/runner/work/redwall-rts/redwall-rts/tools/ci_test_shard_runner.gd:30)
         [8] _run_worker (res://test/run_tests.gd:121)
         [9] _initialize (res://test/run_tests.gd:108)
TOLERATED WARNING: sound cue step_dirt: 4 of 4 files missing (res://demo/assets/sound/step_dirt_01.ogg, res://demo/assets/sound/step_dirt_02.ogg, res://demo/assets/sound/step_dirt_03.ogg, res://demo/assets/sound/step_dirt_04.ogg); it plays silent until they are staged
     at: push_warning (core/variant/variant_utility.cpp:1033)
     GDScript backtrace (most recent call first):
         [0] _load_row (res://demo/sound/sound_table.gd:153)
         [1] load_streams (res://demo/sound/sound_table.gd:134)
         [2] warm (res://demo/sound/sound_director.gd:121)
         [3] warm (res://demo/demo_prewarm.gd:77)
         [4] test_the_prewarm_loads_the_streams_at_boot (res://test/test_demo_sound.gd:195)
         [5] _run_test (res://test/run_tests.gd:194)
         [6] _run_suite (res://test/run_tests.gd:168)
         [7] _run_suite (/home/runner/work/redwall-rts/redwall-rts/tools/ci_test_shard_runner.gd:30)
         [8] _run_worker (res://test/run_tests.gd:121)
         [9] _initialize (res://test/run_tests.gd:108)
TOLERATED WARNING: sound cue step_wood: 4 of 4 files missing (res://demo/assets/sound/step_wood_01.wav, res://demo/assets/sound/step_wood_02.wav, res://demo/assets/sound/step_wood_03.wav, res://demo/assets/sound/step_wood_04.wav); it plays silent until they are staged
     at: push_warning (core/variant/variant_utility.cpp:1033)
     GDScript backtrace (most recent call first):
         [0] _load_row (res://demo/sound/sound_table.gd:153)
         [1] load_streams (res://demo/sound/sound_table.gd:134)
         [2] warm (res://demo/sound/sound_director.gd:121)
         [3] warm (res://demo/demo_prewarm.gd:77)
         [4] test_the_prewarm_loads_the_streams_at_boot (res://test/test_demo_sound.gd:195)
         [5] _run_test (res://test/run_tests.gd:194)
         [6] _run_suite (res://test/run_tests.gd:168)
         [7] _run_suite (/home/runner/work/redwall-rts/redwall-rts/tools/ci_test_shard_runner.gd:30)
         [8] _run_worker (res://test/run_tests.gd:121)
         [9] _initialize (res://test/run_tests.gd:108)
TOLERATED WARNING: sound cue step_tunnel: 4 of 4 files missing (res://demo/assets/sound/step_tunnel_01.ogg, res://demo/assets/sound/step_tunnel_02.ogg, res://demo/assets/sound/step_tunnel_03.ogg, res://demo/assets/sound/step_tunnel_04.ogg); it plays silent until they are staged
     at: push_warning (core/variant/variant_utility.cpp:1033)
     GDScript backtrace (most recent call first):
         [0] _load_row (res://demo/sound/sound_table.gd:153)
         [1] load_streams (res://demo/sound/sound_table.gd:134)
         [2] warm (res://demo/sound/sound_director.gd:121)
         [3] warm (res://demo/demo_prewarm.gd:77)
         [4] test_the_prewarm_loads_the_streams_at_boot (res://test/test_demo_sound.gd:195)
         [5] _run_test (res://test/run_tests.gd:194)
         [6] _run_suite (res://test/run_tests.gd:168)
         [7] _run_suite (/home/runner/work/redwall-rts/redwall-rts/tools/ci_test_shard_runner.gd:30)
         [8] _run_worker (res://test/run_tests.gd:121)
         [9] _initialize (res://test/run_tests.gd:108)
TOLERATED WARNING: sound cue step_wade: 3 of 3 files missing (res://demo/assets/sound/step_wade_01.ogg, res://demo/assets/sound/step_wade_02.ogg, res://demo/assets/sound/step_wade_03.ogg); it plays silent until they are staged
     at: push_warning (core/variant/variant_utility.cpp:1033)
     GDScript backtrace (most recent call first):
         [0] _load_row (res://demo/sound/sound_table.gd:153)
         [1] load_streams (res://demo/sound/sound_table.gd:134)
         [2] warm (res://demo/sound/sound_director.gd:121)
         [3] warm (res://demo/demo_prewarm.gd:77)
         [4] test_the_prewarm_loads_the_streams_at_boot (res://test/test_demo_sound.gd:195)
         [5] _run_test (res://test/run_tests.gd:194)
         [6] _run_suite (res://test/run_tests.gd:168)
         [7] _run_suite (/home/runner/work/redwall-rts/redwall-rts/tools/ci_test_shard_runner.gd:30)
         [8] _run_worker (res://test/run_tests.gd:121)
         [9] _initialize (res://test/run_tests.gd:108)
TOLERATED WARNING: sound cue splash: 3 of 3 files missing (res://demo/assets/sound/splash_01.ogg, res://demo/assets/sound/splash_02.ogg, res://demo/assets/sound/splash_03.ogg); it plays silent until they are staged
     at: push_warning (core/variant/variant_utility.cpp:1033)
     GDScript backtrace (most recent call first):
         [0] _load_row (res://demo/sound/sound_table.gd:153)
         [1] load_streams (res://demo/sound/sound_table.gd:134)
         [2] warm (res://demo/sound/sound_director.gd:121)
         [3] warm (res://demo/demo_prewarm.gd:77)
         [4] test_the_prewarm_loads_the_streams_at_boot (res://test/test_demo_sound.gd:195)
         [5] _run_test (res://test/run_tests.gd:194)
         [6] _run_suite (res://test/run_tests.gd:168)
         [7] _run_suite (/home/runner/work/redwall-rts/redwall-rts/tools/ci_test_shard_runner.gd:30)
         [8] _run_worker (res://test/run_tests.gd:121)
         [9] _initialize (res://test/run_tests.gd:108)
TOLERATED WARNING: sound cue water_in: 2 of 2 files missing (res://demo/assets/sound/water_in_01.ogg, res://demo/assets/sound/water_in_02.ogg); it plays silent until they are staged
     at: push_warning (core/variant/variant_utility.cpp:1033)
     GDScript backtrace (most recent call first):
         [0] _load_row (res://demo/sound/sound_table.gd:153)
         [1] load_streams (res://demo/sound/sound_table.gd:134)
         [2] warm (res://demo/sound/sound_director.gd:121)
         [3] warm (res://demo/demo_prewarm.gd:77)
         [4] test_the_prewarm_loads_the_streams_at_boot (res://test/test_demo_sound.gd:195)
         [5] _run_test (res://test/run_tests.gd:194)
         [6] _run_suite (res://test/run_tests.gd:168)
         [7] _run_suite (/home/runner/work/redwall-rts/redwall-rts/tools/ci_test_shard_runner.gd:30)
         [8] _run_worker (res://test/run_tests.gd:121)
         [9] _initialize (res://test/run_tests.gd:108)
TOLERATED WARNING: sound cue water_out: 2 of 2 files missing (res://demo/assets/sound/water_out_01.ogg, res://demo/assets/sound/water_out_02.ogg); it plays silent until they are staged
     at: push_warning (core/variant/variant_utility.cpp:1033)
     GDScript backtrace (most recent call first):
         [0] _load_row (res://demo/sound/sound_table.gd:153)
         [1] load_streams (res://demo/sound/sound_table.gd:134)
         [2] warm (res://demo/sound/sound_director.gd:121)
         [3] warm (res://demo/demo_prewarm.gd:77)
         [4] test_the_prewarm_loads_the_streams_at_boot (res://test/test_demo_sound.gd:195)
         [5] _run_test (res://test/run_tests.gd:194)
         [6] _run_suite (res://test/run_tests.gd:168)
         [7] _run_suite (/home/runner/work/redwall-rts/redwall-rts/tools/ci_test_shard_runner.gd:30)
         [8] _run_worker (res://test/run_tests.gd:121)
         [9] _initialize (res://test/run_tests.gd:108)
TOLERATED WARNING: sound cue amb_stream: 1 of 1 files missing (res://demo/assets/sound/amb_stream_01.ogg); it plays silent until they are staged
     at: push_warning (core/variant/variant_utility.cpp:1033)
     GDScript backtrace (most recent call first):
         [0] _load_row (res://demo/sound/sound_table.gd:153)
         [1] load_streams (res://demo/sound/sound_table.gd:134)
         [2] warm (res://demo/sound/sound_director.gd:121)
         [3] warm (res://demo/demo_prewarm.gd:77)
         [4] test_the_prewarm_loads_the_streams_at_boot (res://test/test_demo_sound.gd:195)
         [5] _run_test (res://test/run_tests.gd:194)
         [6] _run_suite (res://test/run_tests.gd:168)
         [7] _run_suite (/home/runner/work/redwall-rts/redwall-rts/tools/ci_test_shard_runner.gd:30)
         [8] _run_worker (res://test/run_tests.gd:121)
         [9] _initialize (res://test/run_tests.gd:108)
TOLERATED WARNING: sound cue amb_wind: 1 of 1 files missing (res://demo/assets/sound/amb_wind_01.wav); it plays silent until they are staged
     at: push_warning (core/variant/variant_utility.cpp:1033)
     GDScript backtrace (most recent call first):
         [0] _load_row (res://demo/sound/sound_table.gd:153)
         [1] load_streams (res://demo/sound/sound_table.gd:134)
         [2] warm (res://demo/sound/sound_director.gd:121)
         [3] warm (res://demo/demo_prewarm.gd:77)
         [4] test_the_prewarm_loads_the_streams_at_boot (res://test/test_demo_sound.gd:195)
         [5] _run_test (res://test/run_tests.gd:194)
         [6] _run_suite (res://test/run_tests.gd:168)
         [7] _run_suite (/home/runner/work/redwall-rts/redwall-rts/tools/ci_test_shard_runner.gd:30)
         [8] _run_worker (res://test/run_tests.gd:121)
         [9] _initialize (res://test/run_tests.gd:108)
TOLERATED WARNING: sound cue amb_rain: 1 of 1 files missing (res://demo/assets/sound/amb_rain_01.ogg); it plays silent until they are staged
     at: push_warning (core/variant/variant_utility.cpp:1033)
     GDScript backtrace (most recent call first):
         [0] _load_row (res://demo/sound/sound_table.gd:153)
         [1] load_streams (res://demo/sound/sound_table.gd:134)
         [2] warm (res://demo/sound/sound_director.gd:121)
         [3] warm (res://demo/demo_prewarm.gd:77)
         [4] test_the_prewarm_loads_the_streams_at_boot (res://test/test_demo_sound.gd:195)
         [5] _run_test (res://test/run_tests.gd:194)
         [6] _run_suite (res://test/run_tests.gd:168)
         [7] _run_suite (/home/runner/work/redwall-rts/redwall-rts/tools/ci_test_shard_runner.gd:30)
         [8] _run_worker (res://test/run_tests.gd:121)
         [9] _initialize (res://test/run_tests.gd:108)
TOLERATED WARNING: sound cue warning: 1 of 1 files missing (res://demo/assets/sound/warning_01.ogg); it plays silent until they are staged
     at: push_warning (core/variant/variant_utility.cpp:1033)
     GDScript backtrace (most recent call first):
         [0] _load_row (res://demo/sound/sound_table.gd:153)
         [1] load_streams (res://demo/sound/sound_table.gd:134)
         [2] warm (res://demo/sound/sound_director.gd:121)
         [3] warm (res://demo/demo_prewarm.gd:77)
         [4] test_the_prewarm_loads_the_streams_at_boot (res://test/test_demo_sound.gd:195)
         [5] _run_test (res://test/run_tests.gd:194)
         [6] _run_suite (res://test/run_tests.gd:168)
         [7] _run_suite (/home/runner/work/redwall-rts/redwall-rts/tools/ci_test_shard_runner.gd:30)
         [8] _run_worker (res://test/run_tests.gd:121)
         [9] _initialize (res://test/run_tests.gd:108)
TOLERATED WARNING: sound cue complete: 1 of 1 files missing (res://demo/assets/sound/complete_01.ogg); it plays silent until they are staged
     at: push_warning (core/variant/variant_utility.cpp:1033)
     GDScript backtrace (most recent call first):
         [0] _load_row (res://demo/sound/sound_table.gd:153)
         [1] load_streams (res://demo/sound/sound_table.gd:134)
         [2] warm (res://demo/sound/sound_director.gd:121)
         [3] warm (res://demo/demo_prewarm.gd:77)
         [4] test_the_prewarm_loads_the_streams_at_boot (res://test/test_demo_sound.gd:195)
         [5] _run_test (res://test/run_tests.gd:194)
         [6] _run_suite (res://test/run_tests.gd:168)
         [7] _run_suite (/home/runner/work/redwall-rts/redwall-rts/tools/ci_test_shard_runner.gd:30)
         [8] _run_worker (res://test/run_tests.gd:121)
         [9] _initialize (res://test/run_tests.gd:108)
TOLERATED WARNING: sound cue ui_click: 1 of 1 files missing (res://demo/assets/sound/ui_click_01.ogg); it plays silent until they are staged
     at: push_warning (core/variant/variant_utility.cpp:1033)
     GDScript backtrace (most recent call first):
         [0] _load_row (res://demo/sound/sound_table.gd:153)
         [1] load_streams (res://demo/sound/sound_table.gd:134)
         [2] warm (res://demo/sound/sound_director.gd:121)
         [3] warm (res://demo/demo_prewarm.gd:77)
         [4] test_the_prewarm_loads_the_streams_at_boot (res://test/test_demo_sound.gd:195)
         [5] _run_test (res://test/run_tests.gd:194)
         [6] _run_suite (res://test/run_tests.gd:168)
         [7] _run_suite (/home/runner/work/redwall-rts/redwall-rts/tools/ci_test_shard_runner.gd:30)
         [8] _run_worker (res://test/run_tests.gd:121)
         [9] _initialize (res://test/run_tests.gd:108)
  PASS  test_the_prewarm_loads_the_streams_at_boot
  PASS  test_the_shipped_table_is_staged_whole_or_not_at_all
  PASS  test_buses_are_made_once_and_route_to_master_and_work
  PASS  test_each_cue_sounds_on_its_bus_and_work_below_goes_through_work_under
  PASS  test_the_gap_folds_a_cue_played_again_too_soon
  PASS  test_a_cue_never_sounds_on_more_voices_than_its_cap
  PASS  test_a_full_bus_refuses_until_a_voice_frees
  PASS  test_ambience_has_no_one_shot_voices
  PASS  test_four_x_raises_more_strikes_but_never_stacks_them
  PASS  test_a_chop_at_four_x_plays_at_pitch_one_its_range_and_its_variants
EXPECTED WARNING: sound cue drone: 1 of 2 files missing (res://demo/assets/sound/no_such.ogg); it plays silent until they are staged
     at: push_warning (core/variant/variant_utility.cpp:1033)
     GDScript backtrace (most recent call first):
         [0] _load_row (res://demo/sound/sound_table.gd:153)
         [1] load_streams (res://demo/sound/sound_table.gd:134)
         [2] test_a_staged_file_loads_without_a_warning_and_loops_as_its_cue_says (res://test/test_demo_sound.gd:447)
         [3] _run_test (res://test/run_tests.gd:194)
         [4] _run_suite (res://test/run_tests.gd:168)
         [5] _run_suite (/home/runner/work/redwall-rts/redwall-rts/tools/ci_test_shard_runner.gd:30)
         [6] _run_worker (res://test/run_tests.gd:121)
         [7] _initialize (res://test/run_tests.gd:108)
  PASS  test_a_staged_file_loads_without_a_warning_and_loops_as_its_cue_says
  PASS  test_a_looping_cue_s_files_are_set_to_loop
  PASS  test_the_listener_turns_with_the_camera
  PASS  test_pausing_ducks_ambience_stops_work_and_keeps_cues
  PASS  test_leaving_the_tree_silences_every_voice_and_loop
  PASS  test_the_clock_drives_the_pause
  PASS  test_the_u_view_switches_the_underground_filter
  PASS  test_a_far_cue_takes_no_voice_and_zooming_out_lifts_the_listener
  PASS  test_settings_move_the_bus_volumes_and_mute
  PASS  test_down_is_refused_at_silence_and_up_at_full
  PASS  test_quiet_focus_sets_the_mix_and_a_custom_volume_unlights_it
  PASS  test_the_settings_outlast_the_menu_as_the_interface_scale_does
  PASS  test_the_menu_settings_page_offers_sound_and_says_it_is_silent
  PASS  test_nothing_sounds_for_what_already_stood_when_watching_began
  PASS  test_a_carry_sounds_pickup_and_drop_once_each
  PASS  test_a_strike_sounds_only_once_the_work_has_begun_and_a_beat_is_done
  PASS  test_a_beaver_fells_by_gnawing
  PASS  test_sawing_strokes_and_grubbing_digs
  PASS  test_a_tree_sounds_its_fall_only_when_it_falls
  PASS  test_a_tree_blown_down_falls_too
  PASS  test_a_dig_sounds_each_cut_and_completes_on_opening
  PASS  test_a_bridge_completes_once_when_it_opens
  PASS  test_a_new_warning_chimes_and_a_note_or_a_folded_repeat_does_not
  PASS  test_a_critical_incident_chimes_once_and_a_warning_or_a_merged_repeat_does_not
  PASS  test_water_edges_and_a_splash_as_swimming_begins
  PASS  test_footsteps_follow_the_ground_underfoot
  PASS  test_wading_steps_splash_softly
  PASS  test_a_work_begun_again_strikes_from_its_first_beat
  PASS  test_a_worn_path_sounds_as_dirt
  PASS  test_ambience_follows_the_weather_and_the_nearest_bank
  PASS  test_the_loops_ease_towards_the_map_s_levels
  PASS  test_ui_buttons_click_once_hooked_and_only_once
CI_SUITE_TIME {"assertions":529,"failures":0,"suite":"test_demo_sound.gd","tests":47,"usec":1747031}
test_demo_water.gd
  PASS  test_isqrt_is_the_exact_floor_root
  PASS  test_mouse_zones_at_each_threshold
  PASS  test_badger_zones_scale_with_its_height
  PASS  test_mouse_anchor_is_the_lookdev_row
  PASS  test_direction_table_is_unit_length
  PASS  test_trapezoid_depth_across_the_stream
  PASS  test_tapered_primitive_interpolates_radius_and_bed
  PASS  test_zone_at_uses_the_mouse
  PASS  test_zone_for_a_body_and_its_refusal
  PASS  test_ground_falls_down_the_bank_to_the_bed
  PASS  test_flow_follows_the_stream_and_stills_on_a_pond
  PASS  test_body_at_and_sample_agree
  PASS  test_empty_map_answers_dry_and_refuses_what_needs_water
  PASS  test_a_single_pond_circle_has_64_shore_samples_on_its_edge
  PASS  test_nearest_bank_scans_the_shore
  PASS  test_overlapping_circles_keep_only_the_union_edge
  PASS  test_a_landing_snaps_to_the_bank_and_sets_back_onto_dry_land
  PASS  test_landing_refusals
  PASS  test_a_landing_that_never_reaches_dry_land_blocks_finalize
  PASS  test_crossings_are_the_ford_then_the_narrowest_spans
  PASS  test_stream_width_at_a_point_is_the_nearest_station
  PASS  test_segment_crosses_water_with_clearance
  PASS  test_segment_distance_cases
  PASS  test_bad_bodies_are_refused_and_add_nothing
  PASS  test_body_capacity_and_finalize_once
  PASS  test_village_has_a_stream_and_a_pond
  PASS  test_nothing_inside_the_play_square_is_wet_or_carved
  PASS  test_no_tunnel_inside_the_square_can_reach_under_water
  PASS  test_the_ford_wades_and_the_run_and_pond_dive
  PASS  test_village_crossings_ford_at_the_road_and_bridge_at_the_neck
  PASS  test_the_weir_reach_meets_the_gdd_width
  PASS  test_every_landing_has_a_waterline_and_dry_flat_land
  PASS  test_water_spots_are_in_bounds_clear_dry_and_apart
  PASS  test_water_spots_are_well_formed
  PASS  test_dressing_obstacles_are_sane_and_reach_the_play_area
  PASS  test_dressing_sizes_use_the_building_envelopes
  PASS  test_woods_blockers_cover_the_water_and_the_dressing
  PASS  test_no_tree_or_log_grows_in_the_water_or_on_its_banks
  PASS  test_species_ids_bind_in_species_key_order
  PASS  test_sites_bind_river_and_lake_species
  PASS  test_create_refuses_bad_inputs
  PASS  test_initial_stocks_quotas_and_slots_are_the_gdd_table
  PASS  test_expected_catch_is_the_gdd_formula
  PASS  test_injury_risk_is_the_gdd_formula
  PASS  test_gear_access_follows_the_gdd_and_the_sites
  PASS  test_invalid_site_species_or_gear_refuse
  PASS  test_salmon_is_shut_until_autumn
  PASS  test_a_cycle_returns_a_species_lot_and_debits_the_stock
  PASS  test_run_and_ford_draw_on_one_river_stock
  PASS  test_effort_slots_queue_further_fishers
  PASS  test_a_cycle_completes_once_and_cancels_cleanly
  PASS  test_demo_time_becomes_whole_ticks_exactly
  PASS  test_midnight_recovers_stock_and_resets_the_quota
  PASS  test_the_trout_spawning_closure_and_its_reopening
  PASS  test_depletion_latches_restocking_and_blocks_new_cycles
  PASS  test_the_ground_is_carved_outside_the_square_only
  PASS  test_water_surfaces_one_per_body_at_the_water_level
  PASS  test_flow_clock_freezes_when_paused_and_wraps_exactly
  PASS  test_the_water_follows_the_demo_clock
  PASS  test_the_water_is_all_on_the_surface_layers
  PASS  test_ground_cover_is_cleared_from_the_water_and_banks
  PASS  test_dressing_is_parented_under_the_village
  PASS  test_merged_lists_and_view_bounds
  PASS  test_the_overlay_has_no_key_of_its_own
  PASS  test_the_fishery_keeps_the_demo_calendar
  PASS  test_a_flood_raises_the_stream_up_its_banks
  PASS  test_overlay_site_text_reads_the_fishery
  PASS  test_depth_rounds_up_so_any_water_is_wet
  PASS  test_at_a_joint_the_upstream_leg_wins_the_tie
  PASS  test_a_width_that_is_not_a_step_multiple_is_measured_to_the_unit
  PASS  test_a_taper_is_judged_by_its_widest_end_for_tunnels
  PASS  test_a_leg_stopping_short_of_a_crossing_does_not_meet
  PASS  test_salmon_gets_its_autumn_restock_on_the_new_day
  PASS  test_a_species_closed_mid_cycle_yields_a_true_zero
  PASS  test_a_preview_shows_a_heavy_gear_must_queue_for_two_slots
  PASS  test_a_spent_quota_refuses_new_cycles
  PASS  test_a_cycle_whose_claim_was_released_elsewhere_cannot_complete
  PASS  test_ten_ids_are_refused_too
  PASS  test_each_lot_carries_its_own_species_item_id
  PASS  test_no_woodland_piece_stands_inside_the_dressing
  PASS  test_the_store_holds_each_stock_under_its_own_item_id
  PASS  test_a_closure_ending_tonight_reopens_tomorrow
  PASS  test_the_overlays_labels_never_overlap_on_screen
  PASS  test_stacked_labels_rise_clear_of_each_other_lowest_first
EXPECTED WARNING: water overlay: site stream_run's landing fisher_shelter: WATER_UNKNOWN_LANDING; not labelled
     at: push_warning (core/variant/variant_utility.cpp:1033)
     GDScript backtrace (most recent call first):
         [0] _add_site_labels (res://demo/water/water_overlay.gd:309)
         [1] set_driver (res://demo/water/water_overlay.gd:128)
         [2] test_a_site_whose_landing_the_map_lacks_is_not_labelled (res://test/test_demo_water.gd:1349)
         [3] _run_test (res://test/run_tests.gd:194)
         [4] _run_suite (res://test/run_tests.gd:168)
         [5] _run_suite (/home/runner/work/redwall-rts/redwall-rts/tools/ci_test_shard_runner.gd:30)
         [6] _run_worker (res://test/run_tests.gd:121)
         [7] _initialize (res://test/run_tests.gd:108)
EXPECTED WARNING: water overlay: site ford's landing ford_west: WATER_UNKNOWN_LANDING; not labelled
     at: push_warning (core/variant/variant_utility.cpp:1033)
     GDScript backtrace (most recent call first):
         [0] _add_site_labels (res://demo/water/water_overlay.gd:309)
         [1] set_driver (res://demo/water/water_overlay.gd:128)
         [2] test_a_site_whose_landing_the_map_lacks_is_not_labelled (res://test/test_demo_water.gd:1349)
         [3] _run_test (res://test/run_tests.gd:194)
         [4] _run_suite (res://test/run_tests.gd:168)
         [5] _run_suite (/home/runner/work/redwall-rts/redwall-rts/tools/ci_test_shard_runner.gd:30)
         [6] _run_worker (res://test/run_tests.gd:121)
         [7] _initialize (res://test/run_tests.gd:108)
EXPECTED WARNING: water overlay: site pond's landing boathouse: WATER_UNKNOWN_LANDING; not labelled
     at: push_warning (core/variant/variant_utility.cpp:1033)
     GDScript backtrace (most recent call first):
         [0] _add_site_labels (res://demo/water/water_overlay.gd:309)
         [1] set_driver (res://demo/water/water_overlay.gd:128)
         [2] test_a_site_whose_landing_the_map_lacks_is_not_labelled (res://test/test_demo_water.gd:1349)
         [3] _run_test (res://test/run_tests.gd:194)
         [4] _run_suite (res://test/run_tests.gd:168)
         [5] _run_suite (/home/runner/work/redwall-rts/redwall-rts/tools/ci_test_shard_runner.gd:30)
         [6] _run_worker (res://test/run_tests.gd:121)
         [7] _initialize (res://test/run_tests.gd:108)
  PASS  test_a_site_whose_landing_the_map_lacks_is_not_labelled
  PASS  test_a_label_is_drawn_from_its_anchor_and_over_the_zone_paint
  PASS  test_a_label_pixel_covers_the_fixed_size_screen_share
  PASS  test_a_label_is_nudged_inside_the_view_only_when_its_landing_is_on_screen
CI_SUITE_TIME {"assertions":1738,"failures":0,"suite":"test_demo_water.gd","tests":88,"usec":40935704}
test_excavation_entry_claim_batch.gd
  PASS  test_entry_union_reserves_actual_unique_corridor_cuts_without_goods_or_void
  PASS  test_prepared_or_already_published_entry_batch_cannot_publish_again
  PASS  test_entry_claims_require_permanent_corridor_purpose
  PASS  test_every_late_entry_request_or_candidate_change_refuses_all_writes
  PASS  test_late_external_history_survives_refusal_without_partial_entry_claims
  PASS  test_same_sized_replacement_lease_refuses_before_allocation_and_at_final_guard
  PASS  test_foreign_actual_arena_with_coincident_token_refuses_before_private_copy
  PASS  test_scope_callback_shape_mutation_and_shifted_domain_refuse_before_copy
  PASS  test_retained_history_and_capacity_cannot_partly_reserve_entry
  PASS  test_sorted_merge_preserves_full_existing_site_references_and_gaps
  PASS  test_entry_image_coexistence_has_explicit_bounded_admission
  PASS  test_only_the_attested_domain_snapshot_can_choose_entry_physical_keys
  PASS  test_only_the_attested_domain_snapshot_can_choose_flat_room_physical_keys
  PASS  test_second_domain_lease_observer_cannot_run_between_private_and_interval_copies
  PASS  test_first_domain_namespace_or_lease_mutation_refuses_before_private_copy
CI_SUITE_TIME {"assertions":500,"failures":0,"suite":"test_excavation_entry_claim_batch.gd","tests":15,"usec":4705789}
test_field_policy.gd
  PASS  test_a_new_policy_carries_the_default_grain_beans_roots_rotation
  PASS  test_a_new_policy_starts_at_rotation_cursor_zero
  PASS  test_a_new_policy_has_auto_rotation_off
  PASS  test_a_new_policy_has_the_seed_reserve_on
  PASS  test_a_new_policy_is_idle_with_no_cycle_and_no_request
  PASS  test_a_mixed_duration_field_advances_its_cursor_exactly_once
  PASS  test_a_resolution_after_the_cycle_closed_cannot_advance_again
  PASS  test_the_same_plot_cannot_resolve_twice_inside_one_cycle
  PASS  test_a_plot_enrolled_after_others_resolved_holds_the_cycle_open
  PASS  test_a_cleared_withered_plot_counts_as_a_resolution
  PASS  test_the_advance_requests_the_next_configured_crop_and_no_other
  PASS  test_a_blocked_rotation_entry_is_not_skipped_and_no_crop_is_substituted
  PASS  test_a_blocked_entry_does_not_advance_onward_to_the_next_configured_crop
  PASS  test_the_cursor_wraps_from_the_third_entry_back_to_the_first
  PASS  test_three_completed_cycles_walk_the_whole_rotation_in_order
  PASS  test_a_future_legal_window_retains_the_request
  PASS  test_a_missed_window_warns_and_waits
  PASS  test_a_missed_window_is_not_replaced_by_a_crop_that_is_in_season
  PASS  test_a_player_edit_resolves_a_missed_window_without_starting_work
  PASS  test_a_rotation_edit_creates_no_request_where_none_stood
  PASS  test_a_cursor_edit_re_evaluates_an_outstanding_request
  PASS  test_opening_the_next_cycle_consumes_the_retained_request
  PASS  test_a_crop_naming_no_legal_day_reports_its_own_blocked_reason
  PASS  test_auto_rotation_off_never_requests_another_sowing_cycle
  PASS  test_ten_completed_cycles_with_auto_off_never_move_the_cursor
  PASS  test_enabling_auto_rotation_does_not_retroactively_advance_a_closed_cycle
  PASS  test_erasing_a_tile_is_not_counted_as_a_harvest
  PASS  test_erasing_every_tile_abandons_the_cycle_and_advances_nothing
  PASS  test_a_resolved_plot_cannot_then_be_withdrawn
  PASS  test_a_withdrawn_plot_cannot_then_be_recorded_as_harvested
  PASS  test_record_plot_resolved_refuses_the_withdrawn_outcome
  PASS  test_erasing_the_last_unresolved_plot_completes_what_genuinely_resolved
  PASS  test_a_cancelled_cycle_records_a_cancellation_not_a_completion
  PASS  test_a_cancellation_needs_an_open_cycle
  PASS  test_cancellation_and_completion_histories_are_kept_separately
  PASS  test_the_seed_reserve_gate_is_unanswerable_while_the_reserve_is_on
  PASS  test_the_seed_reserve_gate_is_not_required_once_the_policy_is_off
  PASS  test_a_seed_release_refuses_while_the_reserve_is_enabled
  PASS  test_a_seed_release_is_unconstrained_once_the_reserve_is_off
  PASS  test_the_seed_requirement_is_the_crops_own_per_tile_cost_times_the_tiles
  PASS  test_the_seed_requirement_follows_a_retained_request_rather_than_the_cursor
  PASS  test_the_seed_requirement_refuses_a_negative_tile_count_and_an_overflow
  PASS  test_the_seed_requirement_refuses_an_unconfigured_rotation_entry
  PASS  test_a_policy_binds_only_to_a_farm_type_zone
  PASS  test_a_policy_refuses_a_reference_that_names_no_live_zone
  PASS  test_a_second_policy_on_the_same_live_zone_refuses
  PASS  test_a_row_whose_zone_was_destroyed_is_reclaimed_by_the_next_zone
  PASS  test_an_enrolment_does_not_survive_its_policy_row_being_rebound
  PASS  test_destroy_policy_retires_the_row_and_its_open_cycle
  PASS  test_field_slot_of_resolves_a_live_policy_and_refuses_anything_else
  PASS  test_the_zone_reference_reader_answers_the_null_reference_for_an_empty_row
  PASS  test_a_second_open_while_a_cycle_runs_refuses
  PASS  test_each_open_cycle_takes_the_next_ordinal
  PASS  test_the_cycle_ordinal_refuses_at_int32s_maximum_rather_than_wrapping
  PASS  test_enrolment_validates_the_plot_and_the_open_cycle
  PASS  test_a_plot_cannot_be_enrolled_in_two_open_cycles
  PASS  test_a_plot_can_be_enrolled_again_in_the_next_cycle
  PASS  test_one_fields_plot_cannot_be_resolved_through_another_field
  PASS  test_a_negative_tick_refuses_on_every_entry_point_that_takes_one
  PASS  test_a_rotation_edit_refuses_a_value_that_names_no_crop
  PASS  test_a_rotation_edit_accepts_the_empty_catalog_id
  PASS  test_a_cursor_edit_refuses_a_position_outside_the_three_entry_list
  PASS  test_every_edit_entry_point_refuses_a_zone_with_no_policy
  PASS  test_the_auto_rotation_and_seed_reserve_flags_round_trip
  PASS  test_every_reader_refuses_a_row_that_holds_no_policy
  PASS  test_a_rotation_entry_reader_refuses_an_index_outside_the_list
  PASS  test_the_plot_field_reader_refuses_rather_than_answering_the_null_row
  PASS  test_the_blocked_reason_table_covers_every_request_state
  PASS  test_the_into_readers_agree_with_their_allocating_forms
  PASS  test_more_into_readers_agree_with_their_allocating_forms
  PASS  test_history_and_gate_into_readers_agree_with_their_allocating_forms
  PASS  test_the_store_allocates_its_columns_once_and_clear_refills_them
  PASS  test_the_store_exposes_the_two_collaborators_it_validates_against
  PASS  test_slot_predicates_bound_both_tables
  PASS  test_two_fields_advance_independently
  PASS  test_the_global_counters_track_every_field
  PASS  test_a_window_starting_tomorrow_is_future_and_not_missed
  PASS  test_the_one_day_window_is_ready_on_its_own_day_and_missed_after_it
  PASS  test_a_crop_reaching_ripe_does_not_resolve_its_own_cycle
  PASS  test_a_crop_withering_and_being_cleared_does_not_resolve_its_own_cycle
  PASS  test_the_explicit_resolution_path_is_the_only_one_that_advances
  PASS  test_record_plot_resolved_still_refuses_every_outcome_that_is_not_a_job_completion
CI_SUITE_TIME {"assertions":1002,"failures":0,"suite":"test_field_policy.gd","tests":82,"usec":4863975}
test_fishing.gd
  PASS  test_capacities_match_the_specification
  PASS  test_habitat_ids_are_the_generated_ascii_order
  PASS  test_species_capacities_transcribe_the_table
  PASS  test_species_recovery_rates_transcribe_the_table
  PASS  test_availability_transcribes_every_season
  PASS  test_species_index_addresses_the_table_by_habitat
  PASS  test_a_river_habitats_species_are_trout_dace_and_salmon_by_key
  PASS  test_the_species_keys_transcribe_the_printed_table
  PASS  test_species_lookups_refuse_out_of_range_arguments
  PASS  test_habitat_capacity_is_the_sum_of_its_three_species
  PASS  test_create_habitat_writes_every_field
  PASS  test_effort_slots_come_from_the_habitat_type
  PASS  test_create_habitat_stocks_start_at_eighty_percent
  PASS  test_stock_rows_are_owner_major
  PASS  test_create_habitat_refuses_bad_fields_without_allocating
  PASS  test_create_habitat_refuses_bad_species_ids
  PASS  test_create_habitat_validates_its_zone_reference
  PASS  test_unbound_habitat_keeps_the_null_zone_reference
  PASS  test_destroy_habitat_releases_its_stocks_and_slot
  PASS  test_destroy_habitat_refuses_while_an_effort_slot_is_reserved
  PASS  test_habitat_capacity_is_thirty_two
  PASS  test_clear_releases_every_directory_slot
  PASS  test_live_habitat_list_is_ascending_and_bounded
  PASS  test_readers_refuse_absent_rows
  PASS  test_effort_slots_reserve_and_release
  PASS  test_occupied_effort_slots_queue_further_fishers
  PASS  test_lake_and_coast_take_six_fishers
  PASS  test_release_without_a_reservation_is_refused
  PASS  test_effort_operations_refuse_a_stale_habitat
  PASS  test_gear_effort_slots_transcribe_the_table
  PASS  test_the_gear_keys_transcribe_the_printed_table
  PASS  test_a_two_slot_cycle_refuses_without_changing_anything
  PASS  test_a_two_slot_cycle_takes_both_slots_together
  PASS  test_a_slot_count_outside_the_habitat_is_refused
  PASS  test_an_effort_claim_needs_a_live_expedition_and_a_live_job
  PASS  test_only_a_coordinator_job_owns_an_effort_claim
  PASS  test_cancelling_one_member_leaves_the_coordinators_claim_alone
  PASS  test_a_stale_release_cannot_free_someone_elses_slots
  PASS  test_a_second_claim_on_one_expedition_is_refused
  PASS  test_a_destroyed_expedition_leaves_a_claim_only_a_purge_can_release
  PASS  test_a_reused_expedition_row_cannot_inherit_the_previous_claim
  PASS  test_effort_claims_need_the_owner_stores
  PASS  test_the_claim_slice_is_one_row_per_expedition
  PASS  test_restored_claims_rebuild_the_aggregate_they_cannot_prove
  PASS  test_a_restored_claim_with_a_stale_owner_is_refused
  PASS  test_an_aggregate_no_claim_accounts_for_is_refused
  PASS  test_a_restored_claim_beyond_the_habitat_capacity_is_refused
  PASS  test_herring_spring_run_replaces_the_multiplier
  PASS  test_mackerel_has_no_winter_harvest
  PASS  test_salmon_is_available_only_in_autumn
  PASS  test_closure_windows_are_exact
  PASS  test_unwindowed_species_are_never_closed_by_the_calendar
  PASS  test_salmon_harvest_run_window
  PASS  test_season_and_day_arguments_are_validated
  PASS  test_stored_closed_bit_and_calendar_window_are_separate
  PASS  test_set_closed_refuses_bad_arguments
  PASS  test_daily_recovery_matches_the_stated_formula
  PASS  test_recovery_is_capped_at_capacity
  PASS  test_salmon_receives_three_hundred_units_at_autumn_day_one
  PASS  test_closed_species_still_recover
  PASS  test_recover_daily_sweeps_every_live_stock
  PASS  test_recover_daily_refuses_an_invalid_calendar
  PASS  test_recovery_refuses_absent_rows_and_bad_days
  PASS  test_daily_quota_is_capacity_over_forty
  PASS  test_quota_is_shared_across_a_habitats_species
  PASS  test_reset_harvested_today_reopens_the_quota
  PASS  test_harvest_refuses_more_than_the_remaining_quota
  PASS  test_floor_defaults_to_thirty_percent_of_capacity
  PASS  test_intensive_policy_lowers_the_floor_to_ten_percent
  PASS  test_only_the_policy_flag_can_lower_the_floor
  PASS  test_intensive_override_is_prohibited_during_a_closure
  PASS  test_habitat_refuge_is_twenty_five_percent_and_applies_to_nothing
  PASS  test_pollution_changes_no_outcome
  PASS  test_depletion_and_recovery_thresholds_are_thirty_and_forty
  PASS  test_falling_below_thirty_percent_starts_restocking
  PASS  test_restocking_persists_through_the_thirty_to_forty_band
  PASS  test_restocking_blocks_harvest_unless_the_policy_is_visible
  PASS  test_update_restocking_refuses_an_absent_row
  PASS  test_abundance_is_clamped_between_two_hundred_and_one_thousand
  PASS  test_catch_formula_matches_the_gdd
  PASS  test_catch_uses_the_seasonal_multiplier
  PASS  test_catch_is_limited_by_the_remaining_quota
  PASS  test_catch_is_limited_by_the_policy_floor
  PASS  test_catch_is_zero_when_closed_or_unavailable
  PASS  test_catch_refuses_a_skill_outside_zero_to_ten
  PASS  test_catch_refuses_an_unusable_base_catch
  PASS  test_catch_refuses_overflow_at_the_maximum_skill
  PASS  test_catch_refuses_an_invalid_calendar
  PASS  test_harvest_debits_the_population_and_the_daily_total
  PASS  test_harvest_refuses_a_closed_species
  PASS  test_harvest_refuses_an_unavailable_species
  PASS  test_harvest_refuses_a_non_positive_amount
  PASS  test_harvest_refuses_stale_and_out_of_range_targets
  PASS  test_harvest_block_code_explains_an_unavailable_species
  PASS  test_the_depletion_latch_does_not_flip_at_exactly_thirty_percent
  PASS  test_the_recovery_latch_does_not_clear_at_exactly_forty_percent
  PASS  test_the_latch_moves_independently_of_the_intensive_override
  PASS  test_the_explicit_intensive_choice_is_never_reset_automatically
  PASS  test_restocking_never_bypasses_a_closure_or_an_unavailable_species
  PASS  test_revalidation_reports_a_lowered_policy_and_refunds_nothing
  PASS  test_revalidation_refuses_without_a_claim_or_a_stock
  PASS  test_the_initial_estuary_is_three_habitats_and_nine_stocks
  PASS  test_the_estuary_is_generated_once_and_never_multiplied
  PASS  test_an_estuary_with_an_unusable_species_set_creates_nothing
  PASS  test_ecology_allocation_beyond_thirty_two_refuses_atomically
  PASS  test_a_designation_binds_to_the_basins_existing_habitat
  PASS  test_designation_history_leaves_the_basins_ecology_identical
  PASS  test_a_basin_with_no_habitat_refuses_rather_than_creating_one
  PASS  test_a_stale_habitat_binding_does_not_answer_for_the_reused_slot
  PASS  test_two_habitats_cannot_claim_one_basin
  PASS  test_a_chained_basin_reference_refuses
  PASS  test_binding_refuses_a_zone_that_is_not_a_fish_basin
  PASS  test_binding_a_habitat_to_its_basin_creates_and_resets_nothing
  PASS  test_designation_binding_needs_the_harvest_zone_store
  PASS  test_the_mussel_event_closure_writes_every_present_mussel_stock
  PASS  test_the_mussel_closure_reopens_when_it_is_written_false
  PASS  test_the_mussel_closure_touches_no_other_species
  PASS  test_a_world_with_no_mussel_stock_writes_none_and_refuses_nothing
  PASS  test_harvest_closed_is_the_union_of_the_calendar_and_the_event
  PASS  test_an_event_closed_mussel_bed_still_recovers
  PASS  test_the_habitat_catalog_is_verifiable_for_the_boundary_preflight
CI_SUITE_TIME {"assertions":1463,"failures":0,"suite":"test_fishing.gd","tests":121,"usec":8555615}
test_ground_piles_move.gd
  PASS  test_a_whole_lot_moves_onto_a_new_pile_keeping_its_identity
  PASS  test_a_lot_too_big_for_the_seed_pile_spills_exactly_to_the_next_tile
  PASS  test_the_mover_refuses_claimed_empty_and_pile_sources
  PASS  test_reserved_mass_on_the_source_refuses_the_move
  PASS  test_the_preflight_sees_claimed_goods_as_released_and_changes_nothing
  PASS  test_a_walk_with_no_room_refuses_and_rolls_back
  PASS  test_drop_seeds_are_the_tile_or_the_footprints_refund_origin
  PASS  test_the_preflight_splits_a_claimed_lot_as_the_move_would
  PASS  test_a_full_component_refuses_no_capacity_and_rolls_back
CI_SUITE_TIME {"assertions":54,"failures":0,"suite":"test_ground_piles_move.gd","tests":9,"usec":612380}
test_haul_carry.gd
  PASS  test_binding_reader_rejects_each_foreign_store_and_null_without_mutation
  PASS  test_a_satchel_is_minted_only_by_its_own_door
  PASS  test_the_satchel_door_refuses_a_bad_owner_or_carry
  PASS  test_a_satchel_cannot_be_placed_and_only_a_satchel_is_destroyed_as_one
  PASS  test_a_saved_satchel_on_a_tile_is_refused_on_restore
  PASS  test_the_audit_refuses_a_satchel_on_a_tile
  PASS  test_the_anchored_cursor_walks_placed_containers_in_slot_order
  PASS  test_loading_mints_a_satchel_at_the_species_carry_limit
  PASS  test_a_partial_load_splits_exactly_and_carries_the_claim
  PASS  test_a_whole_lot_load_moves_the_lot_itself
  PASS  test_a_load_over_the_carry_limit_refuses_and_changes_nothing
  PASS  test_a_hauler_already_carrying_cannot_load_a_second_satchel
  PASS  test_a_load_refuses_without_a_claim_a_hauler_or_with_a_transaction_open
  PASS  test_a_load_refused_inside_its_transaction_leaves_no_satchel
  PASS  test_unloading_into_a_store_delivers_releases_and_destroys_the_satchel
  PASS  test_an_unload_refuses_without_a_satchel_or_a_claim
  PASS  test_a_pair_naming_someone_elses_satchel_is_stale
  PASS  test_an_unload_the_store_cannot_take_refuses_and_keeps_the_goods_carried
  PASS  test_unloading_into_piles_moves_the_goods_and_frees_the_satchel
  PASS  test_a_pile_unload_with_nowhere_to_go_refuses_and_keeps_the_claim
  PASS  test_a_dying_haulers_satchel_drops_onto_a_pile_at_its_tile
  PASS  test_a_drop_inside_a_footprint_starts_at_that_buildings_ring
  PASS  test_a_hauler_carrying_nothing_drops_nothing
  PASS  test_a_reposted_haul_loads_by_re_keying_the_goods_already_carried
  PASS  test_only_the_satchels_owner_hauls_its_goods
  PASS  test_a_drop_with_nowhere_to_go_refuses_and_keeps_every_claim
  PASS  test_dropping_an_empty_satchel_just_destroys_it
  PASS  test_a_second_claim_on_the_satchel_lot_rolls_the_unload_back
  PASS  test_a_pile_unload_reports_the_claimed_quantity
CI_SUITE_TIME {"assertions":173,"failures":0,"suite":"test_haul_carry.gd","tests":29,"usec":1929696}
test_mole_profile_driver.gd
  PASS  test_pause_and_refusal_preserve_exact_visible_frame_and_integer_phase
  PASS  test_productive_interruption_completes_retrace_before_contact_or_job_handoff
  PASS  test_actual_tool_assignment_content_and_pose_drift_never_become_a_successful_recovery
  PASS  test_ground_walk_uses_complete_fade_and_safe_hub_before_switching_to_work
  PASS  test_cold_pins_are_copied_and_retirement_releases_no_actual_owner_state
  PASS  test_swapped_work_tuples_cannot_pair_a_downward_clip_with_the_upper_contact
  PASS  test_compact_version_requires_explicit_protocol_and_preserves_original_refusals
  PASS  test_compact_front_uses_its_own_clip_then_recovers_to_the_single_shared_hub
CI_SUITE_TIME {"assertions":167,"failures":0,"suite":"test_mole_profile_driver.gd","tests":8,"usec":622369}
test_needs.gd
  PASS  test_columns_are_sized_to_the_directory_resident_store
  PASS  test_spawn_writes_the_gdd_start_state
  PASS  test_spawn_refuses_out_of_range_duplicate_and_bad_size
  PASS  test_living_cap_refuses_at_256_rather_than_dropping_silently
  PASS  test_readers_refuse_absent_rows_instead_of_answering_zero
  PASS  test_work_facing_into_readers_match_wrappers_at_their_boundaries
  PASS  test_work_facing_into_reuse_clears_stale_values_and_errors
  PASS  test_work_facing_allocating_wrappers_stay_fresh
  PASS  test_despawn_clears_the_row_and_the_living_count
  PASS  test_every_baseline_decay_rate_matches_the_gdd_table
  PASS  test_published_thresholds_match_the_gdd_table
  PASS  test_sleep_restores_rest_in_bed_and_on_the_floor_with_no_awake_decay
  PASS  test_comfort_restoration_is_net_of_the_hourly_decay
  PASS  test_social_and_purpose_restoration_match_the_control_kernel_net_rates
  PASS  test_meal_events_add_nutrition_and_the_shared_meal_social_bonus
  PASS  test_eating_at_the_cap_discards_the_surplus_without_refunding_it
  PASS  test_size_multipliers_scale_hunger_decay_exactly
  PASS  test_winter_multiplies_hunger_demand_by_1_20_over_the_size_multiplier
  PASS  test_winter_rate_matches_the_verified_winter_control_kernel
  PASS  test_slow_rates_integrate_losslessly_over_tens_of_thousands_of_ticks
  PASS  test_a_full_game_hour_of_any_rate_releases_exactly_that_rate
  PASS  test_the_remainder_survives_a_rate_change_mid_stream
  PASS  test_at_the_upper_bound_only_the_outward_remainder_is_discarded
  PASS  test_at_the_lower_bound_only_the_outward_remainder_is_discarded
  PASS  test_a_whole_point_event_also_discards_the_outward_remainder_at_a_bound
  PASS  test_clamping_never_lets_a_need_leave_its_range
  PASS  test_the_same_tick_count_gives_the_same_result_however_it_is_batched
  PASS  test_tick_accepts_no_elapsed_time_speed_or_delta
  PASS  test_interleaving_residents_does_not_couple_them
  PASS  test_starvation_removes_four_health_per_hour_and_counts_starving_hours
  PASS  test_starvation_kills_at_exactly_twenty_five_hours_and_records_the_death
  PASS  test_tick_all_skips_the_dead_without_refusing_the_sweep
  PASS  test_health_recovers_at_two_per_hour_and_four_in_an_infirmary
  PASS  test_health_recovery_is_gated_on_needs_and_untreated_serious_injury
  PASS  test_health_holds_at_one_hundred_and_discards_its_outward_remainder
  PASS  test_health_events_refuse_a_dead_or_absent_resident
  PASS  test_tier_one_clothing_accumulates_one_exposure_hour_per_hour
  PASS  test_tier_two_clothing_removes_the_baseline_exposure_but_not_a_hard_freeze
  PASS  test_shelter_clears_exposure_at_two_thousand_per_hour_down_to_zero
  PASS  test_exposure_damages_health_only_after_four_hours_and_stops_on_shelter
  PASS  test_proper_clothing_also_stops_exposure_damage
  PASS  test_cold_and_starvation_drains_sum_rather_than_override
  PASS  test_clothing_tier_and_environment_inputs_refuse_unknown_values
  PASS  test_status_follows_the_declared_precedence
  PASS  test_a_treated_resident_becomes_conscious_again_at_sixteen
  PASS  test_the_gdd_7_1_mood_fixture_reproduces_exactly
  PASS  test_a_further_decline_crosses_the_four_thousand_threshold
  PASS  test_mood_is_clamped_and_weighted_exactly_as_written
  PASS  test_mood_and_health_factor_bands_match_the_gdd
  PASS  test_work_factor_multiplies_skill_mood_and_health_before_dividing
  PASS  test_the_fused_work_factor_reader_agrees_with_the_unfused_chain_in_every_band
  PASS  test_the_fused_work_factor_reader_agrees_with_the_chain_on_memory_totals
  PASS  test_the_fused_work_factor_reader_refuses_exactly_as_the_unfused_chain_does
  PASS  test_the_fused_work_factor_reader_computes_the_gdd_factors_from_the_stored_row
  PASS  test_the_fused_work_factor_reader_reads_the_row_as_it_stands_on_every_call
  PASS  test_a_fused_refusal_overwrites_a_previous_success_in_the_same_result
  PASS  test_the_memory_catalog_matches_the_gdd_values_and_durations
  PASS  test_untreated_injury_has_no_hour_duration_and_says_so
  PASS  test_memory_keys_are_in_ascending_ascii_order
  PASS  test_departure_days_is_reserved_and_never_written
  PASS  test_the_remainder_invariant_holds_across_a_long_varied_run
  PASS  test_every_published_rate_is_inside_the_bound_the_integrator_relies_on
  PASS  test_the_integrator_refuses_a_broken_precondition_instead_of_integrating_it
  PASS  test_every_published_rate_row_matches_its_inherited_fixture
  PASS  test_every_hunger_fixture_row_matches_its_positive_decay_magnitude
  PASS  test_every_published_rate_predicts_750_real_ticks_from_a_nonzero_remainder
  PASS  test_every_hunger_fixture_predicts_750_real_ticks_as_a_negative_rate
  PASS  test_a_zero_comfort_rate_retains_its_remainder_across_a_whole_hour
  PASS  test_a_direction_change_carries_the_signed_remainder_into_the_new_rate
  PASS  test_every_context_change_is_visible_on_the_next_read_with_no_cached_lag
  PASS  test_a_rate_reader_refuses_an_invalid_free_or_dead_row_with_a_cleared_value
  PASS  test_a_reused_slot_publishes_the_new_residents_rates_not_the_previous_ones
  PASS  test_repeated_rate_reads_leave_every_observable_state_value_unchanged
  PASS  test_rate_reads_do_not_perturb_the_simulation_a_twin_store_runs_without_them
  PASS  test_a_capped_need_still_publishes_its_outward_rate_and_moves_on_an_inward_one
  PASS  test_a_full_need_still_publishes_its_outward_rate_and_moves_on_an_inward_one
  PASS  test_published_rates_are_per_simulated_hour_and_ignore_tick_cadence
  PASS  test_each_reader_publishes_only_its_own_need_column
  PASS  test_a_successful_zero_is_distinguishable_from_a_refusal_carrying_zero
  PASS  test_the_untreated_injury_drain_is_the_authored_one_and_four_per_hour
  PASS  test_the_untreated_drain_is_released_per_hour_and_not_per_tick
  PASS  test_airless_and_untreated_severity_two_total_one_hundred_and_twenty_nine
  PASS  test_the_same_rate_from_health_fifteen_reaches_zero_in_eighty_eight_intervals
  PASS  test_the_health_remainder_carries_across_a_change_of_rate
  PASS  test_the_airless_input_defaults_to_false_and_round_trips
  PASS  test_an_airless_resident_who_is_fed_and_rested_still_loses_health
  PASS  test_a_dead_resident_refuses_every_later_health_event
CI_SUITE_TIME {"assertions":19197,"failures":0,"suite":"test_needs.gd","tests":87,"usec":2704512}
test_needs_columns.gd
  PASS  test_column_order_matches_the_canonical_registry_artifact
  PASS  test_the_three_order_tables_are_the_same_length
  PASS  test_a_populated_store_round_trips_into_a_different_instance
  PASS  test_a_released_rows_retained_bytes_survive_and_no_reader_can_see_them
  PASS  test_a_dead_but_present_row_survives_as_present_and_not_living
  PASS  test_an_empty_columns_object_matches_a_cleared_store
  PASS  test_a_short_column_refuses_on_shape
  PASS  test_an_out_of_domain_status_byte_refuses
  PASS  test_a_need_above_ten_thousand_refuses
  PASS  test_a_negative_health_refuses_and_the_test_proves_it_is_negative
  PASS  test_a_remainder_at_its_denominator_refuses
  PASS  test_the_remainder_bound_is_exclusive_on_both_ends
  PASS  test_a_negative_starvation_clock_refuses
  PASS  test_an_occupancy_byte_that_is_neither_zero_nor_one_refuses
  PASS  test_a_boolean_input_column_holding_two_refuses
  PASS  test_a_clothing_tier_of_zero_refuses
  PASS  test_a_free_row_carrying_a_live_value_refuses
  PASS  test_a_free_row_that_is_not_dead_refuses
  PASS  test_more_than_the_cap_of_living_residents_refuses
  PASS  test_exactly_the_cap_of_living_residents_is_accepted
  PASS  test_a_column_refusal_does_not_touch_the_operation_channel
  PASS  test_every_published_column_refusal_code_is_prefixed
  PASS  test_a_successful_restore_clears_the_column_refusal
  PASS  test_a_restored_store_integrates_exactly_as_the_source_does
CI_SUITE_TIME {"assertions":149,"failures":0,"suite":"test_needs_columns.gd","tests":24,"usec":153331}
test_progression_interval.gd
  PASS  test_the_real_calendar_places_the_award_instant_where_the_ruling_says
  PASS  test_a_contiguous_54001_observation_window_awards
  PASS  test_starting_one_tick_late_is_one_observation_short
  PASS  test_one_false_predicate_between_midnights_resets_the_streak
  PASS  test_a_false_predicate_at_the_award_instant_is_ineligible
  PASS  test_initialization_and_strict_observation_ordering
  PASS  test_leaving_winter_resets_and_the_last_winter_tick_does_not
  PASS  test_winter_start_begins_a_new_since_and_cannot_inherit_one
  PASS  test_malformed_future_and_prior_winter_since_values_refuse
  PASS  test_year_two_never_awards_even_with_a_complete_window
  PASS  test_a_later_year_still_awards
  PASS  test_the_ticks_adjacent_to_the_award_instant_are_not_the_award_instant
  PASS  test_an_already_awarded_world_is_never_eligible_again
  PASS  test_a_restore_equivalent_scalar_handoff_reproduces_the_streak
  PASS  test_pause_is_represented_by_no_invocation
  PASS  test_the_tick_domain_stops_at_the_calendar_addition_limit
CI_SUITE_TIME {"assertions":170,"failures":0,"suite":"test_progression_interval.gd","tests":16,"usec":148989}
test_reservations_columns.gd
  PASS  test_exact_rows_rebuild_semantic_chains_without_compaction
  PASS  test_all_column_shapes_and_extent_metadata_refuse_atomically
  PASS  test_inactive_residue_and_occupancy_refuse_without_repair
  PASS  test_live_reference_quantity_and_expiry_domains
  PASS  test_source_derived_corruption_is_refused_without_traversal_or_repair
  PASS  test_cross_row_conflicts_and_lot_overflow_refuse_but_job_wide_set_survives
  PASS  test_valid_nonascending_heap_and_stale_tail_are_accepted
  PASS  test_restore_replaces_bad_old_payload_and_preserves_scratch
  PASS  test_exports_and_restores_separate_caller_buffer_aliases
  PASS  test_real_coalesce_renew_expire_and_release_continue_after_restore
  PASS  test_adapter_null_shape_barrier_and_busy_precedence
  PASS  test_every_adapter_block_shape_refuses_without_indexing
  PASS  test_adapter_reduced_context_and_cross_row_asymmetry
  PASS  test_generated_owner_admission_implies_codec_admission
  PASS  test_full_capacity_reverse_keys_and_literal_wire_hashes
  PASS  test_corrupt_live_payload_refuses_before_export
  PASS  test_adapter_overwrites_target_payload_and_preserves_old_buffers
  PASS  test_live_shapes_and_forged_owner_extents_refuse_before_allocation
  PASS  test_in_range_counts_must_match_occupancy_and_restore_recomputes_them
  PASS  test_aliased_restore_inputs_are_installed_independently
  PASS  test_capture_apply_recapture_payload_bytes_are_identical
  PASS  test_foreign_idle_inventory_is_not_world_attestation
CI_SUITE_TIME {"assertions":1384,"failures":0,"suite":"test_reservations_columns.gd","tests":22,"usec":2872890}
test_resident_stage.gd
  PASS  test_no_debt_draws_the_committed_tick_exactly
  PASS  test_part_of_a_tick_is_that_part_of_the_way
  PASS  test_whole_owed_ticks_fall_out_of_the_numerator
  PASS  test_a_numerator_can_never_be_negative
  PASS  test_a_stage_draws_nothing_until_it_is_attached
  PASS  test_attaching_without_a_resident_store_refuses
  PASS  test_attaching_without_a_pose_store_refuses_instead_of_building_one
  PASS  test_attaching_borrows_the_exact_store_it_was_handed
  PASS  test_the_authored_crowd_mesh_is_the_one_that_ships
  PASS  test_a_frame_draws_one_instance_per_living_resident
  PASS  test_a_frame_before_attachment_draws_nothing_and_does_not_refuse
  PASS  test_detaching_stops_drawing_and_drops_the_borrowed_store
  PASS  test_the_fallback_box_is_anchored_on_the_one_metre_mouse
CI_SUITE_TIME {"assertions":110,"failures":0,"suite":"test_resident_stage.gd","tests":13,"usec":758685}
test_resource_nodes.gd
  PASS  test_tile_index_is_z_times_128_plus_x
  PASS  test_tile_index_refuses_a_coordinate_off_the_grid
  PASS  test_tile_index_round_trips_through_its_decoders
  PASS  test_tile_centre_is_the_gdd_simulation_unit_conversion
  PASS  test_tile_decoders_refuse_an_off_grid_index
  PASS  test_a_placed_node_carries_every_gdd_4_2_field
  PASS  test_tile_lookup_finds_the_node_and_leaves_every_other_tile_empty
  PASS  test_a_second_node_on_one_tile_is_refused_not_overwritten
  PASS  test_destroying_a_node_frees_its_tile_for_a_replacement
  PASS  test_create_refuses_every_unstorable_argument_without_allocating
  PASS  test_capacity_refuses_the_four_thousand_ninety_seventh_node
  PASS  test_the_live_list_stays_ascending_across_a_removal
  PASS  test_harvest_cannot_take_more_than_the_node_holds
  PASS  test_partial_harvests_debit_exactly_what_was_asked
  PASS  test_harvest_refuses_a_non_positive_amount_and_a_day_before_day_one
  PASS  test_felling_debits_once_and_dates_the_stump
  PASS  test_a_reference_to_a_destroyed_node_is_refused_after_its_slot_is_reused
  PASS  test_a_reference_of_another_kind_cannot_destroy_a_node
  PASS  test_readers_refuse_a_row_that_holds_no_node
  PASS  test_regrowth_completes_on_the_stated_calendar_day_and_not_before
  PASS  test_a_regrown_node_can_be_felled_again_and_dated_anew
  PASS  test_a_node_with_no_regrow_period_never_returns
  PASS  test_regrowth_refuses_a_node_that_is_not_exhausted
  PASS  test_regrowth_refuses_an_int32_overflow_of_the_maturity_date
  PASS  test_the_into_forms_write_the_same_answers_without_a_new_result
  PASS  test_clear_empties_every_row_and_every_tile
  PASS  test_a_shared_directory_is_not_cleared_by_this_store
  PASS  test_the_module_constants_transcribe_decision_0029
  PASS  test_the_stone_deposit_is_sixteen_full_nodes_on_its_stated_tiles
  PASS  test_the_iron_deposit_is_sixteen_full_nodes_on_its_stated_tiles
  PASS  test_a_deposit_touches_no_tile_outside_its_own_footprint
  PASS  test_deposit_nodes_are_created_in_ascending_tile_index_order
  PASS  test_both_deposits_take_thirty_two_of_the_four_thousand_ninety_six_rows
  PASS  test_a_deposit_replaces_a_tree_on_its_footprint_without_stranding_the_row
  PASS  test_a_deposit_refuses_a_foreign_occupant_and_changes_nothing
  PASS  test_a_deposit_refuses_a_footprint_that_leaves_the_grid
  PASS  test_a_deposit_refuses_every_unstorable_field_without_placing_a_node
  PASS  test_a_deposit_reserves_its_rows_before_it_fells_anything
  PASS  test_each_deposit_node_exhausts_independently_of_the_other_fifteen
CI_SUITE_TIME {"assertions":637,"failures":0,"suite":"test_resource_nodes.gd","tests":39,"usec":2394977}
test_room_connectors.gd
  PASS  test_all_five_families_use_fixed_geometry_without_invented_defaults
  PASS  test_transformed_plan_passes_full_space_geometry_but_requires_owner_qualification
  PASS  test_quarter_turn_rotates_full_boxes_work_contacts_landings_and_cube_minima
  PASS  test_all_rotations_preserve_volume_and_actual_rise
  PASS  test_height_mismatch_is_refusal_never_resizing_or_moving_a_floor
  PASS  test_rotation_mask_and_missing_catalog_identity_fail_closed
  PASS  test_exact_translation_preserves_datum_and_floor_bindings
  PASS  test_int32_minimum_negation_and_translation_overflow_refuse
  PASS  test_level_base_cannot_wrap_before_transform
  PASS  test_landing_and_profile_are_required_catalog_fields
  PASS  test_opening_target_is_bound_per_actual_shell_not_catalog_placeholder
  PASS  test_endpoint_floor_change_or_generation_reuse_is_rejected_after_preview
  PASS  test_split_level_same_level_id_does_not_collapse_two_actual_heights
  PASS  test_internal_post_cannot_be_hidden_inside_a_spiral_landing
  PASS  test_obstacle_on_intervening_level_blocks_entire_connection
  PASS  test_duplicate_cubes_and_malformed_tables_have_no_partial_result
CI_SUITE_TIME {"assertions":179,"failures":0,"suite":"test_room_connectors.gd","tests":16,"usec":24136}
test_room_projects.gd
  PASS  test_registration_pins_type_and_rejects_retyping_or_live_retirement
  PASS  test_registration_rejects_unknown_type_and_mismatched_directory
  PASS  test_revision_preserves_actual_delivered_inputs_and_partial_work
  PASS  test_request_is_distinct_from_acknowledgement_and_idempotent
  PASS  test_live_worker_and_claims_delay_acknowledgement
  PASS  test_unbound_late_job_and_active_phase_cannot_bypass_hold
  PASS  test_player_pause_before_or_during_revision_survives_discard
  PASS  test_existing_pause_is_adopted_at_registration
  PASS  test_player_resume_during_edit_keeps_editing_hold
  PASS  test_stale_revision_token_cannot_release_newer_session
  PASS  test_observable_direct_pause_writers_fail_closed
  PASS  test_jobs_and_project_generations_do_not_transfer_editing_context
  PASS  test_retired_job_with_claims_cannot_be_forgotten
  PASS  test_retirement_never_retypes_same_identity_or_touches_replacement
  PASS  test_pause_is_local_and_wrong_job_owner_refuses_without_mutation
  PASS  test_packed_state_size_matches_existing_owner_capacities
  PASS  test_party_member_cannot_hide_behind_a_coordinator_without_a_worker
  PASS  test_job_outside_reservation_key_space_fails_explicitly
  PASS  test_conflicting_member_requester_cannot_evade_either_project
ROOM-PROJECT-PAUSE-BENCH residents=256 jobs=8192 samples=16 mean_usec=13666 max_usec=13776
  PASS  test_safe_stop_cost_with_256_residents_and_full_job_pool
CI_SUITE_TIME {"assertions":301,"failures":0,"suite":"test_room_projects.gd","tests":20,"usec":2020084}
test_save_replay_checkpoint.gd
  PASS  test_format2_header_has_an_independent_full_byte_vector
  PASS  test_full_checkpoint_domain_round_trips_without_signed_combination
  PASS  test_invalid_tuple_writer_and_semantic_validator_agree_atomically
  PASS  test_reserved_word_is_carried_and_rejected_without_normalization
  PASS  test_hostile_high_u64_and_terminal_low_refuse_without_copying
  PASS  test_preamble_precedence_distinguishes_old_future_foreign_and_truncated
  PASS  test_old_header_metadata_has_no_public_writer
  PASS  test_binding_mismatch_is_visible_even_when_body_digest_is_unchanged
  PASS  test_binding_rejects_invalid_inputs_before_reporting_mismatch
  PASS  test_actual_exhausted_queue_binds_to_decoded_header_in_both_states
CI_SUITE_TIME {"assertions":279,"failures":0,"suite":"test_save_replay_checkpoint.gd","tests":10,"usec":117452}
test_save_resource_claims_reconcile.gd
  PASS  test_empty_and_live_inputs_are_read_only_and_report_exact_counts
  PASS  test_all_component_extent_gates_precede_directory_validation
  PASS  test_null_participants_and_subrecords_refuse_without_work
  PASS  test_claim_shape_is_checked_before_directory_and_codec_indexing
  PASS  test_unrelated_directory_failure_is_forwarded_unchanged
  PASS  test_cursor_bounds_and_live_id_order_are_checked
  PASS  test_reverse_directory_walk_requires_each_component_kind
  PASS  test_component_self_identity_and_occupancy_refuse_in_their_namespace
  PASS  test_dead_expedition_is_preserved_and_never_reconstructed_from_reused_row
  PASS  test_same_slot_new_generation_stays_stale_and_both_dead_jobs_are_counted
  PASS  test_claim_owner_future_generation_and_live_wrong_kind_are_distinct
  PASS  test_fully_live_owner_must_map_to_the_claim_row
  PASS  test_forage_live_tick_and_pid_provenance_refuse_without_repair
  PASS  test_dead_forage_job_retains_tick_but_requires_historical_pid_domain
  PASS  test_missing_habitat_and_mismatched_designation_basin_refuse
  PASS  test_only_the_claimed_patch_is_required_and_its_missing_pair_refuses
  PASS  test_shared_designation_and_basin_counts_the_amount_once
  PASS  test_every_zone_total_is_checked_even_without_any_claim
  PASS  test_missing_saved_totals_and_physical_fishing_capacity_are_not_repaired
  PASS  test_codec_quantity_refusal_precedes_stronger_checker_bound
  PASS  test_claim_free_zone_can_retain_a_stale_basin_reference
  PASS  test_inactive_habitat_retains_its_old_effort_capacity
  PASS  test_synthetic_checked_arithmetic_guard_is_not_a_public_overflow_witness
  PASS  test_terminal_retired_generation_is_a_legitimate_stale_owner
  PASS  test_signed_i32_maximum_persistent_id_is_admitted_at_exhausted_cursor
  PASS  test_full_forage_quantity_bound_is_a_structural_sum_exercise
  PASS  test_full_fishing_quantity_bound_compares_capacity_after_the_complete_claim_scan
  PASS  test_forage_live_job_must_map_to_its_claim_row_before_provenance
  PASS  test_unclaimed_present_patch_requires_its_zone_and_exact_mirror
  PASS  test_inactive_job_projection_has_exact_blank_tick_and_reference
  PASS  test_present_zone_basin_pair_must_have_a_structural_slot_and_generation
  PASS  test_codec_preconditions_refuse_every_claim_slot_and_patch_kind_before_indexing
CI_SUITE_TIME {"assertions":672,"failures":0,"suite":"test_save_resource_claims_reconcile.gd","tests":32,"usec":25279315}
test_save_section_rng.gd
  PASS  test_section_identity_and_layout_match_arch_save_002
  PASS  test_encoded_payload_is_exactly_the_fixed_length
  PASS  test_payload_bytes_are_little_endian_at_the_documented_offsets
  PASS  test_every_stream_restores_its_exact_state_and_draw_count
  PASS  test_a_restored_stream_continues_the_original_sequence
  PASS  test_a_stream_resumed_one_draw_early_diverges_which_is_why_the_count_is_saved
  PASS  test_the_draw_count_alone_can_differ_and_is_still_caught
  PASS  test_a_zero_state_is_refused_on_decode
  PASS  test_every_single_stream_slot_rejects_a_zero_state_individually
  PASS  test_an_all_zero_payload_is_refused_rather_than_read_as_an_unseeded_world
  PASS  test_capture_refuses_an_unseeded_store_instead_of_writing_nine_zeros
  PASS  test_the_high_u32_boundary_round_trips_through_the_signed_storage_form
  PASS  test_states_across_the_sign_boundary_survive_encode_and_decode
  PASS  test_a_high_bit_state_applies_to_a_real_store_and_keeps_drawing
  PASS  test_a_truncated_section_refuses_and_leaves_the_record_untouched
  PASS  test_a_full_length_but_invalid_section_also_leaves_the_record_untouched
  PASS  test_a_refused_negative_draw_count_also_leaves_the_record_untouched
  PASS  test_the_exact_length_boundary_accepts_108_and_refuses_107
  PASS  test_a_valid_section_decodes_at_a_nonzero_offset_and_refuses_one_past_it
  PASS  test_the_extent_gate_is_exact_at_the_last_legal_offset
  PASS  test_the_extent_gate_refuses_before_the_reader_is_built
  PASS  test_a_negative_offset_refuses_by_name
  PASS  test_a_negative_draw_count_is_refused
  PASS  test_the_largest_representable_draw_count_is_accepted
  PASS  test_the_tombstone_round_trips_untouched
  PASS  test_a_drawn_tombstone_is_refused_without_needing_the_seed
  PASS  test_a_tombstone_from_a_different_world_seed_is_refused_at_apply
  PASS  test_the_rollback_restores_streams_that_had_already_been_written
  PASS  test_tombstone_refusal_accepts_the_matching_seed_and_rejects_its_neighbours
  PASS  test_apply_refuses_an_unseeded_store_rather_than_seeding_one_itself
  PASS  test_a_refused_apply_leaves_every_stream_byte_identical
  PASS  test_apply_refuses_an_invalid_record_before_touching_the_store
  PASS  test_the_canonical_contribution_is_the_whole_payload
  PASS  test_changing_any_rng_field_changes_the_canonical_contribution
  PASS  test_the_module_declares_no_float_path
CI_SUITE_TIME {"assertions":176,"failures":0,"suite":"test_save_section_rng.gd","tests":35,"usec":41029}
test_settlement_demolition_admit.gd
  PASS  test_a_building_store_anchored_at_its_origin_agrees_with_both_scans
  PASS  test_an_unplaced_building_store_refuses_as_off_the_footprint
  PASS  test_a_building_store_anchored_elsewhere_refuses_as_off_the_footprint
  PASS  test_a_projects_material_handle_off_the_footprint_refuses
  PASS  test_a_container_on_the_footprint_owned_by_somebody_else_refuses
  PASS  test_an_anchored_ownerless_container_refuses
  PASS  test_an_unanchored_ownerless_container_sits_outside_every_footprint
  PASS  test_a_satchel_is_excluded_and_its_goods_do_not_block
  PASS  test_a_ground_pile_on_the_footprint_is_counted_as_stranded_goods
  PASS  test_a_pile_outside_the_footprint_survives_and_does_not_block
  PASS  test_admit_reserves_the_return_in_a_surviving_store_and_publishes_the_project
  PASS  test_a_second_request_is_refused_as_already_in_progress
  PASS  test_admit_snapshots_a_tier_two_hall_and_reserves_for_both_packages
  PASS  test_the_lowest_eligible_store_is_chosen_and_ineligible_ones_skipped
  PASS  test_with_no_store_the_return_falls_back_to_ground_piles
  PASS  test_an_open_inventory_transaction_refuses_before_any_write
  PASS  test_an_admit_refusal_is_byte_identical_across_every_store
  PASS  test_a_preview_publishes_nothing_even_when_it_passes
  PASS  test_a_full_construction_kind_refuses_in_admit_before_any_write
  PASS  test_reset_forgets_admissions_and_restarts_revisions
  PASS  test_an_unplaced_store_refuses_even_for_a_footprint_on_the_last_tile
  PASS  test_an_open_transaction_refuses_before_the_pile_fallback_is_tried
  PASS  test_cancel_releases_the_reservation_and_a_readmission_reserves_it_once
  PASS  test_a_project_retired_without_releasing_its_claim_blocks_readmission
  PASS  test_cancel_refuses_without_an_admitted_demolition_and_writes_nothing
  PASS  test_cancel_refuses_a_refunding_project_and_a_missing_claim
  PASS  test_a_second_buildings_preview_does_not_inherit_the_first_footprint
  PASS  test_cancel_inside_a_callers_transaction_refuses_and_writes_nothing
  PASS  test_a_stranded_claim_is_released_through_its_own_door
  PASS  test_a_stranded_release_refuses_when_the_store_no_longer_holds_the_claim
CI_SUITE_TIME {"assertions":266,"failures":0,"suite":"test_settlement_demolition_admit.gd","tests":30,"usec":11911412}
test_starter_structures.gd
  PASS  test_plan_row_counts_match_the_contract
  PASS  test_null_refusals
  PASS  test_fresh_default_plan_is_all_sentinel_and_refuses
  PASS  test_shape_gates
  PASS  test_building_layout_gates
  PASS  test_room_layout_gates
  PASS  test_furniture_layout_gates
  PASS  test_edge_layout_gates
  PASS  test_exit_interior_gates
  PASS  test_exit_wall_gates
  PASS  test_exit_exterior_gates
  PASS  test_walk_disconnected_gates
  PASS  test_access_candidate_gates
  PASS  test_authored_layout_final_gate_header_drift
  PASS  test_authored_layout_final_gate_stockpile_relocated_to_legal_disjoint_footprint
  PASS  test_plan_refusal_accepts_canonical_plan
  PASS  test_exact_building_contents
  PASS  test_exact_room_contents
  PASS  test_exact_furniture_contents
  PASS  test_exact_edge_contents
  PASS  test_exact_exit_and_header_contents
  PASS  test_room_ordinals_are_not_the_protected_room_type_ids
  PASS  test_pantry_shelves_reach_common_room
  PASS  test_seats_have_a_vertical_walk_neighbor
  PASS  test_repeated_preparation_is_byte_identical
  PASS  test_refusal_after_success_preserves_prior_output
  PASS  test_source_metadata_refusal_is_stable_across_calls
  PASS  test_edge_blocks_helper_distinguishes_partition_from_door
  PASS  test_neighbour_candidates_helper_rejects_across_a_blocked_partition
  PASS  test_extreme_and_out_of_range_values_refuse_without_crashing
  PASS  test_frozen_layout_reference_diagram_matches_the_oracle
  PASS  test_frozen_layout_reference_furniture_matches_the_oracle
  PASS  test_frozen_layout_reference_edges_match_the_oracle
  PASS  test_frozen_layout_reference_exit_and_walk_tiles_match_the_oracle
  PASS  test_same_producer_two_outputs_do_not_alias
CI_SUITE_TIME {"assertions":3674,"failures":0,"suite":"test_starter_structures.gd","tests":35,"usec":259547}
test_tail_rig.gd
  PASS  test_a_skeleton_outside_the_tree_is_refused
  PASS  test_a_scaled_skeleton_is_refused
  PASS  test_a_unit_scale_chain_passes
  PASS  test_a_skeleton_without_a_tail_is_refused
  PASS  test_the_asset_metadata_is_read_from_the_bones
  PASS  test_a_chain_without_its_metadata_reads_as_nothing
  PASS  test_bind_chain_refuses_the_wrong_number_of_clearances
  PASS  test_the_tail_ends_at_or_above_its_clearance
  PASS  test_the_lift_is_the_least_that_clears
  PASS  test_a_raised_floor_raises_the_tail_with_it
  PASS  test_the_constraint_keeps_the_base_and_every_segments_length
  PASS  test_a_clear_tail_is_left_exactly_as_it_was
  PASS  test_point_clearances_take_the_thicker_neighbour
  PASS  test_is_clear_needs_every_point_past_the_base
  PASS  test_lift_segment_lands_on_the_floor_and_keeps_its_length
  PASS  test_a_barely_touching_segment_keeps_its_own_heading
  PASS  test_a_flat_tail_is_read_as_flat_and_a_round_one_is_not
  PASS  test_the_flat_roll_levels_every_bone_with_the_hips
  PASS  test_the_flat_roll_moves_no_joint
  PASS  test_the_flat_roll_stays_level_under_a_rolled_hips
  PASS  test_level_breadth_drops_the_tilt_and_keeps_a_vertical_one
  PASS  test_roll_to_is_signed_about_the_axis_and_zero_along_it
  PASS  test_a_chain_without_its_bones_refuses_the_flat_roll
  PASS  test_a_tail_in_water_is_pulled_back_not_down
CI_SUITE_TIME {"assertions":93,"failures":0,"suite":"test_tail_rig.gd","tests":24,"usec":13484}
test_ui_resident_card.gd
  PASS  test_the_percent_is_the_players_value_and_never_the_basis_points
  PASS  test_the_percent_keeps_up_to_two_decimals_and_trims_trailing_zeroes
  PASS  test_the_percent_conversion_is_exact_across_the_whole_scale
  PASS  test_a_percent_string_never_carries_the_basis_point_scale
  PASS  test_the_rate_is_signed_percentage_points_per_simulated_hour
  PASS  test_the_rate_rounds_to_nearest_with_ties_away_from_zero
  PASS  test_the_visible_label_is_fullness_and_the_number_is_not_inverted
  PASS  test_the_underlying_hunger_field_is_named_in_accessible_detail
  PASS  test_five_independent_rows_are_composed_with_their_own_labels
  PASS  test_each_row_carries_its_own_value_rather_than_one_shared_figure
  PASS  test_the_published_hunger_rate_reaches_the_row_with_its_size_multiplier
  PASS  test_the_winter_multiplier_reaches_the_rate_the_player_reads
  PASS  test_all_five_rows_now_carry_a_published_rate
  PASS  test_the_unavailable_state_is_kept_for_a_genuinely_failed_binding
  PASS  test_the_fullness_row_does_have_a_published_rate
  PASS  test_a_slot_with_no_resident_refuses_by_name
  PASS  test_absent_stores_refuse_by_name
  PASS  test_a_successful_fill_clears_the_refusal
  PASS  test_the_heading_is_the_name_alone_and_the_species_is_its_own_line
  PASS  test_an_unnamed_resident_is_named_as_unnamed_rather_than_left_blank
  PASS  test_health_stays_on_its_own_0_to_100_scale
  PASS  test_the_activity_line_uses_the_published_status_and_job_state
  PASS  test_a_spawned_idle_agent_reads_as_idle_rather_than_absent
  PASS  test_the_skill_row_carries_level_exact_xp_and_the_next_threshold
  PASS  test_a_max_level_skill_says_max_level_rather_than_an_invented_threshold
  PASS  test_an_unreadable_health_says_unavailable_rather_than_zero_of_one_hundred
  PASS  test_an_unreadable_skill_says_unavailable_rather_than_level_zero
  PASS  test_an_unreadable_species_says_unavailable_rather_than_naming_one
  PASS  test_the_four_delivered_species_resolve_to_real_medallion_sources
  PASS  test_a_species_with_no_delivered_medallion_gets_none_rather_than_a_mouse
  PASS  test_the_24_px_diagnostic_size_is_not_offered_as_a_portrait_size
  PASS  test_the_production_size_follows_the_detail_column_width
  PASS  test_the_medallion_is_described_as_generic_and_never_as_a_portrait
  PASS  test_every_medallion_path_is_the_art_registrys_own
CI_SUITE_TIME {"assertions":144,"failures":0,"suite":"test_ui_resident_card.gd","tests":34,"usec":1898056}
test_underground_actor_content.gd
  PASS  test_streamed_source_is_immutable_and_has_explicit_full_peak_admission
  PASS  test_refused_corrupt_candidate_keeps_no_partial_palette_or_identity
  PASS  test_hash_and_last_byte_of_presentation_reserve_are_mandatory
  PASS  test_fixed_presentation_phase_preserves_loop_clamp_and_ping_pong_source_modes
  PASS  test_short_final_source_interval_reaches_the_actual_finite_endpoint
  PASS  test_provenance_readers_preserve_failed_outputs_and_do_not_bless_unbound_profiles
  PASS  test_borrowed_mesh_geometry_and_skin_must_match_every_source_byte
  PASS  test_actor_configuration_refuses_before_native_allocation_when_source_or_tree_is_missing
CI_SUITE_TIME {"assertions":109,"failures":0,"suite":"test_underground_actor_content.gd","tests":8,"usec":5492}
test_underground_budget.gd
  PASS  test_joint_pack_keeps_actual_known_buffers_and_positive_remaining_budget
  PASS  test_invalid_and_oversized_requests_leave_the_shared_arena_unchanged
  PASS  test_two_consumers_cannot_each_claim_the_full_cold_budget
  PASS  test_nested_companions_charge_their_full_simultaneous_peak
  PASS  test_stale_or_unissued_token_cannot_grow_or_release_the_next_operation
  PASS  test_exhausted_token_space_refuses_without_wrapping
CI_SUITE_TIME {"assertions":58,"failures":0,"suite":"test_underground_budget.gd","tests":6,"usec":3414}
test_underground_connector_placements.gd
  PASS  test_actual_source_registration_copies_full_identity_without_building_geometry
  PASS  test_frame_reader_copies_exact_existing_tuple_without_observers_or_aliases
  PASS  test_frame_reader_preserves_output_for_shape_generation_and_actual_source_drift
  PASS  test_stream_capture_restore_is_bounded_and_authority_is_mandatory
  PASS  test_registration_replaced_lease_preserves_new_lease_and_empty_state
  PASS  test_retirement_requires_cleanup_and_reuses_full_generation
  PASS  test_actual_paid_completion_commits_all_companions_once_without_postpayment_observers
  PASS  test_final_observer_replaced_budget_refuses_before_funding_and_preserves_replacement
  PASS  test_final_actual_building_drift_refuses_without_spending_then_retries
  PASS  test_prepaid_observer_cannot_use_generic_or_static_paid_publication
  PASS  test_postpayment_tail_uses_no_source_endpoint_or_binding_observers
  PASS  test_final_reentry_poison_preserves_payment_and_permits_new_retry
  PASS  test_constructor_and_opening_exhaustion_refuse_without_growing_any_bank
  PASS  test_streamed_hostile_transform_and_generation_preserve_live_state
  PASS  test_refund_clears_only_project_and_never_installs_or_erases_geometry
  PASS  test_mutated_installation_packet_cannot_substitute_original_project_or_token
  PASS  test_replaced_location_candidate_survives_failed_original_publication
  PASS  test_source_lease_replacement_precedes_location_bank_copy
  PASS  test_source_lease_replacement_precedes_route_bank_copy
  PASS  test_final_leaf_precharges_capacity_scans_before_reading_sources
  PASS  test_admit_requires_revision_for_both_identity_attach_and_terminal_transition
  PASS  test_all_mutations_preserve_active_order_terminal_revision_reservation
  PASS  test_streamed_active_exhaustion_and_false_active_count_preserve_live_project
  PASS  test_refund_preflight_refuses_exhaustion_before_actual_inventory_settlement
  PASS  test_foreign_actual_catalog_group_recipe_cannot_bind_existing_route_provider
  PASS  test_late_route_catalog_rewire_refuses_before_payment_and_geometry
  PASS  test_completion_never_normalizes_an_unrelated_stale_placement_source
  PASS  test_completion_never_normalizes_an_unrelated_stale_opening_source
  PASS  test_completion_preserves_retained_section_level_before_payment
CI_SUITE_TIME {"assertions":4004,"failures":0,"suite":"test_underground_connector_placements.gd","tests":29,"usec":19160766}
test_underground_entry_placements.gd
  PASS  test_actual_confirmation_publishes_future_placement_and_refreshes_old_paths
  PASS  test_unbound_or_refused_companion_preserves_all_live_owners
  PASS  test_first_frontier_bind_is_exact_and_remains_bound_after_retirement_to_empty
  PASS  test_late_frontier_tuple_and_original_request_changes_refuse_atomically
  PASS  test_first_frontier_pin_cannot_change_both_observed_request_images
  PASS  test_original_lease_replacement_after_sites_never_publishes_or_releases_replacement
  PASS  test_final_candidate_and_prepared_payload_changes_refuse_before_identity
  PASS  test_original_context_reentry_and_early_publication_cannot_commit
  PASS  test_second_admission_preserves_prior_self_target_and_rejects_other_source_tuple
  PASS  test_late_actual_retained_room_drift_never_gets_refreshed_into_a_new_placement
  PASS  test_missing_refresh_stale_anchor_and_mixed_opening_tuple_refuse_without_identity
  PASS  test_request_growth_in_last_location_scope_refuses_before_actual_bank_copy
  PASS  test_replaced_location_candidate_cannot_be_inherited_or_destroyed_by_original_cleanup
CI_SUITE_TIME {"assertions":466,"failures":0,"suite":"test_underground_entry_placements.gd","tests":13,"usec":9658615}
test_underground_layout_sources.gd
  PASS  test_unbound_or_expired_coordinator_cannot_manufacture_a_scope_or_success
  PASS  test_exact_source_scope_rejects_copied_tokens_foreign_rooms_and_wrong_peak
  PASS  test_read_uses_actual_room_type_and_generation_in_the_current_finite_scope
  PASS  test_source_keeps_actual_coordinator_alive_only_until_synchronous_release
  PASS  test_hover_preview_does_not_hold_the_shared_arena_after_consumption
  PASS  test_abandoned_guide_is_diagnosed_and_released_at_the_input_boundary
  PASS  test_layout_mode_accepts_all_real_pairs_and_individual_mode_uses_the_same_owner
  PASS  test_late_physical_refusal_retains_drafts_and_can_retry_without_partial_world_rows
CI_SUITE_TIME {"assertions":340,"failures":0,"suite":"test_underground_layout_sources.gd","tests":8,"usec":725652}
test_underground_room_admission.gd
  PASS  test_clear_actual_dirt_reaches_missing_entry_without_publishing_a_free_room
  PASS  test_oversize_and_busy_refuse_before_domain_plan_or_snapshot_copy
  PASS  test_level_label_height_and_floor_must_match_actual_catalog
  PASS  test_full_paid_cube_rejects_wall_outside_fine_shape_and_other_depth_stays_separate
  PASS  test_existing_room_claims_and_actual_pending_items_remain_blockers
  PASS  test_protected_above_and_required_footing_use_actual_xyz_bands
  PASS  test_hole_occupancy_is_not_filled_by_metadata_or_room_bounds
  PASS  test_retained_physical_history_cannot_be_reclassified_as_virgin_by_a_new_plan
  PASS  test_snapshot_callback_lease_replacement_clears_owned_scratch_and_preserves_foreign_lease
  PASS  test_source_callback_reentry_refuses_before_any_nested_cold_acquisition
  PASS  test_unscoped_direct_begin_and_refused_rebinding_have_no_permission
  PASS  test_callback_grown_input_refuses_before_any_owned_copy
  PASS  test_snapshot_callback_cannot_change_the_exact_copied_shape
  PASS  test_equal_numbered_foreign_level_binding_and_expired_catalog_refuse
  PASS  test_actual_sites_survives_callback_outer_release_until_scope_cleanup
  PASS  test_full_existing_cell_ceiling_reaches_entry_refusal_under_one_actual_lease
  PASS  test_fine_duplicate_cells_fit_exact_remaining_physical_history_capacity
  PASS  test_actual_history_capacity_refuses_complete_room_without_partial_claims
  PASS  test_final_source_callback_cannot_add_history_after_the_unique_cut_survey
  PASS  test_long_run_is_exactly_windowed_instead_of_inheriting_local_terrain_capacity
  PASS  test_large_hole_keeps_retained_occupancy_outside_exact_room_runs
  PASS  test_window_callback_losing_lease_stops_before_next_read_and_preserves_replacement
  PASS  test_wide_and_deep_cell_checks_all_actual_eight_by_eight_tile_windows
  PASS  test_later_terrain_window_observes_actual_river_instead_of_accepting_first_dry_window
CI_SUITE_TIME {"assertions":821,"failures":0,"suite":"test_underground_room_admission.gd","tests":24,"usec":19403732}
test_underground_routes.gd
  PASS  test_directed_integer_paths_do_not_infer_reverse_or_vertical_connections
  PASS  test_graph_retains_actual_locations_until_exact_live_edge_retirement
  PASS  test_refused_and_mutated_callbacks_never_publish_a_partial_graph
  PASS  test_actor_admission_reads_exact_containment_and_retains_real_endpoint
  PASS  test_actor_admission_never_teleports_or_accepts_an_unqualified_location
  PASS  test_actor_callback_mutation_reentry_and_pose_drift_are_atomic
  PASS  test_readable_actor_is_separate_from_changed_profile_permission
  PASS  test_reused_resident_generation_cannot_inherit_old_actor_record
  PASS  test_real_actor_queues_exact_generations_and_cancel_releases_only_future_edges
  PASS  test_actor_search_uses_fitting_alternative_and_preserves_prior_route_on_refusal
  PASS  test_integer_motion_arrives_after_exact_thirty_ticks_and_never_advances_twice
  PASS  test_blocked_motion_preserves_pose_progress_and_retry
  PASS  test_cancel_in_transit_retains_current_edge_and_finishes_at_safe_endpoint
  PASS  test_authored_polyline_controls_height_and_integer_heading
  PASS  test_subunit_motion_requires_fresh_dynamic_clearance_before_fractional_progress
  PASS  test_edge_callback_cannot_change_derived_room_or_level_packet
  PASS  test_full_admitted_arenas_seal_refresh_and_preserve_full_edge_generation
ROUTES-COMPONENT-PERF actors=256 ticks=30 elapsed_us=1851586 synthetic_clearance=true
  PASS  test_256_actual_residents_use_finite_route_and_motion_columns
  PASS  test_segment_lengths_remain_exact_at_negative_and_int64_product_boundaries
  PASS  test_actual_occupancy_expands_negative_root_cells_and_validates_exact_exception
  PASS  test_foreign_transform_writes_refuse_cached_occupancy_until_exact_refresh
  PASS  test_changed_profile_never_omits_an_unqualified_nearby_occupant
  PASS  test_actual_second_actor_blocks_motion_without_clobbering_current_selection
  PASS  test_graph_publication_token_and_point_observations_pin_exact_actual_span
  PASS  test_motion_is_invariant_to_many_short_connected_span_boundaries
  PASS  test_one_unit_spans_can_cross_many_edges_in_a_single_fixed_tick
  PASS  test_within_tick_pace_changes_preserve_exact_time_and_fractional_distance
  PASS  test_blocked_next_span_commits_clear_prefix_without_banking_wait_time
  PASS  test_next_span_dynamic_turn_refusal_keeps_the_actual_safe_endpoint
  PASS  test_reduced_motion_fraction_refuses_unrepresentable_or_corrupt_state
  PASS  test_later_segment_callback_reentry_rejects_the_whole_uncommitted_tick
  PASS  test_prepared_metadata_batch_reads_constant_rows_between_full_preflights
  PASS  test_prepared_metadata_observes_sealed_space_without_repeated_source_reads
  PASS  test_prepared_metadata_observation_requires_current_tokens_lease_and_full_ref
  PASS  test_routes_reject_replacement_space_candidate_at_the_same_numeric_revision
  PASS  test_exact_published_space_candidate_allows_its_prepared_route
  PASS  test_route_publication_rechecks_space_receipt_after_provider_callback
  PASS  test_routes_reject_replacement_location_candidate_with_identical_full_handle
  PASS  test_exact_published_location_candidate_allows_its_prepared_route
  PASS  test_route_publication_rechecks_location_receipt_after_provider_callback
  PASS  test_static_profile_search_selects_longer_qualified_path_without_worker_or_job
  PASS  test_static_profile_search_refuses_missing_stale_or_wrong_mode_without_output_writes
  PASS  test_static_profile_search_admits_memory_before_callbacks_and_rejects_replaced_token
  PASS  test_static_profile_search_rechecks_source_generation_and_reentry_after_callbacks
  PASS  test_static_profile_search_preserves_output_for_short_storage_and_stale_endpoints
  PASS  test_exact_work_actor_contact_current_and_occupancy_keep_the_selected_contact
  PASS  test_exact_work_admission_and_refresh_preserve_state_on_stale_pins
  PASS  test_exact_work_actor_never_hides_real_tool_claim_or_assignment_loss
  PASS  test_exact_work_wrappers_reuse_actor_callback_and_pose_proofs
CI_SUITE_TIME {"assertions":9507,"failures":0,"suite":"test_underground_routes.gd","tests":49,"usec":10803098}
[EntityManager] ready
[GameManager] ready
[SettlementSystem] ready
[EconomySystem] ready
[UIManager] ready


1417 test(s), 55151 assertion(s), 0 failure(s)
diagnostics: 0 unexpected error(s), 0 unexpected warning(s), 30 expected, 44 tolerated; leaked at exit: 0 object(s), 0 resource(s)
[EntityManager] ready
[GameManager] ready
[SettlementSystem] ready
[EconomySystem] ready
[UIManager] ready
log: 0 unexpected error(s), 0 unexpected warning(s); leaked at exit: 0 object(s), 0 resource(s).
ok: 1417 tests, 55151 assertions, 0 failures.
