Godot Engine v4.7.2.stable.official.ed1daf0bf - https://godotengine.org

Godot Engine v4.7.2.stable.official.ed1daf0bf - https://godotengine.org

test_canonical_state_hash.gd
  PASS  test_fixture_record_stream_is_exactly_the_pinned_bytes
  PASS  test_fixture_digest_is_the_pinned_sha256
  PASS  test_fixture_digest_matches_sha256_of_the_captured_stream
  PASS  test_one_changed_value_changes_the_digest
  PASS  test_alphabetical_field_order_produces_a_different_digest
  PASS  test_utf8_prefix_is_a_byte_count_not_a_character_count
  PASS  test_empty_string_value_is_a_zero_length_prefix
  PASS  test_u32_high_bit_column_emits_its_bit_pattern
  PASS  test_excluded_field_is_never_consulted_and_never_hashed
  PASS  test_fixture_result_never_claims_release_coverage
  PASS  test_generated_table_matches_the_registry_json
  PASS  test_generated_fields_match_the_registry_json
  PASS  test_registry_counts_are_the_ones_the_ruling_reconciled
  PASS  test_the_active_rules_identity_and_counts_match_their_independent_pins
  PASS  test_spatial_inventory_declaration_requires_a_new_codec_while_legacy_surface_stays_frozen
  PASS  test_section_seven_keeps_its_thirty_inventory_fields_and_appends_the_anchor
  PASS  test_section_one_resource_nodes_declares_only_the_tile_inverse_at_schema_two
  PASS  test_production_declaration_validates_and_excludes_section_fifteen
  PASS  test_world_runtime_exclusions_are_declared_but_unhashed
  PASS  test_construction_section_four_columns_are_declared_in_order
  PASS  test_construction_delivered_arena_is_its_own_section_five_owner
  PASS  test_spatial_buildings_flags_have_mandatory_extension_without_rewriting_surface_codec
  PASS  test_room_revision_holds_and_job_generations_have_explicit_canonical_fields
  PASS  test_excavation_funding_preserves_receipt_order_and_all_paid_lot_metadata
  PASS  test_excavation_history_keeps_immutable_domain_phases_work_and_worker_generations
  PASS  test_underground_space_declares_live_identity_and_geometry_without_prepared_banks
  PASS  test_spatial_inventory_requires_full_world_and_location_revision
  PASS  test_modular_job_bindings_preserve_both_full_generations
  PASS  test_spoil_tips_preserve_lifetime_losses_claims_and_retained_work
  PASS  test_layout_keeps_per_room_mode_drafts_and_full_accepted_project_receipts
  PASS  test_production_walker_refuses_because_no_owner_has_an_adapter
  PASS  test_missing_adapter_list_is_in_walk_order_and_names_section_and_owner
  PASS  test_one_missing_adapter_refuses_the_whole_walk
  PASS  test_section_fifteen_owner_refuses_self_inclusion
  PASS  test_section_outside_one_to_fourteen_refuses
  PASS  test_owners_out_of_ascii_order_refuse
  PASS  test_sections_out_of_order_refuse
  PASS  test_duplicate_owner_and_duplicate_field_refuse
  PASS  test_ascii_compare_is_byte_order_not_case_folded
  PASS  test_type_five_without_a_declared_cap_refuses
  PASS  test_type_five_value_over_its_declared_cap_refuses
  PASS  test_storage_form_must_match_the_declared_type
  PASS  test_value_count_must_match_a_declared_count
  PASS  test_u32_logical_value_out_of_range_refuses
  PASS  test_u32_logical_value_at_the_boundary_is_accepted
  PASS  test_negative_u64_refuses_rather_than_emitting_a_huge_value
  PASS  test_adapter_refusal_propagates_and_names_the_field
  PASS  test_registering_an_undeclared_owner_refuses
  PASS  test_duplicate_and_malformed_adapter_registration_refuse
  PASS  test_short_compatibility_digest_refuses
  PASS  test_engine_identity_line_rules_are_enforced
  PASS  test_negative_completed_tick_refuses
  PASS  test_completed_tick_enters_the_prefix_and_changes_the_digest
  PASS  test_capture_limit_refuses_rather_than_truncating
  PASS  test_verify_accepts_the_pinned_digest_and_refuses_any_other
  PASS  test_verify_refuses_a_wrong_length_expected_digest
  PASS  test_stream_tag_is_eleven_bytes_with_no_terminator
  PASS  test_module_has_no_float_and_no_dictionary
  PASS  test_economic_high_declaration_and_value_preserve_exhaustion
  PASS  test_full_expedition_slot_is_eighth_hashed_fishing_field
CI_SUITE_TIME {"assertions":4724,"failures":0,"suite":"test_canonical_state_hash.gd","tests":60,"usec":488591}
test_canopy_clear.gd
  PASS  test_the_eye_direction_is_the_orbit_rigs_own
  PASS  test_a_crown_is_an_ellipsoid_cut_at_its_base
  PASS  test_a_ray_spans_a_crown_between_its_entry_and_exit
  PASS  test_a_falling_ray_leaves_at_the_base
  PASS  test_a_sight_line_crosses_only_what_it_reaches
  PASS  test_an_eye_in_the_open_is_left_alone
  PASS  test_an_eye_inside_a_crown_moves_out_past_its_far_side
  PASS  test_an_eye_that_cannot_get_out_comes_in_under_the_crown
  PASS  test_the_eye_never_comes_nearer_than_the_floor
  PASS  test_the_rig_moves_the_drawn_eye_at_once_and_keeps_the_zoom
  PASS  test_only_the_crowns_in_the_way_are_thinned
  PASS  test_a_fade_eases_in_and_out_and_hands_back_the_material
  PASS  test_the_selected_residents_sight_lines_thin_their_crowns
  PASS  test_a_crown_at_the_lens_is_thinned
  PASS  test_no_more_than_max_faded_crowns_are_thinned
  PASS  test_nothing_fades_in_the_underground_view
  PASS  test_one_fade_material_per_tree_model_carrying_its_maps
  PASS  test_the_silhouette_goes_on_the_body_only
  PASS  test_the_frame_thins_a_crown_over_a_selected_resident
  PASS  test_the_silhouette_follows_the_selection_and_the_underground_view
TOLERATED ERROR: Condition "!is_inside_tree()" is true. Returning: Transform3D()
   at: get_global_transform (scene/3d/node_3d.cpp:649)
   GDScript backtrace (most recent call first):
       [0] begin_prewarm (res://demo/camera/canopy_clear.gd:482)
       [1] test_the_prewarm_leaves_only_the_selected_wearing_the_silhouette (res://test/test_canopy_clear.gd:411)
       [2] _run_test (res://test/run_tests.gd:194)
       [3] _run_suite (res://test/run_tests.gd:168)
       [4] _run_suite (/home/runner/work/redwall-rts/redwall-rts/tools/ci_test_shard_runner.gd:30)
       [5] _run_worker (res://test/run_tests.gd:121)
       [6] _initialize (res://test/run_tests.gd:108)
  PASS  test_the_prewarm_leaves_only_the_selected_wearing_the_silhouette
  PASS  test_a_hidden_faded_tree_is_handed_back
  PASS  test_a_felled_tree_leaves_the_crowns_on_the_next_frame
  PASS  test_the_rigs_own_frame_keeps_the_eye_out_of_a_crown
CI_SUITE_TIME {"assertions":107,"failures":0,"suite":"test_canopy_clear.gd","tests":24,"usec":7587840}
test_clip_root_motion.gd
  PASS  test_a_travelling_clip_reports_its_root_motion
  PASS  test_a_clip_in_place_reports_nothing
  PASS  test_the_playback_rate_matches_the_ground_speed
  PASS  test_a_clip_that_does_not_travel_plays_at_one
CI_SUITE_TIME {"assertions":8,"failures":0,"suite":"test_clip_root_motion.gd","tests":4,"usec":3110}
test_connector_view.gd
  PASS  test_all_five_families_render_one_fixed_mesh_and_at_most_one_leaf
  PASS  test_sloping_ramp_uv_edges_preserve_actual_metre_length
  PASS  test_material_copy_clears_hidden_uv_stretch_without_editing_source
  PASS  test_all_family_fixed_and_hatch_triangles_use_clockwise_godot_front_faces
  PASS  test_hatch_every_sampled_angle_fits_complete_integer_sweep
  PASS  test_fixed_rotation_and_translation_match_integer_placement_convention
  PASS  test_bad_material_and_partial_geometry_leave_existing_preview_intact
  PASS  test_hatch_fraction_and_rotation_do_not_silently_clamp_or_resize
CI_SUITE_TIME {"assertions":16536,"failures":0,"suite":"test_connector_view.gd","tests":8,"usec":103562}
test_demo_bore.gd
  PASS  test_the_profile_is_a_sixteen_point_horseshoe
  PASS  test_the_profile_s_normals_face_inward
  PASS  test_a_swept_bore_holds_its_rings_and_faces_in
  PASS  test_the_rough_walls_are_rough_but_the_floor_is_flat
  PASS  test_a_32_m_bore_builds_in_under_2_ms
  PASS  test_the_centreline_follows_the_route_and_rounds_its_corners
  PASS  test_a_ramp_is_never_steeper_than_one_in_two_and_a_half
  PASS  test_a_route_too_short_for_its_ramps_is_refused_with_words
  PASS  test_each_species_stoops_by_its_height_in_a_standard_bore
  PASS  test_the_stoop_lowers_the_head_and_keeps_the_feet
  PASS  test_a_lean_tilts_the_spine_alone
  PASS  test_a_resident_on_a_ramp_leans_its_spine_back_by_half_its_pitch
  PASS  test_a_deeper_stoop_bends_further_and_is_capped
  PASS  test_a_resident_below_eases_into_its_stoop_on_the_demo_clock
  PASS  test_a_ramp_is_walked_along_its_slope_and_the_body_tilts_with_it
  PASS  test_the_void_keeps_the_nearest_bore_its_rise_and_crown
  PASS  test_a_dug_tunnel_is_stamped_down_its_ramps_too
  PASS  test_only_the_chunk_at_the_face_is_rebuilt
  PASS  test_each_ring_carries_the_day_it_was_dug
  PASS  test_stones_bed_in_the_walls_and_roots_come_only_near_trees
  PASS  test_the_lanterns_light_the_nearest_spots_up_to_the_cap
  PASS  test_the_lanterns_flicker_gently_and_hold_while_paused
  PASS  test_a_lit_tunnel_hangs_its_lanterns_under_the_ground_and_lights_them
  PASS  test_a_mouth_is_a_gateway_over_its_ramp_s_cutting
  PASS  test_the_u_view_has_its_own_environment_and_the_surface_keeps_its
  PASS  test_every_new_underground_material_is_registered_for_the_prewarm
  PASS  test_each_ring_is_jittered_along_its_normals
  PASS  test_a_fillet_never_takes_more_than_its_share_of_a_short_leg
  PASS  test_chunks_hold_whole_bands_and_the_widened_and_flooded_rings_show
  PASS  test_stones_bed_only_where_the_bore_is_under_the_ground
  PASS  test_an_instanced_sample_is_drawn_with_its_override
  PASS  test_a_right_angled_corner_folds_nothing_and_walkers_follow_the_bore
  PASS  test_the_shared_curve_follows_its_tunnel_and_samples_back_and_forth
  PASS  test_only_steps_whose_roots_stay_under_the_cut_are_dressed
EXPECTED WARNING: bore_mesh: more than 160 rings in one build
     at: push_warning (core/variant/variant_utility.cpp:1033)
     GDScript backtrace (most recent call first):
         [0] add_ring (res://demo/tunnel/bore_mesh.gd:260)
         [1] test_a_build_holds_at_most_max_rings (res://test/test_demo_bore.gd:983)
         [2] _run_test (res://test/run_tests.gd:194)
         [3] _run_suite (res://test/run_tests.gd:168)
         [4] _run_suite (/home/runner/work/redwall-rts/redwall-rts/tools/ci_test_shard_runner.gd:30)
         [5] _run_worker (res://test/run_tests.gd:121)
         [6] _initialize (res://test/run_tests.gd:108)
EXPECTED WARNING: bore_mesh: more than 160 rings in one build
     at: push_warning (core/variant/variant_utility.cpp:1033)
     GDScript backtrace (most recent call first):
         [0] add_ring (res://demo/tunnel/bore_mesh.gd:260)
         [1] test_a_build_holds_at_most_max_rings (res://test/test_demo_bore.gd:983)
         [2] _run_test (res://test/run_tests.gd:194)
         [3] _run_suite (res://test/run_tests.gd:168)
         [4] _run_suite (/home/runner/work/redwall-rts/redwall-rts/tools/ci_test_shard_runner.gd:30)
         [5] _run_worker (res://test/run_tests.gd:121)
         [6] _initialize (res://test/run_tests.gd:108)
EXPECTED WARNING: bore_mesh: more than 160 rings in one build
     at: push_warning (core/variant/variant_utility.cpp:1033)
     GDScript backtrace (most recent call first):
         [0] add_ring (res://demo/tunnel/bore_mesh.gd:260)
         [1] test_a_build_holds_at_most_max_rings (res://test/test_demo_bore.gd:983)
         [2] _run_test (res://test/run_tests.gd:194)
         [3] _run_suite (res://test/run_tests.gd:168)
         [4] _run_suite (/home/runner/work/redwall-rts/redwall-rts/tools/ci_test_shard_runner.gd:30)
         [5] _run_worker (res://test/run_tests.gd:121)
         [6] _initialize (res://test/run_tests.gd:108)
  PASS  test_a_build_holds_at_most_max_rings
  PASS  test_the_u_view_s_focus_is_where_the_camera_looks_on_the_floor
  PASS  test_the_hub_cuts_a_bore_s_floor_however_its_jitter_falls
  PASS  test_a_branch_breaking_ground_cuts_the_bores_it_joins
  PASS  test_a_hub_is_rebuilt_only_when_what_it_depends_on_changes
CI_SUITE_TIME {"assertions":478,"failures":0,"suite":"test_demo_bore.gd","tests":39,"usec":1965045}
test_demo_crop_roles.gd
  PASS  test_each_row_has_its_role_and_every_sibling_shares_it
  PASS  test_the_two_differences_are_the_rows_own_numbers
  PASS  test_the_words_for_days_and_seasons
  PASS  test_uses_are_read_from_the_kitchen_and_the_mill
  PASS  test_the_role_line
  PASS  test_the_picker_shows_each_crop_s_role
CI_SUITE_TIME {"assertions":106,"failures":0,"suite":"test_demo_crop_roles.gd","tests":6,"usec":1232255}
test_demo_daylight.gd
  PASS  test_the_calendar_tick_reads_as_a_minute_of_the_day_and_a_season
  PASS  test_the_windows_are_the_gdd_s_daylight_and_the_brief_s_spring
  PASS  test_each_key_is_met_exactly_on_its_hour
  PASS  test_between_keys_the_curves_ease
  PASS  test_the_shadow_is_off_while_the_light_swings
  PASS  test_grey_is_the_rec_709_luminance
  PASS  test_the_phases_change_on_the_window_s_edges
  PASS  test_every_curve_is_continuous_across_every_boundary
  PASS  test_the_light_rises_through_the_dawn_and_falls_through_the_dusk
  PASS  test_the_seasons_shift_the_windows
  PASS  test_the_sun_rises_in_the_east_peaks_in_the_south_and_sets_in_the_west
  PASS  test_the_light_is_the_moon_at_night_and_the_sun_by_day
  PASS  test_the_day_key_is_the_world_s_own_look
  PASS  test_the_gloom_of_each_sky
  PASS  test_gloom_darkens_and_greys_whatever_the_hour
  PASS  test_the_weather_multiplies_the_hour_and_the_cycle_is_the_one_writer
  PASS  test_the_falls_and_the_smoke_darken_with_the_night
  PASS  test_noon_and_midnight_on_the_world_s_light
  PASS  test_it_writes_only_when_the_calendar_or_the_weather_moved
  PASS  test_the_underground_is_never_touched
  PASS  test_brighter_nights_raises_the_night_and_leaves_the_day
  PASS  test_brighter_nights_is_a_setting_and_part_of_large_readable
  PASS  test_the_homes_are_lit_at_their_fronts
  PASS  test_the_pool_is_capped_and_goes_to_the_nearest_spots
  PASS  test_a_home_is_lit_only_when_its_query_says_so
  PASS  test_the_lamps_follow_the_level_and_flicker_gently
  PASS  test_the_tunnel_mouths_lanterns_are_read_from_the_overlay
  PASS  test_the_boot_s_first_frames_are_held_at_noon_with_the_shadow_on
  PASS  test_a_weather_s_ease_writes_at_most_every_quarter_second
  PASS  test_the_prewarm_draws_the_night_and_gives_the_hour_back
  PASS  test_the_date_trigger_wears_a_sun_by_day_and_a_moon_by_night
    daylight: 2000 frames, 285 writes, 15.3 us a frame (writes included)
  PASS  test_a_frame_allocates_nothing_and_costs_little
CI_SUITE_TIME {"assertions":586,"failures":0,"suite":"test_demo_daylight.gd","tests":32,"usec":1291675}
test_demo_hall_art.gd
  PASS  test_nothing_staged_draws_the_plain_homes_and_no_stage
  PASS  test_a_lit_home_is_drawn_with_its_windows_model_dark
  PASS  test_only_a_lit_home_takes_its_windows_model
  PASS  test_each_home_glows_on_its_own_material
  PASS  test_the_stone_stage_is_built_hidden_at_the_timber_halls_transform
  PASS  test_no_stage_without_the_timber_hall_staged
  PASS  test_a_rebuild_refills_the_same_glow_list
  PASS  test_the_windows_are_dark_by_day_and_glow_with_each_homes_lamp
  PASS  test_the_windows_are_written_only_when_their_value_changes
  PASS  test_the_full_night_glow_is_the_art_maps_value
  PASS  test_without_windows_bound_nothing_is_written
  PASS  test_an_empty_glow_list_is_bound_harmlessly
  PASS  test_the_window_glow_allocates_nothing
  PASS  test_the_stone_hall_replaces_the_timber_one_at_tier_2
  PASS  test_without_the_stone_hall_the_composed_stand_in_stays
  PASS  test_the_linen_banner_hangs_upright_and_dyes_only_its_cloth
  PASS  test_without_the_linen_banner_the_stand_in_hangs
CI_SUITE_TIME {"assertions":93,"failures":0,"suite":"test_demo_hall_art.gd","tests":17,"usec":1101575}
test_demo_input_gate.gd
  PASS  test_a_modal_swallows_world_keys_and_lets_navigation_through
  PASS  test_a_modal_closes_on_escape_and_its_own_keys
  PASS  test_a_modal_s_tab_and_activation
  PASS  test_the_stall_banner_comes_first
  PASS  test_closing_calls_the_top_modal_s_close
  PASS  test_without_a_modal_world_keys_pass
  PASS  test_enter_and_space_go_by_focused_context
  PASS  test_a_click_s_focus_gives_the_arrows_back_and_f7_starts_from_the_world
  PASS  test_the_hud_workspace_holding_input_stops_panel_routing
  PASS  test_the_banner_takes_only_enter_and_space
  PASS  test_a_modal_presses_only_its_own_buttons
  PASS  test_closing_a_lower_modal_keeps_focus_in_the_top_one
  PASS  test_the_focus_read_is_one_reused_object
  PASS  test_tab_and_escape_in_a_region
  PASS  test_a_watched_modal_opens_and_closes_with_its_layer
  PASS  test_the_modal_s_ring_puts_its_close_last_and_focuses_content_first
  PASS  test_stacked_modals_close_top_first
  PASS  test_focusables_skip_hidden_branches_hidden_layers_and_non_buttons
  PASS  test_step_wraps_both_ways
  PASS  test_f7_cycles_world_regions_and_back_skipping_empty_ones
  PASS  test_tab_in_a_region_moves_along_its_ring
  PASS  test_press_toggles_and_emits_and_spares_a_disabled_button
  PASS  test_every_panel_button_is_a_keyboard_focus_stop
  PASS  test_the_player_panels_hold_no_test_trigger
  PASS  test_the_lab_holds_its_triggers_in_order_and_fires_them
  PASS  test_a_trigger_that_cannot_act_is_disabled_with_its_reason
  PASS  test_firing_a_trigger_reads_every_trigger_s_availability_again
  PASS  test_the_lab_opens_and_closes_on_its_key
CI_SUITE_TIME {"assertions":159,"failures":0,"suite":"test_demo_input_gate.gd","tests":28,"usec":529308}
test_demo_lifetimes.gd
  PASS  test_a_network_that_planned_is_freed_with_its_space
  PASS  test_a_network_whose_plan_fell_back_is_freed_with_its_space
  PASS  test_the_router_holds_no_network_between_plans
  PASS  test_a_freed_actor_lets_go_of_the_owners_of_its_unfinished_jobs
  PASS  test_a_freed_actor_lets_go_of_the_owner_of_its_task
CI_SUITE_TIME {"assertions":12,"failures":0,"suite":"test_demo_lifetimes.gd","tests":5,"usec":40221}
test_demo_news.gd
  PASS  test_the_feed_keeps_targets_and_filters_by_place_and_severity
  PASS  test_overflow_keeps_unresolved_and_pinned_incidents_and_lets_the_rest_go
  PASS  test_an_incident_holds_only_its_newest_entry
  PASS  test_the_news_clock_stands_still_while_paused
  PASS  test_toasts_do_not_expire_while_paused
  PASS  test_the_strip_counts_what_needs_attention_and_opens_the_history
  PASS  test_an_incident_runs_needs_decision_assigned_recovering_resolved
  PASS  test_repeats_merge_into_one_card_and_a_recurrence_reopens_it
  PASS  test_the_queue_holds_critical_and_pinned_cards_in_order
  PASS  test_a_snooze_hides_a_card_for_unpaused_time_only
  PASS  test_rows_are_reused_from_the_longest_resolved_and_never_from_open_or_pinned
  PASS  test_the_card_shows_the_front_of_the_queue_and_its_verbs_work
  PASS  test_the_history_filters_by_place_and_severity_and_lists_what_needs_attention
  PASS  test_the_history_s_go_to_selects_and_centres_and_closes
  PASS  test_the_hud_history_command_toggles_the_village_news
  PASS  test_the_jump_points_and_refusals
  PASS  test_wet_drained_wet_again_in_the_same_season_re_alerts
  PASS  test_a_bed_hovering_at_its_band_edge_does_not_flap
  PASS  test_drought_dry_watered_dry_again_re_alerts_and_a_remedy_job_assigns
  PASS  test_a_worn_out_bed_sown_ends_the_condition_at_once
  PASS  test_the_frost_incident_lasts_the_night_and_blight_lasts_until_cleared
  PASS  test_a_rescue_is_a_critical_incident_and_air_out_is_still_said_once
  PASS  test_a_flooded_tunnel_stays_an_incident_until_reopened_and_a_threat_until_it_is_over
  PASS  test_a_blown_down_tree_is_an_incident_until_hauled_clear
  PASS  test_no_bed_is_one_incident_counting_the_nights_until_everyone_has_a_bed
  PASS  test_a_stuck_farm_job_and_a_full_store_are_incidents_on_their_beds
  PASS  test_a_rescue_incident_is_assigned_then_recovering_as_the_responder_works
  PASS  test_a_reused_row_never_keeps_the_last_incident_s_watch
EXPECTED WARNING: incident table full or raise refused: threat
     at: push_warning (core/variant/variant_utility.cpp:1033)
     GDScript backtrace (most recent call first):
         [0] report (res://demo/demo_incidents.gd:213)
         [1] test_a_full_table_still_posts_the_warning (res://test/test_demo_news.gd:827)
         [2] _run_test (res://test/run_tests.gd:194)
         [3] _run_suite (res://test/run_tests.gd:168)
         [4] _run_suite (/home/runner/work/redwall-rts/redwall-rts/tools/ci_test_shard_runner.gd:30)
         [5] _run_worker (res://test/run_tests.gd:121)
         [6] _initialize (res://test/run_tests.gd:108)
  PASS  test_a_full_table_still_posts_the_warning
  PASS  test_queue_order_severity_and_ties_and_a_snoozed_pin
  PASS  test_routine_reports_are_notes_and_fold_only_within_one_incident
  PASS  test_a_dismissed_routine_incident_stops_asking_and_only_queueable_rows_snooze
  PASS  test_the_history_s_go_to_uses_the_row_it_drew_and_pages_older_rows
CI_SUITE_TIME {"assertions":234,"failures":0,"suite":"test_demo_news.gd","tests":33,"usec":7527796}
test_demo_p7_assets.gd
  PASS  test_the_underground_props_are_sized_by_their_rule
  PASS  test_a_model_in_parts_is_staged_only_with_every_part
  PASS  test_every_part_shares_the_whole_model_s_fit
  PASS  test_fitted_bakes_the_fit_into_one_mesh_with_its_materials
  PASS  test_the_staged_hand_lantern_glows_from_its_panes
  PASS  test_the_staged_basket_is_the_library_s_and_holds_its_spoil_at_the_rim
  PASS  test_the_staged_hanging_stores_hang_string_by_string_from_the_beam
  PASS  test_the_hanging_stores_back_meets_the_ring_beam
  PASS  test_the_root_bin_rug_chimney_and_large_bed_swap_in_where_staged
  PASS  test_a_door_swings_open_for_a_resident_below_and_shuts_behind
  PASS  test_a_dug_home_hangs_its_door_leaf_on_a_hinge_at_the_cutting_s_foot
  PASS  test_the_cutting_follows_the_ramp_down_to_the_portal_and_its_throat
  PASS  test_the_ground_is_cut_by_the_cutting_s_footprint_and_conserved
  PASS  test_a_replaced_ground_is_read_again_as_uncut
  PASS  test_a_dug_tunnel_opens_its_mouths_and_cuts_the_ground_over_them
  PASS  test_a_walker_is_in_the_open_cutting_until_the_bore_goes_under
  PASS  test_nobody_is_sent_to_stand_over_an_open_cutting
  PASS  test_a_resident_in_the_cutting_is_drawn_on_the_surface_too
  PASS  test_the_stairs_have_timber_treads_with_a_nosing_over_their_risers
  PASS  test_a_walk_crouches_where_the_resident_stoops_and_a_dig_swings
  PASS  test_a_mouse_crouches_in_a_bore_and_a_mole_walks_upright
  PASS  test_the_dig_swings_once_a_strike_landing_on_the_cut
  PASS  test_a_quick_dig_swings_back_to_back_with_a_rest_between
  PASS  test_the_prewarm_covers_every_new_prop_s_material
  PASS  test_a_hole_moved_or_wound_the_other_way_is_cut_again
  PASS  test_the_cutting_s_width_floor_and_ends
  PASS  test_an_exit_s_cutting_a_planned_mouth_and_a_room_being_dug
  PASS  test_the_staged_arch_s_forecourt_is_its_piers_width
  PASS  test_a_whole_model_has_no_parts_and_a_parted_one_its_whole_bound
  PASS  test_a_digger_strikes_only_at_an_underground_face
  PASS  test_the_swing_plays_once_and_the_walks_loop
  PASS  test_a_cellar_s_hatch_has_no_cutting_and_heaps_keep_off_a_cutting_s_banks
  PASS  test_a_new_face_begun_within_a_frame_is_owed_its_first_swing
  PASS  test_a_hole_splits_no_triangle_it_misses_and_leaves_no_slivers
CI_SUITE_TIME {"assertions":969,"failures":0,"suite":"test_demo_p7_assets.gd","tests":34,"usec":229819}
test_demo_people_live.gd
  PASS  test_the_people_on_the_real_scene_at_1280x720
  PASS  test_the_people_on_the_real_scene_at_1920x1080
CI_SUITE_TIME {"assertions":70,"failures":0,"suite":"test_demo_people_live.gd","tests":2,"usec":31636108}
test_demo_prewarm.gd
  PASS  test_every_step_runs_once_and_is_timed
  PASS  test_the_clock_is_released_after_the_warm_frames_once
  PASS  test_the_props_warm_every_staged_model_once
  PASS  test_the_plant_atlases_warm_every_deferred_kind
  PASS  test_frame_steps_run_after_the_warm_frames_in_order_before_the_release
  PASS  test_no_frames_with_frame_steps_still_draws_them
CI_SUITE_TIME {"assertions":34,"failures":0,"suite":"test_demo_prewarm.gd","tests":6,"usec":18861}
test_demo_sound_cost.gd
TOLERATED WARNING: sound cue chop: 5 of 5 files missing (res://demo/assets/sound/chop_01.wav, res://demo/assets/sound/chop_02.ogg, res://demo/assets/sound/chop_03.ogg, res://demo/assets/sound/chop_04.ogg, res://demo/assets/sound/chop_05.ogg); it plays silent until they are staged
     at: push_warning (core/variant/variant_utility.cpp:1033)
     GDScript backtrace (most recent call first):
         [0] _load_row (res://demo/sound/sound_table.gd:153)
         [1] load_streams (res://demo/sound/sound_table.gd:134)
         [2] warm (res://demo/sound/sound_director.gd:121)
         [3] _crowd (res://test/test_demo_sound_cost.gd:71)
         [4] test_twenty_workers_at_four_x_cost_little_per_frame (res://test/test_demo_sound_cost.gd:118)
         [5] _run_test (res://test/run_tests.gd:194)
         [6] _run_suite (res://test/run_tests.gd:168)
         [7] _run_suite (/home/runner/work/redwall-rts/redwall-rts/tools/ci_test_shard_runner.gd:30)
         [8] _run_worker (res://test/run_tests.gd:121)
         [9] _initialize (res://test/run_tests.gd:108)
TOLERATED WARNING: sound cue gnaw: 5 of 5 files missing (res://demo/assets/sound/gnaw_01.wav, res://demo/assets/sound/gnaw_02.wav, res://demo/assets/sound/gnaw_03.wav, res://demo/assets/sound/gnaw_04.wav, res://demo/assets/sound/gnaw_05.wav); it plays silent until they are staged
     at: push_warning (core/variant/variant_utility.cpp:1033)
     GDScript backtrace (most recent call first):
         [0] _load_row (res://demo/sound/sound_table.gd:153)
         [1] load_streams (res://demo/sound/sound_table.gd:134)
         [2] warm (res://demo/sound/sound_director.gd:121)
         [3] _crowd (res://test/test_demo_sound_cost.gd:71)
         [4] test_twenty_workers_at_four_x_cost_little_per_frame (res://test/test_demo_sound_cost.gd:118)
         [5] _run_test (res://test/run_tests.gd:194)
         [6] _run_suite (res://test/run_tests.gd:168)
         [7] _run_suite (/home/runner/work/redwall-rts/redwall-rts/tools/ci_test_shard_runner.gd:30)
         [8] _run_worker (res://test/run_tests.gd:121)
         [9] _initialize (res://test/run_tests.gd:108)
TOLERATED WARNING: sound cue saw: 3 of 3 files missing (res://demo/assets/sound/saw_01.wav, res://demo/assets/sound/saw_02.wav, res://demo/assets/sound/saw_03.wav); it plays silent until they are staged
     at: push_warning (core/variant/variant_utility.cpp:1033)
     GDScript backtrace (most recent call first):
         [0] _load_row (res://demo/sound/sound_table.gd:153)
         [1] load_streams (res://demo/sound/sound_table.gd:134)
         [2] warm (res://demo/sound/sound_director.gd:121)
         [3] _crowd (res://test/test_demo_sound_cost.gd:71)
         [4] test_twenty_workers_at_four_x_cost_little_per_frame (res://test/test_demo_sound_cost.gd:118)
         [5] _run_test (res://test/run_tests.gd:194)
         [6] _run_suite (res://test/run_tests.gd:168)
         [7] _run_suite (/home/runner/work/redwall-rts/redwall-rts/tools/ci_test_shard_runner.gd:30)
         [8] _run_worker (res://test/run_tests.gd:121)
         [9] _initialize (res://test/run_tests.gd:108)
TOLERATED WARNING: sound cue dig: 3 of 3 files missing (res://demo/assets/sound/dig_01.wav, res://demo/assets/sound/dig_02.wav, res://demo/assets/sound/dig_03.wav); it plays silent until they are staged
     at: push_warning (core/variant/variant_utility.cpp:1033)
     GDScript backtrace (most recent call first):
         [0] _load_row (res://demo/sound/sound_table.gd:153)
         [1] load_streams (res://demo/sound/sound_table.gd:134)
         [2] warm (res://demo/sound/sound_director.gd:121)
         [3] _crowd (res://test/test_demo_sound_cost.gd:71)
         [4] test_twenty_workers_at_four_x_cost_little_per_frame (res://test/test_demo_sound_cost.gd:118)
         [5] _run_test (res://test/run_tests.gd:194)
         [6] _run_suite (res://test/run_tests.gd:168)
         [7] _run_suite (/home/runner/work/redwall-rts/redwall-rts/tools/ci_test_shard_runner.gd:30)
         [8] _run_worker (res://test/run_tests.gd:121)
         [9] _initialize (res://test/run_tests.gd:108)
TOLERATED WARNING: sound cue tree_fall: 1 of 1 files missing (res://demo/assets/sound/tree_fall_01.wav); it plays silent until they are staged
     at: push_warning (core/variant/variant_utility.cpp:1033)
     GDScript backtrace (most recent call first):
         [0] _load_row (res://demo/sound/sound_table.gd:153)
         [1] load_streams (res://demo/sound/sound_table.gd:134)
         [2] warm (res://demo/sound/sound_director.gd:121)
         [3] _crowd (res://test/test_demo_sound_cost.gd:71)
         [4] test_twenty_workers_at_four_x_cost_little_per_frame (res://test/test_demo_sound_cost.gd:118)
         [5] _run_test (res://test/run_tests.gd:194)
         [6] _run_suite (res://test/run_tests.gd:168)
         [7] _run_suite (/home/runner/work/redwall-rts/redwall-rts/tools/ci_test_shard_runner.gd:30)
         [8] _run_worker (res://test/run_tests.gd:121)
         [9] _initialize (res://test/run_tests.gd:108)
TOLERATED WARNING: sound cue pickup: 3 of 3 files missing (res://demo/assets/sound/pickup_01.ogg, res://demo/assets/sound/pickup_02.ogg, res://demo/assets/sound/pickup_03.ogg); it plays silent until they are staged
     at: push_warning (core/variant/variant_utility.cpp:1033)
     GDScript backtrace (most recent call first):
         [0] _load_row (res://demo/sound/sound_table.gd:153)
         [1] load_streams (res://demo/sound/sound_table.gd:134)
         [2] warm (res://demo/sound/sound_director.gd:121)
         [3] _crowd (res://test/test_demo_sound_cost.gd:71)
         [4] test_twenty_workers_at_four_x_cost_little_per_frame (res://test/test_demo_sound_cost.gd:118)
         [5] _run_test (res://test/run_tests.gd:194)
         [6] _run_suite (res://test/run_tests.gd:168)
         [7] _run_suite (/home/runner/work/redwall-rts/redwall-rts/tools/ci_test_shard_runner.gd:30)
         [8] _run_worker (res://test/run_tests.gd:121)
         [9] _initialize (res://test/run_tests.gd:108)
TOLERATED WARNING: sound cue drop: 4 of 4 files missing (res://demo/assets/sound/drop_01.ogg, res://demo/assets/sound/drop_02.ogg, res://demo/assets/sound/drop_03.ogg, res://demo/assets/sound/drop_04.ogg); it plays silent until they are staged
     at: push_warning (core/variant/variant_utility.cpp:1033)
     GDScript backtrace (most recent call first):
         [0] _load_row (res://demo/sound/sound_table.gd:153)
         [1] load_streams (res://demo/sound/sound_table.gd:134)
         [2] warm (res://demo/sound/sound_director.gd:121)
         [3] _crowd (res://test/test_demo_sound_cost.gd:71)
         [4] test_twenty_workers_at_four_x_cost_little_per_frame (res://test/test_demo_sound_cost.gd:118)
         [5] _run_test (res://test/run_tests.gd:194)
         [6] _run_suite (res://test/run_tests.gd:168)
         [7] _run_suite (/home/runner/work/redwall-rts/redwall-rts/tools/ci_test_shard_runner.gd:30)
         [8] _run_worker (res://test/run_tests.gd:121)
         [9] _initialize (res://test/run_tests.gd:108)
TOLERATED WARNING: sound cue step_grass: 4 of 4 files missing (res://demo/assets/sound/step_grass_01.ogg, res://demo/assets/sound/step_grass_02.ogg, res://demo/assets/sound/step_grass_03.ogg, res://demo/assets/sound/step_grass_04.ogg); it plays silent until they are staged
     at: push_warning (core/variant/variant_utility.cpp:1033)
     GDScript backtrace (most recent call first):
         [0] _load_row (res://demo/sound/sound_table.gd:153)
         [1] load_streams (res://demo/sound/sound_table.gd:134)
         [2] warm (res://demo/sound/sound_director.gd:121)
         [3] _crowd (res://test/test_demo_sound_cost.gd:71)
         [4] test_twenty_workers_at_four_x_cost_little_per_frame (res://test/test_demo_sound_cost.gd:118)
         [5] _run_test (res://test/run_tests.gd:194)
         [6] _run_suite (res://test/run_tests.gd:168)
         [7] _run_suite (/home/runner/work/redwall-rts/redwall-rts/tools/ci_test_shard_runner.gd:30)
         [8] _run_worker (res://test/run_tests.gd:121)
         [9] _initialize (res://test/run_tests.gd:108)
TOLERATED WARNING: sound cue step_dirt: 4 of 4 files missing (res://demo/assets/sound/step_dirt_01.ogg, res://demo/assets/sound/step_dirt_02.ogg, res://demo/assets/sound/step_dirt_03.ogg, res://demo/assets/sound/step_dirt_04.ogg); it plays silent until they are staged
     at: push_warning (core/variant/variant_utility.cpp:1033)
     GDScript backtrace (most recent call first):
         [0] _load_row (res://demo/sound/sound_table.gd:153)
         [1] load_streams (res://demo/sound/sound_table.gd:134)
         [2] warm (res://demo/sound/sound_director.gd:121)
         [3] _crowd (res://test/test_demo_sound_cost.gd:71)
         [4] test_twenty_workers_at_four_x_cost_little_per_frame (res://test/test_demo_sound_cost.gd:118)
         [5] _run_test (res://test/run_tests.gd:194)
         [6] _run_suite (res://test/run_tests.gd:168)
         [7] _run_suite (/home/runner/work/redwall-rts/redwall-rts/tools/ci_test_shard_runner.gd:30)
         [8] _run_worker (res://test/run_tests.gd:121)
         [9] _initialize (res://test/run_tests.gd:108)
TOLERATED WARNING: sound cue step_wood: 4 of 4 files missing (res://demo/assets/sound/step_wood_01.wav, res://demo/assets/sound/step_wood_02.wav, res://demo/assets/sound/step_wood_03.wav, res://demo/assets/sound/step_wood_04.wav); it plays silent until they are staged
     at: push_warning (core/variant/variant_utility.cpp:1033)
     GDScript backtrace (most recent call first):
         [0] _load_row (res://demo/sound/sound_table.gd:153)
         [1] load_streams (res://demo/sound/sound_table.gd:134)
         [2] warm (res://demo/sound/sound_director.gd:121)
         [3] _crowd (res://test/test_demo_sound_cost.gd:71)
         [4] test_twenty_workers_at_four_x_cost_little_per_frame (res://test/test_demo_sound_cost.gd:118)
         [5] _run_test (res://test/run_tests.gd:194)
         [6] _run_suite (res://test/run_tests.gd:168)
         [7] _run_suite (/home/runner/work/redwall-rts/redwall-rts/tools/ci_test_shard_runner.gd:30)
         [8] _run_worker (res://test/run_tests.gd:121)
         [9] _initialize (res://test/run_tests.gd:108)
TOLERATED WARNING: sound cue step_tunnel: 4 of 4 files missing (res://demo/assets/sound/step_tunnel_01.ogg, res://demo/assets/sound/step_tunnel_02.ogg, res://demo/assets/sound/step_tunnel_03.ogg, res://demo/assets/sound/step_tunnel_04.ogg); it plays silent until they are staged
     at: push_warning (core/variant/variant_utility.cpp:1033)
     GDScript backtrace (most recent call first):
         [0] _load_row (res://demo/sound/sound_table.gd:153)
         [1] load_streams (res://demo/sound/sound_table.gd:134)
         [2] warm (res://demo/sound/sound_director.gd:121)
         [3] _crowd (res://test/test_demo_sound_cost.gd:71)
         [4] test_twenty_workers_at_four_x_cost_little_per_frame (res://test/test_demo_sound_cost.gd:118)
         [5] _run_test (res://test/run_tests.gd:194)
         [6] _run_suite (res://test/run_tests.gd:168)
         [7] _run_suite (/home/runner/work/redwall-rts/redwall-rts/tools/ci_test_shard_runner.gd:30)
         [8] _run_worker (res://test/run_tests.gd:121)
         [9] _initialize (res://test/run_tests.gd:108)
TOLERATED WARNING: sound cue step_wade: 3 of 3 files missing (res://demo/assets/sound/step_wade_01.ogg, res://demo/assets/sound/step_wade_02.ogg, res://demo/assets/sound/step_wade_03.ogg); it plays silent until they are staged
     at: push_warning (core/variant/variant_utility.cpp:1033)
     GDScript backtrace (most recent call first):
         [0] _load_row (res://demo/sound/sound_table.gd:153)
         [1] load_streams (res://demo/sound/sound_table.gd:134)
         [2] warm (res://demo/sound/sound_director.gd:121)
         [3] _crowd (res://test/test_demo_sound_cost.gd:71)
         [4] test_twenty_workers_at_four_x_cost_little_per_frame (res://test/test_demo_sound_cost.gd:118)
         [5] _run_test (res://test/run_tests.gd:194)
         [6] _run_suite (res://test/run_tests.gd:168)
         [7] _run_suite (/home/runner/work/redwall-rts/redwall-rts/tools/ci_test_shard_runner.gd:30)
         [8] _run_worker (res://test/run_tests.gd:121)
         [9] _initialize (res://test/run_tests.gd:108)
TOLERATED WARNING: sound cue splash: 3 of 3 files missing (res://demo/assets/sound/splash_01.ogg, res://demo/assets/sound/splash_02.ogg, res://demo/assets/sound/splash_03.ogg); it plays silent until they are staged
     at: push_warning (core/variant/variant_utility.cpp:1033)
     GDScript backtrace (most recent call first):
         [0] _load_row (res://demo/sound/sound_table.gd:153)
         [1] load_streams (res://demo/sound/sound_table.gd:134)
         [2] warm (res://demo/sound/sound_director.gd:121)
         [3] _crowd (res://test/test_demo_sound_cost.gd:71)
         [4] test_twenty_workers_at_four_x_cost_little_per_frame (res://test/test_demo_sound_cost.gd:118)
         [5] _run_test (res://test/run_tests.gd:194)
         [6] _run_suite (res://test/run_tests.gd:168)
         [7] _run_suite (/home/runner/work/redwall-rts/redwall-rts/tools/ci_test_shard_runner.gd:30)
         [8] _run_worker (res://test/run_tests.gd:121)
         [9] _initialize (res://test/run_tests.gd:108)
TOLERATED WARNING: sound cue water_in: 2 of 2 files missing (res://demo/assets/sound/water_in_01.ogg, res://demo/assets/sound/water_in_02.ogg); it plays silent until they are staged
     at: push_warning (core/variant/variant_utility.cpp:1033)
     GDScript backtrace (most recent call first):
         [0] _load_row (res://demo/sound/sound_table.gd:153)
         [1] load_streams (res://demo/sound/sound_table.gd:134)
         [2] warm (res://demo/sound/sound_director.gd:121)
         [3] _crowd (res://test/test_demo_sound_cost.gd:71)
         [4] test_twenty_workers_at_four_x_cost_little_per_frame (res://test/test_demo_sound_cost.gd:118)
         [5] _run_test (res://test/run_tests.gd:194)
         [6] _run_suite (res://test/run_tests.gd:168)
         [7] _run_suite (/home/runner/work/redwall-rts/redwall-rts/tools/ci_test_shard_runner.gd:30)
         [8] _run_worker (res://test/run_tests.gd:121)
         [9] _initialize (res://test/run_tests.gd:108)
TOLERATED WARNING: sound cue water_out: 2 of 2 files missing (res://demo/assets/sound/water_out_01.ogg, res://demo/assets/sound/water_out_02.ogg); it plays silent until they are staged
     at: push_warning (core/variant/variant_utility.cpp:1033)
     GDScript backtrace (most recent call first):
         [0] _load_row (res://demo/sound/sound_table.gd:153)
         [1] load_streams (res://demo/sound/sound_table.gd:134)
         [2] warm (res://demo/sound/sound_director.gd:121)
         [3] _crowd (res://test/test_demo_sound_cost.gd:71)
         [4] test_twenty_workers_at_four_x_cost_little_per_frame (res://test/test_demo_sound_cost.gd:118)
         [5] _run_test (res://test/run_tests.gd:194)
         [6] _run_suite (res://test/run_tests.gd:168)
         [7] _run_suite (/home/runner/work/redwall-rts/redwall-rts/tools/ci_test_shard_runner.gd:30)
         [8] _run_worker (res://test/run_tests.gd:121)
         [9] _initialize (res://test/run_tests.gd:108)
TOLERATED WARNING: sound cue amb_stream: 1 of 1 files missing (res://demo/assets/sound/amb_stream_01.ogg); it plays silent until they are staged
     at: push_warning (core/variant/variant_utility.cpp:1033)
     GDScript backtrace (most recent call first):
         [0] _load_row (res://demo/sound/sound_table.gd:153)
         [1] load_streams (res://demo/sound/sound_table.gd:134)
         [2] warm (res://demo/sound/sound_director.gd:121)
         [3] _crowd (res://test/test_demo_sound_cost.gd:71)
         [4] test_twenty_workers_at_four_x_cost_little_per_frame (res://test/test_demo_sound_cost.gd:118)
         [5] _run_test (res://test/run_tests.gd:194)
         [6] _run_suite (res://test/run_tests.gd:168)
         [7] _run_suite (/home/runner/work/redwall-rts/redwall-rts/tools/ci_test_shard_runner.gd:30)
         [8] _run_worker (res://test/run_tests.gd:121)
         [9] _initialize (res://test/run_tests.gd:108)
TOLERATED WARNING: sound cue amb_wind: 1 of 1 files missing (res://demo/assets/sound/amb_wind_01.wav); it plays silent until they are staged
     at: push_warning (core/variant/variant_utility.cpp:1033)
     GDScript backtrace (most recent call first):
         [0] _load_row (res://demo/sound/sound_table.gd:153)
         [1] load_streams (res://demo/sound/sound_table.gd:134)
         [2] warm (res://demo/sound/sound_director.gd:121)
         [3] _crowd (res://test/test_demo_sound_cost.gd:71)
         [4] test_twenty_workers_at_four_x_cost_little_per_frame (res://test/test_demo_sound_cost.gd:118)
         [5] _run_test (res://test/run_tests.gd:194)
         [6] _run_suite (res://test/run_tests.gd:168)
         [7] _run_suite (/home/runner/work/redwall-rts/redwall-rts/tools/ci_test_shard_runner.gd:30)
         [8] _run_worker (res://test/run_tests.gd:121)
         [9] _initialize (res://test/run_tests.gd:108)
TOLERATED WARNING: sound cue amb_rain: 1 of 1 files missing (res://demo/assets/sound/amb_rain_01.ogg); it plays silent until they are staged
     at: push_warning (core/variant/variant_utility.cpp:1033)
     GDScript backtrace (most recent call first):
         [0] _load_row (res://demo/sound/sound_table.gd:153)
         [1] load_streams (res://demo/sound/sound_table.gd:134)
         [2] warm (res://demo/sound/sound_director.gd:121)
         [3] _crowd (res://test/test_demo_sound_cost.gd:71)
         [4] test_twenty_workers_at_four_x_cost_little_per_frame (res://test/test_demo_sound_cost.gd:118)
         [5] _run_test (res://test/run_tests.gd:194)
         [6] _run_suite (res://test/run_tests.gd:168)
         [7] _run_suite (/home/runner/work/redwall-rts/redwall-rts/tools/ci_test_shard_runner.gd:30)
         [8] _run_worker (res://test/run_tests.gd:121)
         [9] _initialize (res://test/run_tests.gd:108)
TOLERATED WARNING: sound cue warning: 1 of 1 files missing (res://demo/assets/sound/warning_01.ogg); it plays silent until they are staged
     at: push_warning (core/variant/variant_utility.cpp:1033)
     GDScript backtrace (most recent call first):
         [0] _load_row (res://demo/sound/sound_table.gd:153)
         [1] load_streams (res://demo/sound/sound_table.gd:134)
         [2] warm (res://demo/sound/sound_director.gd:121)
         [3] _crowd (res://test/test_demo_sound_cost.gd:71)
         [4] test_twenty_workers_at_four_x_cost_little_per_frame (res://test/test_demo_sound_cost.gd:118)
         [5] _run_test (res://test/run_tests.gd:194)
         [6] _run_suite (res://test/run_tests.gd:168)
         [7] _run_suite (/home/runner/work/redwall-rts/redwall-rts/tools/ci_test_shard_runner.gd:30)
         [8] _run_worker (res://test/run_tests.gd:121)
         [9] _initialize (res://test/run_tests.gd:108)
TOLERATED WARNING: sound cue complete: 1 of 1 files missing (res://demo/assets/sound/complete_01.ogg); it plays silent until they are staged
     at: push_warning (core/variant/variant_utility.cpp:1033)
     GDScript backtrace (most recent call first):
         [0] _load_row (res://demo/sound/sound_table.gd:153)
         [1] load_streams (res://demo/sound/sound_table.gd:134)
         [2] warm (res://demo/sound/sound_director.gd:121)
         [3] _crowd (res://test/test_demo_sound_cost.gd:71)
         [4] test_twenty_workers_at_four_x_cost_little_per_frame (res://test/test_demo_sound_cost.gd:118)
         [5] _run_test (res://test/run_tests.gd:194)
         [6] _run_suite (res://test/run_tests.gd:168)
         [7] _run_suite (/home/runner/work/redwall-rts/redwall-rts/tools/ci_test_shard_runner.gd:30)
         [8] _run_worker (res://test/run_tests.gd:121)
         [9] _initialize (res://test/run_tests.gd:108)
TOLERATED WARNING: sound cue ui_click: 1 of 1 files missing (res://demo/assets/sound/ui_click_01.ogg); it plays silent until they are staged
     at: push_warning (core/variant/variant_utility.cpp:1033)
     GDScript backtrace (most recent call first):
         [0] _load_row (res://demo/sound/sound_table.gd:153)
         [1] load_streams (res://demo/sound/sound_table.gd:134)
         [2] warm (res://demo/sound/sound_director.gd:121)
         [3] _crowd (res://test/test_demo_sound_cost.gd:71)
         [4] test_twenty_workers_at_four_x_cost_little_per_frame (res://test/test_demo_sound_cost.gd:118)
         [5] _run_test (res://test/run_tests.gd:194)
         [6] _run_suite (res://test/run_tests.gd:168)
         [7] _run_suite (/home/runner/work/redwall-rts/redwall-rts/tools/ci_test_shard_runner.gd:30)
         [8] _run_worker (res://test/run_tests.gd:121)
         [9] _initialize (res://test/run_tests.gd:108)
SOUND-COST the boot prewarm step (streams and the path grid): 35585 us
SOUND-COST 20 workers at 4x: p50 88 us, p95 178 us, p99 202 us, max 388 us; 2678 events, 196 played, 2146 folded
  PASS  test_twenty_workers_at_four_x_cost_little_per_frame
CI_SUITE_TIME {"assertions":19,"failures":0,"suite":"test_demo_sound_cost.gd","tests":1,"usec":1406049}
test_demo_underground_view.gd
  PASS  test_the_layer_masks
  PASS  test_set_layers_walks_the_tree_and_skips_one_branch
TOLERATED ERROR: Condition "!is_inside_tree()" is true. Returning: Transform3D()
   at: get_global_transform (scene/3d/node_3d.cpp:649)
   GDScript backtrace (most recent call first):
       [0] _light (res://demo/burrow/fixture_view.gd:378)
       [1] refresh (res://demo/burrow/fixture_view.gd:173)
       [2] _process (res://demo/tunnel/tunnel_ext.gd:399)
       [3] _frame (res://test/test_demo_underground_view.gd:202)
       [4] _dig (res://test/test_demo_underground_view.gd:122)
       [5] test_every_drawn_node_is_on_exactly_one_view_and_the_surface_stays_up (res://test/test_demo_underground_view.gd:270)
       [6] _run_test (res://test/run_tests.gd:194)
       [7] _run_suite (res://test/run_tests.gd:168)
       [8] _run_suite (/home/runner/work/redwall-rts/redwall-rts/tools/ci_test_shard_runner.gd:30)
       [9] _run_worker (res://test/run_tests.gd:121)
       [10] _initialize (res://test/run_tests.gd:108)
TOLERATED ERROR: Condition "!is_inside_tree()" is true. Returning: Transform3D()
   at: get_global_transform (scene/3d/node_3d.cpp:649)
   GDScript backtrace (most recent call first):
       [0] _place_rings (res://demo/control/demo_command.gd:815)
       [1] _frame (res://test/test_demo_underground_view.gd:204)
       [2] _dig (res://test/test_demo_underground_view.gd:122)
       [3] test_every_drawn_node_is_on_exactly_one_view_and_the_surface_stays_up (res://test/test_demo_underground_view.gd:270)
       [4] _run_test (res://test/run_tests.gd:194)
       [5] _run_suite (res://test/run_tests.gd:168)
       [6] _run_suite (/home/runner/work/redwall-rts/redwall-rts/tools/ci_test_shard_runner.gd:30)
       [7] _run_worker (res://test/run_tests.gd:121)
       [8] _initialize (res://test/run_tests.gd:108)
  PASS  test_every_drawn_node_is_on_exactly_one_view_and_the_surface_stays_up
TOLERATED ERROR: Condition "!is_inside_tree()" is true. Returning: Transform3D()
   at: get_global_transform (scene/3d/node_3d.cpp:649)
   GDScript backtrace (most recent call first):
       [0] _light (res://demo/burrow/fixture_view.gd:378)
       [1] refresh (res://demo/burrow/fixture_view.gd:173)
       [2] _process (res://demo/tunnel/tunnel_ext.gd:399)
       [3] _frame (res://test/test_demo_underground_view.gd:202)
       [4] _dig (res://test/test_demo_underground_view.gd:122)
       [5] test_no_transparency_or_material_is_written_by_twenty_switches (res://test/test_demo_underground_view.gd:325)
       [6] _run_test (res://test/run_tests.gd:194)
       [7] _run_suite (res://test/run_tests.gd:168)
       [8] _run_suite (/home/runner/work/redwall-rts/redwall-rts/tools/ci_test_shard_runner.gd:30)
       [9] _run_worker (res://test/run_tests.gd:121)
       [10] _initialize (res://test/run_tests.gd:108)
TOLERATED ERROR: Condition "!is_inside_tree()" is true. Returning: Transform3D()
   at: get_global_transform (scene/3d/node_3d.cpp:649)
   GDScript backtrace (most recent call first):
       [0] _place_rings (res://demo/control/demo_command.gd:815)
       [1] _frame (res://test/test_demo_underground_view.gd:204)
       [2] _dig (res://test/test_demo_underground_view.gd:122)
       [3] test_no_transparency_or_material_is_written_by_twenty_switches (res://test/test_demo_underground_view.gd:325)
       [4] _run_test (res://test/run_tests.gd:194)
       [5] _run_suite (res://test/run_tests.gd:168)
       [6] _run_suite (/home/runner/work/redwall-rts/redwall-rts/tools/ci_test_shard_runner.gd:30)
       [7] _run_worker (res://test/run_tests.gd:121)
       [8] _initialize (res://test/run_tests.gd:108)
TOLERATED ERROR: Condition "!is_inside_tree()" is true. Returning: Transform3D()
   at: get_global_transform (scene/3d/node_3d.cpp:649)
   GDScript backtrace (most recent call first):
       [0] _place_rings (res://demo/control/demo_command.gd:815)
       [1] _frame (res://test/test_demo_underground_view.gd:204)
       [2] test_no_transparency_or_material_is_written_by_twenty_switches (res://test/test_demo_underground_view.gd:334)
       [3] _run_test (res://test/run_tests.gd:194)
       [4] _run_suite (res://test/run_tests.gd:168)
       [5] _run_suite (/home/runner/work/redwall-rts/redwall-rts/tools/ci_test_shard_runner.gd:30)
       [6] _run_worker (res://test/run_tests.gd:121)
       [7] _initialize (res://test/run_tests.gd:108)
TOLERATED ERROR: Condition "!is_inside_tree()" is true. Returning: Transform3D()
   at: get_global_transform (scene/3d/node_3d.cpp:649)
   GDScript backtrace (most recent call first):
       [0] _place_rings (res://demo/control/demo_command.gd:815)
       [1] _frame (res://test/test_demo_underground_view.gd:204)
       [2] test_no_transparency_or_material_is_written_by_twenty_switches (res://test/test_demo_underground_view.gd:334)
       [3] _run_test (res://test/run_tests.gd:194)
       [4] _run_suite (res://test/run_tests.gd:168)
       [5] _run_suite (/home/runner/work/redwall-rts/redwall-rts/tools/ci_test_shard_runner.gd:30)
       [6] _run_worker (res://test/run_tests.gd:121)
       [7] _initialize (res://test/run_tests.gd:108)
TOLERATED ERROR: Condition "!is_inside_tree()" is true. Returning: Transform3D()
   at: get_global_transform (scene/3d/node_3d.cpp:649)
   GDScript backtrace (most recent call first):
       [0] _place_rings (res://demo/control/demo_command.gd:815)
       [1] _frame (res://test/test_demo_underground_view.gd:204)
       [2] test_no_transparency_or_material_is_written_by_twenty_switches (res://test/test_demo_underground_view.gd:334)
       [3] _run_test (res://test/run_tests.gd:194)
       [4] _run_suite (res://test/run_tests.gd:168)
       [5] _run_suite (/home/runner/work/redwall-rts/redwall-rts/tools/ci_test_shard_runner.gd:30)
       [6] _run_worker (res://test/run_tests.gd:121)
       [7] _initialize (res://test/run_tests.gd:108)
TOLERATED ERROR: Condition "!is_inside_tree()" is true. Returning: Transform3D()
   at: get_global_transform (scene/3d/node_3d.cpp:649)
   GDScript backtrace (most recent call first):
       [0] _place_rings (res://demo/control/demo_command.gd:815)
       [1] _frame (res://test/test_demo_underground_view.gd:204)
       [2] test_no_transparency_or_material_is_written_by_twenty_switches (res://test/test_demo_underground_view.gd:334)
       [3] _run_test (res://test/run_tests.gd:194)
       [4] _run_suite (res://test/run_tests.gd:168)
       [5] _run_suite (/home/runner/work/redwall-rts/redwall-rts/tools/ci_test_shard_runner.gd:30)
       [6] _run_worker (res://test/run_tests.gd:121)
       [7] _initialize (res://test/run_tests.gd:108)
TOLERATED ERROR: Condition "!is_inside_tree()" is true. Returning: Transform3D()
   at: get_global_transform (scene/3d/node_3d.cpp:649)
   GDScript backtrace (most recent call first):
       [0] _place_rings (res://demo/control/demo_command.gd:815)
       [1] _frame (res://test/test_demo_underground_view.gd:204)
       [2] test_no_transparency_or_material_is_written_by_twenty_switches (res://test/test_demo_underground_view.gd:334)
       [3] _run_test (res://test/run_tests.gd:194)
       [4] _run_suite (res://test/run_tests.gd:168)
       [5] _run_suite (/home/runner/work/redwall-rts/redwall-rts/tools/ci_test_shard_runner.gd:30)
       [6] _run_worker (res://test/run_tests.gd:121)
       [7] _initialize (res://test/run_tests.gd:108)
TOLERATED ERROR: Condition "!is_inside_tree()" is true. Returning: Transform3D()
   at: get_global_transform (scene/3d/node_3d.cpp:649)
   GDScript backtrace (most recent call first):
       [0] _place_rings (res://demo/control/demo_command.gd:815)
       [1] _frame (res://test/test_demo_underground_view.gd:204)
       [2] test_no_transparency_or_material_is_written_by_twenty_switches (res://test/test_demo_underground_view.gd:334)
       [3] _run_test (res://test/run_tests.gd:194)
       [4] _run_suite (res://test/run_tests.gd:168)
       [5] _run_suite (/home/runner/work/redwall-rts/redwall-rts/tools/ci_test_shard_runner.gd:30)
       [6] _run_worker (res://test/run_tests.gd:121)
       [7] _initialize (res://test/run_tests.gd:108)
TOLERATED ERROR: Condition "!is_inside_tree()" is true. Returning: Transform3D()
   at: get_global_transform (scene/3d/node_3d.cpp:649)
   GDScript backtrace (most recent call first):
       [0] _place_rings (res://demo/control/demo_command.gd:815)
       [1] _frame (res://test/test_demo_underground_view.gd:204)
       [2] test_no_transparency_or_material_is_written_by_twenty_switches (res://test/test_demo_underground_view.gd:334)
       [3] _run_test (res://test/run_tests.gd:194)
       [4] _run_suite (res://test/run_tests.gd:168)
       [5] _run_suite (/home/runner/work/redwall-rts/redwall-rts/tools/ci_test_shard_runner.gd:30)
       [6] _run_worker (res://test/run_tests.gd:121)
       [7] _initialize (res://test/run_tests.gd:108)
TOLERATED ERROR: Condition "!is_inside_tree()" is true. Returning: Transform3D()
   at: get_global_transform (scene/3d/node_3d.cpp:649)
   GDScript backtrace (most recent call first):
       [0] _place_rings (res://demo/control/demo_command.gd:815)
       [1] _frame (res://test/test_demo_underground_view.gd:204)
       [2] test_no_transparency_or_material_is_written_by_twenty_switches (res://test/test_demo_underground_view.gd:334)
       [3] _run_test (res://test/run_tests.gd:194)
       [4] _run_suite (res://test/run_tests.gd:168)
       [5] _run_suite (/home/runner/work/redwall-rts/redwall-rts/tools/ci_test_shard_runner.gd:30)
       [6] _run_worker (res://test/run_tests.gd:121)
       [7] _initialize (res://test/run_tests.gd:108)
TOLERATED ERROR: Condition "!is_inside_tree()" is true. Returning: Transform3D()
   at: get_global_transform (scene/3d/node_3d.cpp:649)
   GDScript backtrace (most recent call first):
       [0] _place_rings (res://demo/control/demo_command.gd:815)
       [1] _frame (res://test/test_demo_underground_view.gd:204)
       [2] test_no_transparency_or_material_is_written_by_twenty_switches (res://test/test_demo_underground_view.gd:334)
       [3] _run_test (res://test/run_tests.gd:194)
       [4] _run_suite (res://test/run_tests.gd:168)
       [5] _run_suite (/home/runner/work/redwall-rts/redwall-rts/tools/ci_test_shard_runner.gd:30)
       [6] _run_worker (res://test/run_tests.gd:121)
       [7] _initialize (res://test/run_tests.gd:108)
TOLERATED ERROR: Condition "!is_inside_tree()" is true. Returning: Transform3D()
   at: get_global_transform (scene/3d/node_3d.cpp:649)
   GDScript backtrace (most recent call first):
       [0] _place_rings (res://demo/control/demo_command.gd:815)
       [1] _frame (res://test/test_demo_underground_view.gd:204)
       [2] test_no_transparency_or_material_is_written_by_twenty_switches (res://test/test_demo_underground_view.gd:334)
       [3] _run_test (res://test/run_tests.gd:194)
       [4] _run_suite (res://test/run_tests.gd:168)
       [5] _run_suite (/home/runner/work/redwall-rts/redwall-rts/tools/ci_test_shard_runner.gd:30)
       [6] _run_worker (res://test/run_tests.gd:121)
       [7] _initialize (res://test/run_tests.gd:108)
TOLERATED ERROR: Condition "!is_inside_tree()" is true. Returning: Transform3D()
   at: get_global_transform (scene/3d/node_3d.cpp:649)
   GDScript backtrace (most recent call first):
       [0] _place_rings (res://demo/control/demo_command.gd:815)
       [1] _frame (res://test/test_demo_underground_view.gd:204)
       [2] test_no_transparency_or_material_is_written_by_twenty_switches (res://test/test_demo_underground_view.gd:334)
       [3] _run_test (res://test/run_tests.gd:194)
       [4] _run_suite (res://test/run_tests.gd:168)
       [5] _run_suite (/home/runner/work/redwall-rts/redwall-rts/tools/ci_test_shard_runner.gd:30)
       [6] _run_worker (res://test/run_tests.gd:121)
       [7] _initialize (res://test/run_tests.gd:108)
TOLERATED ERROR: Condition "!is_inside_tree()" is true. Returning: Transform3D()
   at: get_global_transform (scene/3d/node_3d.cpp:649)
   GDScript backtrace (most recent call first):
       [0] _place_rings (res://demo/control/demo_command.gd:815)
       [1] _frame (res://test/test_demo_underground_view.gd:204)
       [2] test_no_transparency_or_material_is_written_by_twenty_switches (res://test/test_demo_underground_view.gd:334)
       [3] _run_test (res://test/run_tests.gd:194)
       [4] _run_suite (res://test/run_tests.gd:168)
       [5] _run_suite (/home/runner/work/redwall-rts/redwall-rts/tools/ci_test_shard_runner.gd:30)
       [6] _run_worker (res://test/run_tests.gd:121)
       [7] _initialize (res://test/run_tests.gd:108)
TOLERATED ERROR: Condition "!is_inside_tree()" is true. Returning: Transform3D()
   at: get_global_transform (scene/3d/node_3d.cpp:649)
   GDScript backtrace (most recent call first):
       [0] _place_rings (res://demo/control/demo_command.gd:815)
       [1] _frame (res://test/test_demo_underground_view.gd:204)
       [2] test_no_transparency_or_material_is_written_by_twenty_switches (res://test/test_demo_underground_view.gd:334)
       [3] _run_test (res://test/run_tests.gd:194)
       [4] _run_suite (res://test/run_tests.gd:168)
       [5] _run_suite (/home/runner/work/redwall-rts/redwall-rts/tools/ci_test_shard_runner.gd:30)
       [6] _run_worker (res://test/run_tests.gd:121)
       [7] _initialize (res://test/run_tests.gd:108)
TOLERATED ERROR: Condition "!is_inside_tree()" is true. Returning: Transform3D()
   at: get_global_transform (scene/3d/node_3d.cpp:649)
   GDScript backtrace (most recent call first):
       [0] _place_rings (res://demo/control/demo_command.gd:815)
       [1] _frame (res://test/test_demo_underground_view.gd:204)
       [2] test_no_transparency_or_material_is_written_by_twenty_switches (res://test/test_demo_underground_view.gd:334)
       [3] _run_test (res://test/run_tests.gd:194)
       [4] _run_suite (res://test/run_tests.gd:168)
       [5] _run_suite (/home/runner/work/redwall-rts/redwall-rts/tools/ci_test_shard_runner.gd:30)
       [6] _run_worker (res://test/run_tests.gd:121)
       [7] _initialize (res://test/run_tests.gd:108)
TOLERATED ERROR: Condition "!is_inside_tree()" is true. Returning: Transform3D()
   at: get_global_transform (scene/3d/node_3d.cpp:649)
   GDScript backtrace (most recent call first):
       [0] _place_rings (res://demo/control/demo_command.gd:815)
       [1] _frame (res://test/test_demo_underground_view.gd:204)
       [2] test_no_transparency_or_material_is_written_by_twenty_switches (res://test/test_demo_underground_view.gd:334)
       [3] _run_test (res://test/run_tests.gd:194)
       [4] _run_suite (res://test/run_tests.gd:168)
       [5] _run_suite (/home/runner/work/redwall-rts/redwall-rts/tools/ci_test_shard_runner.gd:30)
       [6] _run_worker (res://test/run_tests.gd:121)
       [7] _initialize (res://test/run_tests.gd:108)
TOLERATED ERROR: Condition "!is_inside_tree()" is true. Returning: Transform3D()
   at: get_global_transform (scene/3d/node_3d.cpp:649)
   GDScript backtrace (most recent call first):
       [0] _place_rings (res://demo/control/demo_command.gd:815)
       [1] _frame (res://test/test_demo_underground_view.gd:204)
       [2] test_no_transparency_or_material_is_written_by_twenty_switches (res://test/test_demo_underground_view.gd:334)
       [3] _run_test (res://test/run_tests.gd:194)
       [4] _run_suite (res://test/run_tests.gd:168)
       [5] _run_suite (/home/runner/work/redwall-rts/redwall-rts/tools/ci_test_shard_runner.gd:30)
       [6] _run_worker (res://test/run_tests.gd:121)
       [7] _initialize (res://test/run_tests.gd:108)
TOLERATED ERROR: Condition "!is_inside_tree()" is true. Returning: Transform3D()
   at: get_global_transform (scene/3d/node_3d.cpp:649)
   GDScript backtrace (most recent call first):
       [0] _place_rings (res://demo/control/demo_command.gd:815)
       [1] _frame (res://test/test_demo_underground_view.gd:204)
       [2] test_no_transparency_or_material_is_written_by_twenty_switches (res://test/test_demo_underground_view.gd:334)
       [3] _run_test (res://test/run_tests.gd:194)
       [4] _run_suite (res://test/run_tests.gd:168)
       [5] _run_suite (/home/runner/work/redwall-rts/redwall-rts/tools/ci_test_shard_runner.gd:30)
       [6] _run_worker (res://test/run_tests.gd:121)
       [7] _initialize (res://test/run_tests.gd:108)
TOLERATED ERROR: Condition "!is_inside_tree()" is true. Returning: Transform3D()
   at: get_global_transform (scene/3d/node_3d.cpp:649)
   GDScript backtrace (most recent call first):
       [0] _place_rings (res://demo/control/demo_command.gd:815)
       [1] _frame (res://test/test_demo_underground_view.gd:204)
       [2] test_no_transparency_or_material_is_written_by_twenty_switches (res://test/test_demo_underground_view.gd:334)
       [3] _run_test (res://test/run_tests.gd:194)
       [4] _run_suite (res://test/run_tests.gd:168)
       [5] _run_suite (/home/runner/work/redwall-rts/redwall-rts/tools/ci_test_shard_runner.gd:30)
       [6] _run_worker (res://test/run_tests.gd:121)
       [7] _initialize (res://test/run_tests.gd:108)
TOLERATED ERROR: Condition "!is_inside_tree()" is true. Returning: Transform3D()
   at: get_global_transform (scene/3d/node_3d.cpp:649)
   GDScript backtrace (most recent call first):
       [0] _place_rings (res://demo/control/demo_command.gd:815)
       [1] _frame (res://test/test_demo_underground_view.gd:204)
       [2] test_no_transparency_or_material_is_written_by_twenty_switches (res://test/test_demo_underground_view.gd:334)
       [3] _run_test (res://test/run_tests.gd:194)
       [4] _run_suite (res://test/run_tests.gd:168)
       [5] _run_suite (/home/runner/work/redwall-rts/redwall-rts/tools/ci_test_shard_runner.gd:30)
       [6] _run_worker (res://test/run_tests.gd:121)
       [7] _initialize (res://test/run_tests.gd:108)
TOLERATED ERROR: Condition "!is_inside_tree()" is true. Returning: Transform3D()
   at: get_global_transform (scene/3d/node_3d.cpp:649)
   GDScript backtrace (most recent call first):
       [0] _place_rings (res://demo/control/demo_command.gd:815)
       [1] _frame (res://test/test_demo_underground_view.gd:204)
       [2] test_no_transparency_or_material_is_written_by_twenty_switches (res://test/test_demo_underground_view.gd:334)
       [3] _run_test (res://test/run_tests.gd:194)
       [4] _run_suite (res://test/run_tests.gd:168)
       [5] _run_suite (/home/runner/work/redwall-rts/redwall-rts/tools/ci_test_shard_runner.gd:30)
       [6] _run_worker (res://test/run_tests.gd:121)
       [7] _initialize (res://test/run_tests.gd:108)
  PASS  test_no_transparency_or_material_is_written_by_twenty_switches
TOLERATED ERROR: Condition "!is_inside_tree()" is true. Returning: Transform3D()
   at: get_global_transform (scene/3d/node_3d.cpp:649)
   GDScript backtrace (most recent call first):
       [0] _light (res://demo/burrow/fixture_view.gd:378)
       [1] refresh (res://demo/burrow/fixture_view.gd:173)
       [2] _process (res://demo/tunnel/tunnel_ext.gd:399)
       [3] _frame (res://test/test_demo_underground_view.gd:202)
       [4] _dig (res://test/test_demo_underground_view.gd:122)
       [5] test_the_prewarm_registry_covers_every_underground_material (res://test/test_demo_underground_view.gd:399)
       [6] _run_test (res://test/run_tests.gd:194)
       [7] _run_suite (res://test/run_tests.gd:168)
       [8] _run_suite (/home/runner/work/redwall-rts/redwall-rts/tools/ci_test_shard_runner.gd:30)
       [9] _run_worker (res://test/run_tests.gd:121)
       [10] _initialize (res://test/run_tests.gd:108)
TOLERATED ERROR: Condition "!is_inside_tree()" is true. Returning: Transform3D()
   at: get_global_transform (scene/3d/node_3d.cpp:649)
   GDScript backtrace (most recent call first):
       [0] _place_rings (res://demo/control/demo_command.gd:815)
       [1] _frame (res://test/test_demo_underground_view.gd:204)
       [2] _dig (res://test/test_demo_underground_view.gd:122)
       [3] test_the_prewarm_registry_covers_every_underground_material (res://test/test_demo_underground_view.gd:399)
       [4] _run_test (res://test/run_tests.gd:194)
       [5] _run_suite (res://test/run_tests.gd:168)
       [6] _run_suite (/home/runner/work/redwall-rts/redwall-rts/tools/ci_test_shard_runner.gd:30)
       [7] _run_worker (res://test/run_tests.gd:121)
       [8] _initialize (res://test/run_tests.gd:108)
  PASS  test_the_prewarm_registry_covers_every_underground_material
  PASS  test_the_registry_answers_by_material_and_label_style
  PASS  test_the_prewarm_draws_a_sample_of_everything_then_gives_the_view_back
TOLERATED ERROR: Condition "!is_inside_tree()" is true. Returning: Transform3D()
   at: get_global_transform (scene/3d/node_3d.cpp:649)
   GDScript backtrace (most recent call first):
       [0] _light (res://demo/burrow/fixture_view.gd:378)
       [1] refresh (res://demo/burrow/fixture_view.gd:173)
       [2] _process (res://demo/tunnel/tunnel_ext.gd:399)
       [3] _frame (res://test/test_demo_underground_view.gd:202)
       [4] _dig (res://test/test_demo_underground_view.gd:122)
       [5] test_the_cap_opens_over_a_dug_bore_and_room_only (res://test/test_demo_underground_view.gd:484)
       [6] _run_test (res://test/run_tests.gd:194)
       [7] _run_suite (res://test/run_tests.gd:168)
       [8] _run_suite (/home/runner/work/redwall-rts/redwall-rts/tools/ci_test_shard_runner.gd:30)
       [9] _run_worker (res://test/run_tests.gd:121)
       [10] _initialize (res://test/run_tests.gd:108)
TOLERATED ERROR: Condition "!is_inside_tree()" is true. Returning: Transform3D()
   at: get_global_transform (scene/3d/node_3d.cpp:649)
   GDScript backtrace (most recent call first):
       [0] _place_rings (res://demo/control/demo_command.gd:815)
       [1] _frame (res://test/test_demo_underground_view.gd:204)
       [2] _dig (res://test/test_demo_underground_view.gd:122)
       [3] test_the_cap_opens_over_a_dug_bore_and_room_only (res://test/test_demo_underground_view.gd:484)
       [4] _run_test (res://test/run_tests.gd:194)
       [5] _run_suite (res://test/run_tests.gd:168)
       [6] _run_suite (/home/runner/work/redwall-rts/redwall-rts/tools/ci_test_shard_runner.gd:30)
       [7] _run_worker (res://test/run_tests.gd:121)
       [8] _initialize (res://test/run_tests.gd:108)
  PASS  test_the_cap_opens_over_a_dug_bore_and_room_only
TOLERATED ERROR: Condition "!is_inside_tree()" is true. Returning: Transform3D()
   at: get_global_transform (scene/3d/node_3d.cpp:649)
   GDScript backtrace (most recent call first):
       [0] _light (res://demo/burrow/fixture_view.gd:378)
       [1] refresh (res://demo/burrow/fixture_view.gd:173)
       [2] _process (res://demo/tunnel/tunnel_ext.gd:399)
       [3] _frame (res://test/test_demo_underground_view.gd:202)
       [4] _dig (res://test/test_demo_underground_view.gd:122)
       [5] test_a_room_s_mound_wears_the_village_ground (res://test/test_demo_underground_view.gd:507)
       [6] _run_test (res://test/run_tests.gd:194)
       [7] _run_suite (res://test/run_tests.gd:168)
       [8] _run_suite (/home/runner/work/redwall-rts/redwall-rts/tools/ci_test_shard_runner.gd:30)
       [9] _run_worker (res://test/run_tests.gd:121)
       [10] _initialize (res://test/run_tests.gd:108)
TOLERATED ERROR: Condition "!is_inside_tree()" is true. Returning: Transform3D()
   at: get_global_transform (scene/3d/node_3d.cpp:649)
   GDScript backtrace (most recent call first):
       [0] _place_rings (res://demo/control/demo_command.gd:815)
       [1] _frame (res://test/test_demo_underground_view.gd:204)
       [2] _dig (res://test/test_demo_underground_view.gd:122)
       [3] test_a_room_s_mound_wears_the_village_ground (res://test/test_demo_underground_view.gd:507)
       [4] _run_test (res://test/run_tests.gd:194)
       [5] _run_suite (res://test/run_tests.gd:168)
       [6] _run_suite (/home/runner/work/redwall-rts/redwall-rts/tools/ci_test_shard_runner.gd:30)
       [7] _run_worker (res://test/run_tests.gd:121)
       [8] _initialize (res://test/run_tests.gd:108)
  PASS  test_a_room_s_mound_wears_the_village_ground
  PASS  test_the_cap_marks_water_footings_and_roots
  PASS  test_a_footing_is_its_circle_and_a_half_bore
  PASS  test_the_void_disc_is_the_bore_width
  PASS  test_a_tunnel_being_dug_opens_the_cap_up_to_its_face_only
  PASS  test_a_dig_face_opens_only_the_half_behind_it
  PASS  test_the_pick_plane_lands_on_the_floor_point_under_the_pointer
  PASS  test_in_the_u_view_a_surface_resident_is_picked_at_its_marker
TOLERATED ERROR: Condition "!is_inside_tree()" is true. Returning: Transform3D()
   at: get_global_transform (scene/3d/node_3d.cpp:649)
   GDScript backtrace (most recent call first):
       [0] _place_rings (res://demo/control/demo_command.gd:815)
       [1] test_the_u_views_marks_are_drawn_over_the_cap_on_its_own_layer (res://test/test_demo_underground_view.gd:667)
       [2] _run_test (res://test/run_tests.gd:194)
       [3] _run_suite (res://test/run_tests.gd:168)
       [4] _run_suite (/home/runner/work/redwall-rts/redwall-rts/tools/ci_test_shard_runner.gd:30)
       [5] _run_worker (res://test/run_tests.gd:121)
       [6] _initialize (res://test/run_tests.gd:108)
  PASS  test_the_u_views_marks_are_drawn_over_the_cap_on_its_own_layer
  PASS  test_the_u_view_keeps_releases_and_keys_for_the_surface_tools
  PASS  test_the_views_plane_is_where_a_ray_lands
  PASS  test_the_sun_lights_only_the_surface_and_the_fill_light_only_below
TOLERATED ERROR: Camera is not inside scene.
   at: project_ray_origin (scene/3d/camera_3d.cpp:430)
   GDScript backtrace (most recent call first):
       [0] pick (res://demo/control/demo_command.gd:663)
       [1] _finish_select (res://demo/control/demo_command.gd:542)
       [2] test_the_u_view_does_not_hand_clicks_to_surface_handlers (res://test/test_demo_underground_view.gd:745)
       [3] _run_test (res://test/run_tests.gd:194)
       [4] _run_suite (res://test/run_tests.gd:168)
       [5] _run_suite (/home/runner/work/redwall-rts/redwall-rts/tools/ci_test_shard_runner.gd:30)
       [6] _run_worker (res://test/run_tests.gd:121)
       [7] _initialize (res://test/run_tests.gd:108)
TOLERATED ERROR: Camera is not inside scene.
   at: project_local_ray_normal (scene/3d/camera_3d.cpp:412)
   GDScript backtrace (most recent call first):
       [0] pick (res://demo/control/demo_command.gd:664)
       [1] _finish_select (res://demo/control/demo_command.gd:542)
       [2] test_the_u_view_does_not_hand_clicks_to_surface_handlers (res://test/test_demo_underground_view.gd:745)
       [3] _run_test (res://test/run_tests.gd:194)
       [4] _run_suite (res://test/run_tests.gd:168)
       [5] _run_suite (/home/runner/work/redwall-rts/redwall-rts/tools/ci_test_shard_runner.gd:30)
       [6] _run_worker (res://test/run_tests.gd:121)
       [7] _initialize (res://test/run_tests.gd:108)
TOLERATED ERROR: Condition "!is_inside_tree()" is true. Returning: Transform3D()
   at: get_global_transform (scene/3d/node_3d.cpp:649)
   GDScript backtrace (most recent call first):
       [0] pick (res://demo/control/demo_command.gd:664)
       [1] _finish_select (res://demo/control/demo_command.gd:542)
       [2] test_the_u_view_does_not_hand_clicks_to_surface_handlers (res://test/test_demo_underground_view.gd:745)
       [3] _run_test (res://test/run_tests.gd:194)
       [4] _run_suite (res://test/run_tests.gd:168)
       [5] _run_suite (/home/runner/work/redwall-rts/redwall-rts/tools/ci_test_shard_runner.gd:30)
       [6] _run_worker (res://test/run_tests.gd:121)
       [7] _initialize (res://test/run_tests.gd:108)
TOLERATED ERROR: Camera is not inside scene.
   at: project_ray_origin (scene/3d/camera_3d.cpp:430)
   GDScript backtrace (most recent call first):
       [0] ground_at (res://demo/tunnel/tunnel_view.gd:318)
       [1] _ground_at (res://demo/tunnel/tunnel_ext.gd:450)
       [2] select_at_screen (res://demo/tunnel/tunnel_ext.gd:461)
       [3] select_tunnel_at (res://demo/tunnel/tunnel_control.gd:1176)
       [4] _finish_select (res://demo/control/demo_command.gd:547)
       [5] test_the_u_view_does_not_hand_clicks_to_surface_handlers (res://test/test_demo_underground_view.gd:745)
       [6] _run_test (res://test/run_tests.gd:194)
       [7] _run_suite (res://test/run_tests.gd:168)
       [8] _run_suite (/home/runner/work/redwall-rts/redwall-rts/tools/ci_test_shard_runner.gd:30)
       [9] _run_worker (res://test/run_tests.gd:121)
       [10] _initialize (res://test/run_tests.gd:108)
TOLERATED ERROR: Camera is not inside scene.
   at: project_local_ray_normal (scene/3d/camera_3d.cpp:412)
   GDScript backtrace (most recent call first):
       [0] ground_at (res://demo/tunnel/tunnel_view.gd:318)
       [1] _ground_at (res://demo/tunnel/tunnel_ext.gd:450)
       [2] select_at_screen (res://demo/tunnel/tunnel_ext.gd:461)
       [3] select_tunnel_at (res://demo/tunnel/tunnel_control.gd:1176)
       [4] _finish_select (res://demo/control/demo_command.gd:547)
       [5] test_the_u_view_does_not_hand_clicks_to_surface_handlers (res://test/test_demo_underground_view.gd:745)
       [6] _run_test (res://test/run_tests.gd:194)
       [7] _run_suite (res://test/run_tests.gd:168)
       [8] _run_suite (/home/runner/work/redwall-rts/redwall-rts/tools/ci_test_shard_runner.gd:30)
       [9] _run_worker (res://test/run_tests.gd:121)
       [10] _initialize (res://test/run_tests.gd:108)
TOLERATED ERROR: Condition "!is_inside_tree()" is true. Returning: Transform3D()
   at: get_global_transform (scene/3d/node_3d.cpp:649)
   GDScript backtrace (most recent call first):
       [0] ground_at (res://demo/tunnel/tunnel_view.gd:318)
       [1] _ground_at (res://demo/tunnel/tunnel_ext.gd:450)
       [2] select_at_screen (res://demo/tunnel/tunnel_ext.gd:461)
       [3] select_tunnel_at (res://demo/tunnel/tunnel_control.gd:1176)
       [4] _finish_select (res://demo/control/demo_command.gd:547)
       [5] test_the_u_view_does_not_hand_clicks_to_surface_handlers (res://test/test_demo_underground_view.gd:745)
       [6] _run_test (res://test/run_tests.gd:194)
       [7] _run_suite (res://test/run_tests.gd:168)
       [8] _run_suite (/home/runner/work/redwall-rts/redwall-rts/tools/ci_test_shard_runner.gd:30)
       [9] _run_worker (res://test/run_tests.gd:121)
       [10] _initialize (res://test/run_tests.gd:108)
TOLERATED ERROR: Camera is not inside scene.
   at: project_ray_origin (scene/3d/camera_3d.cpp:430)
   GDScript backtrace (most recent call first):
       [0] order_at (res://demo/control/demo_command.gd:729)
       [1] test_the_u_view_does_not_hand_clicks_to_surface_handlers (res://test/test_demo_underground_view.gd:747)
       [2] _run_test (res://test/run_tests.gd:194)
       [3] _run_suite (res://test/run_tests.gd:168)
       [4] _run_suite (/home/runner/work/redwall-rts/redwall-rts/tools/ci_test_shard_runner.gd:30)
       [5] _run_worker (res://test/run_tests.gd:121)
       [6] _initialize (res://test/run_tests.gd:108)
TOLERATED ERROR: Camera is not inside scene.
   at: project_local_ray_normal (scene/3d/camera_3d.cpp:412)
   GDScript backtrace (most recent call first):
       [0] order_at (res://demo/control/demo_command.gd:729)
       [1] test_the_u_view_does_not_hand_clicks_to_surface_handlers (res://test/test_demo_underground_view.gd:747)
       [2] _run_test (res://test/run_tests.gd:194)
       [3] _run_suite (res://test/run_tests.gd:168)
       [4] _run_suite (/home/runner/work/redwall-rts/redwall-rts/tools/ci_test_shard_runner.gd:30)
       [5] _run_worker (res://test/run_tests.gd:121)
       [6] _initialize (res://test/run_tests.gd:108)
TOLERATED ERROR: Condition "!is_inside_tree()" is true. Returning: Transform3D()
   at: get_global_transform (scene/3d/node_3d.cpp:649)
   GDScript backtrace (most recent call first):
       [0] order_at (res://demo/control/demo_command.gd:729)
       [1] test_the_u_view_does_not_hand_clicks_to_surface_handlers (res://test/test_demo_underground_view.gd:747)
       [2] _run_test (res://test/run_tests.gd:194)
       [3] _run_suite (res://test/run_tests.gd:168)
       [4] _run_suite (/home/runner/work/redwall-rts/redwall-rts/tools/ci_test_shard_runner.gd:30)
       [5] _run_worker (res://test/run_tests.gd:121)
       [6] _initialize (res://test/run_tests.gd:108)
TOLERATED ERROR: Camera is not inside scene.
   at: project_ray_origin (scene/3d/camera_3d.cpp:430)
   GDScript backtrace (most recent call first):
       [0] pick (res://demo/control/demo_command.gd:663)
       [1] _finish_select (res://demo/control/demo_command.gd:542)
       [2] test_the_u_view_does_not_hand_clicks_to_surface_handlers (res://test/test_demo_underground_view.gd:751)
       [3] _run_test (res://test/run_tests.gd:194)
       [4] _run_suite (res://test/run_tests.gd:168)
       [5] _run_suite (/home/runner/work/redwall-rts/redwall-rts/tools/ci_test_shard_runner.gd:30)
       [6] _run_worker (res://test/run_tests.gd:121)
       [7] _initialize (res://test/run_tests.gd:108)
TOLERATED ERROR: Camera is not inside scene.
   at: project_local_ray_normal (scene/3d/camera_3d.cpp:412)
   GDScript backtrace (most recent call first):
       [0] pick (res://demo/control/demo_command.gd:664)
       [1] _finish_select (res://demo/control/demo_command.gd:542)
       [2] test_the_u_view_does_not_hand_clicks_to_surface_handlers (res://test/test_demo_underground_view.gd:751)
       [3] _run_test (res://test/run_tests.gd:194)
       [4] _run_suite (res://test/run_tests.gd:168)
       [5] _run_suite (/home/runner/work/redwall-rts/redwall-rts/tools/ci_test_shard_runner.gd:30)
       [6] _run_worker (res://test/run_tests.gd:121)
       [7] _initialize (res://test/run_tests.gd:108)
TOLERATED ERROR: Condition "!is_inside_tree()" is true. Returning: Transform3D()
   at: get_global_transform (scene/3d/node_3d.cpp:649)
   GDScript backtrace (most recent call first):
       [0] pick (res://demo/control/demo_command.gd:664)
       [1] _finish_select (res://demo/control/demo_command.gd:542)
       [2] test_the_u_view_does_not_hand_clicks_to_surface_handlers (res://test/test_demo_underground_view.gd:751)
       [3] _run_test (res://test/run_tests.gd:194)
       [4] _run_suite (res://test/run_tests.gd:168)
       [5] _run_suite (/home/runner/work/redwall-rts/redwall-rts/tools/ci_test_shard_runner.gd:30)
       [6] _run_worker (res://test/run_tests.gd:121)
       [7] _initialize (res://test/run_tests.gd:108)
  PASS  test_the_u_view_does_not_hand_clicks_to_surface_handlers
  PASS  test_a_resident_changes_layer_going_down_and_up_and_its_parts_follow
CI_SUITE_TIME {"assertions":3516,"failures":0,"suite":"test_demo_underground_view.gd","tests":22,"usec":45787250}
test_demo_water_play.gd
  PASS  test_who_swims_is_the_demo_table_by_species
  PASS  test_fixed_ticks_keep_their_remainder_and_stop_while_paused
  PASS  test_stamina_drain_counts_cold_and_flow
  PASS  test_a_swimmer_makes_good_what_its_speed_leaves_across_the_flow
  PASS  test_a_ferry_heading_angles_into_the_flow_to_hold_its_line
  PASS  test_a_planned_dive_is_admitted_only_with_its_air_and_reserve
  PASS  test_bridge_arithmetic_spans_decks_piers_costs_and_work
  PASS  test_swim_rows_are_seeded_by_species_full_and_on_land
  PASS  test_air_is_spent_below_and_breathed_back_above_on_fixed_ticks
  PASS  test_rest_comes_back_on_land_three_times_as_fast_resting
  PASS  test_tired_and_exhausted_are_latched_once_and_rearm_at_4000
  PASS  test_low_air_and_air_out_are_raised_below_the_surface
  PASS  test_entry_needs_health_seventy_and_no_untreated_injury
  PASS  test_a_hurt_or_weak_swimmer_is_refused_the_water
  PASS  test_a_patient_is_not_drafted_as_a_rescuer
  PASS  test_the_infirmary_answers_the_water_s_fitness
  PASS  test_a_swim_is_refused_naming_its_failed_condition
  PASS  test_blocked_width_is_the_radius_less_the_mouse_wade_ramp
  PASS  test_the_band_walls_off_deep_water_and_leaves_the_ford_open
  PASS  test_swim_links_cross_deep_water_between_dry_land_ends
  PASS  test_a_link_whose_land_end_is_blocked_is_not_published
  PASS  test_the_way_in_weighs_the_walk_against_the_swim
  PASS  test_the_bridge_candidates_are_the_maps_spans_inside_the_area
  PASS  test_the_neck_takes_a_plank_footbridge_without_piers
  PASS  test_a_line_over_two_waters_is_not_one_span
  PASS  test_a_survey_says_why_a_bridge_cannot_stand
  PASS  test_footings_and_decks_keep_clear_and_bridges_apart
  PASS  test_a_bridge_is_built_stage_by_stage_and_opens_with_its_last_wu
  PASS  test_a_deck_stands_on_its_footings_and_a_plank_deck_arches
  PASS  test_crossings_have_their_own_leg_codes_and_a_cap
  PASS  test_the_planning_area_keeps_every_node_inside_it
  PASS  test_the_base_hook_offers_nothing_and_changes_no_walk
  PASS  test_a_swimmer_is_offered_the_links_and_plans_across_the_run
  PASS  test_a_non_swimmer_walks_round_until_a_bridge_opens_then_takes_it
  PASS  test_wading_slows_the_walk_and_puts_the_feet_on_the_bed
  PASS  test_a_swimmer_crosses_on_its_link_in_the_water_and_climbs_out
  PASS  test_a_swim_order_treads_the_spot_then_tires_home
  PASS  test_a_swim_order_refuses_a_non_swimmer_by_name_and_a_tired_one_at_the_water
  PASS  test_a_planned_dive_waits_for_its_air_goes_down_and_brings_up_a_find
  PASS  test_a_diver_hurt_on_the_way_is_refused_at_the_water
  PASS  test_a_diver_hurt_at_the_surface_turns_for_home
  PASS  test_a_dive_turns_back_when_the_air_says_so
  PASS  test_a_swimmer_in_difficulty_is_rescued_at_a_landing_and_rests
  PASS  test_with_no_swimmer_free_a_line_is_thrown_from_the_landing
  PASS  test_the_rescuer_is_the_nearest_by_route_not_by_straight_line
  PASS  test_a_rescuer_the_straight_bound_favours_still_loses_on_its_route
  PASS  test_a_thrower_is_ranked_by_its_route_to_the_landing_and_the_boxed_in_lose
  PASS  test_route_length_sums_the_legs_from_the_start
  PASS  test_a_victim_nobody_reaches_washes_ashore_unhurt
  PASS  test_tiring_on_a_link_turns_back_to_the_nearer_bank
  PASS  test_building_pays_from_the_one_stores_all_or_nothing
  PASS  test_a_log_bridge_takes_a_log_from_the_log_stack_without_a_trunk
  PASS  test_the_builder_fetches_carries_and_builds_to_open
  PASS  test_the_bridgewright_starts_skilled_and_skill_only_changes_the_time
  PASS  test_the_sunken_finds_follow_the_dives_deterministically
  PASS  test_the_walking_area_widens_over_the_water
  PASS  test_the_mill_and_the_bank_props_become_obstacles_on_the_widened_ground
  PASS  test_the_right_column_has_a_water_tab_and_the_feed_a_water_source
  PASS  test_the_water_panel_shows_the_site_and_disables_what_cannot_be_built
  PASS  test_the_party_panel_shows_each_owners_skills_a_line_apiece
  PASS  test_the_overlay_paints_the_zones_for_the_selected_body
  PASS  test_the_actor_loads_the_water_clips
  PASS  test_an_emergency_takes_a_resident_off_its_crossing_where_it_is
  PASS  test_a_walker_wades_the_ford_on_its_bed_at_its_wading_pace
  PASS  test_an_order_in_the_water_swims_ashore_first
  PASS  test_a_flood_sweeps_the_weaker_swimmers_off_their_links
  PASS  test_treading_holds_the_spot_and_drifting_never_goes_ashore
  PASS  test_the_stream_turning_cold_is_announced_once_by_the_day
  PASS  test_an_otter_is_refused_a_dive_where_the_water_is_not_deeper_than_it_is_tall
  PASS  test_a_held_resident_takes_no_order_or_release
  PASS  test_in_the_water_is_off_the_walking_surface_but_not_in_a_bore
  PASS  test_a_waiting_bridge_is_taken_by_the_routine_bridgewright
  PASS  test_a_builder_called_away_leaves_the_bridge_where_it_got_to
  PASS  test_nothing_is_sent_to_stand_in_the_water
  PASS  test_a_resident_let_down_off_a_root_mound_stands_on_the_carved_bank
  PASS  test_a_bridge_is_drawn_stage_by_stage
  PASS  test_swimmers_show_ripples_divers_bubbles_and_a_thrower_its_line
  PASS  test_a_route_through_the_ford_costs_its_wading
  PASS  test_a_tow_goes_to_a_landing_it_can_reach_against_the_flow
  PASS  test_a_site_is_surveyed_again_when_it_or_the_bridges_change
  PASS  test_the_water_panel_is_filled_only_while_it_is_shown
  PASS  test_lookups_refuse_when_there_is_nothing_to_find
  PASS  test_a_rescuer_stands_down_once_its_victim_is_ashore
  PASS  test_a_line_thrower_stands_down_once_its_victim_is_ashore
  PASS  test_a_tow_names_its_landing_at_the_tow_speed
  PASS  test_the_nearest_landing_is_one_that_can_be_stood_on
  PASS  test_the_router_is_handed_the_wading_cost_when_it_plans_with_the_water
  PASS  test_a_selection_ring_sits_on_the_ground_and_never_below_the_surface
  PASS  test_piers_stand_evenly_along_the_deck
  PASS  test_a_rescue_task_whose_victim_is_no_longer_held_ends_where_it_is
  PASS  test_a_selection_ring_is_put_at_its_residents_ground
  PASS  test_the_rescue_tally_is_a_heading_note_and_not_an_alert
  PASS  test_the_site_text_names_the_piers_once
  PASS  test_a_ranking_with_nobody_routable_plans_at_most_its_cap
CI_SUITE_TIME {"assertions":793,"failures":0,"suite":"test_demo_water_play.gd","tests":94,"usec":17216222}
test_demo_water_safety.gd
  PASS  test_consent_turned_off_on_the_way_is_rechecked_at_the_bank
  PASS  test_a_flood_risen_since_planning_turns_a_weak_swimmer_back_at_the_bank
  PASS  test_the_bank_recheck_names_each_failed_condition
  PASS  test_a_swimmer_already_in_the_stream_is_not_pulled_out
  PASS  test_one_dive_at_the_air_boundary_posts_one_low_air_notice
  PASS  test_the_air_advisory_and_air_out_rearm_only_back_at_the_surface
  PASS  test_a_fresh_dive_rearms_the_advisory_even_short_of_600
  PASS  test_two_divers_at_the_boundary_say_low_air_once_each_and_the_history_survives
  PASS  test_a_victim_held_below_says_air_out_once
  PASS  test_a_submerged_victim_gets_the_farther_diver_not_the_nearer_swimmer
  PASS  test_a_rescuer_called_away_frees_the_victim_for_the_next_diver
  PASS  test_a_second_victim_gets_a_stated_fallback_and_nobody_answers_two
  PASS  test_with_no_swimmer_free_a_line_waits_and_a_diver_come_free_takes_over
  PASS  test_with_nobody_able_to_swim_the_safety_net_still_brings_it_ashore
  PASS  test_a_diver_short_of_air_is_passed_over_with_the_reason_until_it_has_breathed
  PASS  test_a_reservation_is_released_only_by_the_rescuer_that_holds_it
  PASS  test_a_rescuer_fetches_only_with_the_air_for_down_up_and_the_reserve
  PASS  test_a_line_hauling_in_is_not_replaced_by_a_swimmer_come_free
  PASS  test_one_waiting_above_is_kept_while_the_victim_floats_up
  PASS  test_a_watcher_that_dives_is_promoted_once_it_has_breathed_not_relieved
  PASS  test_a_thrower_called_away_mid_haul_frees_the_victim
  PASS  test_a_rescuer_whose_consent_is_withdrawn_does_not_go_in
  PASS  test_a_rescue_task_no_longer_holding_its_victim_ends
CI_SUITE_TIME {"assertions":144,"failures":0,"suite":"test_demo_water_safety.gd","tests":23,"usec":11542641}
test_demolition_work.gd
  PASS  test_an_order_is_recorded_once_and_read_back_by_building_and_row
  PASS  test_an_order_refuses_a_stale_building_and_writes_nothing
  PASS  test_cancelling_an_order_forgets_it_and_refuses_twice
  PASS  test_an_order_does_not_survive_its_row_being_reused
  PASS  test_drop_intent_and_drop_intent_at_forget_an_order_and_ignore_bad_rows
  PASS  test_clear_forgets_every_order_and_link
  PASS  test_a_demolition_and_a_piece_removal_are_removal_projects_and_name_their_building
  PASS  test_a_build_project_and_a_stale_ref_are_not_removals
  PASS  test_a_piece_under_construction_names_no_building
  PASS  test_post_job_publishes_one_build_job_carrying_the_projects_work
  PASS  test_post_job_refuses_a_second_job_and_every_unworkable_project
  PASS  test_a_working_project_posts_its_remaining_work_not_its_original_total
  PASS  test_a_refused_job_creation_links_nothing
  PASS  test_retiring_a_job_releases_its_worker_and_destroys_it
  PASS  test_retire_job_of_a_live_building_and_the_no_op_cases
  PASS  test_a_link_to_a_job_destroyed_elsewhere_reads_as_none_and_clears
  PASS  test_project_of_job_names_only_the_linked_build_job
  PASS  test_project_of_job_refuses_a_build_job_whose_requester_is_no_removal
  PASS  test_work_refusal_passes_a_job_in_step_and_names_each_refusal
  PASS  test_work_refusal_refuses_a_subject_that_is_gone
  PASS  test_credit_work_begins_the_work_once_and_then_only_adds
  PASS  test_credit_work_refuses_nothing_to_credit_and_a_paused_project
  PASS  test_credit_work_completes_the_project_on_its_last_milli_wu
  PASS  test_finished_project_at_names_the_project_only_once_its_job_is_complete
  PASS  test_a_linked_job_is_stale_when_cancelled_paused_out_of_step_or_foreign
  PASS  test_the_per_tick_reads_allocate_no_object
  PASS  test_add_work_mwu_into_matches_add_work_mwu_and_refuses_the_same_way
  PASS  test_row_of_names_a_live_buildings_row_and_minus_one_otherwise
  PASS  test_retire_job_frees_the_worker_destroys_the_row_and_refuses_a_dead_slot
  PASS  test_a_completed_job_retires_too
  PASS  test_an_orphaned_removal_job_is_one_no_link_resolves
  PASS  test_a_build_job_requested_by_a_live_build_project_is_not_an_orphan
  PASS  test_a_row_is_quiet_without_an_order_or_a_link
  PASS  test_live_job_at_into_matches_live_job_at_and_refuses_out_of_range
CI_SUITE_TIME {"assertions":8602,"failures":0,"suite":"test_demolition_work.gd","tests":34,"usec":9295415}
test_event_schedule.gd
  PASS  test_the_declared_owner_identity_matches_the_registry
  PASS  test_the_declared_field_keys_keep_the_registry_order_and_ordinals
  PASS  test_the_declared_field_types_match_the_registry_type_codes
  PASS  test_the_record_layout_is_save_r09_005s_thirty_two_byte_stride
  PASS  test_a_new_schedule_is_empty_with_the_allocator_at_one
  PASS  test_sequences_are_issued_from_one_and_never_repeat
  PASS  test_rows_are_held_sorted_by_due_tick_then_sequence
  PASS  test_every_stored_field_reads_back_unchanged
  PASS  test_a_refused_past_due_tick_leaves_the_store_byte_identical
  PASS  test_a_refused_non_int32_argument_leaves_the_store_byte_identical
  PASS  test_a_refused_insertion_into_a_full_schedule_consumes_no_sequence
  PASS  test_an_exhausted_allocator_refuses_every_insertion
  PASS  test_the_allocator_exhausts_rather_than_wrapping_to_one
  PASS  test_a_cancelled_row_leaves_no_stale_tail
  PASS  test_a_popped_row_leaves_no_stale_tail
  PASS  test_cancelling_an_unknown_sequence_refuses_and_changes_nothing
  PASS  test_a_due_row_never_expires_on_its_own
  PASS  test_popping_with_nothing_due_returns_a_cleared_event
  PASS  test_reading_outside_the_live_rows_refuses_and_clears
  PASS  test_find_sequence_refuses_instead_of_returning_a_sentinel
  PASS  test_the_next_day_boundary_after_tick_zero_is_the_first_midnight
  PASS  test_the_next_day_boundary_is_strictly_after_the_given_tick
  PASS  test_every_computed_boundary_satisfies_the_offset_formula
  PASS  test_the_due_day_index_uses_the_offset_calendar
  PASS  test_scheduling_at_the_next_day_boundary_lands_on_midnight
  PASS  test_restore_installs_a_valid_schedule
  PASS  test_restore_refuses_every_invariant_violation_atomically
  PASS  test_restore_refuses_more_rows_than_the_declared_maximum
  PASS  test_restore_refuses_ragged_columns
  PASS  test_restore_accepts_an_exhausted_allocator_with_live_rows
  PASS  test_clear_returns_the_store_to_its_initial_image
CI_SUITE_TIME {"assertions":309,"failures":0,"suite":"test_event_schedule.gd","tests":31,"usec":34600}
test_fishing_claim_identity.gd
  PASS  test_different_directory_slot_equal_generation_cannot_inherit_claim
  PASS  test_same_directory_slot_new_generation_cannot_inherit_claim
  PASS  test_structural_restore_keeps_stale_full_pair_before_normal_cleanup
  PASS  test_two_live_equal_generation_expeditions_retain_separate_claims
  PASS  test_appended_owner_slot_validates_after_existing_quantity_field
  PASS  test_adapter_keeps_codec_precedence_before_owner_payload_precedence
CI_SUITE_TIME {"assertions":104,"failures":0,"suite":"test_fishing_claim_identity.gd","tests":6,"usec":512228}
test_gear.gd
  PASS  test_allocator_and_claim_bytes_match_the_ruling
  PASS  test_eligibility_predicate_is_not_the_gear_category
  PASS  test_candle_cannot_be_given_a_gear_instance
  PASS  test_wear_models_are_assigned_per_item
  PASS  test_cycle_wear_matches_the_gear_table
  PASS  test_durability_caps_follow_manufacture_and_model
  PASS  test_iron_manufacture_belongs_to_tool_alone
  PASS  test_new_gear_starts_at_its_cap_and_unclaimed
  PASS  test_gear_lot_must_be_indivisible
  PASS  test_one_lot_carries_at_most_one_instance
  PASS  test_create_refuses_inside_an_open_inventory_transaction
  PASS  test_allocates_through_slot_16383
  PASS  test_full_pool_creation_refuses_atomically
  PASS  test_lowest_freed_row_is_reused_deterministically
  PASS  test_no_row_is_published_before_it_is_initialised
  PASS  test_stale_lot_handle_fails
  PASS  test_stale_job_handle_fails
  PASS  test_stale_owner_handle_fails
  PASS  test_installed_owner_kinds_are_refused_not_guessed
  PASS  test_two_jobs_cannot_claim_one_gear_object
  PASS  test_exact_wear_starts_and_one_below_refuses
  PASS  test_repeated_completion_cannot_double_debit
  PASS  test_repeated_cancellation_cannot_double_release
  PASS  test_repair_and_ownership_change_refused_while_claimed
  PASS  test_outfit_tier2_keeps_identity_but_never_wears
  PASS  test_a_broken_general_tool_cannot_start_work
  PASS  test_general_wear_is_one_point_per_ten_work_units
  PASS  test_general_wear_preserves_its_remainder_across_tasks
  PASS  test_repeated_general_wear_cannot_double_debit
  PASS  test_general_wear_floors_at_zero_and_reports_breaking
  PASS  test_the_two_wear_models_never_cross
  PASS  test_general_wear_rejects_an_out_of_range_remainder
  PASS  test_repair_clamps_to_the_basic_general_cap
  PASS  test_repair_clamps_to_the_iron_general_cap
  PASS  test_repair_clamps_to_the_fishing_cap
  PASS  test_repair_is_not_a_durability_reset
  PASS  test_the_two_repair_recipes_stay_distinct
  PASS  test_destroy_refuses_while_the_lot_is_still_live
  PASS  test_destroy_refuses_while_claimed
  PASS  test_restore_rebuilds_the_free_heap_ascending
  PASS  test_restore_refuses_an_impossible_row
  PASS  test_a_row_is_never_published_without_its_identity
  PASS  test_state_image_is_row_history_independent
  PASS  test_a_created_gear_row_is_not_equipped_and_keeps_its_container
  PASS  test_equip_preserves_identity_age_provenance_quantity_and_durability
  PASS  test_an_equipped_lot_has_a_null_container_and_charges_no_mass
  PASS  test_unequip_returns_the_same_lot_without_resetting_durability
  PASS  test_equip_and_unequip_move_the_equipment_mirror_together
  PASS  test_wear_and_repair_write_through_to_the_equipment_mirror
  PASS  test_the_mirror_audit_catches_a_hand_written_mirror
  PASS  test_the_mirror_audit_catches_a_mirror_with_no_equipped_instance
  PASS  test_a_refused_equip_leaves_every_store_byte_identical
  PASS  test_an_equip_that_fails_after_the_mirror_write_rolls_all_three_back
  PASS  test_an_unequip_that_fails_to_shelve_restores_the_equipped_relation
  PASS  test_equip_and_unequip_refuse_while_a_job_holds_the_claim
  PASS  test_set_owner_clear_owner_and_destroy_refuse_while_equipped
  PASS  test_a_dead_owner_stops_attesting_and_the_inventory_audit_reports_the_orphan
  PASS  test_only_the_general_tool_may_be_equipped
  PASS  test_equipping_refuses_an_owner_who_is_not_a_live_resident
  PASS  test_equip_refuses_without_its_bindings
  PASS  test_unequip_lands_in_a_reserved_destination
  PASS  test_rebinding_the_equip_collaborators_refuses_while_gear_is_equipped
  PASS  test_the_starter_allotment_constants_are_the_gdd_numbers
  PASS  test_seeding_creates_24_tools_with_12_equipped_and_12_stored
  PASS  test_every_seeded_tool_starts_at_durability_1000
  PASS  test_starter_seeding_mints_no_outfit_tier2_item
  PASS  test_seeding_refuses_a_cohort_that_is_not_twelve_residents
  PASS  test_seeding_refuses_a_repeated_owner
  PASS  test_a_seeding_that_runs_out_of_container_space_undoes_itself_whole
  PASS  test_seeding_refuses_whole_when_the_gear_pool_cannot_hold_24
  PASS  test_owned_but_unequipped_gear_attests_nothing
  PASS  test_equipping_a_worn_tool_carries_its_wear_with_it
  PASS  test_accrued_wear_keeps_the_claim_and_applied_wear_releases_it
  PASS  test_accrual_carries_the_remainder_exactly_as_the_applied_form_does
  PASS  test_preflight_general_wear_reports_durability_and_writes_nothing
  PASS  test_preflight_general_wear_refuses_a_wrong_job_and_a_wrong_wear_model
  PASS  test_accrual_refuses_a_fishing_model_and_an_out_of_range_remainder
  PASS  test_accrual_can_break_a_tool_without_giving_the_claim_back
  PASS  test_combined_equipped_work_claim_checks_every_full_identity_without_mutation
  PASS  test_equipment_binding_matches_actual_owners_not_equal_numeric_references
  PASS  test_lot_index_survives_independent_gear_and_lot_reuse_then_clear
  PASS  test_wrong_index_target_cannot_grant_another_lots_gear
CI_SUITE_TIME {"assertions":1169,"failures":0,"suite":"test_gear.gd","tests":82,"usec":2795714}
test_haul_planner.gd
  PASS  test_the_purpose_domain_is_numbered_explicitly
  PASS  test_a_payload_is_the_carry_limit_at_the_per_lot_ceiling
  PASS  test_trips_follow_bal_work_003_and_departures_can_need_one_more
  PASS  test_travel_ticks_are_the_straight_leg_lower_bound
  PASS  test_handling_work_is_2000_each_side_and_a_tenth_less_by_a_pantry
  PASS  test_demand_walks_lots_with_unclaimed_quantity_in_list_order
  PASS  test_piles_and_left_satchels_are_standing_sources_but_stores_are_not
  PASS  test_the_destination_is_the_lowest_eligible_store_by_slot
  PASS  test_every_r1_clause_excludes_its_store
  PASS  test_a_store_anchored_on_the_source_footprint_is_skipped
  PASS  test_with_no_store_the_payload_falls_back_to_piles_on_the_ring
  PASS  test_a_pile_or_satchel_source_has_no_pile_fallback
  PASS  test_destination_selection_refuses_bad_inputs
  PASS  test_admission_sizes_claims_and_reserves_all_at_once
  PASS  test_a_refused_claim_releases_the_reserved_grams_exactly
  PASS  test_admission_refuses_by_name_and_writes_nothing
  PASS  test_nothing_left_to_haul_refuses
  PASS  test_only_the_owner_is_admitted_to_haul_a_satchel_on
  PASS  test_cancel_before_the_load_returns_claim_and_grams
  PASS  test_cancel_after_the_load_leaves_the_goods_in_the_satchel_unclaimed
  PASS  test_a_cancel_whose_grams_are_gone_refuses
  PASS  test_admit_load_unload_conserves_every_gram
  PASS  test_a_ground_destination_unloads_onto_its_tile
  PASS  test_the_record_and_scratch_are_the_ledgered_sizes
  PASS  test_the_pile_tile_is_the_first_eligible_ring_seed
  PASS  test_a_cancel_after_the_unload_cannot_take_another_jobs_grams
  PASS  test_the_audit_sees_grams_the_record_holds_but_the_store_does_not
  PASS  test_a_store_that_fills_before_the_unload_refuses_and_keeps_the_record
  PASS  test_a_ring_with_no_eligible_tile_has_no_pile_fallback
  PASS  test_the_footprint_exclusion_does_not_outlive_its_choice
  PASS  test_a_ring_whose_piles_are_full_has_no_pile_fallback
  PASS  test_a_main_stores_per_item_allow_byte_excludes_it
  PASS  test_binding_needs_every_store
CI_SUITE_TIME {"assertions":179,"failures":0,"suite":"test_haul_planner.gd","tests":33,"usec":2282749}
test_injury.gd
  PASS  test_injury_kind_matches_gdd_section_4_3
  PASS  test_published_care_and_rescue_costs
  PASS  test_needs_injury_state_mapping
  PASS  test_spawned_row_carries_no_injury
  PASS  test_unknown_and_absent_rows_refuse_rather_than_answer
  PASS  test_worse_severity_replaces_and_lower_severity_does_not
  PASS  test_equal_severity_retains_the_lower_injury_kind_id
  PASS  test_a_new_incident_erases_neither_untreated_time_nor_care_work
  PASS  test_an_incident_ordinal_is_charged_once
  PASS  test_incident_arguments_are_validated_before_anything_is_written
  PASS  test_untreated_hours_are_the_floor_of_the_tick_counter
  PASS  test_the_tick_sweep_counts_only_living_injured_rows
  PASS  test_treatment_clears_the_injury_and_restores_ten_health
  PASS  test_treatment_caps_restored_health_at_one_hundred
  PASS  test_incomplete_or_mispriced_care_refuses_without_touching_either_store
  PASS  test_self_treatment_requires_the_doubled_work
  PASS  test_care_work_needs_an_injury_and_a_permitted_context
  PASS  test_care_work_in_progress_survives_a_change_of_helper
  PASS  test_a_dead_resident_cannot_be_healed_by_a_completed_treatment
  PASS  test_a_dead_resident_takes_no_further_incident_or_care
  PASS  test_one_airless_episode_creates_exactly_one_exposure_incident
  PASS  test_a_later_airless_episode_is_a_distinct_incident_not_a_reset
  PASS  test_exhaustion_fires_once_and_re_arms_only_at_rest_four_thousand
  PASS  test_fall_arithmetic_matches_the_authored_fixtures
  PASS  test_a_fall_needs_a_positive_declared_drop
  PASS  test_touchdown_applies_the_fall_once
  PASS  test_a_rescue_does_not_clear_the_injury
  PASS  test_the_untreated_drain_continues_while_being_carried
  PASS  test_one_rescuer_carries_one_patient
  PASS  test_a_rescuer_reference_is_generation_checked
  PASS  test_treatment_releases_the_rescue_relationship
  PASS  test_state_bytes_is_deterministic_and_sees_every_column
CI_SUITE_TIME {"assertions":484,"failures":0,"suite":"test_injury.gd","tests":32,"usec":1322346}
test_jobs.gd
  PASS  test_job_kind_and_job_state_numbers_match_the_protected_catalog_table
  PASS  test_the_published_cadence_budget_and_bucket_constants_are_the_specified_numbers
  PASS  test_jobs_allocate_through_the_directorys_reserved_job_arena
  PASS  test_a_new_job_carries_the_registry_defaults
  PASS  test_create_refuses_the_reserved_job_kind_and_every_out_of_domain_argument
  PASS  test_destroy_clears_the_row_and_returns_the_directory_slot
  PASS  test_the_store_fills_and_then_refuses_at_the_8192_row_capacity
  PASS  test_state_and_gate_writes_refuse_values_outside_their_enums
  PASS  test_a_job_reference_column_accepts_only_null_or_a_live_reference
  PASS  test_job_agent_is_one_row_per_resident_indexed_by_the_resident_slot
  PASS  test_an_idle_agent_refuses_a_phase_rather_than_returning_a_plausible_queued
  PASS  test_the_unimplemented_agent_columns_are_allocated_zero_and_never_written
  PASS  test_assigning_a_worker_binds_both_sides_and_moves_the_job_to_reserved
  PASS  test_assignment_refuses_a_busy_agent_a_taken_job_and_a_job_that_is_not_queued
  PASS  test_worker_departure_releases_the_assignment_and_leaves_job_progress_intact
  PASS  test_destroying_a_worked_job_or_despawning_a_busy_agent_refuses
  PASS  test_step1_a_dead_resident_takes_no_job
  PASS  test_step1_an_incapacitated_resident_is_rescued_rather_than_put_to_work
  PASS  test_step1_rest_at_or_below_500_cancels_ordinary_work
  PASS  test_step2_a_sleep_or_social_hour_forbids_work_and_anything_permits_it
  PASS  test_step2_an_unresolved_activity_refuses_instead_of_assuming_work
  PASS  test_step3_a_forbidden_job_kind_priority_excludes_every_job_of_that_kind
  PASS  test_step4_a_blocked_station_tool_or_unlock_gate_excludes_the_job
  PASS  test_step4_a_job_demanding_more_skill_than_the_resident_has_is_excluded
  PASS  test_required_skill_is_a_minimum_level_tested_one_below_exactly_equal_and_one_above
  PASS  test_a_required_skill_of_zero_means_no_minimum_experience_at_all
  PASS  test_a_required_skill_outside_zero_to_ten_is_an_invalid_definition_and_is_refused
  PASS  test_party_members_are_checked_individually_not_against_a_crew_average
  PASS  test_step5_a_dangerous_job_needs_the_residents_recorded_consent
  PASS  test_step5_the_req_set_015_hazard_latch_holds_between_500_and_4000_rest
  PASS  test_a_selection_pass_refreshes_the_hazard_latch_itself
  PASS  test_step6_a_job_with_incomplete_inputs_is_excluded
  PASS  test_a_job_already_worked_or_out_of_the_queue_is_not_a_candidate
  PASS  test_a_gate_whose_subsystem_cannot_answer_refuses_instead_of_reading_as_satisfied
  PASS  test_commitment_revalidates_the_gates_rather_than_trusting_the_nomination
  PASS  test_commitment_refuses_a_resident_whose_own_state_moved_since_the_nomination
  PASS  test_the_five_urgency_buckets_are_consumed_in_ascending_order
  PASS  test_bucket_2_applies_only_while_the_projected_reserve_is_under_two_days
  PASS  test_the_urgency_bucket_outranks_the_whole_within_bucket_sort_key
  PASS  test_sort_term_1_player_priority_decides_between_otherwise_identical_candidates
  PASS  test_sort_term_2_job_priority_decides_when_the_player_priority_ties
  PASS  test_sort_term_3_skill_level_is_descending_and_decides_when_both_priorities_tie
  PASS  test_sort_term_5_created_tick_decides_when_priorities_and_skill_all_tie
  PASS  test_sort_term_6_job_id_breaks_a_complete_tie_and_makes_the_order_total
  PASS  test_the_sort_terms_are_applied_in_the_specified_order_not_a_permuted_one
  PASS  test_the_stagger_offset_is_the_residents_persistent_id_modulo_thirty
  PASS  test_residents_evaluate_on_different_ticks_rather_than_all_at_once
  PASS  test_two_residents_thirty_ids_apart_share_a_tick_because_the_stagger_is_modular
  PASS  test_an_evaluation_off_the_staggered_tick_refuses_rather_than_running_early
  PASS  test_a_resident_already_holding_a_job_is_never_reevaluated
  PASS  test_a_queue_shorter_than_the_budget_needs_no_continuation_at_all
  PASS  test_a_pass_examines_at_most_thirty_two_candidates_across_every_bucket_it_touches
  PASS  test_the_continuation_resumes_the_next_pass_instead_of_restarting_at_bucket_zero
  PASS  test_the_budget_never_changes_eligibility_only_when_a_candidate_is_reached
  PASS  test_an_empty_queue_refuses_explicitly_rather_than_returning_a_sentinel_slot
  PASS  test_a_rescue_behind_more_than_thirty_two_cosmetic_jobs_is_still_found
  PASS  test_higher_urgency_work_appearing_during_a_continued_scan_invalidates_it
  PASS  test_lower_urgency_work_appearing_during_a_continued_scan_leaves_it_alone
  PASS  test_deleting_a_job_before_the_continuation_point_does_not_change_what_it_means
  PASS  test_more_than_thirty_two_higher_urgency_candidates_that_all_fail_eligibility
  PASS  test_the_continuation_key_is_deterministic_across_two_identically_built_worlds
  PASS  test_a_newly_created_job_invalidates_a_continuation_that_descended_below_it
  PASS  test_a_job_returning_to_the_queue_invalidates_a_lower_bucket_continuation
  PASS  test_a_job_restored_to_queued_state_invalidates_a_lower_bucket_continuation
  PASS  test_danger_being_lifted_invalidates_a_lower_bucket_continuation
  PASS  test_the_two_day_reserve_condition_invalidates_a_continuation_below_bucket_two
  PASS  test_a_food_job_is_still_enumerated_as_ordinary_work_while_stocks_are_fine
  PASS  test_a_job_becoming_available_behind_the_continuation_point_invalidates_it
  PASS  test_the_live_index_is_ordered_by_urgency_bucket_and_then_by_persistent_id
  PASS  test_a_resumed_pass_starts_after_the_last_job_it_examined_not_on_it
  PASS  test_clear_returns_both_stores_to_their_empty_state
  PASS  test_every_reader_refuses_an_absent_row_instead_of_answering_with_a_default
  PASS  test_a_coordinator_cannot_be_selected_by_a_resident
  PASS  test_a_resident_is_selected_onto_the_member_and_not_the_coordinator
  PASS  test_a_coordinator_refuses_a_worker_binding
  PASS  test_a_worked_job_cannot_become_a_coordinator
  PASS  test_a_member_may_not_hold_shared_progress
  PASS  test_shared_progress_lives_in_exactly_one_row
  PASS  test_consuming_more_than_a_job_holds_is_refused
  PASS  test_member_enumeration_walks_every_member_once
  PASS  test_a_coordinator_with_members_refuses_destruction
  PASS  test_departure_releases_the_assignment_and_leaves_the_party_intact
  PASS  test_a_job_may_not_coordinate_itself_or_join_twice
  PASS  test_clearing_a_coordinator_link_restores_an_ordinary_job
  PASS  test_resident_may_work_into_preserves_step_one_and_wrapper_references
  PASS  test_the_into_identity_read_answers_exactly_what_the_allocating_one_does
  PASS  test_the_into_identity_read_refuses_an_address_it_cannot_answer
  PASS  test_a_despawned_agents_identity_is_not_readable_from_its_old_row
  PASS  test_the_into_tool_gate_read_agrees_with_the_allocating_one_on_every_gate_value
  PASS  test_the_into_tool_gate_read_refuses_an_address_it_cannot_answer
  PASS  test_a_destroyed_jobs_tool_gate_stops_answering_rather_than_reading_zero
  PASS  test_the_into_tool_gate_read_allocates_nothing_across_a_tick_of_calls
  PASS  test_the_into_tool_gate_read_costs_less_than_the_allocating_one_per_call
CI_SUITE_TIME {"assertions":3831,"failures":0,"suite":"test_jobs.gd","tests":93,"usec":5658446}
test_jobs_columns.gd
  PASS  test_section_four_column_order_matches_the_canonical_registry_artifact
  PASS  test_section_five_column_order_matches_the_canonical_registry_artifact
  PASS  test_the_two_sections_do_not_share_a_column
  PASS  test_a_populated_store_round_trips_into_a_different_instance
  PASS  test_the_ordered_live_index_is_rebuilt_in_the_same_order
  PASS  test_every_released_job_row_passes_the_stores_own_residue_check
  PASS  test_membership_order_survives_verbatim
  PASS  test_the_worker_binding_survives_in_both_directions
  PASS  test_a_restored_continuation_is_still_invalidated_by_a_later_admission
  PASS  test_an_empty_columns_object_matches_a_cleared_store
  PASS  test_a_short_column_refuses_on_shape
  PASS  test_a_reserved_job_kind_refuses
  PASS  test_an_out_of_domain_gate_byte_refuses
  PASS  test_an_urgency_outside_the_five_buckets_refuses
  PASS  test_a_negative_work_total_refuses_and_the_test_proves_it_is_negative
  PASS  test_a_negative_agent_phase_refuses
  PASS  test_a_negative_creation_tick_refuses
  PASS  test_a_job_occupancy_byte_that_is_neither_zero_nor_one_refuses
  PASS  test_residue_on_a_released_job_row_refuses
  PASS  test_a_job_reference_the_directory_does_not_honour_refuses
  PASS  test_an_agent_on_an_absent_resident_refuses
  PASS  test_a_non_zero_reserved_agent_column_refuses
  PASS  test_residue_on_a_released_agent_row_refuses
  PASS  test_a_job_whose_worker_does_not_hold_it_refuses
  PASS  test_an_agent_holding_a_job_that_names_another_worker_refuses
  PASS  test_two_jobs_claiming_one_worker_refuse
  PASS  test_a_job_naming_a_worker_who_has_no_agent_row_refuses
  PASS  test_a_cyclic_member_chain_refuses_instead_of_hanging
  PASS  test_a_member_missing_from_every_chain_refuses
  PASS  test_a_chain_head_on_a_job_that_is_not_a_coordinator_refuses
  PASS  test_a_column_refusal_does_not_touch_the_operation_channel
  PASS  test_every_published_column_refusal_code_is_prefixed
CI_SUITE_TIME {"assertions":257,"failures":0,"suite":"test_jobs_columns.gd","tests":32,"usec":5288308}
test_modular_inventory.gd
  PASS  test_three_line_catalog_bill_consumes_all_inputs_and_refunds_exact_metadata
  PASS  test_extra_input_wrong_purpose_and_expired_claims_refuse_without_consumption
  PASS  test_direct_output_calls_cannot_clear_paid_wip_and_no_output_completion_is_once_only
  PASS  test_first_pile_refusal_rolls_back_outputs_reservation_and_wip_before_retry
  PASS  test_shared_container_keeps_another_projects_output_claim_and_source_claim
  PASS  test_second_output_allocation_failure_rolls_back_first_output_and_every_receipt
  PASS  test_zero_input_cancel_requires_no_destination_and_does_not_debit_source_stock
  PASS  test_output_provenance_and_overflow_refuse_before_reserving_or_consuming
  PASS  test_foreign_inventory_composition_is_rejected_even_with_matching_numeric_lots
  PASS  test_blocked_modular_refund_retains_wip_and_books_loss_once_after_retry
  PASS  test_connector_refund_has_its_own_persistent_loss_domain_and_exact_retry
  PASS  test_excavation_support_and_furniture_receipts_remain_separate_in_one_arena
CI_SUITE_TIME {"assertions":292,"failures":0,"suite":"test_modular_inventory.gd","tests":12,"usec":1585933}
test_modular_projects.gd
  PASS  test_actual_work_completion_releases_tools_jobs_and_receipts_exactly_once
  PASS  test_material_payment_is_actual_and_direct_construction_or_work_calls_cannot_bypass_it
  PASS  test_actual_connector_purpose_shares_router_work_and_receipts_without_aliasing_tip
  PASS  test_connector_binding_refuses_foreign_world_replacement_and_expired_permission
  PASS  test_connector_final_start_guard_follows_late_recipe_observation_without_spending
  PASS  test_connector_seed_observer_cannot_change_contact_after_the_final_input_guard
  PASS  test_connector_recipe_observer_cannot_borrow_the_wip_permit_or_reenter_funding
  PASS  test_connector_late_observer_cannot_renew_or_rekey_unjournaled_claims
  PASS  test_connector_input_settlement_rejects_foreign_owners_stale_refs_and_reentry
  PASS  test_connector_final_completion_guard_retains_paid_work_and_refuses_direct_calls
  PASS  test_connector_final_refund_guard_aborts_material_return_and_preserves_installed_truth
  PASS  test_connector_unfunded_final_refusal_keeps_delivered_claims_for_retry
  PASS  test_missing_tool_gate_and_stale_worker_refuse_before_any_productive_state_changes
  PASS  test_post_gate_refusal_and_zero_acceptance_discard_only_the_prepared_work_candidate
  PASS  test_direct_reduced_job_counter_and_false_publication_never_become_paid_work
  PASS  test_pause_releases_actual_workers_and_rebind_resume_preserves_paid_material_and_work
  PASS  test_cancel_unassigned_order_and_blocked_started_refund_leave_no_fake_completion
  PASS  test_late_requester_job_prevents_completion_and_every_direct_unbound_job_tick
  PASS  test_party_has_one_progress_owner_and_departure_does_not_halt_the_other_workers
  PASS  test_party_rejects_unaccepted_fifth_and_member_direct_work_without_mutating_any_owner
  PASS  test_stale_job_generation_and_orphan_tool_claim_cannot_be_silently_retired_or_rebound
  PASS  test_refused_initializer_and_foreign_numeric_aliases_never_replace_actual_bindings
  PASS  test_late_catalog_rebinding_refuses_work_before_any_payment_xp_or_tool_change
  PASS  test_actual_pending_furniture_installs_after_paid_work_and_retirement_needs_no_post_install_quote
  PASS  test_wrong_job_and_owner_cannot_discard_or_publish_another_prepared_productive_stage
  PASS  test_work_binding_preflight_cannot_strand_an_unbound_construction_owner
  PASS  test_retained_zero_work_requires_full_actual_repayment_and_can_complete_without_productive_tick
  PASS  test_late_generic_tool_gate_or_child_never_contributes_to_a_paid_party
  PASS  test_unrelated_actual_jobs_keep_existing_work_behavior_and_expired_purpose_never_becomes_permission
CI_SUITE_TIME {"assertions":2339,"failures":0,"suite":"test_modular_projects.gd","tests":29,"usec":4590986}
test_movement.gd
  PASS  test_pace_source_binding_requires_the_actual_directory_residents_and_transforms
  PASS  test_the_remainder_denominator_is_thirty_ticks_times_the_diagonal_cost
  PASS  test_the_speed_cap_is_read_from_the_resident_store_not_redefined
  PASS  test_thirty_ticks_cover_exactly_the_cap_on_a_straight_run
  PASS  test_a_single_tick_cannot_cover_the_cap_by_itself
  PASS  test_the_remainder_is_carried_rather_than_reset_each_tick
  PASS  test_an_axis_that_is_not_moving_keeps_its_remainder_untouched
  PASS  test_travel_stops_exactly_on_the_goal_cell_centre
  PASS  test_the_body_keeps_a_previous_pose_every_tick_it_moves
  PASS  test_the_mover_does_not_invent_a_facing
  PASS  test_crossing_the_ford_takes_the_body_to_the_authored_ford_height
  PASS  test_travel_refuses_a_resident_standing_off_the_route_start
  PASS  test_travel_refuses_an_unready_request_and_an_unplaced_body
  PASS  test_travel_refuses_a_reference_that_is_not_a_living_resident
  PASS  test_a_cancelled_route_stops_the_body_where_it_stands
  PASS  test_a_successor_in_a_despawned_travellers_row_does_not_inherit_the_route
  PASS  test_the_route_cursor_records_its_owner_and_releases_it_on_stop
  PASS  test_one_clamp_step_publishes_both_scalars_and_leaves_no_stray_budget
  PASS  test_a_body_off_the_authored_map_is_settled_rather_than_given_a_fabricated_height
  PASS  test_stopping_clears_the_route_and_both_remainders
  PASS  test_an_arrived_body_is_not_advanced_again
  PASS  test_equal_tick_counts_agree_across_speeds_one_two_and_four
  PASS  test_a_paused_clock_runs_no_ticks_and_changes_no_state
  PASS  test_presentation_reads_cannot_change_what_the_simulation_committed
  PASS  test_navigation_work_is_identical_whether_or_not_anyone_is_watching
  PASS  test_exactly_four_starter_profiles_are_published_one_per_cohort_species
  PASS  test_every_profile_reads_its_speed_and_carry_cap_out_of_the_resident_store
  PASS  test_the_otter_is_medium_and_the_other_three_are_small
  PASS  test_an_unprofiled_species_refuses_rather_than_borrowing_a_size_neighbour
  PASS  test_no_profile_publishes_a_clearance_class
  PASS  test_only_ground_and_ford_walking_are_profiled_and_the_rest_are_enumerated
  PASS  test_all_twelve_starters_admit_travel_under_their_own_profile
  PASS  test_a_mouse_cannot_travel_on_the_otters_profile
  PASS  test_travel_refuses_an_unprofiled_mode_and_a_mode_outside_the_enum
  PASS  test_the_profiled_adult_value_is_the_resident_stores_own_encoding
  PASS  test_every_starter_profile_covers_the_adult_stage_and_says_so_in_its_key
  PASS  test_a_caller_cannot_assert_adult_for_a_resident_stored_as_a_child
  PASS  test_an_honestly_declared_child_refuses_as_unprofiled_not_as_a_mismatch
  PASS  test_an_elder_is_refused_on_the_same_channel_as_a_child
  PASS  test_a_caller_that_asserts_the_wrong_stage_for_an_adult_disagrees
  PASS  test_a_stage_outside_the_domain_refuses_on_its_own_channel
  PASS  test_a_reference_the_store_will_not_answer_for_refuses_rather_than_defaulting
  PASS  test_the_committed_load_boundary_is_the_inherited_carry_capacity_exactly
  PASS  test_a_negative_committed_load_refuses_rather_than_reading_as_free_capacity
  PASS  test_an_otter_carries_more_than_a_mouse_because_its_size_class_does
  PASS  test_travel_refuses_a_route_that_does_not_end_on_the_contacts_approach_cell
  PASS  test_travel_refuses_a_contact_whose_owner_has_been_retired
  PASS  test_travel_refuses_an_unbound_contact
  PASS  test_revising_a_profile_settles_a_body_already_travelling_under_the_old_one
  PASS  test_a_changed_destination_revision_settles_the_body_contact_stale
  PASS  test_revalidating_a_resident_that_is_not_travelling_refuses
  PASS  test_stopping_clears_the_whole_admission_not_only_the_route
  PASS  test_admitted_terms_of_a_body_that_is_not_a_resident_read_as_absent
  PASS  test_the_mode_a_body_travels_in_is_the_one_it_was_admitted_in
  PASS  test_all_twelve_starters_agree_tick_for_tick_across_speeds_one_two_and_four
CI_SUITE_TIME {"assertions":2302,"failures":0,"suite":"test_movement.gd","tests":55,"usec":2811325}
test_movement_readmission.gd
  PASS  test_readmitting_one_row_counts_exactly_one_traveller
  PASS  test_replacing_travel_with_one_cell_arrival_clears_the_count
  PASS  test_readmitting_reused_row_counts_the_new_owner_once
  PASS  test_replacement_preserves_other_travellers_and_first_admission
  PASS  test_rejected_replacement_preserves_cursor_fraction_and_count
CI_SUITE_TIME {"assertions":100,"failures":0,"suite":"test_movement_readmission.gd","tests":5,"usec":799888}
test_orchard_hive.gd
  PASS  test_first_and_last_farm_and_orchard_link_rows_do_not_collide
  PASS  test_the_link_table_is_ruling_three_s_stated_capacity_and_payload
  PASS  test_consecutive_recipients_are_exactly_six_rows_apart
  PASS  test_link_row_refuses_an_index_outside_the_six_entry_slice
  PASS  test_a_farm_refresh_cannot_write_into_the_first_orchard_slice
  PASS  test_six_links_never_spill_into_the_neighbouring_slices
  PASS  test_the_last_farm_slice_does_not_spill_into_the_first_orchard_slice
  PASS  test_the_footprint_centre_is_the_tile_centre_for_a_single_tile
  PASS  test_an_even_dimension_footprint_centres_without_rounding
  PASS  test_exactly_twelve_metres_qualifies_and_one_unit_beyond_does_not
  PASS  test_a_hive_exactly_twelve_metres_away_is_linked_and_thirteen_is_not
  PASS  test_the_squared_distance_reader_is_symmetric_and_uses_both_axes
  PASS  test_links_are_ordered_by_ascending_squared_distance
  PASS  test_zero_one_two_and_seven_healthy_hives_give_the_stated_factors
  PASS  test_the_factor_table_ignores_every_hive_past_the_second
  PASS  test_an_unpollinated_crop_stays_at_one_thousand_beside_six_hives
  PASS  test_ties_are_broken_by_the_lower_persistent_hive_id
  PASS  test_the_tiebreak_is_the_persistent_id_and_not_the_directory_slot
  PASS  test_unused_link_entries_are_null_filled
  PASS  test_a_shrinking_selection_rewrites_the_tail_instead_of_keeping_stale_entries
  PASS  test_strength_crossing_4999_and_5000_changes_eligibility
  PASS  test_six_unhealthy_neighbours_do_not_hide_a_qualifying_seventh_hive
  PASS  test_removing_a_cached_hive_discovers_the_previously_seventh_candidate
  PASS  test_an_out_of_range_hive_is_never_linked_however_healthy
  PASS  test_a_stale_link_refuses_the_yield_read_rather_than_repairing_it
  PASS  test_an_ineligible_linked_hive_refuses_the_read_until_the_slice_is_refreshed
  PASS  test_a_duplicated_link_fails_validation
  PASS  test_a_hole_before_a_link_fails_validation
  PASS  test_a_cleared_farm_recipient_cannot_inherit_links
  PASS  test_a_reused_orchard_row_cannot_inherit_links
  PASS  test_a_stale_orchard_reference_reaches_no_row
  PASS  test_the_orchard_table_is_transcribed_exactly
  PASS  test_the_orchard_costs_and_care_figures_are_transcribed_exactly
  PASS  test_the_named_item_keys_exist_in_the_compiled_catalog
  PASS  test_an_unknown_species_is_refused_rather_than_defaulted
  PASS  test_the_preview_states_the_first_apple_harvest_of_a_day_one_planting
  PASS  test_the_preview_states_the_first_pear_harvest_of_a_day_one_planting
  PASS  test_a_tree_maturing_inside_its_window_harvests_that_same_year
  PASS  test_a_tree_maturing_on_the_window_s_last_day_harvests_that_day
  PASS  test_a_tree_maturing_after_its_window_waits_for_the_next_year
  PASS  test_the_preview_refuses_exactly_what_the_planting_would_refuse
  PASS  test_a_block_that_only_touches_another_is_allowed
  PASS  test_an_immature_tree_yields_nothing_and_cannot_be_harvested
  PASS  test_a_mature_tree_pays_one_year_of_fruit_and_sets_the_harvested_flag
  PASS  test_a_tree_left_unharvested_for_years_still_pays_one_year_of_fruit
  PASS  test_a_harvest_outside_the_window_is_refused
  PASS  test_the_harvested_year_flag_clears_at_the_start_of_the_next_year
  PASS  test_untended_spring_and_summer_days_remove_a_hundred_health
  PASS  test_a_tended_day_restores_fifty_health_and_clamps_at_ten_thousand
  PASS  test_the_age_advances_every_day_including_winter
  PASS  test_the_chill_counter_counts_winter_days_at_or_below_five_degrees
  PASS  test_a_poorly_chilled_tree_yields_three_quarters
  PASS  test_the_orchard_yield_multiplies_health_pollination_and_chill_once
  PASS  test_one_hive_raises_the_orchard_yield_to_the_stated_multiplier
  PASS  test_the_orchard_block_centre_uses_the_whole_four_by_four_block
  PASS  test_the_block_centre_is_the_distance_origin_at_the_range_boundary
  PASS  test_a_new_hive_starts_at_the_stated_strength_and_footprint
  PASS  test_a_hive_needs_a_live_building_reference_it_never_dereferences
  PASS  test_a_hive_footprint_must_be_an_on_grid_rectangle
  PASS  test_a_serviced_spring_day_produces_honey_and_wax_and_restores_strength
  PASS  test_a_serviced_summer_day_produces_but_does_not_restore_strength
  PASS  test_a_missed_service_day_removes_two_hundred_strength_and_produces_nothing
  PASS  test_a_winter_day_eats_stocked_feed_and_produces_nothing
  PASS  test_a_missing_winter_feed_removes_five_hundred_strength_and_eats_nothing
  PASS  test_exactly_one_day_of_winter_feed_is_enough
  PASS  test_strength_is_clamped_to_the_ten_thousand_scale
  PASS  test_deficits_are_readable_before_the_hive_is_abandoned
  PASS  test_an_abandoned_hive_refuses_service_and_recolonises_only_in_spring
  PASS  test_the_hive_service_and_recolonisation_figures_are_transcribed_exactly
  PASS  test_collecting_honey_and_wax_empties_the_hive_store
  PASS  test_an_eligibility_crossing_refreshes_the_orchard_slices_synchronously
  PASS  test_creating_and_moving_a_hive_refreshes_every_orchard_slice
  PASS  test_the_link_image_round_trips_in_process
  PASS  test_a_load_recomputes_a_slice_that_disagrees_with_the_canonical_selection
  PASS  test_a_farm_slice_is_revalidated_against_its_own_tile_on_load
  PASS  test_a_malformed_link_image_refuses_whole
  PASS  test_clear_returns_every_column_and_the_directory_to_empty
  PASS  test_removing_a_block_returns_wood_and_frees_its_tiles
CI_SUITE_TIME {"assertions":754,"failures":0,"suite":"test_orchard_hive.gd","tests":78,"usec":2276734}
test_reservation_totals.gd
  PASS  test_real_public_api_job_overflow_refuses_without_narrowing_claims
  PASS  test_exact_i64_max_and_ordinary_totals_have_no_false_overflow
  PASS  test_reused_output_recovers_across_success_overflow_and_missing_refs
  PASS  test_public_queries_do_not_mutate_owner_math_or_inventory
  PASS  test_null_output_refuses_before_list_access
  PASS  test_cold_results_are_independent_and_outcome_is_not_a_sentinel
  PASS  test_checked_query_survives_exact_owner_snapshot_and_restoration
  PASS  test_audit_refuses_checked_per_lot_overflow_before_comparison
CI_SUITE_TIME {"assertions":195,"failures":0,"suite":"test_reservation_totals.gd","tests":8,"usec":31242}
test_residents_columns.gd
  PASS  test_column_order_matches_the_canonical_registry_artifact
  PASS  test_the_name_column_is_not_one_of_the_section_four_columns
  PASS  test_a_populated_store_round_trips_into_a_different_instance
  PASS  test_a_released_rows_retained_bytes_survive_and_no_reader_can_see_them
  PASS  test_the_live_list_is_rebuilt_ascending_and_not_carried
  PASS  test_an_empty_columns_object_matches_a_cleared_store
  PASS  test_a_restored_named_row_is_counted_until_section_fourteen_completes_it
  PASS  test_a_restore_empties_a_name_left_by_the_previous_world
  PASS  test_a_named_free_row_refuses_through_the_shared_validator
  PASS  test_a_short_column_refuses_on_shape
  PASS  test_a_named_byte_that_is_neither_zero_nor_one_refuses
  PASS  test_a_size_class_disagreeing_with_the_species_refuses
  PASS  test_a_skill_level_that_is_not_the_curves_answer_refuses
  PASS  test_experience_on_the_reserved_skill_index_refuses
  PASS  test_a_reference_pair_with_a_zero_generation_refuses
  PASS  test_a_self_reference_the_directory_does_not_honour_refuses
  PASS  test_two_rows_claiming_one_directory_slot_refuse
  PASS  test_a_tool_durability_without_a_tool_refuses
  PASS  test_a_negative_species_id_refuses_and_the_test_proves_it_is_negative
  PASS  test_an_out_of_domain_life_stage_refuses_rather_than_defaulting_to_adult
  PASS  test_more_than_the_cap_of_residents_refuses
  PASS  test_a_column_refusal_does_not_touch_the_operation_channel
  PASS  test_every_published_column_refusal_code_is_prefixed
CI_SUITE_TIME {"assertions":152,"failures":0,"suite":"test_residents_columns.gd","tests":23,"usec":3106301}
test_save_owner_priorities.gd
  PASS  test_field_identity_and_all_zero_empty_frame
  PASS  test_independent_projection_witnesses_and_asymmetric_flags
  PASS  test_every_physical_priority_byte_is_checked
  PASS  test_active_priority_values_and_policy_flags_are_mutable_domains
  PASS  test_reserved_first_and_last_rows_precede_inactive_residue
  PASS  test_free_rows_require_every_policy_and_active_kind_to_be_zero
  PASS  test_refusal_order_across_distinct_rows
  PASS  test_all512_present_rows_are_legal_for_policy_storage
  PASS  test_public_lifecycle_and_shared_free_row_reader
  PASS  test_all_column_shapes_refuse_before_semantic_access
  PASS  test_null_wrong_owner_and_bucket_counts_refuse
CI_SUITE_TIME {"assertions":7309,"failures":0,"suite":"test_save_owner_priorities.gd","tests":11,"usec":264247}
test_save_owner_resource_nodes.gd
  PASS  test_layout_defaults_and_full_integer_endpoints
  PASS  test_retained_inactive_history_and_local_duplicate_scope
  PASS  test_every_physical_position_has_a_value_witness
  PASS  test_scalar_extrema_and_all_seventeen_clause_witnesses
  PASS  test_tile_and_global_directory_reference_boundaries
  PASS  test_global_gate_priority_at_opposite_rows
  PASS  test_every_shape_precedes_values_and_typed_bucket_shapes
  PASS  test_public_wide_harvest_overflow_regrow_and_destroy_history
CI_SUITE_TIME {"assertions":85132,"failures":0,"suite":"test_save_owner_resource_nodes.gd","tests":8,"usec":24488129}
test_save_section_inventories.gd
  PASS  test_store_count_and_owner_order_are_ascii
  PASS  test_owner_schema_versions_match_the_registry
  PASS  test_section_opens_with_a_store_count_of_six
  PASS  test_default_capacity_section_has_the_declared_byte_vector
  PASS  test_small_record_block_arithmetic_is_exact
  PASS  test_empty_record_round_trips_byte_identically
  PASS  test_populated_record_round_trips_byte_identically
  PASS  test_offset_decoding_reads_the_same_section
  PASS  test_free_stack_order_survives_a_round_trip
  PASS  test_free_stack_garbage_tail_is_not_persisted
  PASS  test_declared_slot_list_tail_is_not_persisted
  PASS  test_free_stack_naming_a_live_slot_is_refused
  PASS  test_slot_that_is_neither_live_nor_free_must_be_retired
  PASS  test_free_count_above_capacity_is_refused
  PASS  test_gear_declares_no_generation_of_its_own
  PASS  test_reservations_declares_no_generation_of_its_own
  PASS  test_generation_high_bit_is_read_signed
  PASS  test_every_published_provenance_member_is_accepted
  PASS  test_provenance_six_is_refused_not_clamped
  PASS  test_out_of_domain_provenance_refuses_a_full_length_section_without_writing
  PASS  test_child_extent_is_not_the_first_column_length
  PASS  test_only_inventory_declares_a_child_extent
  PASS  test_child_extent_above_the_compiled_lot_capacity_is_refused
  PASS  test_primary_count_bounds_are_enforced_per_owner
  PASS  test_blocks_out_of_ascii_order_are_refused
  PASS  test_wrong_owner_schema_version_is_refused
  PASS  test_declared_payload_length_must_match_what_the_block_consumes
  PASS  test_wrong_element_count_is_refused
  PASS  test_wrong_store_count_is_refused
  PASS  test_extent_refusal_is_the_primary_gate
  PASS  test_truncated_section_leaves_the_target_untouched
  PASS  test_chunk_cursor_is_bounded_and_reproduces_the_section
  PASS  test_large_column_is_split_into_bounded_chunks
  PASS  test_occupancy_byte_above_one_is_refused
  PASS  test_released_row_residue_is_refused
  PASS  test_reserved_above_quantity_is_refused
  PASS  test_negative_age_is_refused
  PASS  test_container_over_capacity_is_refused
  PASS  test_storage_class_outside_the_domain_is_refused
  PASS  test_declared_list_must_match_the_storage_classes
  PASS  test_undeclared_container_carries_no_declaration_generation
  PASS  test_source_holds_no_float
  PASS  test_the_reserved_merge_residue_is_real_in_the_live_store
  PASS  test_normalized_reserved_merge_residue_at_literal_wire_offsets
  PASS  test_capture_does_not_touch_one_byte_of_the_live_store
  PASS  test_one_free_lot_slot_transfer_survives_capture_and_restore
  PASS  test_save_load_save_is_byte_identical_through_a_live_store
  PASS  test_two_histories_with_different_residue_produce_identical_bytes
  PASS  test_meaningful_differences_still_change_the_canonical_stream
  PASS  test_free_max_live_max_and_retired_max_stay_three_distinct_states
  PASS  test_final_reuse_of_a_generation_max_slot_is_captured
  PASS  test_capture_refuses_a_boundary_that_is_not_quiescent
  PASS  test_capture_refuses_a_store_whose_extents_are_not_the_records
  PASS  test_generation_zero_on_an_inactive_row_is_refused_under_schema_three
  PASS  test_every_noncanonical_inactive_value_is_refused_one_at_a_time
  PASS  test_a_noncanonical_inactive_provenance_is_refused_and_never_mapped_to_ordinary
  PASS  test_publication_refuses_without_writing_a_byte_of_the_target_store
  PASS  test_restoration_rebuilds_the_derived_counts_and_scan_bounds
  PASS  test_the_adapter_supplies_every_declared_field_and_refuses_any_other
  PASS  test_the_free_stack_fields_hash_only_their_used_prefix
  PASS  test_residue_only_differences_produce_the_same_digest
  PASS  test_a_live_difference_still_changes_the_digest
  PASS  test_fishing_old_owner_and_section_versions_refuse_without_publication
  PASS  test_eighth_fishing_column_has_independent_blank_and_slot_gates
  PASS  test_the_anchor_column_is_appended_as_ordinal_thirty
  PASS  test_anchors_round_trip_through_capture_encode_decode_and_publish
  PASS  test_a_section_schema_four_descriptor_is_refused_without_publication
  PASS  test_the_codec_refuses_a_live_anchor_outside_the_grid
  PASS  test_a_refused_anchor_is_never_published_into_the_target_store
  PASS  test_the_digest_hashes_live_anchors_and_ignores_dead_anchor_residue
CI_SUITE_TIME {"assertions":1366,"failures":0,"suite":"test_save_section_inventories.gd","tests":70,"usec":48657267}
test_save_section_job_indexes.gd
  PASS  test_declared_ordinals_match_the_registry_artifact
  PASS  test_extents_come_from_the_owning_schema
  PASS  test_layout_constants_match_their_recomputation
  PASS  test_field_tables_agree_with_each_other
  PASS  test_payload_tiles_with_no_gaps
  PASS  test_empty_record_holds_the_declared_unused_values
  PASS  test_framing_bytes_are_pinned
  PASS  test_the_pinned_offsets_are_the_modules_offsets
  PASS  test_element_counts_are_each_field_own_extent
  PASS  test_column_major_values_are_pinned
  PASS  test_canonical_bytes_exclude_the_framing
  PASS  test_round_trip_is_byte_identical
  PASS  test_primary_count_is_the_designated_pending_service_table
  PASS  test_the_caller_cannot_choose_a_primary_count
  PASS  test_a_primary_count_that_is_not_the_designated_table_refuses
  PASS  test_the_encoder_writes_the_ruled_count_unconditionally
  PASS  test_production_write_is_ready_for_the_implemented_section8_owner
  PASS  test_capture_and_apply_use_the_real_planner_column_api
  PASS  test_apply_reports_semantic_errors_after_participants_and_barrier
  PASS  test_capture_record_into_is_all_or_nothing
  PASS  test_a_full_length_invalid_section_leaves_the_record_byte_identical
  PASS  test_truncation_and_offsets_are_gated_before_any_read
  PASS  test_section_length_refusal_checks_a_descriptor
  PASS  test_a_payload_length_that_disagrees_with_the_body_refuses
  PASS  test_the_owner_wrapper_is_checked_field_by_field
  PASS  test_an_element_count_from_another_table_refuses
  PASS  test_a_record_of_the_wrong_shape_refuses_before_indexing
  PASS  test_a_generation_of_0x80000000_is_refused_as_negative
  PASS  test_the_largest_representable_generation_survives
  PASS  test_bounded_byte_columns_refuse_a_value_outside_their_own_domain
  PASS  test_flag_columns_hold_only_zero_or_one
  PASS  test_slot_columns_are_directory_slots
  PASS  test_days_cycles_and_quantities_are_never_negative
  PASS  test_requested_crop_is_a_compiled_crop_or_no_crop
  PASS  test_a_free_row_keeps_no_residue_of_what_it_carried
  PASS  test_the_history_a_free_row_is_allowed_to_keep
  PASS  test_a_tend_row_carries_no_sowing_state
  PASS  test_a_sowing_row_carries_no_day
  PASS  test_an_outstanding_cycle_agrees_with_its_owner_cursor
  PASS  test_an_outstanding_sowing_row_names_a_real_crop
  PASS  test_exactly_the_pending_rows_carry_a_job
  PASS  test_a_used_row_names_its_owner_in_both_halves
  PASS  test_an_enabled_designation_names_its_zone
  PASS  test_requested_status_belongs_only_to_sowing
  PASS  test_encode_refuses_an_invalid_record
  PASS  test_this_build_is_little_endian
  PASS  test_module_source_holds_no_float
CI_SUITE_TIME {"assertions":541,"failures":0,"suite":"test_save_section_job_indexes.gd","tests":47,"usec":907303}
test_save_section_name_pool.gd
  PASS  test_section_identity_and_framing_constants
  PASS  test_the_name_r02_owner_wrapper_is_registered_exactly_as_ruled
  PASS  test_the_canonical_record_identity_is_reg_r01s_and_carries_no_framing_count
  PASS  test_section_length_bounds_are_name_r02s_stated_arithmetic
  PASS  test_empty_pool_encodes_to_the_exact_all_empty_vector
  PASS  test_representative_encode_matches_a_restated_byte_vector
  PASS  test_save_r09_002_pinned_string_fixtures_reproduce
  PASS  test_canonical_bytes_drop_the_wrapper_and_both_framing_counts
  PASS  test_capture_of_the_starter_settlement_names_only_the_warden
  PASS  test_round_trip_preserves_names_slot_positions_and_empties
  PASS  test_an_empty_name_round_trips_as_a_present_anonymous_row_not_an_absent_one
  PASS  test_clearing_a_name_round_trips_as_anonymous
  PASS  test_extent_refusal_is_public_and_separates_its_four_refusals
  PASS  test_extent_check_does_not_overflow_on_a_huge_offset
  PASS  test_the_encoded_wrapper_carries_the_ruled_field_values_at_the_ruled_offsets
  PASS  test_a_wrapper_payload_length_that_disagrees_with_the_body_is_refused
  PASS  test_each_wrapper_field_has_its_own_refusal_and_none_is_inferred
  PASS  test_the_wrapper_and_the_inner_row_count_are_both_validated
  PASS  test_a_truncated_section_refuses_instead_of_decoding_as_a_shorter_pool
  PASS  test_a_row_prefix_cannot_reach_past_the_section_into_the_next_one
  PASS  test_trailing_bytes_after_the_last_row_are_refused
  PASS  test_an_off_by_one_length_prefix_is_caught_both_directions
  PASS  test_a_row_count_other_than_the_capacity_is_refused
  PASS  test_a_row_count_with_the_high_u32_bit_set_is_read_as_unsigned
  PASS  test_a_full_length_section_with_an_over_long_name_refuses_without_writing_out
  PASS  test_a_full_length_section_with_a_control_character_refuses_without_writing_out
  PASS  test_save_r09_002_malformed_utf8_vectors_fail
  PASS  test_a_multibyte_name_counts_scalars_not_bytes
  PASS  test_the_128_byte_cap_and_the_32_scalar_cap_are_separate_rules
  PASS  test_the_empty_name_is_accepted_and_a_single_scalar_is_not
  PASS  test_control_scalar_classification_covers_c0_del_and_c1
  PASS  test_a_control_character_inside_an_otherwise_legal_name_refuses
  PASS  test_the_arena_limit_is_enforced_independently_of_the_per_name_cap
  PASS  test_capture_refuses_a_store_whose_named_flag_and_key_disagree
  PASS  test_the_live_store_can_no_longer_hold_a_name_the_codec_would_refuse
  PASS  test_the_codec_still_refuses_an_over_long_name_that_reaches_it_in_a_record
  PASS  test_apply_refuses_a_name_on_a_slot_the_store_has_no_resident_in
  PASS  test_apply_refuses_an_invalid_record_before_touching_the_store
  PASS  test_apply_refuses_a_named_row_whose_pool_entry_is_empty
  PASS  test_apply_refuses_an_anonymous_row_the_pool_names
  PASS  test_the_agreement_is_checked_before_the_first_write_not_after_it
  PASS  test_apply_installs_a_valid_anonymous_starter_snapshot_unchanged
  PASS  test_a_decoded_pool_applies_onto_a_store_with_holes
  PASS  test_the_module_source_contains_no_float
CI_SUITE_TIME {"assertions":466,"failures":0,"suite":"test_save_section_name_pool.gd","tests":44,"usec":2672828}
test_sim_clock.gd
  PASS  test_tick_zero_is_six_in_the_morning_of_spring_day_one
  PASS  test_first_midnight_is_tick_13500
  PASS  test_hours_and_minutes_advance_at_750_ticks_per_hour
  PASS  test_day_boundaries_use_the_offset_calendar_not_raw_modulo
  PASS  test_day_index_increments_only_at_offset_midnights
  PASS  test_season_rolls_over_after_twelve_days
  PASS  test_year_rolls_over_after_forty_eight_days
  PASS  test_three_times_speed_is_rejected
  PASS  test_speed_zero_is_not_requestable_because_pause_is_authoritative
  PASS  test_normal_speed_runs_thirty_ticks_per_real_second
  PASS  test_double_and_quadruple_run_exactly_two_and_four_times_the_ticks
  PASS  test_speed_change_does_not_clear_a_pause_reason
  PASS  test_pause_reasons_compose_as_a_mask_needing_separate_releases
  PASS  test_pause_reason_names_report_every_held_reason
  PASS  test_unknown_or_composite_pause_reasons_are_refused
  PASS  test_paused_host_time_accumulates_no_debt
  PASS  test_debt_is_retained_across_advances_rather_than_discarded
  PASS  test_frame_tick_ceiling_owes_the_remainder_instead_of_dropping_it
  PASS  test_player_pause_discards_only_subtick_debt_and_counts_it
  PASS  test_player_pause_never_discards_whole_owed_ticks
  PASS  test_overload_steps_four_to_two_to_one_then_pauses_with_a_diagnostic
  PASS  test_overload_retains_every_owed_tick_rather_than_skipping
  PASS  test_acknowledge_without_catchup_is_counted_and_never_rewinds_the_tick
  PASS  test_step_callback_runs_once_per_completed_tick
  PASS  test_day_boundary_fires_at_offset_midnight_only
  PASS  test_pause_raised_inside_a_step_stops_before_the_next_tick
  PASS  test_negative_elapsed_time_is_refused_without_changing_state
  PASS  test_overflowing_elapsed_time_is_refused_rather_than_wrapping
  PASS  test_a_successful_advance_clears_the_previous_error
  PASS  test_calendar_into_reproduces_calendar_field_for_field
  PASS  test_calendar_into_overwrites_every_field_of_a_reused_instance
  PASS  test_day_boundary_callback_receives_a_distinct_calendar_per_crossing
  PASS  test_advance_retains_no_objects_across_many_frames
  PASS  test_restore_installs_all_ten_fields_verbatim
  PASS  test_restore_accepts_every_named_debt_speed_and_mask_exactly
  PASS  test_restoring_a_player_pause_keeps_subtick_debt_and_counts_no_discard
  PASS  test_restored_debt_of_2500001_owes_two_ticks_and_keeps_its_remainder
  PASS  test_restore_runs_no_tick_and_replays_nothing_to_reach_the_saved_tick
  PASS  test_restore_at_midnight_replays_no_notification
  PASS  test_the_next_real_crossing_after_a_restore_is_delivered_exactly_once
  PASS  test_restore_refuses_a_negative_or_unrepresentable_tick
  PASS  test_restore_refuses_every_speed_outside_one_two_four
  PASS  test_restore_refuses_a_pause_mask_carrying_an_unknown_bit
  PASS  test_restore_preserves_the_saved_load_bit_beside_every_other_hold
  PASS  test_restore_refuses_a_negative_debt_and_names_each_negative_counter
  PASS  test_a_refused_restore_leaves_the_clock_byte_identical
  PASS  test_a_refused_restore_does_not_even_write_its_own_reason
  PASS  test_the_pure_validator_mutates_no_clock
  PASS  test_a_successful_restore_clears_only_the_transient_strings
  PASS  test_restore_accepts_the_whole_representable_counter_domain
  PASS  test_a_restored_clock_continues_identically_to_an_uninterrupted_one
  PASS  test_the_barrier_grants_one_token_at_a_time_and_only_it_lowers_the_barrier
  PASS  test_a_stale_token_cannot_lower_the_barrier_a_later_load_holds
  PASS  test_set_speed_is_barred_under_the_barrier_and_writes_nothing
  PASS  test_set_pause_is_barred_and_cannot_zero_the_sub_tick_debt_being_restored
  PASS  test_advance_is_barred_so_a_load_frame_folds_no_elapsed_time_into_the_clock
  PASS  test_acknowledge_without_catchup_is_barred_and_drops_no_owed_tick
  PASS  test_every_overload_ladder_entry_point_is_barred_and_emits_no_signal
  PASS  test_restore_runtime_passes_through_the_barrier_it_serves
  PASS  test_the_pure_validator_and_every_reader_stay_open_under_the_barrier
  PASS  test_the_barrier_never_touches_the_pause_mask
  PASS  test_lowering_the_barrier_never_clears_a_saved_load_bit
CI_SUITE_TIME {"assertions":848,"failures":0,"suite":"test_sim_clock.gd","tests":62,"usec":83462}
test_soak_harness.gd
  PASS  test_the_table_keeps_rows_up_to_its_capacity
  PASS  test_a_day_of_frames_reduces_to_percentiles_and_starts_again
  PASS  test_a_frame_value_is_clamped_to_int32
  PASS  test_the_slope_and_the_rising_share
  PASS  test_growth_fails_only_on_a_rise_over_its_tolerance_both_ways
  PASS  test_the_check_reads_every_tolerance_column_after_the_skip
  PASS  test_the_leak_watch_finds_a_cycle_and_spares_what_is_freed_or_held
  PASS  test_an_object_its_own_script_caches_is_held
  PASS  test_a_static_member_met_on_the_way_holds_too
  PASS  test_labels_name_a_script_file_or_a_class
  PASS  test_the_error_counter_counts_by_kind_and_keeps_the_first_few
  PASS  test_the_harness_reads_its_arguments
  PASS  test_a_few_hours_with_a_restart_leave_nothing_behind
test_soak_harness: the one-day soak run is skipped (set REDWALL_SLOW_TESTS=1)
  PASS  test_one_game_day_with_a_restart_has_no_errors_leaks_or_growth
CI_SUITE_TIME {"assertions":52,"failures":0,"suite":"test_soak_harness.gd","tests":14,"usec":26601852}
test_spoil_tips.gd
  PASS  test_exact_adopted_prices_keep_fractional_quantities_and_refuse_invalid_operations
  PASS  test_explicit_capacity_and_live_world_are_required_before_any_allocation
  PASS  test_candidate_preparation_is_read_only_and_does_not_mint_a_project
  PASS  test_publisher_binding_preflight_is_read_only_and_preserves_the_accepted_owner
  PASS  test_candidate_orders_prove_phase_source_capacity_and_exact_retained_contract
  PASS  test_direct_admission_or_foreign_composition_cannot_designate_a_tip
  PASS  test_designation_and_mid_prepare_cancel_keep_tile_generation_and_earned_work
  PASS  test_admission_refuses_a_fresh_counter_that_would_erase_retained_work
  PASS  test_unattested_or_unrecorded_work_cannot_cancel_or_complete
  PASS  test_compaction_retains_exact_quantity_and_reserves_whole_incoming_amount
  PASS  test_cancelled_reclamation_keeps_source_until_actual_output_commit
  PASS  test_full_tip_and_busy_operation_never_admit_predicted_free_capacity
  PASS  test_paid_empty_closure_reuses_slot_with_new_generation_and_no_legacy_save_downgrade
  PASS  test_stock_must_be_reclaimed_before_paid_closure
  PASS  test_retries_wrong_generations_and_lost_world_cannot_republish_source
  PASS  test_tile_index_heap_claim_and_conservation_corruption_are_detected_without_repairing
  PASS  test_expired_publisher_binding_cannot_be_replaced_with_fresh_history
  PASS  test_exhausted_closed_generation_retires_without_wrapping_or_reusing_its_slot
  PASS  test_unprepared_tip_and_stale_reads_refuse_without_partial_claims
CI_SUITE_TIME {"assertions":806,"failures":0,"suite":"test_spoil_tips.gd","tests":19,"usec":2218734}
test_starter_colony.gd
  PASS  test_the_seven_buildings_stand_active_at_their_authored_tiles
  PASS  test_the_hall_holds_four_rooms_over_its_eighty_interior_tiles
  PASS  test_thirty_one_floor_furniture_stand_on_the_diagram_and_no_edge_piece_is_placed
  PASS  test_the_applied_colony_matches_its_plan_and_a_changed_row_does_not
  PASS  test_room_and_furniture_drift_are_caught
  PASS  test_the_apply_is_deterministic_over_a_fresh_store
  PASS  test_interior_tiles_map_to_the_exterior_grid
  PASS  test_an_occupied_footprint_refuses_before_anything_is_placed
  PASS  test_a_locked_mask_and_missing_inputs_refuse_without_writing
  PASS  test_a_full_building_directory_refuses_by_capacity_before_placing
  PASS  test_a_footprint_over_a_live_ground_pile_refuses_through_the_placement_authority
  PASS  test_the_binding_names_the_hall_and_the_four_stockpiles_at_their_origins
  PASS  test_no_binding_without_the_colony_standing
  PASS  test_an_impostor_at_a_planned_origin_does_not_bind
  PASS  test_a_building_of_another_type_on_a_planned_origin_is_caught
  PASS  test_a_piece_of_another_type_or_rotation_on_a_planned_tile_is_caught
  PASS  test_a_plan_naming_a_fifth_stockpile_does_not_bind
  PASS  test_a_room_whose_tiles_run_in_another_order_is_caught
  PASS  test_a_stockpile_covering_a_planned_origin_from_elsewhere_does_not_bind
  PASS  test_a_building_covering_its_planned_origin_from_elsewhere_is_caught
CI_SUITE_TIME {"assertions":1278,"failures":0,"suite":"test_starter_colony.gd","tests":20,"usec":1467491}
test_ui_art.gd
  PASS  test_every_declared_asset_has_a_source_that_exists
  PASS  test_every_asset_id_is_unique_and_namespaced
  PASS  test_the_registry_columns_are_the_same_length
  PASS  test_an_undeclared_id_is_refused_rather_than_resolved
  PASS  test_every_category_is_declared_and_named
  PASS  test_every_asset_rasterises_at_every_declared_optical_size
  PASS  test_a_missing_or_unparseable_source_returns_null_not_a_blank_image
  PASS  test_painted_icons_carry_a_separation_keyline_on_forest
  PASS  test_painted_icons_stay_inside_the_lock_safe_box
  PASS  test_painted_icons_actually_occupy_their_grid
  PASS  test_painted_icons_are_painted_and_not_enlarged_line_glyphs
  PASS  test_species_medallions_read_on_paper_and_differ_from_one_another
  PASS  test_functional_glyphs_stay_simple_and_monochrome
  PASS  test_painted_icons_have_a_transparent_surround
  PASS  test_every_frame_edge_is_stretchable_without_a_seam
  PASS  test_frame_edge_thickness_matches_the_declared_stretch_margin
  PASS  test_frame_corners_render_at_their_declared_extent
  PASS  test_the_five_silhouettes_are_actually_different_outlines
  PASS  test_each_frame_run_starts_where_the_registry_says_it_does
  PASS  test_the_journal_declares_a_bound_side_wider_than_its_fore_edge
  PASS  test_the_manifest_matches_the_sources_on_disk
  PASS  test_decorative_pigments_are_not_offered_as_semantic_tokens
CI_SUITE_TIME {"assertions":807,"failures":0,"suite":"test_ui_art.gd","tests":22,"usec":139208}
test_ui_resident_snapshot.gd
  PASS  test_a_valid_reference_resolves_its_resident_row_and_fills_five_rows
  PASS  test_all_five_rows_come_from_one_snapshot_identity
  PASS  test_a_stale_generation_refuses_rather_than_reading_the_replacement
  PASS  test_a_refused_capture_clears_every_row_it_previously_held
  PASS  test_a_reference_of_another_kind_refuses_by_name
  PASS  test_a_missing_store_refuses_rather_than_printing_an_empty_card
  PASS  test_capturing_changes_no_byte_of_the_store
  PASS  test_hunger_negates_the_published_magnitude_exactly_once
  PASS  test_the_hunger_row_follows_the_size_class_the_store_verified
  PASS  test_all_five_rows_bind_a_published_rate
  PASS  test_a_signed_net_rate_is_passed_through_and_never_negated_again
  PASS  test_every_inherited_fixture_condition_reaches_the_row_intact
  PASS  test_winter_reaches_the_hunger_row_through_the_published_magnitude
  PASS  test_an_immediate_context_change_is_read_with_no_cached_lag
  PASS  test_a_reader_that_refuses_leaves_no_zero_behind
  PASS  test_a_capped_row_keeps_its_rate_and_is_marked
  PASS  test_an_interior_value_is_not_marked_capped
  PASS  test_an_inward_rate_at_the_ceiling_is_not_capped
  PASS  test_elapsed_simulation_does_not_change_a_per_hour_rate
  PASS  test_a_childs_hunger_row_shows_the_child_rate
CI_SUITE_TIME {"assertions":918,"failures":0,"suite":"test_ui_resident_snapshot.gd","tests":20,"usec":629910}
test_ui_theme_resource.gd
  PASS  test_all_four_weights_are_present_at_the_specified_paths
  PASS  test_each_file_reports_its_own_weight_rather_than_a_renamed_regular
  PASS  test_the_four_weights_are_four_distinct_files
  PASS  test_the_font_licence_travels_with_the_files
  PASS  test_the_theme_loads_and_carries_section_two_twos_body_typography
  PASS  test_every_profile_has_a_variation_in_the_committed_theme
  PASS  test_every_button_state_background_matches_the_token_it_was_built_from
  PASS  test_a_selected_toggle_is_gold_with_ink_text
  PASS  test_disabled_text_in_the_theme_is_muted_and_still_readable
  PASS  test_the_focus_outline_in_the_theme_is_the_gold_two_pixel_rule
  PASS  test_the_typographic_roles_carry_their_documented_sizes
  PASS  test_the_counter_role_uses_tabular_figures
  PASS  test_the_readout_profile_also_uses_tabular_figures
  PASS  test_every_icon_the_shell_names_exists
  PASS  test_the_disabled_lock_and_the_refusal_warning_are_present
  PASS  test_the_icons_are_authored_on_the_documented_grid
CI_SUITE_TIME {"assertions":208,"failures":0,"suite":"test_ui_theme_resource.gd","tests":16,"usec":163178}
test_underground_actor.gd
  PASS  test_complete_world_basis_source_is_immutable_and_selection_preserves_refused_output
  PASS  test_world_basis_reader_refuses_corrupt_rows_metadata_footer_and_source_atomically
  PASS  test_world_binding_requires_the_entire_actual_domain_descriptor_and_exact_root_range
  PASS  test_explicit_world_equation_keeps_grounding_after_skin_and_identical_attachment_root
  PASS  test_native_world_binding_keeps_global_parts_independent_of_parent_and_refused_updates
  PASS  test_palette_copies_source_and_exposes_only_counts_and_digest
  PASS  test_invalid_source_capacity_and_components_leave_palette_unbound
  PASS  test_matrix_blend_is_affine_not_a_hidden_quaternion_path
  PASS  test_transition_is_a_convex_combination_of_four_final_matrices
  PASS  test_bad_frames_weights_and_scratch_preserve_the_prior_output
  PASS  test_finite_baker_refuses_unrecorded_attachment_surface_overrides
  PASS  test_finite_baker_requires_explicit_persistent_pick_binding_and_separate_carry_states
  PASS  test_skin_validation_rejects_missing_eighth_influence_and_zero_weight
  PASS  test_nonfinite_and_unproved_material_geometry_refuse_before_allocation
  PASS  test_actual_renderer_updates_original_mesh_and_owned_palette_or_refuses_dummy_backend
  PASS  test_static_attachment_offsets_follow_the_same_finite_palette_and_native_lifetime
  PASS  test_actual_instance_material_is_preserved_without_modifying_the_original_mesh
  PASS  test_configuration_outside_the_scene_tree_cannot_publish_an_orphan_skin_palette
  PASS  test_common_grounding_uses_the_same_four_positive_frame_weights
  PASS  test_grounding_capacity_and_nonfinite_source_refuse_before_any_publication
  PASS  test_native_common_translation_moves_body_and_attachment_without_changing_skin_matrices
CI_SUITE_TIME {"assertions":225,"failures":0,"suite":"test_underground_actor.gd","tests":21,"usec":411123}
test_weather_cover.gd
  PASS  test_there_is_no_camera_following_sheet
  PASS  test_the_ground_and_the_bank_take_the_cover_and_the_water_does_not
  PASS  test_the_shaders_that_take_the_cover_declare_it
  PASS  test_frost_is_a_thinner_cover_than_snow
  PASS  test_buildings_and_props_wear_the_overlay_and_trees_do_not
  PASS  test_the_cover_eases_in_on_the_demo_clock
  PASS  test_the_prewarm_keeps_the_overlay_on_through_its_frames
  PASS  test_configuring_again_keeps_one_set_of_falls
CI_SUITE_TIME {"assertions":232,"failures":0,"suite":"test_weather_cover.gd","tests":8,"usec":867703}
[EntityManager] ready
[GameManager] ready
[SettlementSystem] ready
[EconomySystem] ready
[UIManager] ready


1373 test(s), 149845 assertion(s), 0 failure(s)
diagnostics: 0 unexpected error(s), 0 unexpected warning(s), 4 expected, 65 tolerated; leaked at exit: 0 object(s), 0 resource(s)
[EntityManager] ready
[GameManager] ready
[SettlementSystem] ready
[EconomySystem] ready
[UIManager] ready
log: 0 unexpected error(s), 0 unexpected warning(s); leaked at exit: 0 object(s), 0 resource(s).
ok: 1373 tests, 149845 assertions, 0 failures.
