Godot Engine v4.7.2.stable.official.ed1daf0bf - https://godotengine.org

Godot Engine v4.7.2.stable.official.ed1daf0bf - https://godotengine.org

test_balance_harness.gd
  PASS  test_the_roll_up_sums_flows_and_keeps_levels_minima_and_maxima
  PASS  test_the_roll_up_counts_true_days_joins_texts_and_folds_rows
  PASS  test_seasons_group_the_days_by_year_and_season
  PASS  test_the_csv_has_a_row_a_day_with_item_totals
  PASS  test_a_task_id_keeps_its_source_row_and_key_apart
  PASS  test_each_resident_falls_in_the_first_class_that_matches
  PASS  test_classified_time_is_charged_per_resident_and_class
  PASS  test_a_board_wait_ends_claimed_or_dropped_and_the_queue_is_time_weighted
  PASS  test_a_reused_row_is_a_new_task
  PASS  test_a_live_row_that_stops_waiting_without_a_worker_is_dropped
  PASS  test_the_kitchen_s_roles_classify_diners_and_cooks
  PASS  test_meals_are_booked_to_their_own_day_once
  PASS  test_blight_that_kills_a_crop_is_charged_to_blight
  PASS  test_beds_are_booked_sown_harvested_overripe_and_frosted
  PASS  test_the_crossing_into_six_charges_the_last_frost_hour
  PASS  test_material_moves_and_new_incidents_are_booked
  PASS  test_weather_events_have_their_names
  PASS  test_the_day_arithmetic
  PASS  test_the_policy_counts_its_orders_by_verb_and_refusals_apart
  PASS  test_unknown_flags_and_a_bad_seed_are_refused_wherever_they_stand
  PASS  test_the_runner_refuses_a_bad_command_line
test_balance_harness: the one-season determinism run is skipped (set REDWALL_SLOW_TESTS=1)
  PASS  test_one_season_of_the_real_village_is_deterministic
CI_SUITE_TIME {"assertions":88,"failures":0,"suite":"test_balance_harness.gd","tests":22,"usec":12056940}
test_canopy_clear.gd
  PASS  test_the_eye_direction_is_the_orbit_rigs_own
  PASS  test_a_crown_is_an_ellipsoid_cut_at_its_base
  PASS  test_a_ray_spans_a_crown_between_its_entry_and_exit
  PASS  test_a_falling_ray_leaves_at_the_base
  PASS  test_a_sight_line_crosses_only_what_it_reaches
  PASS  test_an_eye_in_the_open_is_left_alone
  PASS  test_an_eye_inside_a_crown_moves_out_past_its_far_side
  PASS  test_an_eye_that_cannot_get_out_comes_in_under_the_crown
  PASS  test_the_eye_never_comes_nearer_than_the_floor
  PASS  test_the_rig_moves_the_drawn_eye_at_once_and_keeps_the_zoom
  PASS  test_only_the_crowns_in_the_way_are_thinned
  PASS  test_a_fade_eases_in_and_out_and_hands_back_the_material
  PASS  test_the_selected_residents_sight_lines_thin_their_crowns
  PASS  test_a_crown_at_the_lens_is_thinned
  PASS  test_no_more_than_max_faded_crowns_are_thinned
  PASS  test_nothing_fades_in_the_underground_view
  PASS  test_one_fade_material_per_tree_model_carrying_its_maps
  PASS  test_the_silhouette_goes_on_the_body_only
  PASS  test_the_frame_thins_a_crown_over_a_selected_resident
  PASS  test_the_silhouette_follows_the_selection_and_the_underground_view
TOLERATED ERROR: Condition "!is_inside_tree()" is true. Returning: Transform3D()
   at: get_global_transform (scene/3d/node_3d.cpp:649)
   GDScript backtrace (most recent call first):
       [0] begin_prewarm (res://demo/camera/canopy_clear.gd:482)
       [1] test_the_prewarm_leaves_only_the_selected_wearing_the_silhouette (res://test/test_canopy_clear.gd:411)
       [2] _run_test (res://test/run_tests.gd:194)
       [3] _run_suite (res://test/run_tests.gd:168)
       [4] _run_suite (/home/runner/work/redwall-rts/redwall-rts/tools/ci_test_shard_runner.gd:30)
       [5] _run_worker (res://test/run_tests.gd:121)
       [6] _initialize (res://test/run_tests.gd:108)
  PASS  test_the_prewarm_leaves_only_the_selected_wearing_the_silhouette
  PASS  test_a_hidden_faded_tree_is_handed_back
  PASS  test_a_felled_tree_leaves_the_crowns_on_the_next_frame
  PASS  test_the_rigs_own_frame_keeps_the_eye_out_of_a_crown
CI_SUITE_TIME {"assertions":107,"failures":0,"suite":"test_canopy_clear.gd","tests":24,"usec":3980843}
test_construction_excavation.gd
  PASS  test_adopted_economic_rows_and_legacy_material_domain_are_exact
  PASS  test_brace_needs_full_delivery_and_preserves_partial_accounting
  PASS  test_site_completion_requires_physical_coordinator_and_retry_spends_no_work
  PASS  test_cancelled_started_brace_prices_refund_per_phase
  PASS  test_retained_work_needs_full_new_funding_even_when_work_is_ready
  PASS  test_site_and_building_reference_namespaces_never_alias
  PASS  test_site_authority_liveness_and_pause_are_revalidated
  PASS  test_base_authority_and_expired_binding_cannot_reset_physical_history
  PASS  test_new_purpose_is_rejected_by_frozen_legacy_save_columns
CI_SUITE_TIME {"assertions":114,"failures":0,"suite":"test_construction_excavation.gd","tests":9,"usec":835571}
test_demo_art_wiring.gd
  PASS  test_an_icon_only_row_is_read_by_key_and_a_missing_file_is_not
  PASS  test_an_item_is_drawn_by_its_key_first_and_its_model_second
  PASS  test_every_dish_has_its_icon_key_by_its_recipe_key
  PASS  test_the_orchard_draws_the_food_art_where_it_is_staged
  PASS  test_without_the_food_art_the_orchard_draws_its_stand_ins
  PASS  test_a_planted_fruit_tree_grows_through_the_food_arts_shares
  PASS  test_the_old_orchards_stand_shows_full_apple_baskets
  PASS  test_the_forage_spots_draw_their_models_only_where_staged
  PASS  test_the_bramble_edge_is_clear_of_the_orchards_blocks
  PASS  test_the_herb_patch_model_stands_for_its_clumps
  PASS  test_the_door_dressing_stands_before_the_bodys_front
  PASS  test_the_infirmary_body_falls_back_to_its_stand_in
  PASS  test_the_evergreens_stand_in_the_woods_the_same_every_run
  PASS  test_the_evergreens_are_drawn_at_brendans_sizes
  PASS  test_the_authored_bare_oak_is_used_only_when_both_load
  PASS  test_the_brace_is_the_timber_set_when_staged_else_the_old_brace
  PASS  test_rock_faces_stand_where_the_ground_is_rock
CI_SUITE_TIME {"assertions":247,"failures":0,"suite":"test_demo_art_wiring.gd","tests":17,"usec":853083}
test_demo_crop_roles.gd
  PASS  test_each_row_has_its_role_and_every_sibling_shares_it
  PASS  test_the_two_differences_are_the_rows_own_numbers
  PASS  test_the_words_for_days_and_seasons
  PASS  test_uses_are_read_from_the_kitchen_and_the_mill
  PASS  test_the_role_line
  PASS  test_the_picker_shows_each_crop_s_role
CI_SUITE_TIME {"assertions":106,"failures":0,"suite":"test_demo_crop_roles.gd","tests":6,"usec":228516}
test_demo_hall_art.gd
  PASS  test_nothing_staged_draws_the_plain_homes_and_no_stage
  PASS  test_a_lit_home_is_drawn_with_its_windows_model_dark
  PASS  test_only_a_lit_home_takes_its_windows_model
  PASS  test_each_home_glows_on_its_own_material
  PASS  test_the_stone_stage_is_built_hidden_at_the_timber_halls_transform
  PASS  test_no_stage_without_the_timber_hall_staged
  PASS  test_a_rebuild_refills_the_same_glow_list
  PASS  test_the_windows_are_dark_by_day_and_glow_with_each_homes_lamp
  PASS  test_the_windows_are_written_only_when_their_value_changes
  PASS  test_the_full_night_glow_is_the_art_maps_value
  PASS  test_without_windows_bound_nothing_is_written
  PASS  test_an_empty_glow_list_is_bound_harmlessly
  PASS  test_the_window_glow_allocates_nothing
  PASS  test_the_stone_hall_replaces_the_timber_one_at_tier_2
  PASS  test_without_the_stone_hall_the_composed_stand_in_stays
  PASS  test_the_linen_banner_hangs_upright_and_dyes_only_its_cloth
  PASS  test_without_the_linen_banner_the_stand_in_hangs
CI_SUITE_TIME {"assertions":93,"failures":0,"suite":"test_demo_hall_art.gd","tests":17,"usec":760775}
test_demo_infirmary_building.gd
  PASS  test_the_infirmary_figures_are_the_gdd_s_read_from_the_settlement_tables
  PASS  test_a_carry_is_the_carrier_s_mass_over_the_material_s
  PASS  test_placing_deducts_nothing_and_one_stands
  PASS  test_cloth_comes_from_the_care_shelf_and_goes_back_there
  PASS  test_a_material_is_fetched_exactly_and_the_books_always_add_up
  PASS  test_all_delivered_starts_the_work_and_the_work_builds_it
  PASS  test_cancel_after_work_began_returns_eighty_percent
  PASS  test_four_residents_fetch_exactly_what_it_costs_and_build_it
  PASS  test_a_builder_called_away_puts_its_load_back_and_a_cancel_lets_everyone_go
  PASS  test_a_place_waits_only_while_something_can_be_fetched_or_built
  PASS  test_it_may_stand_only_clear_of_everything_and_once
  PASS  test_the_tool_places_says_why_and_is_put_away
  PASS  test_it_is_drawn_flat_then_rising_then_whole_and_its_piles_grow
  PASS  test_the_board_lists_its_places_on_the_infirmary_source
  PASS  test_the_building_node_stands_as_an_obstacle_and_cancels
  PASS  test_a_lift_takes_only_what_is_left_and_nothing_is_delivered_after_a_cancel
  PASS  test_a_resident_is_admitted_once
  PASS  test_a_place_waits_to_build_and_one_that_gave_up_rests
  PASS  test_cloth_is_fetched_from_the_shelf_and_a_pause_gives_back_the_reservation
  PASS  test_the_tool_refuses_when_one_was_planned_meanwhile
  PASS  test_the_board_key_changes_with_a_new_building_and_building_is_building
  PASS  test_every_placing_refusal_and_the_care_places_kept_clear
  PASS  test_cloth_kept_for_treatments_is_not_fetched_for_the_building
  PASS  test_the_building_node_arms_after_putting_the_dig_tool_away
CI_SUITE_TIME {"assertions":145,"failures":0,"suite":"test_demo_infirmary_building.gd","tests":24,"usec":1464697}
test_demo_lens_probes.gd
  PASS  test_the_base_probe_says_nothing_and_cannot_outline
  PASS  test_a_reading_compares_and_copies_every_field
  PASS  test_a_bed_is_read_inside_its_square_and_nowhere_else
  PASS  test_the_moisture_words_give_the_bed_s_own_band_edges
  PASS  test_the_reading_follows_the_sim_and_the_field_moves_only_on_a_new_colour
  PASS  test_choosing_a_crop_re_words_the_bed_with_its_moisture_unchanged
  PASS  test_ripeness_entries_split_at_the_grace_and_the_loss
  PASS  test_the_ripeness_words_give_growth_hours_or_hours_ripe
  PASS  test_the_service_words_quote_the_leat_s_figures
  PASS  test_reading_a_bed_allocates_nothing
  PASS  test_the_water_is_read_to_the_unit_with_its_zone
  PASS  test_the_pond_reads_as_its_ice_and_the_stream_as_water
  PASS  test_the_water_words_hold_the_shallower_zone_at_a_threshold
  PASS  test_the_water_legend_and_field_follow_the_painted_body_and_the_ice
  PASS  test_reading_the_water_allocates_nothing
  PASS  test_a_tree_and_its_zone_are_read
  PASS  test_the_woods_outline_samples_zones_only_and_a_fell_re_words
  PASS  test_the_woods_field_is_its_zones
  PASS  test_the_scales_reach_their_layers_and_quote_the_rules
  PASS  test_the_overlays_paint_with_the_tokens
  PASS  test_every_ramp_passes_the_colour_blind_check
  PASS  test_the_woods_marks_pass_the_colour_blind_check
  PASS  test_the_old_woods_marks_fail_where_decision_0581_measured
  PASS  test_the_old_ramps_fail_the_check_that_the_new_ones_pass
  PASS  test_the_colour_maths_matches_its_references
CI_SUITE_TIME {"assertions":174,"failures":0,"suite":"test_demo_lens_probes.gd","tests":25,"usec":1310508}
test_demo_orchard.gd
  PASS  test_the_numbers_are_the_documents
  PASS  test_the_early_yield_is_the_product_floored_once
  PASS  test_berry_growth_is_the_capped_additive_form
  PASS  test_stages_by_age
  PASS  test_the_sites_are_tile_blocks_clear_of_the_village
  PASS  test_the_old_orchard_is_real_rows
  PASS  test_a_day_untended_costs_100_and_tended_restores_50
  PASS  test_the_old_trees_bear_once_in_their_window
  PASS  test_a_young_tree_bears_early_then_fully
  PASS  test_an_early_year_is_not_picked_twice_when_it_matures_in_its_window
  PASS  test_planting_refusals_and_saplings
  PASS  test_a_plan_grows_its_sapling_and_promises_its_site
  PASS  test_the_hedge_fruits_in_summer_and_keeps_its_floor
  PASS  test_the_grove_record_keeps_the_newest
  PASS  test_a_stand_is_never_a_destination
  PASS  test_moving_food_keeps_its_age_and_the_ledger
  PASS  test_a_move_takes_what_fits_and_merges_keeping_the_older_age
  PASS  test_the_board_opens_one_job_a_kind_a_target
  PASS  test_the_routine_raises_the_seasons_work
  PASS  test_together_timing_waits_for_the_whole_group
  PASS  test_a_cancelled_routine_job_is_not_raised_again_today
  PASS  test_a_resident_tends_a_tree
  PASS  test_a_harvest_goes_to_the_baskets_and_on_to_a_store
  PASS  test_room_first_a_full_stand_waits
  PASS  test_a_picking_fills_a_basket_of_berries
  PASS  test_a_planting_takes_its_sapling_and_compost_when_done
  PASS  test_a_plan_is_propagated_grown_and_planted
  PASS  test_the_grove_is_observed_once_a_season
  PASS  test_a_drought_tending_pays_two_units_of_water
  PASS  test_a_carrier_called_away_sets_its_load_down_and_another_carries_it_on
  PASS  test_pause_resume_and_reassign_a_waiting_job
  PASS  test_the_kitchen_policy_sends_the_baskets_to_the_kitchen_and_the_keep_stays
  PASS  test_order_refusals_say_why
  PASS  test_the_keeping_policy_sends_the_baskets_to_the_cellar
  PASS  test_a_year_old_tree_bears_on_the_day_it_turns_one
  PASS  test_a_ready_plan_plants_only_its_own_species
  PASS  test_work_completes_at_exactly_its_need
  PASS  test_a_carrier_lost_three_times_keeps_its_load
  PASS  test_a_held_picking_leaves_less_for_the_next
  PASS  test_a_haul_called_away_releases_its_room
  PASS  test_a_haul_follows_its_store_when_the_stores_move
  PASS  test_a_worker_off_its_spot_walks_back_and_resumes_the_work
  PASS  test_no_job_is_raised_that_cannot_start
  PASS  test_a_partial_delivery_keeps_the_rest_in_hand
  PASS  test_a_job_nobody_can_reach_is_given_up_after_three_tries
  PASS  test_together_picks_a_tree_whose_window_closes
  PASS  test_the_first_early_day_boundary
  PASS  test_a_propagation_does_not_work_a_new_plan_on_a_reused_row
  PASS  test_the_nursery_takes_its_fruit_from_the_stands_only
CI_SUITE_TIME {"assertions":2711,"failures":0,"suite":"test_demo_orchard.gd","tests":49,"usec":12819599}
test_demo_p7_assets.gd
  PASS  test_the_underground_props_are_sized_by_their_rule
  PASS  test_a_model_in_parts_is_staged_only_with_every_part
  PASS  test_every_part_shares_the_whole_model_s_fit
  PASS  test_fitted_bakes_the_fit_into_one_mesh_with_its_materials
  PASS  test_the_staged_hand_lantern_glows_from_its_panes
  PASS  test_the_staged_basket_is_the_library_s_and_holds_its_spoil_at_the_rim
  PASS  test_the_staged_hanging_stores_hang_string_by_string_from_the_beam
  PASS  test_the_hanging_stores_back_meets_the_ring_beam
  PASS  test_the_root_bin_rug_chimney_and_large_bed_swap_in_where_staged
  PASS  test_a_door_swings_open_for_a_resident_below_and_shuts_behind
  PASS  test_a_dug_home_hangs_its_door_leaf_on_a_hinge_at_the_cutting_s_foot
  PASS  test_the_cutting_follows_the_ramp_down_to_the_portal_and_its_throat
  PASS  test_the_ground_is_cut_by_the_cutting_s_footprint_and_conserved
  PASS  test_a_replaced_ground_is_read_again_as_uncut
  PASS  test_a_dug_tunnel_opens_its_mouths_and_cuts_the_ground_over_them
  PASS  test_a_walker_is_in_the_open_cutting_until_the_bore_goes_under
  PASS  test_nobody_is_sent_to_stand_over_an_open_cutting
  PASS  test_a_resident_in_the_cutting_is_drawn_on_the_surface_too
  PASS  test_the_stairs_have_timber_treads_with_a_nosing_over_their_risers
  PASS  test_a_walk_crouches_where_the_resident_stoops_and_a_dig_swings
  PASS  test_a_mouse_crouches_in_a_bore_and_a_mole_walks_upright
  PASS  test_the_dig_swings_once_a_strike_landing_on_the_cut
  PASS  test_a_quick_dig_swings_back_to_back_with_a_rest_between
  PASS  test_the_prewarm_covers_every_new_prop_s_material
  PASS  test_a_hole_moved_or_wound_the_other_way_is_cut_again
  PASS  test_the_cutting_s_width_floor_and_ends
  PASS  test_an_exit_s_cutting_a_planned_mouth_and_a_room_being_dug
  PASS  test_the_staged_arch_s_forecourt_is_its_piers_width
  PASS  test_a_whole_model_has_no_parts_and_a_parted_one_its_whole_bound
  PASS  test_a_digger_strikes_only_at_an_underground_face
  PASS  test_the_swing_plays_once_and_the_walks_loop
  PASS  test_a_cellar_s_hatch_has_no_cutting_and_heaps_keep_off_a_cutting_s_banks
  PASS  test_a_new_face_begun_within_a_frame_is_owed_its_first_swing
  PASS  test_a_hole_splits_no_triangle_it_misses_and_leaves_no_slivers
CI_SUITE_TIME {"assertions":969,"failures":0,"suite":"test_demo_p7_assets.gd","tests":34,"usec":241497}
test_demo_people_live.gd
  PASS  test_the_people_on_the_real_scene_at_1280x720
  PASS  test_the_people_on_the_real_scene_at_1920x1080
CI_SUITE_TIME {"assertions":70,"failures":0,"suite":"test_demo_people_live.gd","tests":2,"usec":29934332}
test_demo_prewarm.gd
  PASS  test_every_step_runs_once_and_is_timed
  PASS  test_the_clock_is_released_after_the_warm_frames_once
  PASS  test_the_props_warm_every_staged_model_once
  PASS  test_the_plant_atlases_warm_every_deferred_kind
  PASS  test_frame_steps_run_after_the_warm_frames_in_order_before_the_release
  PASS  test_no_frames_with_frame_steps_still_draws_them
CI_SUITE_TIME {"assertions":34,"failures":0,"suite":"test_demo_prewarm.gd","tests":6,"usec":27008}
test_demo_props.gd
  PASS  test_every_prop_has_a_positive_demo_size_and_a_rule
EXPECTED ERROR: demo_props: 'item_trout' has a flat or inverted bound
   at: push_error (core/variant/variant_utility.cpp:1023)
   GDScript backtrace (most recent call first):
       [0] scale_for (res://demo/props/demo_props.gd:191)
       [1] test_scale_measures_height_or_the_longest_side_by_rule (res://test/test_demo_props.gd:88)
       [2] _run_test (res://test/run_tests.gd:194)
       [3] _run_suite (res://test/run_tests.gd:168)
       [4] _run_suite (/home/runner/work/redwall-rts/redwall-rts/tools/ci_test_shard_runner.gd:30)
       [5] _run_worker (res://test/run_tests.gd:121)
       [6] _initialize (res://test/run_tests.gd:108)
  PASS  test_scale_measures_height_or_the_longest_side_by_rule
  PASS  test_an_unstaged_prop_is_a_box_of_its_size_standing_on_the_ground
  PASS  test_a_row_whose_model_is_missing_is_not_staged
  PASS  test_a_missing_icon_is_a_roundel_in_the_swatch_ringed_in_brass
  PASS  test_eleven_items_have_their_own_model_and_five_a_roundel
  PASS  test_a_held_item_is_centred_on_the_hands
  PASS  test_eleven_crops_grow_their_own_plant_and_five_borrow
  PASS  test_each_stage_shows_its_subset_of_the_plant_cells
  PASS  test_withered_and_blighted_read_apart
  PASS  test_a_bed_shows_the_stage_cells_and_a_withered_bed_slumps
  PASS  test_plant_cards_are_sized_to_the_plant_and_planted_by_its_width
  PASS  test_a_staged_plant_takes_its_cards
  PASS  test_a_ripe_lettuce_bed_draws_heads_not_cards
  PASS  test_a_harvest_is_carried_as_its_own_model_and_put_down_at_the_store
  PASS  test_a_harvest_in_hand_is_read_from_the_job_board
  PASS  test_a_shelf_shows_a_jar_per_started_third_and_its_goods_in_order
  PASS  test_the_store_shelf_lists_its_goods_most_first_and_cellars_wait_for_their_room
  PASS  test_finds_and_relics_have_their_models
  PASS  test_finds_lie_where_they_were_cut_in_the_underground_view
  PASS  test_the_ring_keeps_the_latest_finds
  PASS  test_the_panel_shows_a_finds_shelf
  PASS  test_lanterns_hang_on_alternate_walls_facing_into_the_bore
  PASS  test_a_lit_braced_tunnel_shows_frames_lanterns_and_glows_below
  PASS  test_boats_float_and_the_jetty_deck_stands_above_the_water
  PASS  test_a_digger_holds_its_pick_only_while_digging
  PASS  test_the_beaver_bridgewright_works_the_water_and_the_timber
CI_SUITE_TIME {"assertions":404,"failures":0,"suite":"test_demo_props.gd","tests":27,"usec":2636072}
test_demo_sound.gd
  PASS  test_the_shipped_table_has_every_cue_on_a_bus_with_an_equivalent
  PASS  test_a_cue_without_an_equivalent_or_with_an_unknown_bus_is_refused
  PASS  test_each_bad_field_refuses_its_cue
EXPECTED WARNING: sound cue chop: 5 of 5 files missing (res://demo/assets/no_such_sound_folder/chop_01.wav, res://demo/assets/no_such_sound_folder/chop_02.ogg, res://demo/assets/no_such_sound_folder/chop_03.ogg, res://demo/assets/no_such_sound_folder/chop_04.ogg, res://demo/assets/no_such_sound_folder/chop_05.ogg); it plays silent until they are staged
     at: push_warning (core/variant/variant_utility.cpp:1033)
     GDScript backtrace (most recent call first):
         [0] _load_row (res://demo/sound/sound_table.gd:153)
         [1] load_streams (res://demo/sound/sound_table.gd:134)
         [2] test_missing_files_play_silent_with_one_warning_per_cue (res://test/test_demo_sound.gd:165)
         [3] _run_test (res://test/run_tests.gd:194)
         [4] _run_suite (res://test/run_tests.gd:168)
         [5] _run_suite (/home/runner/work/redwall-rts/redwall-rts/tools/ci_test_shard_runner.gd:30)
         [6] _run_worker (res://test/run_tests.gd:121)
         [7] _initialize (res://test/run_tests.gd:108)
EXPECTED WARNING: sound cue gnaw: 5 of 5 files missing (res://demo/assets/no_such_sound_folder/gnaw_01.wav, res://demo/assets/no_such_sound_folder/gnaw_02.wav, res://demo/assets/no_such_sound_folder/gnaw_03.wav, res://demo/assets/no_such_sound_folder/gnaw_04.wav, res://demo/assets/no_such_sound_folder/gnaw_05.wav); it plays silent until they are staged
     at: push_warning (core/variant/variant_utility.cpp:1033)
     GDScript backtrace (most recent call first):
         [0] _load_row (res://demo/sound/sound_table.gd:153)
         [1] load_streams (res://demo/sound/sound_table.gd:134)
         [2] test_missing_files_play_silent_with_one_warning_per_cue (res://test/test_demo_sound.gd:165)
         [3] _run_test (res://test/run_tests.gd:194)
         [4] _run_suite (res://test/run_tests.gd:168)
         [5] _run_suite (/home/runner/work/redwall-rts/redwall-rts/tools/ci_test_shard_runner.gd:30)
         [6] _run_worker (res://test/run_tests.gd:121)
         [7] _initialize (res://test/run_tests.gd:108)
EXPECTED WARNING: sound cue saw: 3 of 3 files missing (res://demo/assets/no_such_sound_folder/saw_01.wav, res://demo/assets/no_such_sound_folder/saw_02.wav, res://demo/assets/no_such_sound_folder/saw_03.wav); it plays silent until they are staged
     at: push_warning (core/variant/variant_utility.cpp:1033)
     GDScript backtrace (most recent call first):
         [0] _load_row (res://demo/sound/sound_table.gd:153)
         [1] load_streams (res://demo/sound/sound_table.gd:134)
         [2] test_missing_files_play_silent_with_one_warning_per_cue (res://test/test_demo_sound.gd:165)
         [3] _run_test (res://test/run_tests.gd:194)
         [4] _run_suite (res://test/run_tests.gd:168)
         [5] _run_suite (/home/runner/work/redwall-rts/redwall-rts/tools/ci_test_shard_runner.gd:30)
         [6] _run_worker (res://test/run_tests.gd:121)
         [7] _initialize (res://test/run_tests.gd:108)
EXPECTED WARNING: sound cue dig: 3 of 3 files missing (res://demo/assets/no_such_sound_folder/dig_01.wav, res://demo/assets/no_such_sound_folder/dig_02.wav, res://demo/assets/no_such_sound_folder/dig_03.wav); it plays silent until they are staged
     at: push_warning (core/variant/variant_utility.cpp:1033)
     GDScript backtrace (most recent call first):
         [0] _load_row (res://demo/sound/sound_table.gd:153)
         [1] load_streams (res://demo/sound/sound_table.gd:134)
         [2] test_missing_files_play_silent_with_one_warning_per_cue (res://test/test_demo_sound.gd:165)
         [3] _run_test (res://test/run_tests.gd:194)
         [4] _run_suite (res://test/run_tests.gd:168)
         [5] _run_suite (/home/runner/work/redwall-rts/redwall-rts/tools/ci_test_shard_runner.gd:30)
         [6] _run_worker (res://test/run_tests.gd:121)
         [7] _initialize (res://test/run_tests.gd:108)
EXPECTED WARNING: sound cue tree_fall: 1 of 1 files missing (res://demo/assets/no_such_sound_folder/tree_fall_01.wav); it plays silent until they are staged
     at: push_warning (core/variant/variant_utility.cpp:1033)
     GDScript backtrace (most recent call first):
         [0] _load_row (res://demo/sound/sound_table.gd:153)
         [1] load_streams (res://demo/sound/sound_table.gd:134)
         [2] test_missing_files_play_silent_with_one_warning_per_cue (res://test/test_demo_sound.gd:165)
         [3] _run_test (res://test/run_tests.gd:194)
         [4] _run_suite (res://test/run_tests.gd:168)
         [5] _run_suite (/home/runner/work/redwall-rts/redwall-rts/tools/ci_test_shard_runner.gd:30)
         [6] _run_worker (res://test/run_tests.gd:121)
         [7] _initialize (res://test/run_tests.gd:108)
EXPECTED WARNING: sound cue pickup: 3 of 3 files missing (res://demo/assets/no_such_sound_folder/pickup_01.ogg, res://demo/assets/no_such_sound_folder/pickup_02.ogg, res://demo/assets/no_such_sound_folder/pickup_03.ogg); it plays silent until they are staged
     at: push_warning (core/variant/variant_utility.cpp:1033)
     GDScript backtrace (most recent call first):
         [0] _load_row (res://demo/sound/sound_table.gd:153)
         [1] load_streams (res://demo/sound/sound_table.gd:134)
         [2] test_missing_files_play_silent_with_one_warning_per_cue (res://test/test_demo_sound.gd:165)
         [3] _run_test (res://test/run_tests.gd:194)
         [4] _run_suite (res://test/run_tests.gd:168)
         [5] _run_suite (/home/runner/work/redwall-rts/redwall-rts/tools/ci_test_shard_runner.gd:30)
         [6] _run_worker (res://test/run_tests.gd:121)
         [7] _initialize (res://test/run_tests.gd:108)
EXPECTED WARNING: sound cue drop: 4 of 4 files missing (res://demo/assets/no_such_sound_folder/drop_01.ogg, res://demo/assets/no_such_sound_folder/drop_02.ogg, res://demo/assets/no_such_sound_folder/drop_03.ogg, res://demo/assets/no_such_sound_folder/drop_04.ogg); it plays silent until they are staged
     at: push_warning (core/variant/variant_utility.cpp:1033)
     GDScript backtrace (most recent call first):
         [0] _load_row (res://demo/sound/sound_table.gd:153)
         [1] load_streams (res://demo/sound/sound_table.gd:134)
         [2] test_missing_files_play_silent_with_one_warning_per_cue (res://test/test_demo_sound.gd:165)
         [3] _run_test (res://test/run_tests.gd:194)
         [4] _run_suite (res://test/run_tests.gd:168)
         [5] _run_suite (/home/runner/work/redwall-rts/redwall-rts/tools/ci_test_shard_runner.gd:30)
         [6] _run_worker (res://test/run_tests.gd:121)
         [7] _initialize (res://test/run_tests.gd:108)
EXPECTED WARNING: sound cue step_grass: 4 of 4 files missing (res://demo/assets/no_such_sound_folder/step_grass_01.ogg, res://demo/assets/no_such_sound_folder/step_grass_02.ogg, res://demo/assets/no_such_sound_folder/step_grass_03.ogg, res://demo/assets/no_such_sound_folder/step_grass_04.ogg); it plays silent until they are staged
     at: push_warning (core/variant/variant_utility.cpp:1033)
     GDScript backtrace (most recent call first):
         [0] _load_row (res://demo/sound/sound_table.gd:153)
         [1] load_streams (res://demo/sound/sound_table.gd:134)
         [2] test_missing_files_play_silent_with_one_warning_per_cue (res://test/test_demo_sound.gd:165)
         [3] _run_test (res://test/run_tests.gd:194)
         [4] _run_suite (res://test/run_tests.gd:168)
         [5] _run_suite (/home/runner/work/redwall-rts/redwall-rts/tools/ci_test_shard_runner.gd:30)
         [6] _run_worker (res://test/run_tests.gd:121)
         [7] _initialize (res://test/run_tests.gd:108)
EXPECTED WARNING: sound cue step_dirt: 4 of 4 files missing (res://demo/assets/no_such_sound_folder/step_dirt_01.ogg, res://demo/assets/no_such_sound_folder/step_dirt_02.ogg, res://demo/assets/no_such_sound_folder/step_dirt_03.ogg, res://demo/assets/no_such_sound_folder/step_dirt_04.ogg); it plays silent until they are staged
     at: push_warning (core/variant/variant_utility.cpp:1033)
     GDScript backtrace (most recent call first):
         [0] _load_row (res://demo/sound/sound_table.gd:153)
         [1] load_streams (res://demo/sound/sound_table.gd:134)
         [2] test_missing_files_play_silent_with_one_warning_per_cue (res://test/test_demo_sound.gd:165)
         [3] _run_test (res://test/run_tests.gd:194)
         [4] _run_suite (res://test/run_tests.gd:168)
         [5] _run_suite (/home/runner/work/redwall-rts/redwall-rts/tools/ci_test_shard_runner.gd:30)
         [6] _run_worker (res://test/run_tests.gd:121)
         [7] _initialize (res://test/run_tests.gd:108)
EXPECTED WARNING: sound cue step_wood: 4 of 4 files missing (res://demo/assets/no_such_sound_folder/step_wood_01.wav, res://demo/assets/no_such_sound_folder/step_wood_02.wav, res://demo/assets/no_such_sound_folder/step_wood_03.wav, res://demo/assets/no_such_sound_folder/step_wood_04.wav); it plays silent until they are staged
     at: push_warning (core/variant/variant_utility.cpp:1033)
     GDScript backtrace (most recent call first):
         [0] _load_row (res://demo/sound/sound_table.gd:153)
         [1] load_streams (res://demo/sound/sound_table.gd:134)
         [2] test_missing_files_play_silent_with_one_warning_per_cue (res://test/test_demo_sound.gd:165)
         [3] _run_test (res://test/run_tests.gd:194)
         [4] _run_suite (res://test/run_tests.gd:168)
         [5] _run_suite (/home/runner/work/redwall-rts/redwall-rts/tools/ci_test_shard_runner.gd:30)
         [6] _run_worker (res://test/run_tests.gd:121)
         [7] _initialize (res://test/run_tests.gd:108)
EXPECTED WARNING: sound cue step_tunnel: 4 of 4 files missing (res://demo/assets/no_such_sound_folder/step_tunnel_01.ogg, res://demo/assets/no_such_sound_folder/step_tunnel_02.ogg, res://demo/assets/no_such_sound_folder/step_tunnel_03.ogg, res://demo/assets/no_such_sound_folder/step_tunnel_04.ogg); it plays silent until they are staged
     at: push_warning (core/variant/variant_utility.cpp:1033)
     GDScript backtrace (most recent call first):
         [0] _load_row (res://demo/sound/sound_table.gd:153)
         [1] load_streams (res://demo/sound/sound_table.gd:134)
         [2] test_missing_files_play_silent_with_one_warning_per_cue (res://test/test_demo_sound.gd:165)
         [3] _run_test (res://test/run_tests.gd:194)
         [4] _run_suite (res://test/run_tests.gd:168)
         [5] _run_suite (/home/runner/work/redwall-rts/redwall-rts/tools/ci_test_shard_runner.gd:30)
         [6] _run_worker (res://test/run_tests.gd:121)
         [7] _initialize (res://test/run_tests.gd:108)
EXPECTED WARNING: sound cue step_wade: 3 of 3 files missing (res://demo/assets/no_such_sound_folder/step_wade_01.ogg, res://demo/assets/no_such_sound_folder/step_wade_02.ogg, res://demo/assets/no_such_sound_folder/step_wade_03.ogg); it plays silent until they are staged
     at: push_warning (core/variant/variant_utility.cpp:1033)
     GDScript backtrace (most recent call first):
         [0] _load_row (res://demo/sound/sound_table.gd:153)
         [1] load_streams (res://demo/sound/sound_table.gd:134)
         [2] test_missing_files_play_silent_with_one_warning_per_cue (res://test/test_demo_sound.gd:165)
         [3] _run_test (res://test/run_tests.gd:194)
         [4] _run_suite (res://test/run_tests.gd:168)
         [5] _run_suite (/home/runner/work/redwall-rts/redwall-rts/tools/ci_test_shard_runner.gd:30)
         [6] _run_worker (res://test/run_tests.gd:121)
         [7] _initialize (res://test/run_tests.gd:108)
EXPECTED WARNING: sound cue splash: 3 of 3 files missing (res://demo/assets/no_such_sound_folder/splash_01.ogg, res://demo/assets/no_such_sound_folder/splash_02.ogg, res://demo/assets/no_such_sound_folder/splash_03.ogg); it plays silent until they are staged
     at: push_warning (core/variant/variant_utility.cpp:1033)
     GDScript backtrace (most recent call first):
         [0] _load_row (res://demo/sound/sound_table.gd:153)
         [1] load_streams (res://demo/sound/sound_table.gd:134)
         [2] test_missing_files_play_silent_with_one_warning_per_cue (res://test/test_demo_sound.gd:165)
         [3] _run_test (res://test/run_tests.gd:194)
         [4] _run_suite (res://test/run_tests.gd:168)
         [5] _run_suite (/home/runner/work/redwall-rts/redwall-rts/tools/ci_test_shard_runner.gd:30)
         [6] _run_worker (res://test/run_tests.gd:121)
         [7] _initialize (res://test/run_tests.gd:108)
EXPECTED WARNING: sound cue water_in: 2 of 2 files missing (res://demo/assets/no_such_sound_folder/water_in_01.ogg, res://demo/assets/no_such_sound_folder/water_in_02.ogg); it plays silent until they are staged
     at: push_warning (core/variant/variant_utility.cpp:1033)
     GDScript backtrace (most recent call first):
         [0] _load_row (res://demo/sound/sound_table.gd:153)
         [1] load_streams (res://demo/sound/sound_table.gd:134)
         [2] test_missing_files_play_silent_with_one_warning_per_cue (res://test/test_demo_sound.gd:165)
         [3] _run_test (res://test/run_tests.gd:194)
         [4] _run_suite (res://test/run_tests.gd:168)
         [5] _run_suite (/home/runner/work/redwall-rts/redwall-rts/tools/ci_test_shard_runner.gd:30)
         [6] _run_worker (res://test/run_tests.gd:121)
         [7] _initialize (res://test/run_tests.gd:108)
EXPECTED WARNING: sound cue water_out: 2 of 2 files missing (res://demo/assets/no_such_sound_folder/water_out_01.ogg, res://demo/assets/no_such_sound_folder/water_out_02.ogg); it plays silent until they are staged
     at: push_warning (core/variant/variant_utility.cpp:1033)
     GDScript backtrace (most recent call first):
         [0] _load_row (res://demo/sound/sound_table.gd:153)
         [1] load_streams (res://demo/sound/sound_table.gd:134)
         [2] test_missing_files_play_silent_with_one_warning_per_cue (res://test/test_demo_sound.gd:165)
         [3] _run_test (res://test/run_tests.gd:194)
         [4] _run_suite (res://test/run_tests.gd:168)
         [5] _run_suite (/home/runner/work/redwall-rts/redwall-rts/tools/ci_test_shard_runner.gd:30)
         [6] _run_worker (res://test/run_tests.gd:121)
         [7] _initialize (res://test/run_tests.gd:108)
EXPECTED WARNING: sound cue amb_stream: 1 of 1 files missing (res://demo/assets/no_such_sound_folder/amb_stream_01.ogg); it plays silent until they are staged
     at: push_warning (core/variant/variant_utility.cpp:1033)
     GDScript backtrace (most recent call first):
         [0] _load_row (res://demo/sound/sound_table.gd:153)
         [1] load_streams (res://demo/sound/sound_table.gd:134)
         [2] test_missing_files_play_silent_with_one_warning_per_cue (res://test/test_demo_sound.gd:165)
         [3] _run_test (res://test/run_tests.gd:194)
         [4] _run_suite (res://test/run_tests.gd:168)
         [5] _run_suite (/home/runner/work/redwall-rts/redwall-rts/tools/ci_test_shard_runner.gd:30)
         [6] _run_worker (res://test/run_tests.gd:121)
         [7] _initialize (res://test/run_tests.gd:108)
EXPECTED WARNING: sound cue amb_wind: 1 of 1 files missing (res://demo/assets/no_such_sound_folder/amb_wind_01.wav); it plays silent until they are staged
     at: push_warning (core/variant/variant_utility.cpp:1033)
     GDScript backtrace (most recent call first):
         [0] _load_row (res://demo/sound/sound_table.gd:153)
         [1] load_streams (res://demo/sound/sound_table.gd:134)
         [2] test_missing_files_play_silent_with_one_warning_per_cue (res://test/test_demo_sound.gd:165)
         [3] _run_test (res://test/run_tests.gd:194)
         [4] _run_suite (res://test/run_tests.gd:168)
         [5] _run_suite (/home/runner/work/redwall-rts/redwall-rts/tools/ci_test_shard_runner.gd:30)
         [6] _run_worker (res://test/run_tests.gd:121)
         [7] _initialize (res://test/run_tests.gd:108)
EXPECTED WARNING: sound cue amb_rain: 1 of 1 files missing (res://demo/assets/no_such_sound_folder/amb_rain_01.ogg); it plays silent until they are staged
     at: push_warning (core/variant/variant_utility.cpp:1033)
     GDScript backtrace (most recent call first):
         [0] _load_row (res://demo/sound/sound_table.gd:153)
         [1] load_streams (res://demo/sound/sound_table.gd:134)
         [2] test_missing_files_play_silent_with_one_warning_per_cue (res://test/test_demo_sound.gd:165)
         [3] _run_test (res://test/run_tests.gd:194)
         [4] _run_suite (res://test/run_tests.gd:168)
         [5] _run_suite (/home/runner/work/redwall-rts/redwall-rts/tools/ci_test_shard_runner.gd:30)
         [6] _run_worker (res://test/run_tests.gd:121)
         [7] _initialize (res://test/run_tests.gd:108)
EXPECTED WARNING: sound cue warning: 1 of 1 files missing (res://demo/assets/no_such_sound_folder/warning_01.ogg); it plays silent until they are staged
     at: push_warning (core/variant/variant_utility.cpp:1033)
     GDScript backtrace (most recent call first):
         [0] _load_row (res://demo/sound/sound_table.gd:153)
         [1] load_streams (res://demo/sound/sound_table.gd:134)
         [2] test_missing_files_play_silent_with_one_warning_per_cue (res://test/test_demo_sound.gd:165)
         [3] _run_test (res://test/run_tests.gd:194)
         [4] _run_suite (res://test/run_tests.gd:168)
         [5] _run_suite (/home/runner/work/redwall-rts/redwall-rts/tools/ci_test_shard_runner.gd:30)
         [6] _run_worker (res://test/run_tests.gd:121)
         [7] _initialize (res://test/run_tests.gd:108)
EXPECTED WARNING: sound cue complete: 1 of 1 files missing (res://demo/assets/no_such_sound_folder/complete_01.ogg); it plays silent until they are staged
     at: push_warning (core/variant/variant_utility.cpp:1033)
     GDScript backtrace (most recent call first):
         [0] _load_row (res://demo/sound/sound_table.gd:153)
         [1] load_streams (res://demo/sound/sound_table.gd:134)
         [2] test_missing_files_play_silent_with_one_warning_per_cue (res://test/test_demo_sound.gd:165)
         [3] _run_test (res://test/run_tests.gd:194)
         [4] _run_suite (res://test/run_tests.gd:168)
         [5] _run_suite (/home/runner/work/redwall-rts/redwall-rts/tools/ci_test_shard_runner.gd:30)
         [6] _run_worker (res://test/run_tests.gd:121)
         [7] _initialize (res://test/run_tests.gd:108)
EXPECTED WARNING: sound cue ui_click: 1 of 1 files missing (res://demo/assets/no_such_sound_folder/ui_click_01.ogg); it plays silent until they are staged
     at: push_warning (core/variant/variant_utility.cpp:1033)
     GDScript backtrace (most recent call first):
         [0] _load_row (res://demo/sound/sound_table.gd:153)
         [1] load_streams (res://demo/sound/sound_table.gd:134)
         [2] test_missing_files_play_silent_with_one_warning_per_cue (res://test/test_demo_sound.gd:165)
         [3] _run_test (res://test/run_tests.gd:194)
         [4] _run_suite (res://test/run_tests.gd:168)
         [5] _run_suite (/home/runner/work/redwall-rts/redwall-rts/tools/ci_test_shard_runner.gd:30)
         [6] _run_worker (res://test/run_tests.gd:121)
         [7] _initialize (res://test/run_tests.gd:108)
  PASS  test_missing_files_play_silent_with_one_warning_per_cue
TOLERATED WARNING: sound cue chop: 5 of 5 files missing (res://demo/assets/sound/chop_01.wav, res://demo/assets/sound/chop_02.ogg, res://demo/assets/sound/chop_03.ogg, res://demo/assets/sound/chop_04.ogg, res://demo/assets/sound/chop_05.ogg); it plays silent until they are staged
     at: push_warning (core/variant/variant_utility.cpp:1033)
     GDScript backtrace (most recent call first):
         [0] _load_row (res://demo/sound/sound_table.gd:153)
         [1] load_streams (res://demo/sound/sound_table.gd:134)
         [2] warm (res://demo/sound/sound_director.gd:121)
         [3] test_a_silent_cue_still_plays_its_voice_and_its_gap (res://test/test_demo_sound.gd:178)
         [4] _run_test (res://test/run_tests.gd:194)
         [5] _run_suite (res://test/run_tests.gd:168)
         [6] _run_suite (/home/runner/work/redwall-rts/redwall-rts/tools/ci_test_shard_runner.gd:30)
         [7] _run_worker (res://test/run_tests.gd:121)
         [8] _initialize (res://test/run_tests.gd:108)
TOLERATED WARNING: sound cue gnaw: 5 of 5 files missing (res://demo/assets/sound/gnaw_01.wav, res://demo/assets/sound/gnaw_02.wav, res://demo/assets/sound/gnaw_03.wav, res://demo/assets/sound/gnaw_04.wav, res://demo/assets/sound/gnaw_05.wav); it plays silent until they are staged
     at: push_warning (core/variant/variant_utility.cpp:1033)
     GDScript backtrace (most recent call first):
         [0] _load_row (res://demo/sound/sound_table.gd:153)
         [1] load_streams (res://demo/sound/sound_table.gd:134)
         [2] warm (res://demo/sound/sound_director.gd:121)
         [3] test_a_silent_cue_still_plays_its_voice_and_its_gap (res://test/test_demo_sound.gd:178)
         [4] _run_test (res://test/run_tests.gd:194)
         [5] _run_suite (res://test/run_tests.gd:168)
         [6] _run_suite (/home/runner/work/redwall-rts/redwall-rts/tools/ci_test_shard_runner.gd:30)
         [7] _run_worker (res://test/run_tests.gd:121)
         [8] _initialize (res://test/run_tests.gd:108)
TOLERATED WARNING: sound cue saw: 3 of 3 files missing (res://demo/assets/sound/saw_01.wav, res://demo/assets/sound/saw_02.wav, res://demo/assets/sound/saw_03.wav); it plays silent until they are staged
     at: push_warning (core/variant/variant_utility.cpp:1033)
     GDScript backtrace (most recent call first):
         [0] _load_row (res://demo/sound/sound_table.gd:153)
         [1] load_streams (res://demo/sound/sound_table.gd:134)
         [2] warm (res://demo/sound/sound_director.gd:121)
         [3] test_a_silent_cue_still_plays_its_voice_and_its_gap (res://test/test_demo_sound.gd:178)
         [4] _run_test (res://test/run_tests.gd:194)
         [5] _run_suite (res://test/run_tests.gd:168)
         [6] _run_suite (/home/runner/work/redwall-rts/redwall-rts/tools/ci_test_shard_runner.gd:30)
         [7] _run_worker (res://test/run_tests.gd:121)
         [8] _initialize (res://test/run_tests.gd:108)
TOLERATED WARNING: sound cue dig: 3 of 3 files missing (res://demo/assets/sound/dig_01.wav, res://demo/assets/sound/dig_02.wav, res://demo/assets/sound/dig_03.wav); it plays silent until they are staged
     at: push_warning (core/variant/variant_utility.cpp:1033)
     GDScript backtrace (most recent call first):
         [0] _load_row (res://demo/sound/sound_table.gd:153)
         [1] load_streams (res://demo/sound/sound_table.gd:134)
         [2] warm (res://demo/sound/sound_director.gd:121)
         [3] test_a_silent_cue_still_plays_its_voice_and_its_gap (res://test/test_demo_sound.gd:178)
         [4] _run_test (res://test/run_tests.gd:194)
         [5] _run_suite (res://test/run_tests.gd:168)
         [6] _run_suite (/home/runner/work/redwall-rts/redwall-rts/tools/ci_test_shard_runner.gd:30)
         [7] _run_worker (res://test/run_tests.gd:121)
         [8] _initialize (res://test/run_tests.gd:108)
TOLERATED WARNING: sound cue tree_fall: 1 of 1 files missing (res://demo/assets/sound/tree_fall_01.wav); it plays silent until they are staged
     at: push_warning (core/variant/variant_utility.cpp:1033)
     GDScript backtrace (most recent call first):
         [0] _load_row (res://demo/sound/sound_table.gd:153)
         [1] load_streams (res://demo/sound/sound_table.gd:134)
         [2] warm (res://demo/sound/sound_director.gd:121)
         [3] test_a_silent_cue_still_plays_its_voice_and_its_gap (res://test/test_demo_sound.gd:178)
         [4] _run_test (res://test/run_tests.gd:194)
         [5] _run_suite (res://test/run_tests.gd:168)
         [6] _run_suite (/home/runner/work/redwall-rts/redwall-rts/tools/ci_test_shard_runner.gd:30)
         [7] _run_worker (res://test/run_tests.gd:121)
         [8] _initialize (res://test/run_tests.gd:108)
TOLERATED WARNING: sound cue pickup: 3 of 3 files missing (res://demo/assets/sound/pickup_01.ogg, res://demo/assets/sound/pickup_02.ogg, res://demo/assets/sound/pickup_03.ogg); it plays silent until they are staged
     at: push_warning (core/variant/variant_utility.cpp:1033)
     GDScript backtrace (most recent call first):
         [0] _load_row (res://demo/sound/sound_table.gd:153)
         [1] load_streams (res://demo/sound/sound_table.gd:134)
         [2] warm (res://demo/sound/sound_director.gd:121)
         [3] test_a_silent_cue_still_plays_its_voice_and_its_gap (res://test/test_demo_sound.gd:178)
         [4] _run_test (res://test/run_tests.gd:194)
         [5] _run_suite (res://test/run_tests.gd:168)
         [6] _run_suite (/home/runner/work/redwall-rts/redwall-rts/tools/ci_test_shard_runner.gd:30)
         [7] _run_worker (res://test/run_tests.gd:121)
         [8] _initialize (res://test/run_tests.gd:108)
TOLERATED WARNING: sound cue drop: 4 of 4 files missing (res://demo/assets/sound/drop_01.ogg, res://demo/assets/sound/drop_02.ogg, res://demo/assets/sound/drop_03.ogg, res://demo/assets/sound/drop_04.ogg); it plays silent until they are staged
     at: push_warning (core/variant/variant_utility.cpp:1033)
     GDScript backtrace (most recent call first):
         [0] _load_row (res://demo/sound/sound_table.gd:153)
         [1] load_streams (res://demo/sound/sound_table.gd:134)
         [2] warm (res://demo/sound/sound_director.gd:121)
         [3] test_a_silent_cue_still_plays_its_voice_and_its_gap (res://test/test_demo_sound.gd:178)
         [4] _run_test (res://test/run_tests.gd:194)
         [5] _run_suite (res://test/run_tests.gd:168)
         [6] _run_suite (/home/runner/work/redwall-rts/redwall-rts/tools/ci_test_shard_runner.gd:30)
         [7] _run_worker (res://test/run_tests.gd:121)
         [8] _initialize (res://test/run_tests.gd:108)
TOLERATED WARNING: sound cue step_grass: 4 of 4 files missing (res://demo/assets/sound/step_grass_01.ogg, res://demo/assets/sound/step_grass_02.ogg, res://demo/assets/sound/step_grass_03.ogg, res://demo/assets/sound/step_grass_04.ogg); it plays silent until they are staged
     at: push_warning (core/variant/variant_utility.cpp:1033)
     GDScript backtrace (most recent call first):
         [0] _load_row (res://demo/sound/sound_table.gd:153)
         [1] load_streams (res://demo/sound/sound_table.gd:134)
         [2] warm (res://demo/sound/sound_director.gd:121)
         [3] test_a_silent_cue_still_plays_its_voice_and_its_gap (res://test/test_demo_sound.gd:178)
         [4] _run_test (res://test/run_tests.gd:194)
         [5] _run_suite (res://test/run_tests.gd:168)
         [6] _run_suite (/home/runner/work/redwall-rts/redwall-rts/tools/ci_test_shard_runner.gd:30)
         [7] _run_worker (res://test/run_tests.gd:121)
         [8] _initialize (res://test/run_tests.gd:108)
TOLERATED WARNING: sound cue step_dirt: 4 of 4 files missing (res://demo/assets/sound/step_dirt_01.ogg, res://demo/assets/sound/step_dirt_02.ogg, res://demo/assets/sound/step_dirt_03.ogg, res://demo/assets/sound/step_dirt_04.ogg); it plays silent until they are staged
     at: push_warning (core/variant/variant_utility.cpp:1033)
     GDScript backtrace (most recent call first):
         [0] _load_row (res://demo/sound/sound_table.gd:153)
         [1] load_streams (res://demo/sound/sound_table.gd:134)
         [2] warm (res://demo/sound/sound_director.gd:121)
         [3] test_a_silent_cue_still_plays_its_voice_and_its_gap (res://test/test_demo_sound.gd:178)
         [4] _run_test (res://test/run_tests.gd:194)
         [5] _run_suite (res://test/run_tests.gd:168)
         [6] _run_suite (/home/runner/work/redwall-rts/redwall-rts/tools/ci_test_shard_runner.gd:30)
         [7] _run_worker (res://test/run_tests.gd:121)
         [8] _initialize (res://test/run_tests.gd:108)
TOLERATED WARNING: sound cue step_wood: 4 of 4 files missing (res://demo/assets/sound/step_wood_01.wav, res://demo/assets/sound/step_wood_02.wav, res://demo/assets/sound/step_wood_03.wav, res://demo/assets/sound/step_wood_04.wav); it plays silent until they are staged
     at: push_warning (core/variant/variant_utility.cpp:1033)
     GDScript backtrace (most recent call first):
         [0] _load_row (res://demo/sound/sound_table.gd:153)
         [1] load_streams (res://demo/sound/sound_table.gd:134)
         [2] warm (res://demo/sound/sound_director.gd:121)
         [3] test_a_silent_cue_still_plays_its_voice_and_its_gap (res://test/test_demo_sound.gd:178)
         [4] _run_test (res://test/run_tests.gd:194)
         [5] _run_suite (res://test/run_tests.gd:168)
         [6] _run_suite (/home/runner/work/redwall-rts/redwall-rts/tools/ci_test_shard_runner.gd:30)
         [7] _run_worker (res://test/run_tests.gd:121)
         [8] _initialize (res://test/run_tests.gd:108)
TOLERATED WARNING: sound cue step_tunnel: 4 of 4 files missing (res://demo/assets/sound/step_tunnel_01.ogg, res://demo/assets/sound/step_tunnel_02.ogg, res://demo/assets/sound/step_tunnel_03.ogg, res://demo/assets/sound/step_tunnel_04.ogg); it plays silent until they are staged
     at: push_warning (core/variant/variant_utility.cpp:1033)
     GDScript backtrace (most recent call first):
         [0] _load_row (res://demo/sound/sound_table.gd:153)
         [1] load_streams (res://demo/sound/sound_table.gd:134)
         [2] warm (res://demo/sound/sound_director.gd:121)
         [3] test_a_silent_cue_still_plays_its_voice_and_its_gap (res://test/test_demo_sound.gd:178)
         [4] _run_test (res://test/run_tests.gd:194)
         [5] _run_suite (res://test/run_tests.gd:168)
         [6] _run_suite (/home/runner/work/redwall-rts/redwall-rts/tools/ci_test_shard_runner.gd:30)
         [7] _run_worker (res://test/run_tests.gd:121)
         [8] _initialize (res://test/run_tests.gd:108)
TOLERATED WARNING: sound cue step_wade: 3 of 3 files missing (res://demo/assets/sound/step_wade_01.ogg, res://demo/assets/sound/step_wade_02.ogg, res://demo/assets/sound/step_wade_03.ogg); it plays silent until they are staged
     at: push_warning (core/variant/variant_utility.cpp:1033)
     GDScript backtrace (most recent call first):
         [0] _load_row (res://demo/sound/sound_table.gd:153)
         [1] load_streams (res://demo/sound/sound_table.gd:134)
         [2] warm (res://demo/sound/sound_director.gd:121)
         [3] test_a_silent_cue_still_plays_its_voice_and_its_gap (res://test/test_demo_sound.gd:178)
         [4] _run_test (res://test/run_tests.gd:194)
         [5] _run_suite (res://test/run_tests.gd:168)
         [6] _run_suite (/home/runner/work/redwall-rts/redwall-rts/tools/ci_test_shard_runner.gd:30)
         [7] _run_worker (res://test/run_tests.gd:121)
         [8] _initialize (res://test/run_tests.gd:108)
TOLERATED WARNING: sound cue splash: 3 of 3 files missing (res://demo/assets/sound/splash_01.ogg, res://demo/assets/sound/splash_02.ogg, res://demo/assets/sound/splash_03.ogg); it plays silent until they are staged
     at: push_warning (core/variant/variant_utility.cpp:1033)
     GDScript backtrace (most recent call first):
         [0] _load_row (res://demo/sound/sound_table.gd:153)
         [1] load_streams (res://demo/sound/sound_table.gd:134)
         [2] warm (res://demo/sound/sound_director.gd:121)
         [3] test_a_silent_cue_still_plays_its_voice_and_its_gap (res://test/test_demo_sound.gd:178)
         [4] _run_test (res://test/run_tests.gd:194)
         [5] _run_suite (res://test/run_tests.gd:168)
         [6] _run_suite (/home/runner/work/redwall-rts/redwall-rts/tools/ci_test_shard_runner.gd:30)
         [7] _run_worker (res://test/run_tests.gd:121)
         [8] _initialize (res://test/run_tests.gd:108)
TOLERATED WARNING: sound cue water_in: 2 of 2 files missing (res://demo/assets/sound/water_in_01.ogg, res://demo/assets/sound/water_in_02.ogg); it plays silent until they are staged
     at: push_warning (core/variant/variant_utility.cpp:1033)
     GDScript backtrace (most recent call first):
         [0] _load_row (res://demo/sound/sound_table.gd:153)
         [1] load_streams (res://demo/sound/sound_table.gd:134)
         [2] warm (res://demo/sound/sound_director.gd:121)
         [3] test_a_silent_cue_still_plays_its_voice_and_its_gap (res://test/test_demo_sound.gd:178)
         [4] _run_test (res://test/run_tests.gd:194)
         [5] _run_suite (res://test/run_tests.gd:168)
         [6] _run_suite (/home/runner/work/redwall-rts/redwall-rts/tools/ci_test_shard_runner.gd:30)
         [7] _run_worker (res://test/run_tests.gd:121)
         [8] _initialize (res://test/run_tests.gd:108)
TOLERATED WARNING: sound cue water_out: 2 of 2 files missing (res://demo/assets/sound/water_out_01.ogg, res://demo/assets/sound/water_out_02.ogg); it plays silent until they are staged
     at: push_warning (core/variant/variant_utility.cpp:1033)
     GDScript backtrace (most recent call first):
         [0] _load_row (res://demo/sound/sound_table.gd:153)
         [1] load_streams (res://demo/sound/sound_table.gd:134)
         [2] warm (res://demo/sound/sound_director.gd:121)
         [3] test_a_silent_cue_still_plays_its_voice_and_its_gap (res://test/test_demo_sound.gd:178)
         [4] _run_test (res://test/run_tests.gd:194)
         [5] _run_suite (res://test/run_tests.gd:168)
         [6] _run_suite (/home/runner/work/redwall-rts/redwall-rts/tools/ci_test_shard_runner.gd:30)
         [7] _run_worker (res://test/run_tests.gd:121)
         [8] _initialize (res://test/run_tests.gd:108)
TOLERATED WARNING: sound cue amb_stream: 1 of 1 files missing (res://demo/assets/sound/amb_stream_01.ogg); it plays silent until they are staged
     at: push_warning (core/variant/variant_utility.cpp:1033)
     GDScript backtrace (most recent call first):
         [0] _load_row (res://demo/sound/sound_table.gd:153)
         [1] load_streams (res://demo/sound/sound_table.gd:134)
         [2] warm (res://demo/sound/sound_director.gd:121)
         [3] test_a_silent_cue_still_plays_its_voice_and_its_gap (res://test/test_demo_sound.gd:178)
         [4] _run_test (res://test/run_tests.gd:194)
         [5] _run_suite (res://test/run_tests.gd:168)
         [6] _run_suite (/home/runner/work/redwall-rts/redwall-rts/tools/ci_test_shard_runner.gd:30)
         [7] _run_worker (res://test/run_tests.gd:121)
         [8] _initialize (res://test/run_tests.gd:108)
TOLERATED WARNING: sound cue amb_wind: 1 of 1 files missing (res://demo/assets/sound/amb_wind_01.wav); it plays silent until they are staged
     at: push_warning (core/variant/variant_utility.cpp:1033)
     GDScript backtrace (most recent call first):
         [0] _load_row (res://demo/sound/sound_table.gd:153)
         [1] load_streams (res://demo/sound/sound_table.gd:134)
         [2] warm (res://demo/sound/sound_director.gd:121)
         [3] test_a_silent_cue_still_plays_its_voice_and_its_gap (res://test/test_demo_sound.gd:178)
         [4] _run_test (res://test/run_tests.gd:194)
         [5] _run_suite (res://test/run_tests.gd:168)
         [6] _run_suite (/home/runner/work/redwall-rts/redwall-rts/tools/ci_test_shard_runner.gd:30)
         [7] _run_worker (res://test/run_tests.gd:121)
         [8] _initialize (res://test/run_tests.gd:108)
TOLERATED WARNING: sound cue amb_rain: 1 of 1 files missing (res://demo/assets/sound/amb_rain_01.ogg); it plays silent until they are staged
     at: push_warning (core/variant/variant_utility.cpp:1033)
     GDScript backtrace (most recent call first):
         [0] _load_row (res://demo/sound/sound_table.gd:153)
         [1] load_streams (res://demo/sound/sound_table.gd:134)
         [2] warm (res://demo/sound/sound_director.gd:121)
         [3] test_a_silent_cue_still_plays_its_voice_and_its_gap (res://test/test_demo_sound.gd:178)
         [4] _run_test (res://test/run_tests.gd:194)
         [5] _run_suite (res://test/run_tests.gd:168)
         [6] _run_suite (/home/runner/work/redwall-rts/redwall-rts/tools/ci_test_shard_runner.gd:30)
         [7] _run_worker (res://test/run_tests.gd:121)
         [8] _initialize (res://test/run_tests.gd:108)
TOLERATED WARNING: sound cue warning: 1 of 1 files missing (res://demo/assets/sound/warning_01.ogg); it plays silent until they are staged
     at: push_warning (core/variant/variant_utility.cpp:1033)
     GDScript backtrace (most recent call first):
         [0] _load_row (res://demo/sound/sound_table.gd:153)
         [1] load_streams (res://demo/sound/sound_table.gd:134)
         [2] warm (res://demo/sound/sound_director.gd:121)
         [3] test_a_silent_cue_still_plays_its_voice_and_its_gap (res://test/test_demo_sound.gd:178)
         [4] _run_test (res://test/run_tests.gd:194)
         [5] _run_suite (res://test/run_tests.gd:168)
         [6] _run_suite (/home/runner/work/redwall-rts/redwall-rts/tools/ci_test_shard_runner.gd:30)
         [7] _run_worker (res://test/run_tests.gd:121)
         [8] _initialize (res://test/run_tests.gd:108)
TOLERATED WARNING: sound cue complete: 1 of 1 files missing (res://demo/assets/sound/complete_01.ogg); it plays silent until they are staged
     at: push_warning (core/variant/variant_utility.cpp:1033)
     GDScript backtrace (most recent call first):
         [0] _load_row (res://demo/sound/sound_table.gd:153)
         [1] load_streams (res://demo/sound/sound_table.gd:134)
         [2] warm (res://demo/sound/sound_director.gd:121)
         [3] test_a_silent_cue_still_plays_its_voice_and_its_gap (res://test/test_demo_sound.gd:178)
         [4] _run_test (res://test/run_tests.gd:194)
         [5] _run_suite (res://test/run_tests.gd:168)
         [6] _run_suite (/home/runner/work/redwall-rts/redwall-rts/tools/ci_test_shard_runner.gd:30)
         [7] _run_worker (res://test/run_tests.gd:121)
         [8] _initialize (res://test/run_tests.gd:108)
TOLERATED WARNING: sound cue ui_click: 1 of 1 files missing (res://demo/assets/sound/ui_click_01.ogg); it plays silent until they are staged
     at: push_warning (core/variant/variant_utility.cpp:1033)
     GDScript backtrace (most recent call first):
         [0] _load_row (res://demo/sound/sound_table.gd:153)
         [1] load_streams (res://demo/sound/sound_table.gd:134)
         [2] warm (res://demo/sound/sound_director.gd:121)
         [3] test_a_silent_cue_still_plays_its_voice_and_its_gap (res://test/test_demo_sound.gd:178)
         [4] _run_test (res://test/run_tests.gd:194)
         [5] _run_suite (res://test/run_tests.gd:168)
         [6] _run_suite (/home/runner/work/redwall-rts/redwall-rts/tools/ci_test_shard_runner.gd:30)
         [7] _run_worker (res://test/run_tests.gd:121)
         [8] _initialize (res://test/run_tests.gd:108)
  PASS  test_a_silent_cue_still_plays_its_voice_and_its_gap
TOLERATED WARNING: sound cue chop: 5 of 5 files missing (res://demo/assets/sound/chop_01.wav, res://demo/assets/sound/chop_02.ogg, res://demo/assets/sound/chop_03.ogg, res://demo/assets/sound/chop_04.ogg, res://demo/assets/sound/chop_05.ogg); it plays silent until they are staged
     at: push_warning (core/variant/variant_utility.cpp:1033)
     GDScript backtrace (most recent call first):
         [0] _load_row (res://demo/sound/sound_table.gd:153)
         [1] load_streams (res://demo/sound/sound_table.gd:134)
         [2] warm (res://demo/sound/sound_director.gd:121)
         [3] warm (res://demo/demo_prewarm.gd:77)
         [4] test_the_prewarm_loads_the_streams_at_boot (res://test/test_demo_sound.gd:195)
         [5] _run_test (res://test/run_tests.gd:194)
         [6] _run_suite (res://test/run_tests.gd:168)
         [7] _run_suite (/home/runner/work/redwall-rts/redwall-rts/tools/ci_test_shard_runner.gd:30)
         [8] _run_worker (res://test/run_tests.gd:121)
         [9] _initialize (res://test/run_tests.gd:108)
TOLERATED WARNING: sound cue gnaw: 5 of 5 files missing (res://demo/assets/sound/gnaw_01.wav, res://demo/assets/sound/gnaw_02.wav, res://demo/assets/sound/gnaw_03.wav, res://demo/assets/sound/gnaw_04.wav, res://demo/assets/sound/gnaw_05.wav); it plays silent until they are staged
     at: push_warning (core/variant/variant_utility.cpp:1033)
     GDScript backtrace (most recent call first):
         [0] _load_row (res://demo/sound/sound_table.gd:153)
         [1] load_streams (res://demo/sound/sound_table.gd:134)
         [2] warm (res://demo/sound/sound_director.gd:121)
         [3] warm (res://demo/demo_prewarm.gd:77)
         [4] test_the_prewarm_loads_the_streams_at_boot (res://test/test_demo_sound.gd:195)
         [5] _run_test (res://test/run_tests.gd:194)
         [6] _run_suite (res://test/run_tests.gd:168)
         [7] _run_suite (/home/runner/work/redwall-rts/redwall-rts/tools/ci_test_shard_runner.gd:30)
         [8] _run_worker (res://test/run_tests.gd:121)
         [9] _initialize (res://test/run_tests.gd:108)
TOLERATED WARNING: sound cue saw: 3 of 3 files missing (res://demo/assets/sound/saw_01.wav, res://demo/assets/sound/saw_02.wav, res://demo/assets/sound/saw_03.wav); it plays silent until they are staged
     at: push_warning (core/variant/variant_utility.cpp:1033)
     GDScript backtrace (most recent call first):
         [0] _load_row (res://demo/sound/sound_table.gd:153)
         [1] load_streams (res://demo/sound/sound_table.gd:134)
         [2] warm (res://demo/sound/sound_director.gd:121)
         [3] warm (res://demo/demo_prewarm.gd:77)
         [4] test_the_prewarm_loads_the_streams_at_boot (res://test/test_demo_sound.gd:195)
         [5] _run_test (res://test/run_tests.gd:194)
         [6] _run_suite (res://test/run_tests.gd:168)
         [7] _run_suite (/home/runner/work/redwall-rts/redwall-rts/tools/ci_test_shard_runner.gd:30)
         [8] _run_worker (res://test/run_tests.gd:121)
         [9] _initialize (res://test/run_tests.gd:108)
TOLERATED WARNING: sound cue dig: 3 of 3 files missing (res://demo/assets/sound/dig_01.wav, res://demo/assets/sound/dig_02.wav, res://demo/assets/sound/dig_03.wav); it plays silent until they are staged
     at: push_warning (core/variant/variant_utility.cpp:1033)
     GDScript backtrace (most recent call first):
         [0] _load_row (res://demo/sound/sound_table.gd:153)
         [1] load_streams (res://demo/sound/sound_table.gd:134)
         [2] warm (res://demo/sound/sound_director.gd:121)
         [3] warm (res://demo/demo_prewarm.gd:77)
         [4] test_the_prewarm_loads_the_streams_at_boot (res://test/test_demo_sound.gd:195)
         [5] _run_test (res://test/run_tests.gd:194)
         [6] _run_suite (res://test/run_tests.gd:168)
         [7] _run_suite (/home/runner/work/redwall-rts/redwall-rts/tools/ci_test_shard_runner.gd:30)
         [8] _run_worker (res://test/run_tests.gd:121)
         [9] _initialize (res://test/run_tests.gd:108)
TOLERATED WARNING: sound cue tree_fall: 1 of 1 files missing (res://demo/assets/sound/tree_fall_01.wav); it plays silent until they are staged
     at: push_warning (core/variant/variant_utility.cpp:1033)
     GDScript backtrace (most recent call first):
         [0] _load_row (res://demo/sound/sound_table.gd:153)
         [1] load_streams (res://demo/sound/sound_table.gd:134)
         [2] warm (res://demo/sound/sound_director.gd:121)
         [3] warm (res://demo/demo_prewarm.gd:77)
         [4] test_the_prewarm_loads_the_streams_at_boot (res://test/test_demo_sound.gd:195)
         [5] _run_test (res://test/run_tests.gd:194)
         [6] _run_suite (res://test/run_tests.gd:168)
         [7] _run_suite (/home/runner/work/redwall-rts/redwall-rts/tools/ci_test_shard_runner.gd:30)
         [8] _run_worker (res://test/run_tests.gd:121)
         [9] _initialize (res://test/run_tests.gd:108)
TOLERATED WARNING: sound cue pickup: 3 of 3 files missing (res://demo/assets/sound/pickup_01.ogg, res://demo/assets/sound/pickup_02.ogg, res://demo/assets/sound/pickup_03.ogg); it plays silent until they are staged
     at: push_warning (core/variant/variant_utility.cpp:1033)
     GDScript backtrace (most recent call first):
         [0] _load_row (res://demo/sound/sound_table.gd:153)
         [1] load_streams (res://demo/sound/sound_table.gd:134)
         [2] warm (res://demo/sound/sound_director.gd:121)
         [3] warm (res://demo/demo_prewarm.gd:77)
         [4] test_the_prewarm_loads_the_streams_at_boot (res://test/test_demo_sound.gd:195)
         [5] _run_test (res://test/run_tests.gd:194)
         [6] _run_suite (res://test/run_tests.gd:168)
         [7] _run_suite (/home/runner/work/redwall-rts/redwall-rts/tools/ci_test_shard_runner.gd:30)
         [8] _run_worker (res://test/run_tests.gd:121)
         [9] _initialize (res://test/run_tests.gd:108)
TOLERATED WARNING: sound cue drop: 4 of 4 files missing (res://demo/assets/sound/drop_01.ogg, res://demo/assets/sound/drop_02.ogg, res://demo/assets/sound/drop_03.ogg, res://demo/assets/sound/drop_04.ogg); it plays silent until they are staged
     at: push_warning (core/variant/variant_utility.cpp:1033)
     GDScript backtrace (most recent call first):
         [0] _load_row (res://demo/sound/sound_table.gd:153)
         [1] load_streams (res://demo/sound/sound_table.gd:134)
         [2] warm (res://demo/sound/sound_director.gd:121)
         [3] warm (res://demo/demo_prewarm.gd:77)
         [4] test_the_prewarm_loads_the_streams_at_boot (res://test/test_demo_sound.gd:195)
         [5] _run_test (res://test/run_tests.gd:194)
         [6] _run_suite (res://test/run_tests.gd:168)
         [7] _run_suite (/home/runner/work/redwall-rts/redwall-rts/tools/ci_test_shard_runner.gd:30)
         [8] _run_worker (res://test/run_tests.gd:121)
         [9] _initialize (res://test/run_tests.gd:108)
TOLERATED WARNING: sound cue step_grass: 4 of 4 files missing (res://demo/assets/sound/step_grass_01.ogg, res://demo/assets/sound/step_grass_02.ogg, res://demo/assets/sound/step_grass_03.ogg, res://demo/assets/sound/step_grass_04.ogg); it plays silent until they are staged
     at: push_warning (core/variant/variant_utility.cpp:1033)
     GDScript backtrace (most recent call first):
         [0] _load_row (res://demo/sound/sound_table.gd:153)
         [1] load_streams (res://demo/sound/sound_table.gd:134)
         [2] warm (res://demo/sound/sound_director.gd:121)
         [3] warm (res://demo/demo_prewarm.gd:77)
         [4] test_the_prewarm_loads_the_streams_at_boot (res://test/test_demo_sound.gd:195)
         [5] _run_test (res://test/run_tests.gd:194)
         [6] _run_suite (res://test/run_tests.gd:168)
         [7] _run_suite (/home/runner/work/redwall-rts/redwall-rts/tools/ci_test_shard_runner.gd:30)
         [8] _run_worker (res://test/run_tests.gd:121)
         [9] _initialize (res://test/run_tests.gd:108)
TOLERATED WARNING: sound cue step_dirt: 4 of 4 files missing (res://demo/assets/sound/step_dirt_01.ogg, res://demo/assets/sound/step_dirt_02.ogg, res://demo/assets/sound/step_dirt_03.ogg, res://demo/assets/sound/step_dirt_04.ogg); it plays silent until they are staged
     at: push_warning (core/variant/variant_utility.cpp:1033)
     GDScript backtrace (most recent call first):
         [0] _load_row (res://demo/sound/sound_table.gd:153)
         [1] load_streams (res://demo/sound/sound_table.gd:134)
         [2] warm (res://demo/sound/sound_director.gd:121)
         [3] warm (res://demo/demo_prewarm.gd:77)
         [4] test_the_prewarm_loads_the_streams_at_boot (res://test/test_demo_sound.gd:195)
         [5] _run_test (res://test/run_tests.gd:194)
         [6] _run_suite (res://test/run_tests.gd:168)
         [7] _run_suite (/home/runner/work/redwall-rts/redwall-rts/tools/ci_test_shard_runner.gd:30)
         [8] _run_worker (res://test/run_tests.gd:121)
         [9] _initialize (res://test/run_tests.gd:108)
TOLERATED WARNING: sound cue step_wood: 4 of 4 files missing (res://demo/assets/sound/step_wood_01.wav, res://demo/assets/sound/step_wood_02.wav, res://demo/assets/sound/step_wood_03.wav, res://demo/assets/sound/step_wood_04.wav); it plays silent until they are staged
     at: push_warning (core/variant/variant_utility.cpp:1033)
     GDScript backtrace (most recent call first):
         [0] _load_row (res://demo/sound/sound_table.gd:153)
         [1] load_streams (res://demo/sound/sound_table.gd:134)
         [2] warm (res://demo/sound/sound_director.gd:121)
         [3] warm (res://demo/demo_prewarm.gd:77)
         [4] test_the_prewarm_loads_the_streams_at_boot (res://test/test_demo_sound.gd:195)
         [5] _run_test (res://test/run_tests.gd:194)
         [6] _run_suite (res://test/run_tests.gd:168)
         [7] _run_suite (/home/runner/work/redwall-rts/redwall-rts/tools/ci_test_shard_runner.gd:30)
         [8] _run_worker (res://test/run_tests.gd:121)
         [9] _initialize (res://test/run_tests.gd:108)
TOLERATED WARNING: sound cue step_tunnel: 4 of 4 files missing (res://demo/assets/sound/step_tunnel_01.ogg, res://demo/assets/sound/step_tunnel_02.ogg, res://demo/assets/sound/step_tunnel_03.ogg, res://demo/assets/sound/step_tunnel_04.ogg); it plays silent until they are staged
     at: push_warning (core/variant/variant_utility.cpp:1033)
     GDScript backtrace (most recent call first):
         [0] _load_row (res://demo/sound/sound_table.gd:153)
         [1] load_streams (res://demo/sound/sound_table.gd:134)
         [2] warm (res://demo/sound/sound_director.gd:121)
         [3] warm (res://demo/demo_prewarm.gd:77)
         [4] test_the_prewarm_loads_the_streams_at_boot (res://test/test_demo_sound.gd:195)
         [5] _run_test (res://test/run_tests.gd:194)
         [6] _run_suite (res://test/run_tests.gd:168)
         [7] _run_suite (/home/runner/work/redwall-rts/redwall-rts/tools/ci_test_shard_runner.gd:30)
         [8] _run_worker (res://test/run_tests.gd:121)
         [9] _initialize (res://test/run_tests.gd:108)
TOLERATED WARNING: sound cue step_wade: 3 of 3 files missing (res://demo/assets/sound/step_wade_01.ogg, res://demo/assets/sound/step_wade_02.ogg, res://demo/assets/sound/step_wade_03.ogg); it plays silent until they are staged
     at: push_warning (core/variant/variant_utility.cpp:1033)
     GDScript backtrace (most recent call first):
         [0] _load_row (res://demo/sound/sound_table.gd:153)
         [1] load_streams (res://demo/sound/sound_table.gd:134)
         [2] warm (res://demo/sound/sound_director.gd:121)
         [3] warm (res://demo/demo_prewarm.gd:77)
         [4] test_the_prewarm_loads_the_streams_at_boot (res://test/test_demo_sound.gd:195)
         [5] _run_test (res://test/run_tests.gd:194)
         [6] _run_suite (res://test/run_tests.gd:168)
         [7] _run_suite (/home/runner/work/redwall-rts/redwall-rts/tools/ci_test_shard_runner.gd:30)
         [8] _run_worker (res://test/run_tests.gd:121)
         [9] _initialize (res://test/run_tests.gd:108)
TOLERATED WARNING: sound cue splash: 3 of 3 files missing (res://demo/assets/sound/splash_01.ogg, res://demo/assets/sound/splash_02.ogg, res://demo/assets/sound/splash_03.ogg); it plays silent until they are staged
     at: push_warning (core/variant/variant_utility.cpp:1033)
     GDScript backtrace (most recent call first):
         [0] _load_row (res://demo/sound/sound_table.gd:153)
         [1] load_streams (res://demo/sound/sound_table.gd:134)
         [2] warm (res://demo/sound/sound_director.gd:121)
         [3] warm (res://demo/demo_prewarm.gd:77)
         [4] test_the_prewarm_loads_the_streams_at_boot (res://test/test_demo_sound.gd:195)
         [5] _run_test (res://test/run_tests.gd:194)
         [6] _run_suite (res://test/run_tests.gd:168)
         [7] _run_suite (/home/runner/work/redwall-rts/redwall-rts/tools/ci_test_shard_runner.gd:30)
         [8] _run_worker (res://test/run_tests.gd:121)
         [9] _initialize (res://test/run_tests.gd:108)
TOLERATED WARNING: sound cue water_in: 2 of 2 files missing (res://demo/assets/sound/water_in_01.ogg, res://demo/assets/sound/water_in_02.ogg); it plays silent until they are staged
     at: push_warning (core/variant/variant_utility.cpp:1033)
     GDScript backtrace (most recent call first):
         [0] _load_row (res://demo/sound/sound_table.gd:153)
         [1] load_streams (res://demo/sound/sound_table.gd:134)
         [2] warm (res://demo/sound/sound_director.gd:121)
         [3] warm (res://demo/demo_prewarm.gd:77)
         [4] test_the_prewarm_loads_the_streams_at_boot (res://test/test_demo_sound.gd:195)
         [5] _run_test (res://test/run_tests.gd:194)
         [6] _run_suite (res://test/run_tests.gd:168)
         [7] _run_suite (/home/runner/work/redwall-rts/redwall-rts/tools/ci_test_shard_runner.gd:30)
         [8] _run_worker (res://test/run_tests.gd:121)
         [9] _initialize (res://test/run_tests.gd:108)
TOLERATED WARNING: sound cue water_out: 2 of 2 files missing (res://demo/assets/sound/water_out_01.ogg, res://demo/assets/sound/water_out_02.ogg); it plays silent until they are staged
     at: push_warning (core/variant/variant_utility.cpp:1033)
     GDScript backtrace (most recent call first):
         [0] _load_row (res://demo/sound/sound_table.gd:153)
         [1] load_streams (res://demo/sound/sound_table.gd:134)
         [2] warm (res://demo/sound/sound_director.gd:121)
         [3] warm (res://demo/demo_prewarm.gd:77)
         [4] test_the_prewarm_loads_the_streams_at_boot (res://test/test_demo_sound.gd:195)
         [5] _run_test (res://test/run_tests.gd:194)
         [6] _run_suite (res://test/run_tests.gd:168)
         [7] _run_suite (/home/runner/work/redwall-rts/redwall-rts/tools/ci_test_shard_runner.gd:30)
         [8] _run_worker (res://test/run_tests.gd:121)
         [9] _initialize (res://test/run_tests.gd:108)
TOLERATED WARNING: sound cue amb_stream: 1 of 1 files missing (res://demo/assets/sound/amb_stream_01.ogg); it plays silent until they are staged
     at: push_warning (core/variant/variant_utility.cpp:1033)
     GDScript backtrace (most recent call first):
         [0] _load_row (res://demo/sound/sound_table.gd:153)
         [1] load_streams (res://demo/sound/sound_table.gd:134)
         [2] warm (res://demo/sound/sound_director.gd:121)
         [3] warm (res://demo/demo_prewarm.gd:77)
         [4] test_the_prewarm_loads_the_streams_at_boot (res://test/test_demo_sound.gd:195)
         [5] _run_test (res://test/run_tests.gd:194)
         [6] _run_suite (res://test/run_tests.gd:168)
         [7] _run_suite (/home/runner/work/redwall-rts/redwall-rts/tools/ci_test_shard_runner.gd:30)
         [8] _run_worker (res://test/run_tests.gd:121)
         [9] _initialize (res://test/run_tests.gd:108)
TOLERATED WARNING: sound cue amb_wind: 1 of 1 files missing (res://demo/assets/sound/amb_wind_01.wav); it plays silent until they are staged
     at: push_warning (core/variant/variant_utility.cpp:1033)
     GDScript backtrace (most recent call first):
         [0] _load_row (res://demo/sound/sound_table.gd:153)
         [1] load_streams (res://demo/sound/sound_table.gd:134)
         [2] warm (res://demo/sound/sound_director.gd:121)
         [3] warm (res://demo/demo_prewarm.gd:77)
         [4] test_the_prewarm_loads_the_streams_at_boot (res://test/test_demo_sound.gd:195)
         [5] _run_test (res://test/run_tests.gd:194)
         [6] _run_suite (res://test/run_tests.gd:168)
         [7] _run_suite (/home/runner/work/redwall-rts/redwall-rts/tools/ci_test_shard_runner.gd:30)
         [8] _run_worker (res://test/run_tests.gd:121)
         [9] _initialize (res://test/run_tests.gd:108)
TOLERATED WARNING: sound cue amb_rain: 1 of 1 files missing (res://demo/assets/sound/amb_rain_01.ogg); it plays silent until they are staged
     at: push_warning (core/variant/variant_utility.cpp:1033)
     GDScript backtrace (most recent call first):
         [0] _load_row (res://demo/sound/sound_table.gd:153)
         [1] load_streams (res://demo/sound/sound_table.gd:134)
         [2] warm (res://demo/sound/sound_director.gd:121)
         [3] warm (res://demo/demo_prewarm.gd:77)
         [4] test_the_prewarm_loads_the_streams_at_boot (res://test/test_demo_sound.gd:195)
         [5] _run_test (res://test/run_tests.gd:194)
         [6] _run_suite (res://test/run_tests.gd:168)
         [7] _run_suite (/home/runner/work/redwall-rts/redwall-rts/tools/ci_test_shard_runner.gd:30)
         [8] _run_worker (res://test/run_tests.gd:121)
         [9] _initialize (res://test/run_tests.gd:108)
TOLERATED WARNING: sound cue warning: 1 of 1 files missing (res://demo/assets/sound/warning_01.ogg); it plays silent until they are staged
     at: push_warning (core/variant/variant_utility.cpp:1033)
     GDScript backtrace (most recent call first):
         [0] _load_row (res://demo/sound/sound_table.gd:153)
         [1] load_streams (res://demo/sound/sound_table.gd:134)
         [2] warm (res://demo/sound/sound_director.gd:121)
         [3] warm (res://demo/demo_prewarm.gd:77)
         [4] test_the_prewarm_loads_the_streams_at_boot (res://test/test_demo_sound.gd:195)
         [5] _run_test (res://test/run_tests.gd:194)
         [6] _run_suite (res://test/run_tests.gd:168)
         [7] _run_suite (/home/runner/work/redwall-rts/redwall-rts/tools/ci_test_shard_runner.gd:30)
         [8] _run_worker (res://test/run_tests.gd:121)
         [9] _initialize (res://test/run_tests.gd:108)
TOLERATED WARNING: sound cue complete: 1 of 1 files missing (res://demo/assets/sound/complete_01.ogg); it plays silent until they are staged
     at: push_warning (core/variant/variant_utility.cpp:1033)
     GDScript backtrace (most recent call first):
         [0] _load_row (res://demo/sound/sound_table.gd:153)
         [1] load_streams (res://demo/sound/sound_table.gd:134)
         [2] warm (res://demo/sound/sound_director.gd:121)
         [3] warm (res://demo/demo_prewarm.gd:77)
         [4] test_the_prewarm_loads_the_streams_at_boot (res://test/test_demo_sound.gd:195)
         [5] _run_test (res://test/run_tests.gd:194)
         [6] _run_suite (res://test/run_tests.gd:168)
         [7] _run_suite (/home/runner/work/redwall-rts/redwall-rts/tools/ci_test_shard_runner.gd:30)
         [8] _run_worker (res://test/run_tests.gd:121)
         [9] _initialize (res://test/run_tests.gd:108)
TOLERATED WARNING: sound cue ui_click: 1 of 1 files missing (res://demo/assets/sound/ui_click_01.ogg); it plays silent until they are staged
     at: push_warning (core/variant/variant_utility.cpp:1033)
     GDScript backtrace (most recent call first):
         [0] _load_row (res://demo/sound/sound_table.gd:153)
         [1] load_streams (res://demo/sound/sound_table.gd:134)
         [2] warm (res://demo/sound/sound_director.gd:121)
         [3] warm (res://demo/demo_prewarm.gd:77)
         [4] test_the_prewarm_loads_the_streams_at_boot (res://test/test_demo_sound.gd:195)
         [5] _run_test (res://test/run_tests.gd:194)
         [6] _run_suite (res://test/run_tests.gd:168)
         [7] _run_suite (/home/runner/work/redwall-rts/redwall-rts/tools/ci_test_shard_runner.gd:30)
         [8] _run_worker (res://test/run_tests.gd:121)
         [9] _initialize (res://test/run_tests.gd:108)
  PASS  test_the_prewarm_loads_the_streams_at_boot
  PASS  test_the_shipped_table_is_staged_whole_or_not_at_all
  PASS  test_buses_are_made_once_and_route_to_master_and_work
  PASS  test_each_cue_sounds_on_its_bus_and_work_below_goes_through_work_under
  PASS  test_the_gap_folds_a_cue_played_again_too_soon
  PASS  test_a_cue_never_sounds_on_more_voices_than_its_cap
  PASS  test_a_full_bus_refuses_until_a_voice_frees
  PASS  test_ambience_has_no_one_shot_voices
  PASS  test_four_x_raises_more_strikes_but_never_stacks_them
  PASS  test_a_chop_at_four_x_plays_at_pitch_one_its_range_and_its_variants
EXPECTED WARNING: sound cue drone: 1 of 2 files missing (res://demo/assets/sound/no_such.ogg); it plays silent until they are staged
     at: push_warning (core/variant/variant_utility.cpp:1033)
     GDScript backtrace (most recent call first):
         [0] _load_row (res://demo/sound/sound_table.gd:153)
         [1] load_streams (res://demo/sound/sound_table.gd:134)
         [2] test_a_staged_file_loads_without_a_warning_and_loops_as_its_cue_says (res://test/test_demo_sound.gd:447)
         [3] _run_test (res://test/run_tests.gd:194)
         [4] _run_suite (res://test/run_tests.gd:168)
         [5] _run_suite (/home/runner/work/redwall-rts/redwall-rts/tools/ci_test_shard_runner.gd:30)
         [6] _run_worker (res://test/run_tests.gd:121)
         [7] _initialize (res://test/run_tests.gd:108)
  PASS  test_a_staged_file_loads_without_a_warning_and_loops_as_its_cue_says
  PASS  test_a_looping_cue_s_files_are_set_to_loop
  PASS  test_the_listener_turns_with_the_camera
  PASS  test_pausing_ducks_ambience_stops_work_and_keeps_cues
  PASS  test_leaving_the_tree_silences_every_voice_and_loop
  PASS  test_the_clock_drives_the_pause
  PASS  test_the_u_view_switches_the_underground_filter
  PASS  test_a_far_cue_takes_no_voice_and_zooming_out_lifts_the_listener
  PASS  test_settings_move_the_bus_volumes_and_mute
  PASS  test_down_is_refused_at_silence_and_up_at_full
  PASS  test_quiet_focus_sets_the_mix_and_a_custom_volume_unlights_it
  PASS  test_the_settings_outlast_the_menu_as_the_interface_scale_does
  PASS  test_the_menu_settings_page_offers_sound_and_says_it_is_silent
  PASS  test_nothing_sounds_for_what_already_stood_when_watching_began
  PASS  test_a_carry_sounds_pickup_and_drop_once_each
  PASS  test_a_strike_sounds_only_once_the_work_has_begun_and_a_beat_is_done
  PASS  test_a_beaver_fells_by_gnawing
  PASS  test_sawing_strokes_and_grubbing_digs
  PASS  test_a_tree_sounds_its_fall_only_when_it_falls
  PASS  test_a_tree_blown_down_falls_too
  PASS  test_a_dig_sounds_each_cut_and_completes_on_opening
  PASS  test_a_bridge_completes_once_when_it_opens
  PASS  test_a_new_warning_chimes_and_a_note_or_a_folded_repeat_does_not
  PASS  test_a_critical_incident_chimes_once_and_a_warning_or_a_merged_repeat_does_not
  PASS  test_water_edges_and_a_splash_as_swimming_begins
  PASS  test_footsteps_follow_the_ground_underfoot
  PASS  test_wading_steps_splash_softly
  PASS  test_a_work_begun_again_strikes_from_its_first_beat
  PASS  test_a_worn_path_sounds_as_dirt
  PASS  test_ambience_follows_the_weather_and_the_nearest_bank
  PASS  test_the_loops_ease_towards_the_map_s_levels
  PASS  test_ui_buttons_click_once_hooked_and_only_once
CI_SUITE_TIME {"assertions":529,"failures":0,"suite":"test_demo_sound.gd","tests":47,"usec":1620278}
test_demo_ui.gd
  PASS  test_contrast_black_on_white_is_twenty_one
  PASS  test_contrast_of_a_colour_with_itself_is_one
  PASS  test_contrast_reproduces_the_threshold_grey_pair
  PASS  test_large_text_thresholds
  PASS  test_worst_ratio_is_the_lowest_and_empty_is_zero
  PASS  test_composite_blends_source_over
  PASS  test_palette_is_the_locks_twelve_pigments
  PASS  test_every_surface_text_clears_body_contrast_across_its_range
  PASS  test_secondary_text_clears_body_contrast_on_every_surface
  PASS  test_readout_wash_keeps_ink_readable
  PASS  test_need_track_and_focus_ring_clear_non_text_contrast
  PASS  test_generated_faces_stay_inside_their_tone_range
  PASS  test_pieces_are_shaped_and_sized
  PASS  test_box_carries_the_callers_margins_and_draws_outside
  PASS  test_skinned_theme_is_a_copy_and_the_original_is_untouched
  PASS  test_skinned_theme_keeps_every_button_margin
  PASS  test_skinned_theme_inks_parchment_text_and_brasses_pressed_text
  PASS  test_heading_font_is_the_vendored_serif
  PASS  test_skin_restyles_a_synthetic_tree
  PASS  test_skin_inks_line_glyphs_and_leaves_painted_icons_untinted
  PASS  test_clipped_modal_wears_the_frame_held_inside_it
  PASS  test_skin_moves_and_resizes_nothing
  PASS  test_skin_adds_only_decoration
  PASS  test_skin_is_applied_once
  PASS  test_skin_tolerates_a_null_root
  PASS  test_skin_tolerates_a_bare_control
  PASS  test_skin_called_before_the_hud_builds_still_works_after
  PASS  test_skin_tolerates_a_tree_missing_every_named_target
  PASS  test_skin_on_the_real_hud_changes_style_and_not_geometry
  PASS  test_real_hud_counters_keep_tabular_figures_in_the_serif
  PASS  test_real_hud_ornaments_stay_clear_of_every_control
  PASS  test_tiled_pieces_are_seamless
  PASS  test_inset_shadow_is_gone_before_the_tiled_middle
  PASS  test_heading_variant_keeps_opentype_features
  PASS  test_the_zone_s_close_collapses_it_and_a_tab_opens_it_again
  PASS  test_a_panel_s_own_close_collapses_the_zone_and_an_intent_reopens_it
  PASS  test_the_bed_panel_s_close_button_collapses_the_zone
  PASS  test_the_zone_close_sits_on_the_strip_after_the_tabs
  PASS  test_every_command_tooltip_says_what_it_does_and_its_key
  PASS  test_a_command_tooltip_reads_its_key_from_the_input_map
  PASS  test_the_unlocked_food_command_keeps_the_pantry_tip_with_its_key
  PASS  test_hover_tooltips_are_styled_legibly_by_the_skin
  PASS  test_the_tabs_and_the_close_fit_the_right_column_at_1280x720
CI_SUITE_TIME {"assertions":212,"failures":0,"suite":"test_demo_ui.gd","tests":43,"usec":449286}
test_demo_underground_view.gd
  PASS  test_the_layer_masks
  PASS  test_set_layers_walks_the_tree_and_skips_one_branch
TOLERATED ERROR: Condition "!is_inside_tree()" is true. Returning: Transform3D()
   at: get_global_transform (scene/3d/node_3d.cpp:649)
   GDScript backtrace (most recent call first):
       [0] _light (res://demo/burrow/fixture_view.gd:378)
       [1] refresh (res://demo/burrow/fixture_view.gd:173)
       [2] _process (res://demo/tunnel/tunnel_ext.gd:399)
       [3] _frame (res://test/test_demo_underground_view.gd:202)
       [4] _dig (res://test/test_demo_underground_view.gd:122)
       [5] test_every_drawn_node_is_on_exactly_one_view_and_the_surface_stays_up (res://test/test_demo_underground_view.gd:270)
       [6] _run_test (res://test/run_tests.gd:194)
       [7] _run_suite (res://test/run_tests.gd:168)
       [8] _run_suite (/home/runner/work/redwall-rts/redwall-rts/tools/ci_test_shard_runner.gd:30)
       [9] _run_worker (res://test/run_tests.gd:121)
       [10] _initialize (res://test/run_tests.gd:108)
TOLERATED ERROR: Condition "!is_inside_tree()" is true. Returning: Transform3D()
   at: get_global_transform (scene/3d/node_3d.cpp:649)
   GDScript backtrace (most recent call first):
       [0] _place_rings (res://demo/control/demo_command.gd:815)
       [1] _frame (res://test/test_demo_underground_view.gd:204)
       [2] _dig (res://test/test_demo_underground_view.gd:122)
       [3] test_every_drawn_node_is_on_exactly_one_view_and_the_surface_stays_up (res://test/test_demo_underground_view.gd:270)
       [4] _run_test (res://test/run_tests.gd:194)
       [5] _run_suite (res://test/run_tests.gd:168)
       [6] _run_suite (/home/runner/work/redwall-rts/redwall-rts/tools/ci_test_shard_runner.gd:30)
       [7] _run_worker (res://test/run_tests.gd:121)
       [8] _initialize (res://test/run_tests.gd:108)
  PASS  test_every_drawn_node_is_on_exactly_one_view_and_the_surface_stays_up
TOLERATED ERROR: Condition "!is_inside_tree()" is true. Returning: Transform3D()
   at: get_global_transform (scene/3d/node_3d.cpp:649)
   GDScript backtrace (most recent call first):
       [0] _light (res://demo/burrow/fixture_view.gd:378)
       [1] refresh (res://demo/burrow/fixture_view.gd:173)
       [2] _process (res://demo/tunnel/tunnel_ext.gd:399)
       [3] _frame (res://test/test_demo_underground_view.gd:202)
       [4] _dig (res://test/test_demo_underground_view.gd:122)
       [5] test_no_transparency_or_material_is_written_by_twenty_switches (res://test/test_demo_underground_view.gd:325)
       [6] _run_test (res://test/run_tests.gd:194)
       [7] _run_suite (res://test/run_tests.gd:168)
       [8] _run_suite (/home/runner/work/redwall-rts/redwall-rts/tools/ci_test_shard_runner.gd:30)
       [9] _run_worker (res://test/run_tests.gd:121)
       [10] _initialize (res://test/run_tests.gd:108)
TOLERATED ERROR: Condition "!is_inside_tree()" is true. Returning: Transform3D()
   at: get_global_transform (scene/3d/node_3d.cpp:649)
   GDScript backtrace (most recent call first):
       [0] _place_rings (res://demo/control/demo_command.gd:815)
       [1] _frame (res://test/test_demo_underground_view.gd:204)
       [2] _dig (res://test/test_demo_underground_view.gd:122)
       [3] test_no_transparency_or_material_is_written_by_twenty_switches (res://test/test_demo_underground_view.gd:325)
       [4] _run_test (res://test/run_tests.gd:194)
       [5] _run_suite (res://test/run_tests.gd:168)
       [6] _run_suite (/home/runner/work/redwall-rts/redwall-rts/tools/ci_test_shard_runner.gd:30)
       [7] _run_worker (res://test/run_tests.gd:121)
       [8] _initialize (res://test/run_tests.gd:108)
TOLERATED ERROR: Condition "!is_inside_tree()" is true. Returning: Transform3D()
   at: get_global_transform (scene/3d/node_3d.cpp:649)
   GDScript backtrace (most recent call first):
       [0] _place_rings (res://demo/control/demo_command.gd:815)
       [1] _frame (res://test/test_demo_underground_view.gd:204)
       [2] test_no_transparency_or_material_is_written_by_twenty_switches (res://test/test_demo_underground_view.gd:334)
       [3] _run_test (res://test/run_tests.gd:194)
       [4] _run_suite (res://test/run_tests.gd:168)
       [5] _run_suite (/home/runner/work/redwall-rts/redwall-rts/tools/ci_test_shard_runner.gd:30)
       [6] _run_worker (res://test/run_tests.gd:121)
       [7] _initialize (res://test/run_tests.gd:108)
TOLERATED ERROR: Condition "!is_inside_tree()" is true. Returning: Transform3D()
   at: get_global_transform (scene/3d/node_3d.cpp:649)
   GDScript backtrace (most recent call first):
       [0] _place_rings (res://demo/control/demo_command.gd:815)
       [1] _frame (res://test/test_demo_underground_view.gd:204)
       [2] test_no_transparency_or_material_is_written_by_twenty_switches (res://test/test_demo_underground_view.gd:334)
       [3] _run_test (res://test/run_tests.gd:194)
       [4] _run_suite (res://test/run_tests.gd:168)
       [5] _run_suite (/home/runner/work/redwall-rts/redwall-rts/tools/ci_test_shard_runner.gd:30)
       [6] _run_worker (res://test/run_tests.gd:121)
       [7] _initialize (res://test/run_tests.gd:108)
TOLERATED ERROR: Condition "!is_inside_tree()" is true. Returning: Transform3D()
   at: get_global_transform (scene/3d/node_3d.cpp:649)
   GDScript backtrace (most recent call first):
       [0] _place_rings (res://demo/control/demo_command.gd:815)
       [1] _frame (res://test/test_demo_underground_view.gd:204)
       [2] test_no_transparency_or_material_is_written_by_twenty_switches (res://test/test_demo_underground_view.gd:334)
       [3] _run_test (res://test/run_tests.gd:194)
       [4] _run_suite (res://test/run_tests.gd:168)
       [5] _run_suite (/home/runner/work/redwall-rts/redwall-rts/tools/ci_test_shard_runner.gd:30)
       [6] _run_worker (res://test/run_tests.gd:121)
       [7] _initialize (res://test/run_tests.gd:108)
TOLERATED ERROR: Condition "!is_inside_tree()" is true. Returning: Transform3D()
   at: get_global_transform (scene/3d/node_3d.cpp:649)
   GDScript backtrace (most recent call first):
       [0] _place_rings (res://demo/control/demo_command.gd:815)
       [1] _frame (res://test/test_demo_underground_view.gd:204)
       [2] test_no_transparency_or_material_is_written_by_twenty_switches (res://test/test_demo_underground_view.gd:334)
       [3] _run_test (res://test/run_tests.gd:194)
       [4] _run_suite (res://test/run_tests.gd:168)
       [5] _run_suite (/home/runner/work/redwall-rts/redwall-rts/tools/ci_test_shard_runner.gd:30)
       [6] _run_worker (res://test/run_tests.gd:121)
       [7] _initialize (res://test/run_tests.gd:108)
TOLERATED ERROR: Condition "!is_inside_tree()" is true. Returning: Transform3D()
   at: get_global_transform (scene/3d/node_3d.cpp:649)
   GDScript backtrace (most recent call first):
       [0] _place_rings (res://demo/control/demo_command.gd:815)
       [1] _frame (res://test/test_demo_underground_view.gd:204)
       [2] test_no_transparency_or_material_is_written_by_twenty_switches (res://test/test_demo_underground_view.gd:334)
       [3] _run_test (res://test/run_tests.gd:194)
       [4] _run_suite (res://test/run_tests.gd:168)
       [5] _run_suite (/home/runner/work/redwall-rts/redwall-rts/tools/ci_test_shard_runner.gd:30)
       [6] _run_worker (res://test/run_tests.gd:121)
       [7] _initialize (res://test/run_tests.gd:108)
TOLERATED ERROR: Condition "!is_inside_tree()" is true. Returning: Transform3D()
   at: get_global_transform (scene/3d/node_3d.cpp:649)
   GDScript backtrace (most recent call first):
       [0] _place_rings (res://demo/control/demo_command.gd:815)
       [1] _frame (res://test/test_demo_underground_view.gd:204)
       [2] test_no_transparency_or_material_is_written_by_twenty_switches (res://test/test_demo_underground_view.gd:334)
       [3] _run_test (res://test/run_tests.gd:194)
       [4] _run_suite (res://test/run_tests.gd:168)
       [5] _run_suite (/home/runner/work/redwall-rts/redwall-rts/tools/ci_test_shard_runner.gd:30)
       [6] _run_worker (res://test/run_tests.gd:121)
       [7] _initialize (res://test/run_tests.gd:108)
TOLERATED ERROR: Condition "!is_inside_tree()" is true. Returning: Transform3D()
   at: get_global_transform (scene/3d/node_3d.cpp:649)
   GDScript backtrace (most recent call first):
       [0] _place_rings (res://demo/control/demo_command.gd:815)
       [1] _frame (res://test/test_demo_underground_view.gd:204)
       [2] test_no_transparency_or_material_is_written_by_twenty_switches (res://test/test_demo_underground_view.gd:334)
       [3] _run_test (res://test/run_tests.gd:194)
       [4] _run_suite (res://test/run_tests.gd:168)
       [5] _run_suite (/home/runner/work/redwall-rts/redwall-rts/tools/ci_test_shard_runner.gd:30)
       [6] _run_worker (res://test/run_tests.gd:121)
       [7] _initialize (res://test/run_tests.gd:108)
TOLERATED ERROR: Condition "!is_inside_tree()" is true. Returning: Transform3D()
   at: get_global_transform (scene/3d/node_3d.cpp:649)
   GDScript backtrace (most recent call first):
       [0] _place_rings (res://demo/control/demo_command.gd:815)
       [1] _frame (res://test/test_demo_underground_view.gd:204)
       [2] test_no_transparency_or_material_is_written_by_twenty_switches (res://test/test_demo_underground_view.gd:334)
       [3] _run_test (res://test/run_tests.gd:194)
       [4] _run_suite (res://test/run_tests.gd:168)
       [5] _run_suite (/home/runner/work/redwall-rts/redwall-rts/tools/ci_test_shard_runner.gd:30)
       [6] _run_worker (res://test/run_tests.gd:121)
       [7] _initialize (res://test/run_tests.gd:108)
TOLERATED ERROR: Condition "!is_inside_tree()" is true. Returning: Transform3D()
   at: get_global_transform (scene/3d/node_3d.cpp:649)
   GDScript backtrace (most recent call first):
       [0] _place_rings (res://demo/control/demo_command.gd:815)
       [1] _frame (res://test/test_demo_underground_view.gd:204)
       [2] test_no_transparency_or_material_is_written_by_twenty_switches (res://test/test_demo_underground_view.gd:334)
       [3] _run_test (res://test/run_tests.gd:194)
       [4] _run_suite (res://test/run_tests.gd:168)
       [5] _run_suite (/home/runner/work/redwall-rts/redwall-rts/tools/ci_test_shard_runner.gd:30)
       [6] _run_worker (res://test/run_tests.gd:121)
       [7] _initialize (res://test/run_tests.gd:108)
TOLERATED ERROR: Condition "!is_inside_tree()" is true. Returning: Transform3D()
   at: get_global_transform (scene/3d/node_3d.cpp:649)
   GDScript backtrace (most recent call first):
       [0] _place_rings (res://demo/control/demo_command.gd:815)
       [1] _frame (res://test/test_demo_underground_view.gd:204)
       [2] test_no_transparency_or_material_is_written_by_twenty_switches (res://test/test_demo_underground_view.gd:334)
       [3] _run_test (res://test/run_tests.gd:194)
       [4] _run_suite (res://test/run_tests.gd:168)
       [5] _run_suite (/home/runner/work/redwall-rts/redwall-rts/tools/ci_test_shard_runner.gd:30)
       [6] _run_worker (res://test/run_tests.gd:121)
       [7] _initialize (res://test/run_tests.gd:108)
TOLERATED ERROR: Condition "!is_inside_tree()" is true. Returning: Transform3D()
   at: get_global_transform (scene/3d/node_3d.cpp:649)
   GDScript backtrace (most recent call first):
       [0] _place_rings (res://demo/control/demo_command.gd:815)
       [1] _frame (res://test/test_demo_underground_view.gd:204)
       [2] test_no_transparency_or_material_is_written_by_twenty_switches (res://test/test_demo_underground_view.gd:334)
       [3] _run_test (res://test/run_tests.gd:194)
       [4] _run_suite (res://test/run_tests.gd:168)
       [5] _run_suite (/home/runner/work/redwall-rts/redwall-rts/tools/ci_test_shard_runner.gd:30)
       [6] _run_worker (res://test/run_tests.gd:121)
       [7] _initialize (res://test/run_tests.gd:108)
TOLERATED ERROR: Condition "!is_inside_tree()" is true. Returning: Transform3D()
   at: get_global_transform (scene/3d/node_3d.cpp:649)
   GDScript backtrace (most recent call first):
       [0] _place_rings (res://demo/control/demo_command.gd:815)
       [1] _frame (res://test/test_demo_underground_view.gd:204)
       [2] test_no_transparency_or_material_is_written_by_twenty_switches (res://test/test_demo_underground_view.gd:334)
       [3] _run_test (res://test/run_tests.gd:194)
       [4] _run_suite (res://test/run_tests.gd:168)
       [5] _run_suite (/home/runner/work/redwall-rts/redwall-rts/tools/ci_test_shard_runner.gd:30)
       [6] _run_worker (res://test/run_tests.gd:121)
       [7] _initialize (res://test/run_tests.gd:108)
TOLERATED ERROR: Condition "!is_inside_tree()" is true. Returning: Transform3D()
   at: get_global_transform (scene/3d/node_3d.cpp:649)
   GDScript backtrace (most recent call first):
       [0] _place_rings (res://demo/control/demo_command.gd:815)
       [1] _frame (res://test/test_demo_underground_view.gd:204)
       [2] test_no_transparency_or_material_is_written_by_twenty_switches (res://test/test_demo_underground_view.gd:334)
       [3] _run_test (res://test/run_tests.gd:194)
       [4] _run_suite (res://test/run_tests.gd:168)
       [5] _run_suite (/home/runner/work/redwall-rts/redwall-rts/tools/ci_test_shard_runner.gd:30)
       [6] _run_worker (res://test/run_tests.gd:121)
       [7] _initialize (res://test/run_tests.gd:108)
TOLERATED ERROR: Condition "!is_inside_tree()" is true. Returning: Transform3D()
   at: get_global_transform (scene/3d/node_3d.cpp:649)
   GDScript backtrace (most recent call first):
       [0] _place_rings (res://demo/control/demo_command.gd:815)
       [1] _frame (res://test/test_demo_underground_view.gd:204)
       [2] test_no_transparency_or_material_is_written_by_twenty_switches (res://test/test_demo_underground_view.gd:334)
       [3] _run_test (res://test/run_tests.gd:194)
       [4] _run_suite (res://test/run_tests.gd:168)
       [5] _run_suite (/home/runner/work/redwall-rts/redwall-rts/tools/ci_test_shard_runner.gd:30)
       [6] _run_worker (res://test/run_tests.gd:121)
       [7] _initialize (res://test/run_tests.gd:108)
TOLERATED ERROR: Condition "!is_inside_tree()" is true. Returning: Transform3D()
   at: get_global_transform (scene/3d/node_3d.cpp:649)
   GDScript backtrace (most recent call first):
       [0] _place_rings (res://demo/control/demo_command.gd:815)
       [1] _frame (res://test/test_demo_underground_view.gd:204)
       [2] test_no_transparency_or_material_is_written_by_twenty_switches (res://test/test_demo_underground_view.gd:334)
       [3] _run_test (res://test/run_tests.gd:194)
       [4] _run_suite (res://test/run_tests.gd:168)
       [5] _run_suite (/home/runner/work/redwall-rts/redwall-rts/tools/ci_test_shard_runner.gd:30)
       [6] _run_worker (res://test/run_tests.gd:121)
       [7] _initialize (res://test/run_tests.gd:108)
TOLERATED ERROR: Condition "!is_inside_tree()" is true. Returning: Transform3D()
   at: get_global_transform (scene/3d/node_3d.cpp:649)
   GDScript backtrace (most recent call first):
       [0] _place_rings (res://demo/control/demo_command.gd:815)
       [1] _frame (res://test/test_demo_underground_view.gd:204)
       [2] test_no_transparency_or_material_is_written_by_twenty_switches (res://test/test_demo_underground_view.gd:334)
       [3] _run_test (res://test/run_tests.gd:194)
       [4] _run_suite (res://test/run_tests.gd:168)
       [5] _run_suite (/home/runner/work/redwall-rts/redwall-rts/tools/ci_test_shard_runner.gd:30)
       [6] _run_worker (res://test/run_tests.gd:121)
       [7] _initialize (res://test/run_tests.gd:108)
TOLERATED ERROR: Condition "!is_inside_tree()" is true. Returning: Transform3D()
   at: get_global_transform (scene/3d/node_3d.cpp:649)
   GDScript backtrace (most recent call first):
       [0] _place_rings (res://demo/control/demo_command.gd:815)
       [1] _frame (res://test/test_demo_underground_view.gd:204)
       [2] test_no_transparency_or_material_is_written_by_twenty_switches (res://test/test_demo_underground_view.gd:334)
       [3] _run_test (res://test/run_tests.gd:194)
       [4] _run_suite (res://test/run_tests.gd:168)
       [5] _run_suite (/home/runner/work/redwall-rts/redwall-rts/tools/ci_test_shard_runner.gd:30)
       [6] _run_worker (res://test/run_tests.gd:121)
       [7] _initialize (res://test/run_tests.gd:108)
TOLERATED ERROR: Condition "!is_inside_tree()" is true. Returning: Transform3D()
   at: get_global_transform (scene/3d/node_3d.cpp:649)
   GDScript backtrace (most recent call first):
       [0] _place_rings (res://demo/control/demo_command.gd:815)
       [1] _frame (res://test/test_demo_underground_view.gd:204)
       [2] test_no_transparency_or_material_is_written_by_twenty_switches (res://test/test_demo_underground_view.gd:334)
       [3] _run_test (res://test/run_tests.gd:194)
       [4] _run_suite (res://test/run_tests.gd:168)
       [5] _run_suite (/home/runner/work/redwall-rts/redwall-rts/tools/ci_test_shard_runner.gd:30)
       [6] _run_worker (res://test/run_tests.gd:121)
       [7] _initialize (res://test/run_tests.gd:108)
TOLERATED ERROR: Condition "!is_inside_tree()" is true. Returning: Transform3D()
   at: get_global_transform (scene/3d/node_3d.cpp:649)
   GDScript backtrace (most recent call first):
       [0] _place_rings (res://demo/control/demo_command.gd:815)
       [1] _frame (res://test/test_demo_underground_view.gd:204)
       [2] test_no_transparency_or_material_is_written_by_twenty_switches (res://test/test_demo_underground_view.gd:334)
       [3] _run_test (res://test/run_tests.gd:194)
       [4] _run_suite (res://test/run_tests.gd:168)
       [5] _run_suite (/home/runner/work/redwall-rts/redwall-rts/tools/ci_test_shard_runner.gd:30)
       [6] _run_worker (res://test/run_tests.gd:121)
       [7] _initialize (res://test/run_tests.gd:108)
TOLERATED ERROR: Condition "!is_inside_tree()" is true. Returning: Transform3D()
   at: get_global_transform (scene/3d/node_3d.cpp:649)
   GDScript backtrace (most recent call first):
       [0] _place_rings (res://demo/control/demo_command.gd:815)
       [1] _frame (res://test/test_demo_underground_view.gd:204)
       [2] test_no_transparency_or_material_is_written_by_twenty_switches (res://test/test_demo_underground_view.gd:334)
       [3] _run_test (res://test/run_tests.gd:194)
       [4] _run_suite (res://test/run_tests.gd:168)
       [5] _run_suite (/home/runner/work/redwall-rts/redwall-rts/tools/ci_test_shard_runner.gd:30)
       [6] _run_worker (res://test/run_tests.gd:121)
       [7] _initialize (res://test/run_tests.gd:108)
  PASS  test_no_transparency_or_material_is_written_by_twenty_switches
TOLERATED ERROR: Condition "!is_inside_tree()" is true. Returning: Transform3D()
   at: get_global_transform (scene/3d/node_3d.cpp:649)
   GDScript backtrace (most recent call first):
       [0] _light (res://demo/burrow/fixture_view.gd:378)
       [1] refresh (res://demo/burrow/fixture_view.gd:173)
       [2] _process (res://demo/tunnel/tunnel_ext.gd:399)
       [3] _frame (res://test/test_demo_underground_view.gd:202)
       [4] _dig (res://test/test_demo_underground_view.gd:122)
       [5] test_the_prewarm_registry_covers_every_underground_material (res://test/test_demo_underground_view.gd:399)
       [6] _run_test (res://test/run_tests.gd:194)
       [7] _run_suite (res://test/run_tests.gd:168)
       [8] _run_suite (/home/runner/work/redwall-rts/redwall-rts/tools/ci_test_shard_runner.gd:30)
       [9] _run_worker (res://test/run_tests.gd:121)
       [10] _initialize (res://test/run_tests.gd:108)
TOLERATED ERROR: Condition "!is_inside_tree()" is true. Returning: Transform3D()
   at: get_global_transform (scene/3d/node_3d.cpp:649)
   GDScript backtrace (most recent call first):
       [0] _place_rings (res://demo/control/demo_command.gd:815)
       [1] _frame (res://test/test_demo_underground_view.gd:204)
       [2] _dig (res://test/test_demo_underground_view.gd:122)
       [3] test_the_prewarm_registry_covers_every_underground_material (res://test/test_demo_underground_view.gd:399)
       [4] _run_test (res://test/run_tests.gd:194)
       [5] _run_suite (res://test/run_tests.gd:168)
       [6] _run_suite (/home/runner/work/redwall-rts/redwall-rts/tools/ci_test_shard_runner.gd:30)
       [7] _run_worker (res://test/run_tests.gd:121)
       [8] _initialize (res://test/run_tests.gd:108)
  PASS  test_the_prewarm_registry_covers_every_underground_material
  PASS  test_the_registry_answers_by_material_and_label_style
  PASS  test_the_prewarm_draws_a_sample_of_everything_then_gives_the_view_back
TOLERATED ERROR: Condition "!is_inside_tree()" is true. Returning: Transform3D()
   at: get_global_transform (scene/3d/node_3d.cpp:649)
   GDScript backtrace (most recent call first):
       [0] _light (res://demo/burrow/fixture_view.gd:378)
       [1] refresh (res://demo/burrow/fixture_view.gd:173)
       [2] _process (res://demo/tunnel/tunnel_ext.gd:399)
       [3] _frame (res://test/test_demo_underground_view.gd:202)
       [4] _dig (res://test/test_demo_underground_view.gd:122)
       [5] test_the_cap_opens_over_a_dug_bore_and_room_only (res://test/test_demo_underground_view.gd:484)
       [6] _run_test (res://test/run_tests.gd:194)
       [7] _run_suite (res://test/run_tests.gd:168)
       [8] _run_suite (/home/runner/work/redwall-rts/redwall-rts/tools/ci_test_shard_runner.gd:30)
       [9] _run_worker (res://test/run_tests.gd:121)
       [10] _initialize (res://test/run_tests.gd:108)
TOLERATED ERROR: Condition "!is_inside_tree()" is true. Returning: Transform3D()
   at: get_global_transform (scene/3d/node_3d.cpp:649)
   GDScript backtrace (most recent call first):
       [0] _place_rings (res://demo/control/demo_command.gd:815)
       [1] _frame (res://test/test_demo_underground_view.gd:204)
       [2] _dig (res://test/test_demo_underground_view.gd:122)
       [3] test_the_cap_opens_over_a_dug_bore_and_room_only (res://test/test_demo_underground_view.gd:484)
       [4] _run_test (res://test/run_tests.gd:194)
       [5] _run_suite (res://test/run_tests.gd:168)
       [6] _run_suite (/home/runner/work/redwall-rts/redwall-rts/tools/ci_test_shard_runner.gd:30)
       [7] _run_worker (res://test/run_tests.gd:121)
       [8] _initialize (res://test/run_tests.gd:108)
  PASS  test_the_cap_opens_over_a_dug_bore_and_room_only
TOLERATED ERROR: Condition "!is_inside_tree()" is true. Returning: Transform3D()
   at: get_global_transform (scene/3d/node_3d.cpp:649)
   GDScript backtrace (most recent call first):
       [0] _light (res://demo/burrow/fixture_view.gd:378)
       [1] refresh (res://demo/burrow/fixture_view.gd:173)
       [2] _process (res://demo/tunnel/tunnel_ext.gd:399)
       [3] _frame (res://test/test_demo_underground_view.gd:202)
       [4] _dig (res://test/test_demo_underground_view.gd:122)
       [5] test_a_room_s_mound_wears_the_village_ground (res://test/test_demo_underground_view.gd:507)
       [6] _run_test (res://test/run_tests.gd:194)
       [7] _run_suite (res://test/run_tests.gd:168)
       [8] _run_suite (/home/runner/work/redwall-rts/redwall-rts/tools/ci_test_shard_runner.gd:30)
       [9] _run_worker (res://test/run_tests.gd:121)
       [10] _initialize (res://test/run_tests.gd:108)
TOLERATED ERROR: Condition "!is_inside_tree()" is true. Returning: Transform3D()
   at: get_global_transform (scene/3d/node_3d.cpp:649)
   GDScript backtrace (most recent call first):
       [0] _place_rings (res://demo/control/demo_command.gd:815)
       [1] _frame (res://test/test_demo_underground_view.gd:204)
       [2] _dig (res://test/test_demo_underground_view.gd:122)
       [3] test_a_room_s_mound_wears_the_village_ground (res://test/test_demo_underground_view.gd:507)
       [4] _run_test (res://test/run_tests.gd:194)
       [5] _run_suite (res://test/run_tests.gd:168)
       [6] _run_suite (/home/runner/work/redwall-rts/redwall-rts/tools/ci_test_shard_runner.gd:30)
       [7] _run_worker (res://test/run_tests.gd:121)
       [8] _initialize (res://test/run_tests.gd:108)
  PASS  test_a_room_s_mound_wears_the_village_ground
  PASS  test_the_cap_marks_water_footings_and_roots
  PASS  test_a_footing_is_its_circle_and_a_half_bore
  PASS  test_the_void_disc_is_the_bore_width
  PASS  test_a_tunnel_being_dug_opens_the_cap_up_to_its_face_only
  PASS  test_a_dig_face_opens_only_the_half_behind_it
  PASS  test_the_pick_plane_lands_on_the_floor_point_under_the_pointer
  PASS  test_in_the_u_view_a_surface_resident_is_picked_at_its_marker
TOLERATED ERROR: Condition "!is_inside_tree()" is true. Returning: Transform3D()
   at: get_global_transform (scene/3d/node_3d.cpp:649)
   GDScript backtrace (most recent call first):
       [0] _place_rings (res://demo/control/demo_command.gd:815)
       [1] test_the_u_views_marks_are_drawn_over_the_cap_on_its_own_layer (res://test/test_demo_underground_view.gd:667)
       [2] _run_test (res://test/run_tests.gd:194)
       [3] _run_suite (res://test/run_tests.gd:168)
       [4] _run_suite (/home/runner/work/redwall-rts/redwall-rts/tools/ci_test_shard_runner.gd:30)
       [5] _run_worker (res://test/run_tests.gd:121)
       [6] _initialize (res://test/run_tests.gd:108)
  PASS  test_the_u_views_marks_are_drawn_over_the_cap_on_its_own_layer
  PASS  test_the_u_view_keeps_releases_and_keys_for_the_surface_tools
  PASS  test_the_views_plane_is_where_a_ray_lands
  PASS  test_the_sun_lights_only_the_surface_and_the_fill_light_only_below
TOLERATED ERROR: Camera is not inside scene.
   at: project_ray_origin (scene/3d/camera_3d.cpp:430)
   GDScript backtrace (most recent call first):
       [0] pick (res://demo/control/demo_command.gd:663)
       [1] _finish_select (res://demo/control/demo_command.gd:542)
       [2] test_the_u_view_does_not_hand_clicks_to_surface_handlers (res://test/test_demo_underground_view.gd:745)
       [3] _run_test (res://test/run_tests.gd:194)
       [4] _run_suite (res://test/run_tests.gd:168)
       [5] _run_suite (/home/runner/work/redwall-rts/redwall-rts/tools/ci_test_shard_runner.gd:30)
       [6] _run_worker (res://test/run_tests.gd:121)
       [7] _initialize (res://test/run_tests.gd:108)
TOLERATED ERROR: Camera is not inside scene.
   at: project_local_ray_normal (scene/3d/camera_3d.cpp:412)
   GDScript backtrace (most recent call first):
       [0] pick (res://demo/control/demo_command.gd:664)
       [1] _finish_select (res://demo/control/demo_command.gd:542)
       [2] test_the_u_view_does_not_hand_clicks_to_surface_handlers (res://test/test_demo_underground_view.gd:745)
       [3] _run_test (res://test/run_tests.gd:194)
       [4] _run_suite (res://test/run_tests.gd:168)
       [5] _run_suite (/home/runner/work/redwall-rts/redwall-rts/tools/ci_test_shard_runner.gd:30)
       [6] _run_worker (res://test/run_tests.gd:121)
       [7] _initialize (res://test/run_tests.gd:108)
TOLERATED ERROR: Condition "!is_inside_tree()" is true. Returning: Transform3D()
   at: get_global_transform (scene/3d/node_3d.cpp:649)
   GDScript backtrace (most recent call first):
       [0] pick (res://demo/control/demo_command.gd:664)
       [1] _finish_select (res://demo/control/demo_command.gd:542)
       [2] test_the_u_view_does_not_hand_clicks_to_surface_handlers (res://test/test_demo_underground_view.gd:745)
       [3] _run_test (res://test/run_tests.gd:194)
       [4] _run_suite (res://test/run_tests.gd:168)
       [5] _run_suite (/home/runner/work/redwall-rts/redwall-rts/tools/ci_test_shard_runner.gd:30)
       [6] _run_worker (res://test/run_tests.gd:121)
       [7] _initialize (res://test/run_tests.gd:108)
TOLERATED ERROR: Camera is not inside scene.
   at: project_ray_origin (scene/3d/camera_3d.cpp:430)
   GDScript backtrace (most recent call first):
       [0] ground_at (res://demo/tunnel/tunnel_view.gd:318)
       [1] _ground_at (res://demo/tunnel/tunnel_ext.gd:450)
       [2] select_at_screen (res://demo/tunnel/tunnel_ext.gd:461)
       [3] select_tunnel_at (res://demo/tunnel/tunnel_control.gd:1176)
       [4] _finish_select (res://demo/control/demo_command.gd:547)
       [5] test_the_u_view_does_not_hand_clicks_to_surface_handlers (res://test/test_demo_underground_view.gd:745)
       [6] _run_test (res://test/run_tests.gd:194)
       [7] _run_suite (res://test/run_tests.gd:168)
       [8] _run_suite (/home/runner/work/redwall-rts/redwall-rts/tools/ci_test_shard_runner.gd:30)
       [9] _run_worker (res://test/run_tests.gd:121)
       [10] _initialize (res://test/run_tests.gd:108)
TOLERATED ERROR: Camera is not inside scene.
   at: project_local_ray_normal (scene/3d/camera_3d.cpp:412)
   GDScript backtrace (most recent call first):
       [0] ground_at (res://demo/tunnel/tunnel_view.gd:318)
       [1] _ground_at (res://demo/tunnel/tunnel_ext.gd:450)
       [2] select_at_screen (res://demo/tunnel/tunnel_ext.gd:461)
       [3] select_tunnel_at (res://demo/tunnel/tunnel_control.gd:1176)
       [4] _finish_select (res://demo/control/demo_command.gd:547)
       [5] test_the_u_view_does_not_hand_clicks_to_surface_handlers (res://test/test_demo_underground_view.gd:745)
       [6] _run_test (res://test/run_tests.gd:194)
       [7] _run_suite (res://test/run_tests.gd:168)
       [8] _run_suite (/home/runner/work/redwall-rts/redwall-rts/tools/ci_test_shard_runner.gd:30)
       [9] _run_worker (res://test/run_tests.gd:121)
       [10] _initialize (res://test/run_tests.gd:108)
TOLERATED ERROR: Condition "!is_inside_tree()" is true. Returning: Transform3D()
   at: get_global_transform (scene/3d/node_3d.cpp:649)
   GDScript backtrace (most recent call first):
       [0] ground_at (res://demo/tunnel/tunnel_view.gd:318)
       [1] _ground_at (res://demo/tunnel/tunnel_ext.gd:450)
       [2] select_at_screen (res://demo/tunnel/tunnel_ext.gd:461)
       [3] select_tunnel_at (res://demo/tunnel/tunnel_control.gd:1176)
       [4] _finish_select (res://demo/control/demo_command.gd:547)
       [5] test_the_u_view_does_not_hand_clicks_to_surface_handlers (res://test/test_demo_underground_view.gd:745)
       [6] _run_test (res://test/run_tests.gd:194)
       [7] _run_suite (res://test/run_tests.gd:168)
       [8] _run_suite (/home/runner/work/redwall-rts/redwall-rts/tools/ci_test_shard_runner.gd:30)
       [9] _run_worker (res://test/run_tests.gd:121)
       [10] _initialize (res://test/run_tests.gd:108)
TOLERATED ERROR: Camera is not inside scene.
   at: project_ray_origin (scene/3d/camera_3d.cpp:430)
   GDScript backtrace (most recent call first):
       [0] order_at (res://demo/control/demo_command.gd:729)
       [1] test_the_u_view_does_not_hand_clicks_to_surface_handlers (res://test/test_demo_underground_view.gd:747)
       [2] _run_test (res://test/run_tests.gd:194)
       [3] _run_suite (res://test/run_tests.gd:168)
       [4] _run_suite (/home/runner/work/redwall-rts/redwall-rts/tools/ci_test_shard_runner.gd:30)
       [5] _run_worker (res://test/run_tests.gd:121)
       [6] _initialize (res://test/run_tests.gd:108)
TOLERATED ERROR: Camera is not inside scene.
   at: project_local_ray_normal (scene/3d/camera_3d.cpp:412)
   GDScript backtrace (most recent call first):
       [0] order_at (res://demo/control/demo_command.gd:729)
       [1] test_the_u_view_does_not_hand_clicks_to_surface_handlers (res://test/test_demo_underground_view.gd:747)
       [2] _run_test (res://test/run_tests.gd:194)
       [3] _run_suite (res://test/run_tests.gd:168)
       [4] _run_suite (/home/runner/work/redwall-rts/redwall-rts/tools/ci_test_shard_runner.gd:30)
       [5] _run_worker (res://test/run_tests.gd:121)
       [6] _initialize (res://test/run_tests.gd:108)
TOLERATED ERROR: Condition "!is_inside_tree()" is true. Returning: Transform3D()
   at: get_global_transform (scene/3d/node_3d.cpp:649)
   GDScript backtrace (most recent call first):
       [0] order_at (res://demo/control/demo_command.gd:729)
       [1] test_the_u_view_does_not_hand_clicks_to_surface_handlers (res://test/test_demo_underground_view.gd:747)
       [2] _run_test (res://test/run_tests.gd:194)
       [3] _run_suite (res://test/run_tests.gd:168)
       [4] _run_suite (/home/runner/work/redwall-rts/redwall-rts/tools/ci_test_shard_runner.gd:30)
       [5] _run_worker (res://test/run_tests.gd:121)
       [6] _initialize (res://test/run_tests.gd:108)
TOLERATED ERROR: Camera is not inside scene.
   at: project_ray_origin (scene/3d/camera_3d.cpp:430)
   GDScript backtrace (most recent call first):
       [0] pick (res://demo/control/demo_command.gd:663)
       [1] _finish_select (res://demo/control/demo_command.gd:542)
       [2] test_the_u_view_does_not_hand_clicks_to_surface_handlers (res://test/test_demo_underground_view.gd:751)
       [3] _run_test (res://test/run_tests.gd:194)
       [4] _run_suite (res://test/run_tests.gd:168)
       [5] _run_suite (/home/runner/work/redwall-rts/redwall-rts/tools/ci_test_shard_runner.gd:30)
       [6] _run_worker (res://test/run_tests.gd:121)
       [7] _initialize (res://test/run_tests.gd:108)
TOLERATED ERROR: Camera is not inside scene.
   at: project_local_ray_normal (scene/3d/camera_3d.cpp:412)
   GDScript backtrace (most recent call first):
       [0] pick (res://demo/control/demo_command.gd:664)
       [1] _finish_select (res://demo/control/demo_command.gd:542)
       [2] test_the_u_view_does_not_hand_clicks_to_surface_handlers (res://test/test_demo_underground_view.gd:751)
       [3] _run_test (res://test/run_tests.gd:194)
       [4] _run_suite (res://test/run_tests.gd:168)
       [5] _run_suite (/home/runner/work/redwall-rts/redwall-rts/tools/ci_test_shard_runner.gd:30)
       [6] _run_worker (res://test/run_tests.gd:121)
       [7] _initialize (res://test/run_tests.gd:108)
TOLERATED ERROR: Condition "!is_inside_tree()" is true. Returning: Transform3D()
   at: get_global_transform (scene/3d/node_3d.cpp:649)
   GDScript backtrace (most recent call first):
       [0] pick (res://demo/control/demo_command.gd:664)
       [1] _finish_select (res://demo/control/demo_command.gd:542)
       [2] test_the_u_view_does_not_hand_clicks_to_surface_handlers (res://test/test_demo_underground_view.gd:751)
       [3] _run_test (res://test/run_tests.gd:194)
       [4] _run_suite (res://test/run_tests.gd:168)
       [5] _run_suite (/home/runner/work/redwall-rts/redwall-rts/tools/ci_test_shard_runner.gd:30)
       [6] _run_worker (res://test/run_tests.gd:121)
       [7] _initialize (res://test/run_tests.gd:108)
  PASS  test_the_u_view_does_not_hand_clicks_to_surface_handlers
  PASS  test_a_resident_changes_layer_going_down_and_up_and_its_parts_follow
CI_SUITE_TIME {"assertions":3516,"failures":0,"suite":"test_demo_underground_view.gd","tests":22,"usec":38106539}
test_demo_warnings.gd
  PASS  test_the_signs_come_before_the_warning
  PASS  test_the_level_rises_from_the_signs_to_the_strike
  PASS  test_each_seep_state_has_its_look
  PASS  test_each_strain_state_has_its_look
  PASS  test_only_a_warning_look_is_drawn_in_the_earth
TOLERATED ERROR: Condition "!is_inside_tree()" is true. Returning: Transform3D()
   at: get_global_transform (scene/3d/node_3d.cpp:649)
   GDScript backtrace (most recent call first):
       [0] set_hazard (res://demo/tunnel/warren_particles.gd:316)
       [1] _fall (res://demo/tunnel/hazard_view.gd:157)
       [2] refresh (res://demo/tunnel/hazard_view.gd:72)
       [3] test_a_bore_is_handed_its_hazard_levels (res://test/test_demo_warnings.gd:166)
       [4] _run_test (res://test/run_tests.gd:194)
       [5] _run_suite (res://test/run_tests.gd:168)
       [6] _run_suite (/home/runner/work/redwall-rts/redwall-rts/tools/ci_test_shard_runner.gd:30)
       [7] _run_worker (res://test/run_tests.gd:121)
       [8] _initialize (res://test/run_tests.gd:108)
TOLERATED ERROR: Condition "!is_inside_tree()" is true. Returning: Transform3D()
   at: get_global_transform (scene/3d/node_3d.cpp:649)
   GDScript backtrace (most recent call first):
       [0] set_hazard (res://demo/tunnel/warren_particles.gd:316)
       [1] _fall (res://demo/tunnel/hazard_view.gd:157)
       [2] refresh (res://demo/tunnel/hazard_view.gd:73)
       [3] test_a_bore_is_handed_its_hazard_levels (res://test/test_demo_warnings.gd:166)
       [4] _run_test (res://test/run_tests.gd:194)
       [5] _run_suite (res://test/run_tests.gd:168)
       [6] _run_suite (/home/runner/work/redwall-rts/redwall-rts/tools/ci_test_shard_runner.gd:30)
       [7] _run_worker (res://test/run_tests.gd:121)
       [8] _initialize (res://test/run_tests.gd:108)
  PASS  test_a_bore_is_handed_its_hazard_levels
TOLERATED ERROR: Condition "!is_inside_tree()" is true. Returning: Transform3D()
   at: get_global_transform (scene/3d/node_3d.cpp:649)
   GDScript backtrace (most recent call first):
       [0] set_hazard (res://demo/tunnel/warren_particles.gd:316)
       [1] _fall (res://demo/tunnel/hazard_view.gd:157)
       [2] refresh (res://demo/tunnel/hazard_view.gd:73)
       [3] test_a_segment_split_finds_its_strain_again (res://test/test_demo_warnings.gd:192)
       [4] _run_test (res://test/run_tests.gd:194)
       [5] _run_suite (res://test/run_tests.gd:168)
       [6] _run_suite (/home/runner/work/redwall-rts/redwall-rts/tools/ci_test_shard_runner.gd:30)
       [7] _run_worker (res://test/run_tests.gd:121)
       [8] _initialize (res://test/run_tests.gd:108)
  PASS  test_a_segment_split_finds_its_strain_again
TOLERATED ERROR: Condition "!is_inside_tree()" is true. Returning: Transform3D()
   at: get_global_transform (scene/3d/node_3d.cpp:649)
   GDScript backtrace (most recent call first):
       [0] set_hazard (res://demo/tunnel/warren_particles.gd:316)
       [1] _fall (res://demo/tunnel/hazard_view.gd:157)
       [2] refresh (res://demo/tunnel/hazard_view.gd:72)
       [3] test_a_level_is_written_only_when_it_moves_a_step (res://test/test_demo_warnings.gd:213)
       [4] _run_test (res://test/run_tests.gd:194)
       [5] _run_suite (res://test/run_tests.gd:168)
       [6] _run_suite (/home/runner/work/redwall-rts/redwall-rts/tools/ci_test_shard_runner.gd:30)
       [7] _run_worker (res://test/run_tests.gd:121)
       [8] _initialize (res://test/run_tests.gd:108)
  PASS  test_a_level_is_written_only_when_it_moves_a_step
TOLERATED ERROR: Condition "!is_inside_tree()" is true. Returning: Transform3D()
   at: get_global_transform (scene/3d/node_3d.cpp:649)
   GDScript backtrace (most recent call first):
       [0] set_hazard (res://demo/tunnel/warren_particles.gd:316)
       [1] _fall (res://demo/tunnel/hazard_view.gd:157)
       [2] refresh (res://demo/tunnel/hazard_view.gd:72)
       [3] test_the_first_signs_are_drawn_however_faint (res://test/test_demo_warnings.gd:235)
       [4] _run_test (res://test/run_tests.gd:194)
       [5] _run_suite (res://test/run_tests.gd:168)
       [6] _run_suite (/home/runner/work/redwall-rts/redwall-rts/tools/ci_test_shard_runner.gd:30)
       [7] _run_worker (res://test/run_tests.gd:121)
       [8] _initialize (res://test/run_tests.gd:108)
  PASS  test_the_first_signs_are_drawn_however_faint
TOLERATED ERROR: Condition "!is_inside_tree()" is true. Returning: Transform3D()
   at: get_global_transform (scene/3d/node_3d.cpp:649)
   GDScript backtrace (most recent call first):
       [0] set_hazard (res://demo/tunnel/warren_particles.gd:316)
       [1] _fall (res://demo/tunnel/hazard_view.gd:157)
       [2] refresh (res://demo/tunnel/hazard_view.gd:72)
       [3] test_the_worst_seeps_drip_and_the_worst_strains_trickle (res://test/test_demo_warnings.gd:269)
       [4] _run_test (res://test/run_tests.gd:194)
       [5] _run_suite (res://test/run_tests.gd:168)
       [6] _run_suite (/home/runner/work/redwall-rts/redwall-rts/tools/ci_test_shard_runner.gd:30)
       [7] _run_worker (res://test/run_tests.gd:121)
       [8] _initialize (res://test/run_tests.gd:108)
TOLERATED ERROR: Condition "!is_inside_tree()" is true. Returning: Transform3D()
   at: get_global_transform (scene/3d/node_3d.cpp:649)
   GDScript backtrace (most recent call first):
       [0] set_hazard (res://demo/tunnel/warren_particles.gd:316)
       [1] _fall (res://demo/tunnel/hazard_view.gd:157)
       [2] refresh (res://demo/tunnel/hazard_view.gd:73)
       [3] test_the_worst_seeps_drip_and_the_worst_strains_trickle (res://test/test_demo_warnings.gd:269)
       [4] _run_test (res://test/run_tests.gd:194)
       [5] _run_suite (res://test/run_tests.gd:168)
       [6] _run_suite (/home/runner/work/redwall-rts/redwall-rts/tools/ci_test_shard_runner.gd:30)
       [7] _run_worker (res://test/run_tests.gd:121)
       [8] _initialize (res://test/run_tests.gd:108)
TOLERATED ERROR: Condition "!is_inside_tree()" is true. Returning: Transform3D()
   at: get_global_transform (scene/3d/node_3d.cpp:649)
   GDScript backtrace (most recent call first):
       [0] set_hazard (res://demo/tunnel/warren_particles.gd:316)
       [1] _fall (res://demo/tunnel/hazard_view.gd:157)
       [2] refresh (res://demo/tunnel/hazard_view.gd:72)
       [3] test_the_worst_seeps_drip_and_the_worst_strains_trickle (res://test/test_demo_warnings.gd:269)
       [4] _run_test (res://test/run_tests.gd:194)
       [5] _run_suite (res://test/run_tests.gd:168)
       [6] _run_suite (/home/runner/work/redwall-rts/redwall-rts/tools/ci_test_shard_runner.gd:30)
       [7] _run_worker (res://test/run_tests.gd:121)
       [8] _initialize (res://test/run_tests.gd:108)
  PASS  test_the_worst_seeps_drip_and_the_worst_strains_trickle
  PASS  test_a_warned_tunnel_is_ringed_in_clay_in_the_u_view_too
  PASS  test_a_young_tunnel_s_seam_heals_over_days
  PASS  test_a_dig_under_way_shows_its_seam_growing
  PASS  test_a_long_bore_breathes_through_vents
  PASS  test_a_tunnel_stretch_under_six_metres_has_no_vent
  PASS  test_no_vent_stands_on_a_crop_bed
  PASS  test_the_seams_and_vents_are_on_the_surface_only
  PASS  test_a_mouth_arch_hangs_a_lit_lantern
  PASS  test_the_readout_prices_the_bracing
CI_SUITE_TIME {"assertions":118,"failures":0,"suite":"test_demo_warnings.gd","tests":19,"usec":155084}
test_demo_water_play.gd
  PASS  test_who_swims_is_the_demo_table_by_species
  PASS  test_fixed_ticks_keep_their_remainder_and_stop_while_paused
  PASS  test_stamina_drain_counts_cold_and_flow
  PASS  test_a_swimmer_makes_good_what_its_speed_leaves_across_the_flow
  PASS  test_a_ferry_heading_angles_into_the_flow_to_hold_its_line
  PASS  test_a_planned_dive_is_admitted_only_with_its_air_and_reserve
  PASS  test_bridge_arithmetic_spans_decks_piers_costs_and_work
  PASS  test_swim_rows_are_seeded_by_species_full_and_on_land
  PASS  test_air_is_spent_below_and_breathed_back_above_on_fixed_ticks
  PASS  test_rest_comes_back_on_land_three_times_as_fast_resting
  PASS  test_tired_and_exhausted_are_latched_once_and_rearm_at_4000
  PASS  test_low_air_and_air_out_are_raised_below_the_surface
  PASS  test_entry_needs_health_seventy_and_no_untreated_injury
  PASS  test_a_hurt_or_weak_swimmer_is_refused_the_water
  PASS  test_a_patient_is_not_drafted_as_a_rescuer
  PASS  test_the_infirmary_answers_the_water_s_fitness
  PASS  test_a_swim_is_refused_naming_its_failed_condition
  PASS  test_blocked_width_is_the_radius_less_the_mouse_wade_ramp
  PASS  test_the_band_walls_off_deep_water_and_leaves_the_ford_open
  PASS  test_swim_links_cross_deep_water_between_dry_land_ends
  PASS  test_a_link_whose_land_end_is_blocked_is_not_published
  PASS  test_the_way_in_weighs_the_walk_against_the_swim
  PASS  test_the_bridge_candidates_are_the_maps_spans_inside_the_area
  PASS  test_the_neck_takes_a_plank_footbridge_without_piers
  PASS  test_a_line_over_two_waters_is_not_one_span
  PASS  test_a_survey_says_why_a_bridge_cannot_stand
  PASS  test_footings_and_decks_keep_clear_and_bridges_apart
  PASS  test_a_bridge_is_built_stage_by_stage_and_opens_with_its_last_wu
  PASS  test_a_deck_stands_on_its_footings_and_a_plank_deck_arches
  PASS  test_crossings_have_their_own_leg_codes_and_a_cap
  PASS  test_the_planning_area_keeps_every_node_inside_it
  PASS  test_the_base_hook_offers_nothing_and_changes_no_walk
  PASS  test_a_swimmer_is_offered_the_links_and_plans_across_the_run
  PASS  test_a_non_swimmer_walks_round_until_a_bridge_opens_then_takes_it
  PASS  test_wading_slows_the_walk_and_puts_the_feet_on_the_bed
  PASS  test_a_swimmer_crosses_on_its_link_in_the_water_and_climbs_out
  PASS  test_a_swim_order_treads_the_spot_then_tires_home
  PASS  test_a_swim_order_refuses_a_non_swimmer_by_name_and_a_tired_one_at_the_water
  PASS  test_a_planned_dive_waits_for_its_air_goes_down_and_brings_up_a_find
  PASS  test_a_diver_hurt_on_the_way_is_refused_at_the_water
  PASS  test_a_diver_hurt_at_the_surface_turns_for_home
  PASS  test_a_dive_turns_back_when_the_air_says_so
  PASS  test_a_swimmer_in_difficulty_is_rescued_at_a_landing_and_rests
  PASS  test_with_no_swimmer_free_a_line_is_thrown_from_the_landing
  PASS  test_the_rescuer_is_the_nearest_by_route_not_by_straight_line
  PASS  test_a_rescuer_the_straight_bound_favours_still_loses_on_its_route
  PASS  test_a_thrower_is_ranked_by_its_route_to_the_landing_and_the_boxed_in_lose
  PASS  test_route_length_sums_the_legs_from_the_start
  PASS  test_a_victim_nobody_reaches_washes_ashore_unhurt
  PASS  test_tiring_on_a_link_turns_back_to_the_nearer_bank
  PASS  test_building_pays_from_the_one_stores_all_or_nothing
  PASS  test_a_log_bridge_takes_a_log_from_the_log_stack_without_a_trunk
  PASS  test_the_builder_fetches_carries_and_builds_to_open
  PASS  test_the_bridgewright_starts_skilled_and_skill_only_changes_the_time
  PASS  test_the_sunken_finds_follow_the_dives_deterministically
  PASS  test_the_walking_area_widens_over_the_water
  PASS  test_the_mill_and_the_bank_props_become_obstacles_on_the_widened_ground
  PASS  test_the_right_column_has_a_water_tab_and_the_feed_a_water_source
  PASS  test_the_water_panel_shows_the_site_and_disables_what_cannot_be_built
  PASS  test_the_party_panel_shows_each_owners_skills_a_line_apiece
  PASS  test_the_overlay_paints_the_zones_for_the_selected_body
  PASS  test_the_actor_loads_the_water_clips
  PASS  test_an_emergency_takes_a_resident_off_its_crossing_where_it_is
  PASS  test_a_walker_wades_the_ford_on_its_bed_at_its_wading_pace
  PASS  test_an_order_in_the_water_swims_ashore_first
  PASS  test_a_flood_sweeps_the_weaker_swimmers_off_their_links
  PASS  test_treading_holds_the_spot_and_drifting_never_goes_ashore
  PASS  test_the_stream_turning_cold_is_announced_once_by_the_day
  PASS  test_an_otter_is_refused_a_dive_where_the_water_is_not_deeper_than_it_is_tall
  PASS  test_a_held_resident_takes_no_order_or_release
  PASS  test_in_the_water_is_off_the_walking_surface_but_not_in_a_bore
  PASS  test_a_waiting_bridge_is_taken_by_the_routine_bridgewright
  PASS  test_a_builder_called_away_leaves_the_bridge_where_it_got_to
  PASS  test_nothing_is_sent_to_stand_in_the_water
  PASS  test_a_resident_let_down_off_a_root_mound_stands_on_the_carved_bank
  PASS  test_a_bridge_is_drawn_stage_by_stage
  PASS  test_swimmers_show_ripples_divers_bubbles_and_a_thrower_its_line
  PASS  test_a_route_through_the_ford_costs_its_wading
  PASS  test_a_tow_goes_to_a_landing_it_can_reach_against_the_flow
  PASS  test_a_site_is_surveyed_again_when_it_or_the_bridges_change
  PASS  test_the_water_panel_is_filled_only_while_it_is_shown
  PASS  test_lookups_refuse_when_there_is_nothing_to_find
  PASS  test_a_rescuer_stands_down_once_its_victim_is_ashore
  PASS  test_a_line_thrower_stands_down_once_its_victim_is_ashore
  PASS  test_a_tow_names_its_landing_at_the_tow_speed
  PASS  test_the_nearest_landing_is_one_that_can_be_stood_on
  PASS  test_the_router_is_handed_the_wading_cost_when_it_plans_with_the_water
  PASS  test_a_selection_ring_sits_on_the_ground_and_never_below_the_surface
  PASS  test_piers_stand_evenly_along_the_deck
  PASS  test_a_rescue_task_whose_victim_is_no_longer_held_ends_where_it_is
  PASS  test_a_selection_ring_is_put_at_its_residents_ground
  PASS  test_the_rescue_tally_is_a_heading_note_and_not_an_alert
  PASS  test_the_site_text_names_the_piers_once
  PASS  test_a_ranking_with_nobody_routable_plans_at_most_its_cap
CI_SUITE_TIME {"assertions":793,"failures":0,"suite":"test_demo_water_play.gd","tests":94,"usec":13856187}
test_demo_water_safety.gd
  PASS  test_consent_turned_off_on_the_way_is_rechecked_at_the_bank
  PASS  test_a_flood_risen_since_planning_turns_a_weak_swimmer_back_at_the_bank
  PASS  test_the_bank_recheck_names_each_failed_condition
  PASS  test_a_swimmer_already_in_the_stream_is_not_pulled_out
  PASS  test_one_dive_at_the_air_boundary_posts_one_low_air_notice
  PASS  test_the_air_advisory_and_air_out_rearm_only_back_at_the_surface
  PASS  test_a_fresh_dive_rearms_the_advisory_even_short_of_600
  PASS  test_two_divers_at_the_boundary_say_low_air_once_each_and_the_history_survives
  PASS  test_a_victim_held_below_says_air_out_once
  PASS  test_a_submerged_victim_gets_the_farther_diver_not_the_nearer_swimmer
  PASS  test_a_rescuer_called_away_frees_the_victim_for_the_next_diver
  PASS  test_a_second_victim_gets_a_stated_fallback_and_nobody_answers_two
  PASS  test_with_no_swimmer_free_a_line_waits_and_a_diver_come_free_takes_over
  PASS  test_with_nobody_able_to_swim_the_safety_net_still_brings_it_ashore
  PASS  test_a_diver_short_of_air_is_passed_over_with_the_reason_until_it_has_breathed
  PASS  test_a_reservation_is_released_only_by_the_rescuer_that_holds_it
  PASS  test_a_rescuer_fetches_only_with_the_air_for_down_up_and_the_reserve
  PASS  test_a_line_hauling_in_is_not_replaced_by_a_swimmer_come_free
  PASS  test_one_waiting_above_is_kept_while_the_victim_floats_up
  PASS  test_a_watcher_that_dives_is_promoted_once_it_has_breathed_not_relieved
  PASS  test_a_thrower_called_away_mid_haul_frees_the_victim
  PASS  test_a_rescuer_whose_consent_is_withdrawn_does_not_go_in
  PASS  test_a_rescue_task_no_longer_holding_its_victim_ends
CI_SUITE_TIME {"assertions":144,"failures":0,"suite":"test_demo_water_safety.gd","tests":23,"usec":8964374}
test_demolition_admissions.gd
  PASS  test_a_new_building_publishes_the_first_destination_revision
  PASS  test_recording_an_admission_advances_the_revision_and_keeps_the_binding
  PASS  test_a_live_admission_refuses_a_second_and_a_retired_one_keeps_its_claim
  PASS  test_release_clears_the_record_advances_the_revision_and_refuses_nothing_to_release
  PASS  test_record_refuses_a_stale_building_a_stale_project_and_a_bad_output_shape
  PASS  test_the_revision_refuses_before_it_would_pass_int32
  PASS  test_clear_forgets_every_record_and_restarts_revisions
  PASS  test_both_revision_bounds_refuse_at_their_exact_edge
CI_SUITE_TIME {"assertions":53,"failures":0,"suite":"test_demolition_admissions.gd","tests":8,"usec":176244}
test_economic_sequence_format.gd
  PASS  test_last_issued_command_round_trip
  PASS  test_drained_exhausted_queue_round_trip
  PASS  test_prefix_writer_refuses_invalid_tuple_without_any_write
  PASS  test_prefix_writer_refuses_extreme_offsets_without_any_write
  PASS  test_ordinary_high_words_keep_unsigned_values_and_zero_is_ordinary
  PASS  test_schema_is_recognized_before_full_prefix_is_required
  PASS  test_invalid_u64_and_terminal_tuples_refuse_atomically
  PASS  test_section_size_constants_are_pinned_independently
CI_SUITE_TIME {"assertions":216,"failures":0,"suite":"test_economic_sequence_format.gd","tests":8,"usec":759990}
test_entity_manager.gd
  PASS  test_create_entity_returns_unique_ids
  PASS  test_is_alive_tracks_lifetime
  PASS  test_destroy_rejects_unknown_id
  PASS  test_destroyed_ids_are_never_reused
  PASS  test_add_and_get_component
  PASS  test_get_component_returns_null_when_absent
  PASS  test_add_component_rejects_dead_entity
  PASS  test_add_component_replaces_same_type
  PASS  test_remove_component
  PASS  test_destroy_entity_clears_its_components
  PASS  test_query_returns_entities_owning_every_type
  PASS  test_query_with_unused_type_is_empty
  PASS  test_query_with_no_types_is_empty
  PASS  test_clear_resets_the_manager
  PASS  test_thousand_entity_lifecycle_within_frame_budget
  PASS  test_query_snapshot_survives_destruction_while_iterating
  PASS  test_component_count_is_zero_for_unused_type
CI_SUITE_TIME {"assertions":41,"failures":0,"suite":"test_entity_manager.gd","tests":17,"usec":37807}
test_excavation_physical.gd
  PASS  test_real_cut_uses_actual_spatial_endpoint_and_refuses_surface_alias
  PASS  test_spatial_cut_commit_rolls_back_on_support_change_after_actual_output_creation
  PASS  test_spatial_output_revision_change_stops_productivity_before_xp_and_wear
  PASS  test_two_real_cut_projects_keep_each_others_spatial_output_reservation
  PASS  test_unstarted_spatial_cut_cancellation_preserves_another_paid_project
  PASS  test_real_worker_brace_cut_finish_matches_adopted_arithmetic_and_wear
  PASS  test_backfill_and_recut_withdraw_embedded_earth_without_new_virgin_source
  PASS  test_immutable_datum_overlap_and_stale_site_identity_refuse_without_mutation
  PASS  test_direct_construction_cannot_bypass_real_paid_owner
  PASS  test_direct_construction_pause_stops_work_without_wu_xp_wear_or_inventory_mutation
  PASS  test_started_brace_cancel_returns_80_percent_and_requires_full_new_input
  PASS  test_unopened_support_close_has_salvage_but_no_earth_input_or_output
  PASS  test_late_requester_job_blocks_refund_without_orphaning_its_claims
  PASS  test_sparse_history_budget_refuses_before_payment_and_never_recycles_retired_keys
  PASS  test_material_free_cancel_and_resume_retains_actual_cut_work_without_refund_storage
  PASS  test_paused_paid_phase_resumes_with_same_wip_after_real_worker_rebind
  PASS  test_required_tool_gate_never_allows_unclaimed_bare_hands_work
  PASS  test_four_builders_per_room_project_and_one_actual_worker_per_face
  PASS  test_blocked_output_commit_preserves_ready_work_and_retry_charges_no_additional_wear
  PASS  test_backfill_cancellation_preserves_void_support_and_books_exact_earth_loss
  PASS  test_support_contact_and_stale_world_refusals_precede_all_productive_state
  PASS  test_manual_job_counter_and_callback_cannot_impersonate_real_work_transaction
  PASS  test_work_ready_cancel_requires_full_refunding_but_no_additional_productive_tick
  PASS  test_real_inventory_lot_exhaustion_keeps_cut_ready_after_worker_release
  PASS  test_cancelled_partial_cut_can_safely_remove_unopened_support_without_earth
  PASS  test_concrete_first_cut_uses_finite_staging_then_actual_ground_pile
  PASS  test_unbound_spatial_contract_never_supplies_production_permission
  PASS  test_external_worker_detach_is_diagnosed_before_replacement_or_retirement
UG06_WORK_256 mean_usec=23030 max_usec=23246 sparse_owner_image_bytes=2421168
UG06_STAGES_256 preflight_usec=13044 publication_usec=3193 commit_usec=1418
UG06_PACKED S=256 R=512 sites_bytes=65808 funding_bytes=2381824 total_bytes=2447632
UG06_GATE_BOUND_256 mean_usec=3248 max_usec=3346
UG06_GATE_SPACE_256 mean_usec=722 max_usec=740
UG06_GATE_OUTPUT_256 mean_usec=185 max_usec=207
UG06_GATE_WORKER_256 mean_usec=3080 max_usec=3144
UG06_GATE_PRODUCTIVE_256 mean_usec=7137 max_usec=7365
UG06_CANCEL_8192 mean_usec=8547 max_usec=8680
  PASS  test_256_resident_work_and_full_job_table_transition_microbenchmark
  PASS  test_child_excavation_is_forbidden_even_when_generic_job_and_fixture_contact_accept
  PASS  test_productive_ticks_do_not_prepare_geometry_and_failed_transitions_discard_candidates
  PASS  test_sites_huge_budget_refuses_without_variable_allocation_or_owner_binding
  PASS  test_sites_preflights_both_owner_bindings_without_partial_initialization
  PASS  test_refused_null_owner_public_methods_fail_safely
  PASS  test_owner_identity_readers_refuse_numeric_aliases_null_and_expired_space
  PASS  test_support_reader_follows_paid_brace_cut_finish_and_canceled_closure
  PASS  test_support_reader_clears_only_at_paid_backfill_or_unopened_closure
  PASS  test_support_reader_refuses_stale_site_room_world_and_expired_authority
  PASS  test_support_reader_rechecks_world_after_room_callback_and_recycled_world
  PASS  test_jobs_reader_returns_actual_store_without_numeric_alias_permission
  PASS  test_history_capacity_reader_preserves_state_and_refuses_dead_world_or_expired_owner
  PASS  test_history_capacity_reader_rejects_recycled_world_generation
  PASS  test_spatial_publication_attests_only_the_exact_committed_callback
UG06_BASELINE_WORK_256 mean_usec=5251 max_usec=5388
  PASS  test_256_resident_existing_work_baseline_microbenchmark_without_excavation
  PASS  test_sites_reject_foreign_inventory_catalog_and_claim_pool_with_matching_numeric_refs
  PASS  test_spatial_adapter_reads_exact_current_site_room_project_operation_and_job
  PASS  test_late_catalog_rebinding_stops_actual_paid_worker_without_state_changes
  PASS  test_late_work_gear_rebinding_stops_funded_phase_without_state_changes
  PASS  test_shared_funding_reader_requires_exact_live_world_composition
  PASS  test_expired_shared_earth_owner_cannot_be_interpreted_as_zero_stock
CI_SUITE_TIME {"assertions":23926,"failures":0,"suite":"test_excavation_physical.gd","tests":50,"usec":6629007}
test_field_policy.gd
  PASS  test_a_new_policy_carries_the_default_grain_beans_roots_rotation
  PASS  test_a_new_policy_starts_at_rotation_cursor_zero
  PASS  test_a_new_policy_has_auto_rotation_off
  PASS  test_a_new_policy_has_the_seed_reserve_on
  PASS  test_a_new_policy_is_idle_with_no_cycle_and_no_request
  PASS  test_a_mixed_duration_field_advances_its_cursor_exactly_once
  PASS  test_a_resolution_after_the_cycle_closed_cannot_advance_again
  PASS  test_the_same_plot_cannot_resolve_twice_inside_one_cycle
  PASS  test_a_plot_enrolled_after_others_resolved_holds_the_cycle_open
  PASS  test_a_cleared_withered_plot_counts_as_a_resolution
  PASS  test_the_advance_requests_the_next_configured_crop_and_no_other
  PASS  test_a_blocked_rotation_entry_is_not_skipped_and_no_crop_is_substituted
  PASS  test_a_blocked_entry_does_not_advance_onward_to_the_next_configured_crop
  PASS  test_the_cursor_wraps_from_the_third_entry_back_to_the_first
  PASS  test_three_completed_cycles_walk_the_whole_rotation_in_order
  PASS  test_a_future_legal_window_retains_the_request
  PASS  test_a_missed_window_warns_and_waits
  PASS  test_a_missed_window_is_not_replaced_by_a_crop_that_is_in_season
  PASS  test_a_player_edit_resolves_a_missed_window_without_starting_work
  PASS  test_a_rotation_edit_creates_no_request_where_none_stood
  PASS  test_a_cursor_edit_re_evaluates_an_outstanding_request
  PASS  test_opening_the_next_cycle_consumes_the_retained_request
  PASS  test_a_crop_naming_no_legal_day_reports_its_own_blocked_reason
  PASS  test_auto_rotation_off_never_requests_another_sowing_cycle
  PASS  test_ten_completed_cycles_with_auto_off_never_move_the_cursor
  PASS  test_enabling_auto_rotation_does_not_retroactively_advance_a_closed_cycle
  PASS  test_erasing_a_tile_is_not_counted_as_a_harvest
  PASS  test_erasing_every_tile_abandons_the_cycle_and_advances_nothing
  PASS  test_a_resolved_plot_cannot_then_be_withdrawn
  PASS  test_a_withdrawn_plot_cannot_then_be_recorded_as_harvested
  PASS  test_record_plot_resolved_refuses_the_withdrawn_outcome
  PASS  test_erasing_the_last_unresolved_plot_completes_what_genuinely_resolved
  PASS  test_a_cancelled_cycle_records_a_cancellation_not_a_completion
  PASS  test_a_cancellation_needs_an_open_cycle
  PASS  test_cancellation_and_completion_histories_are_kept_separately
  PASS  test_the_seed_reserve_gate_is_unanswerable_while_the_reserve_is_on
  PASS  test_the_seed_reserve_gate_is_not_required_once_the_policy_is_off
  PASS  test_a_seed_release_refuses_while_the_reserve_is_enabled
  PASS  test_a_seed_release_is_unconstrained_once_the_reserve_is_off
  PASS  test_the_seed_requirement_is_the_crops_own_per_tile_cost_times_the_tiles
  PASS  test_the_seed_requirement_follows_a_retained_request_rather_than_the_cursor
  PASS  test_the_seed_requirement_refuses_a_negative_tile_count_and_an_overflow
  PASS  test_the_seed_requirement_refuses_an_unconfigured_rotation_entry
  PASS  test_a_policy_binds_only_to_a_farm_type_zone
  PASS  test_a_policy_refuses_a_reference_that_names_no_live_zone
  PASS  test_a_second_policy_on_the_same_live_zone_refuses
  PASS  test_a_row_whose_zone_was_destroyed_is_reclaimed_by_the_next_zone
  PASS  test_an_enrolment_does_not_survive_its_policy_row_being_rebound
  PASS  test_destroy_policy_retires_the_row_and_its_open_cycle
  PASS  test_field_slot_of_resolves_a_live_policy_and_refuses_anything_else
  PASS  test_the_zone_reference_reader_answers_the_null_reference_for_an_empty_row
  PASS  test_a_second_open_while_a_cycle_runs_refuses
  PASS  test_each_open_cycle_takes_the_next_ordinal
  PASS  test_the_cycle_ordinal_refuses_at_int32s_maximum_rather_than_wrapping
  PASS  test_enrolment_validates_the_plot_and_the_open_cycle
  PASS  test_a_plot_cannot_be_enrolled_in_two_open_cycles
  PASS  test_a_plot_can_be_enrolled_again_in_the_next_cycle
  PASS  test_one_fields_plot_cannot_be_resolved_through_another_field
  PASS  test_a_negative_tick_refuses_on_every_entry_point_that_takes_one
  PASS  test_a_rotation_edit_refuses_a_value_that_names_no_crop
  PASS  test_a_rotation_edit_accepts_the_empty_catalog_id
  PASS  test_a_cursor_edit_refuses_a_position_outside_the_three_entry_list
  PASS  test_every_edit_entry_point_refuses_a_zone_with_no_policy
  PASS  test_the_auto_rotation_and_seed_reserve_flags_round_trip
  PASS  test_every_reader_refuses_a_row_that_holds_no_policy
  PASS  test_a_rotation_entry_reader_refuses_an_index_outside_the_list
  PASS  test_the_plot_field_reader_refuses_rather_than_answering_the_null_row
  PASS  test_the_blocked_reason_table_covers_every_request_state
  PASS  test_the_into_readers_agree_with_their_allocating_forms
  PASS  test_more_into_readers_agree_with_their_allocating_forms
  PASS  test_history_and_gate_into_readers_agree_with_their_allocating_forms
  PASS  test_the_store_allocates_its_columns_once_and_clear_refills_them
  PASS  test_the_store_exposes_the_two_collaborators_it_validates_against
  PASS  test_slot_predicates_bound_both_tables
  PASS  test_two_fields_advance_independently
  PASS  test_the_global_counters_track_every_field
  PASS  test_a_window_starting_tomorrow_is_future_and_not_missed
  PASS  test_the_one_day_window_is_ready_on_its_own_day_and_missed_after_it
  PASS  test_a_crop_reaching_ripe_does_not_resolve_its_own_cycle
  PASS  test_a_crop_withering_and_being_cleared_does_not_resolve_its_own_cycle
  PASS  test_the_explicit_resolution_path_is_the_only_one_that_advances
  PASS  test_record_plot_resolved_still_refuses_every_outcome_that_is_not_a_job_completion
CI_SUITE_TIME {"assertions":1002,"failures":0,"suite":"test_field_policy.gd","tests":82,"usec":3472939}
test_gear.gd
  PASS  test_allocator_and_claim_bytes_match_the_ruling
  PASS  test_eligibility_predicate_is_not_the_gear_category
  PASS  test_candle_cannot_be_given_a_gear_instance
  PASS  test_wear_models_are_assigned_per_item
  PASS  test_cycle_wear_matches_the_gear_table
  PASS  test_durability_caps_follow_manufacture_and_model
  PASS  test_iron_manufacture_belongs_to_tool_alone
  PASS  test_new_gear_starts_at_its_cap_and_unclaimed
  PASS  test_gear_lot_must_be_indivisible
  PASS  test_one_lot_carries_at_most_one_instance
  PASS  test_create_refuses_inside_an_open_inventory_transaction
  PASS  test_allocates_through_slot_16383
  PASS  test_full_pool_creation_refuses_atomically
  PASS  test_lowest_freed_row_is_reused_deterministically
  PASS  test_no_row_is_published_before_it_is_initialised
  PASS  test_stale_lot_handle_fails
  PASS  test_stale_job_handle_fails
  PASS  test_stale_owner_handle_fails
  PASS  test_installed_owner_kinds_are_refused_not_guessed
  PASS  test_two_jobs_cannot_claim_one_gear_object
  PASS  test_exact_wear_starts_and_one_below_refuses
  PASS  test_repeated_completion_cannot_double_debit
  PASS  test_repeated_cancellation_cannot_double_release
  PASS  test_repair_and_ownership_change_refused_while_claimed
  PASS  test_outfit_tier2_keeps_identity_but_never_wears
  PASS  test_a_broken_general_tool_cannot_start_work
  PASS  test_general_wear_is_one_point_per_ten_work_units
  PASS  test_general_wear_preserves_its_remainder_across_tasks
  PASS  test_repeated_general_wear_cannot_double_debit
  PASS  test_general_wear_floors_at_zero_and_reports_breaking
  PASS  test_the_two_wear_models_never_cross
  PASS  test_general_wear_rejects_an_out_of_range_remainder
  PASS  test_repair_clamps_to_the_basic_general_cap
  PASS  test_repair_clamps_to_the_iron_general_cap
  PASS  test_repair_clamps_to_the_fishing_cap
  PASS  test_repair_is_not_a_durability_reset
  PASS  test_the_two_repair_recipes_stay_distinct
  PASS  test_destroy_refuses_while_the_lot_is_still_live
  PASS  test_destroy_refuses_while_claimed
  PASS  test_restore_rebuilds_the_free_heap_ascending
  PASS  test_restore_refuses_an_impossible_row
  PASS  test_a_row_is_never_published_without_its_identity
  PASS  test_state_image_is_row_history_independent
  PASS  test_a_created_gear_row_is_not_equipped_and_keeps_its_container
  PASS  test_equip_preserves_identity_age_provenance_quantity_and_durability
  PASS  test_an_equipped_lot_has_a_null_container_and_charges_no_mass
  PASS  test_unequip_returns_the_same_lot_without_resetting_durability
  PASS  test_equip_and_unequip_move_the_equipment_mirror_together
  PASS  test_wear_and_repair_write_through_to_the_equipment_mirror
  PASS  test_the_mirror_audit_catches_a_hand_written_mirror
  PASS  test_the_mirror_audit_catches_a_mirror_with_no_equipped_instance
  PASS  test_a_refused_equip_leaves_every_store_byte_identical
  PASS  test_an_equip_that_fails_after_the_mirror_write_rolls_all_three_back
  PASS  test_an_unequip_that_fails_to_shelve_restores_the_equipped_relation
  PASS  test_equip_and_unequip_refuse_while_a_job_holds_the_claim
  PASS  test_set_owner_clear_owner_and_destroy_refuse_while_equipped
  PASS  test_a_dead_owner_stops_attesting_and_the_inventory_audit_reports_the_orphan
  PASS  test_only_the_general_tool_may_be_equipped
  PASS  test_equipping_refuses_an_owner_who_is_not_a_live_resident
  PASS  test_equip_refuses_without_its_bindings
  PASS  test_unequip_lands_in_a_reserved_destination
  PASS  test_rebinding_the_equip_collaborators_refuses_while_gear_is_equipped
  PASS  test_the_starter_allotment_constants_are_the_gdd_numbers
  PASS  test_seeding_creates_24_tools_with_12_equipped_and_12_stored
  PASS  test_every_seeded_tool_starts_at_durability_1000
  PASS  test_starter_seeding_mints_no_outfit_tier2_item
  PASS  test_seeding_refuses_a_cohort_that_is_not_twelve_residents
  PASS  test_seeding_refuses_a_repeated_owner
  PASS  test_a_seeding_that_runs_out_of_container_space_undoes_itself_whole
  PASS  test_seeding_refuses_whole_when_the_gear_pool_cannot_hold_24
  PASS  test_owned_but_unequipped_gear_attests_nothing
  PASS  test_equipping_a_worn_tool_carries_its_wear_with_it
  PASS  test_accrued_wear_keeps_the_claim_and_applied_wear_releases_it
  PASS  test_accrual_carries_the_remainder_exactly_as_the_applied_form_does
  PASS  test_preflight_general_wear_reports_durability_and_writes_nothing
  PASS  test_preflight_general_wear_refuses_a_wrong_job_and_a_wrong_wear_model
  PASS  test_accrual_refuses_a_fishing_model_and_an_out_of_range_remainder
  PASS  test_accrual_can_break_a_tool_without_giving_the_claim_back
  PASS  test_combined_equipped_work_claim_checks_every_full_identity_without_mutation
  PASS  test_equipment_binding_matches_actual_owners_not_equal_numeric_references
  PASS  test_lot_index_survives_independent_gear_and_lot_reuse_then_clear
  PASS  test_wrong_index_target_cannot_grant_another_lots_gear
CI_SUITE_TIME {"assertions":1169,"failures":0,"suite":"test_gear.gd","tests":82,"usec":2069084}
test_ground_piles_move.gd
  PASS  test_a_whole_lot_moves_onto_a_new_pile_keeping_its_identity
  PASS  test_a_lot_too_big_for_the_seed_pile_spills_exactly_to_the_next_tile
  PASS  test_the_mover_refuses_claimed_empty_and_pile_sources
  PASS  test_reserved_mass_on_the_source_refuses_the_move
  PASS  test_the_preflight_sees_claimed_goods_as_released_and_changes_nothing
  PASS  test_a_walk_with_no_room_refuses_and_rolls_back
  PASS  test_drop_seeds_are_the_tile_or_the_footprints_refund_origin
  PASS  test_the_preflight_splits_a_claimed_lot_as_the_move_would
  PASS  test_a_full_component_refuses_no_capacity_and_rolls_back
CI_SUITE_TIME {"assertions":54,"failures":0,"suite":"test_ground_piles_move.gd","tests":9,"usec":524172}
test_lookdev_import_validator.gd
  PASS  test_a_well_formed_name_of_every_kind_passes
  PASS  test_a_name_that_is_not_lowercase_ascii_is_refused
  PASS  test_a_name_with_no_kind_prefix_is_refused
  PASS  test_a_missing_or_out_of_range_tier_suffix_is_refused
  PASS  test_terrain_carries_no_tier_suffix
  PASS  test_a_name_that_invents_a_catalog_key_is_refused
  PASS  test_a_crop_name_must_name_a_real_crop_state
  PASS  test_a_name_with_no_variant_token_is_refused
  PASS  test_the_complete_named_part_set_passes
  PASS  test_a_missing_cutaway_part_is_refused_by_name
  PASS  test_a_duplicated_part_is_refused
  PASS  test_a_single_joined_mesh_is_refused_for_a_managed_building
  PASS  test_an_unnamed_extra_part_is_a_note_and_not_a_failure
  PASS  test_a_wall_part_on_the_wrong_side_of_the_cut_is_refused
  PASS  test_inverted_part_bounds_are_refused_before_the_cut_is_judged
  PASS  test_collect_part_names_reports_direct_child_meshes_in_order
  PASS  test_a_building_over_its_envelope_is_refused_with_both_numbers
  PASS  test_a_building_not_based_at_local_zero_is_refused
  PASS  test_an_unknown_building_envelope_refuses_rather_than_passing
  PASS  test_a_static_asset_over_any_of_its_three_ceilings_is_refused
  PASS  test_a_far_building_may_keep_four_surfaces_but_not_five
  PASS  test_a_budget_check_on_an_unknown_family_refuses_rather_than_passing
  PASS  test_a_building_over_four_distinct_materials_is_refused
  PASS  test_a_report_summary_names_the_outcome_and_the_counts
CI_SUITE_TIME {"assertions":66,"failures":0,"suite":"test_lookdev_import_validator.gd","tests":24,"usec":26500}
test_needs.gd
  PASS  test_columns_are_sized_to_the_directory_resident_store
  PASS  test_spawn_writes_the_gdd_start_state
  PASS  test_spawn_refuses_out_of_range_duplicate_and_bad_size
  PASS  test_living_cap_refuses_at_256_rather_than_dropping_silently
  PASS  test_readers_refuse_absent_rows_instead_of_answering_zero
  PASS  test_work_facing_into_readers_match_wrappers_at_their_boundaries
  PASS  test_work_facing_into_reuse_clears_stale_values_and_errors
  PASS  test_work_facing_allocating_wrappers_stay_fresh
  PASS  test_despawn_clears_the_row_and_the_living_count
  PASS  test_every_baseline_decay_rate_matches_the_gdd_table
  PASS  test_published_thresholds_match_the_gdd_table
  PASS  test_sleep_restores_rest_in_bed_and_on_the_floor_with_no_awake_decay
  PASS  test_comfort_restoration_is_net_of_the_hourly_decay
  PASS  test_social_and_purpose_restoration_match_the_control_kernel_net_rates
  PASS  test_meal_events_add_nutrition_and_the_shared_meal_social_bonus
  PASS  test_eating_at_the_cap_discards_the_surplus_without_refunding_it
  PASS  test_size_multipliers_scale_hunger_decay_exactly
  PASS  test_winter_multiplies_hunger_demand_by_1_20_over_the_size_multiplier
  PASS  test_winter_rate_matches_the_verified_winter_control_kernel
  PASS  test_slow_rates_integrate_losslessly_over_tens_of_thousands_of_ticks
  PASS  test_a_full_game_hour_of_any_rate_releases_exactly_that_rate
  PASS  test_the_remainder_survives_a_rate_change_mid_stream
  PASS  test_at_the_upper_bound_only_the_outward_remainder_is_discarded
  PASS  test_at_the_lower_bound_only_the_outward_remainder_is_discarded
  PASS  test_a_whole_point_event_also_discards_the_outward_remainder_at_a_bound
  PASS  test_clamping_never_lets_a_need_leave_its_range
  PASS  test_the_same_tick_count_gives_the_same_result_however_it_is_batched
  PASS  test_tick_accepts_no_elapsed_time_speed_or_delta
  PASS  test_interleaving_residents_does_not_couple_them
  PASS  test_starvation_removes_four_health_per_hour_and_counts_starving_hours
  PASS  test_starvation_kills_at_exactly_twenty_five_hours_and_records_the_death
  PASS  test_tick_all_skips_the_dead_without_refusing_the_sweep
  PASS  test_health_recovers_at_two_per_hour_and_four_in_an_infirmary
  PASS  test_health_recovery_is_gated_on_needs_and_untreated_serious_injury
  PASS  test_health_holds_at_one_hundred_and_discards_its_outward_remainder
  PASS  test_health_events_refuse_a_dead_or_absent_resident
  PASS  test_tier_one_clothing_accumulates_one_exposure_hour_per_hour
  PASS  test_tier_two_clothing_removes_the_baseline_exposure_but_not_a_hard_freeze
  PASS  test_shelter_clears_exposure_at_two_thousand_per_hour_down_to_zero
  PASS  test_exposure_damages_health_only_after_four_hours_and_stops_on_shelter
  PASS  test_proper_clothing_also_stops_exposure_damage
  PASS  test_cold_and_starvation_drains_sum_rather_than_override
  PASS  test_clothing_tier_and_environment_inputs_refuse_unknown_values
  PASS  test_status_follows_the_declared_precedence
  PASS  test_a_treated_resident_becomes_conscious_again_at_sixteen
  PASS  test_the_gdd_7_1_mood_fixture_reproduces_exactly
  PASS  test_a_further_decline_crosses_the_four_thousand_threshold
  PASS  test_mood_is_clamped_and_weighted_exactly_as_written
  PASS  test_mood_and_health_factor_bands_match_the_gdd
  PASS  test_work_factor_multiplies_skill_mood_and_health_before_dividing
  PASS  test_the_fused_work_factor_reader_agrees_with_the_unfused_chain_in_every_band
  PASS  test_the_fused_work_factor_reader_agrees_with_the_chain_on_memory_totals
  PASS  test_the_fused_work_factor_reader_refuses_exactly_as_the_unfused_chain_does
  PASS  test_the_fused_work_factor_reader_computes_the_gdd_factors_from_the_stored_row
  PASS  test_the_fused_work_factor_reader_reads_the_row_as_it_stands_on_every_call
  PASS  test_a_fused_refusal_overwrites_a_previous_success_in_the_same_result
  PASS  test_the_memory_catalog_matches_the_gdd_values_and_durations
  PASS  test_untreated_injury_has_no_hour_duration_and_says_so
  PASS  test_memory_keys_are_in_ascending_ascii_order
  PASS  test_departure_days_is_reserved_and_never_written
  PASS  test_the_remainder_invariant_holds_across_a_long_varied_run
  PASS  test_every_published_rate_is_inside_the_bound_the_integrator_relies_on
  PASS  test_the_integrator_refuses_a_broken_precondition_instead_of_integrating_it
  PASS  test_every_published_rate_row_matches_its_inherited_fixture
  PASS  test_every_hunger_fixture_row_matches_its_positive_decay_magnitude
  PASS  test_every_published_rate_predicts_750_real_ticks_from_a_nonzero_remainder
  PASS  test_every_hunger_fixture_predicts_750_real_ticks_as_a_negative_rate
  PASS  test_a_zero_comfort_rate_retains_its_remainder_across_a_whole_hour
  PASS  test_a_direction_change_carries_the_signed_remainder_into_the_new_rate
  PASS  test_every_context_change_is_visible_on_the_next_read_with_no_cached_lag
  PASS  test_a_rate_reader_refuses_an_invalid_free_or_dead_row_with_a_cleared_value
  PASS  test_a_reused_slot_publishes_the_new_residents_rates_not_the_previous_ones
  PASS  test_repeated_rate_reads_leave_every_observable_state_value_unchanged
  PASS  test_rate_reads_do_not_perturb_the_simulation_a_twin_store_runs_without_them
  PASS  test_a_capped_need_still_publishes_its_outward_rate_and_moves_on_an_inward_one
  PASS  test_a_full_need_still_publishes_its_outward_rate_and_moves_on_an_inward_one
  PASS  test_published_rates_are_per_simulated_hour_and_ignore_tick_cadence
  PASS  test_each_reader_publishes_only_its_own_need_column
  PASS  test_a_successful_zero_is_distinguishable_from_a_refusal_carrying_zero
  PASS  test_the_untreated_injury_drain_is_the_authored_one_and_four_per_hour
  PASS  test_the_untreated_drain_is_released_per_hour_and_not_per_tick
  PASS  test_airless_and_untreated_severity_two_total_one_hundred_and_twenty_nine
  PASS  test_the_same_rate_from_health_fifteen_reaches_zero_in_eighty_eight_intervals
  PASS  test_the_health_remainder_carries_across_a_change_of_rate
  PASS  test_the_airless_input_defaults_to_false_and_round_trips
  PASS  test_an_airless_resident_who_is_fed_and_rested_still_loses_health
  PASS  test_a_dead_resident_refuses_every_later_health_event
CI_SUITE_TIME {"assertions":19197,"failures":0,"suite":"test_needs.gd","tests":87,"usec":2357090}
test_priorities.gd
  PASS  test_spawn_writes_the_gdd_5_1_initial_priority_for_every_job_kind
  PASS  test_initial_haul_priority_is_high_not_normal
  PASS  test_initial_reserved_index_priority_is_zero
  PASS  test_spawn_writes_the_gdd_5_1_initial_flags
  PASS  test_the_priority_scale_matches_req_set_026
  PASS  test_set_priority_accepts_every_value_zero_through_four
  PASS  test_set_priority_refuses_five_and_negative_without_writing
  PASS  test_set_priority_refuses_the_reserved_job_kind
  PASS  test_set_priority_refuses_an_out_of_range_job_kind
  PASS  test_the_stride_is_slot_times_twelve_plus_kind
  PASS  test_writing_one_row_leaves_the_next_rows_initial_values_intact
  PASS  test_fallback_allows_only_haul_keep_and_forage_by_default
  PASS  test_fallback_is_refused_when_the_configured_priority_is_zero
  PASS  test_disabling_auto_fallback_removes_every_candidate
  PASS  test_fallback_kind_set_and_priority_match_req_set_028
  PASS  test_dangerous_work_round_trips_and_defaults_false
  PASS  test_readers_refuse_an_unspawned_row_instead_of_answering_zero
  PASS  test_spawn_refuses_an_occupied_row_and_an_out_of_range_slot
  PASS  test_despawn_clears_the_row_and_further_reads_refuse
  PASS  test_despawn_leaves_no_residue_in_the_inactive_row
  PASS  test_clear_empties_every_row
  PASS  test_job_kind_constants_come_from_the_protected_catalog_table
CI_SUITE_TIME {"assertions":276,"failures":0,"suite":"test_priorities.gd","tests":22,"usec":13159}
test_reservations_columns.gd
  PASS  test_exact_rows_rebuild_semantic_chains_without_compaction
  PASS  test_all_column_shapes_and_extent_metadata_refuse_atomically
  PASS  test_inactive_residue_and_occupancy_refuse_without_repair
  PASS  test_live_reference_quantity_and_expiry_domains
  PASS  test_source_derived_corruption_is_refused_without_traversal_or_repair
  PASS  test_cross_row_conflicts_and_lot_overflow_refuse_but_job_wide_set_survives
  PASS  test_valid_nonascending_heap_and_stale_tail_are_accepted
  PASS  test_restore_replaces_bad_old_payload_and_preserves_scratch
  PASS  test_exports_and_restores_separate_caller_buffer_aliases
  PASS  test_real_coalesce_renew_expire_and_release_continue_after_restore
  PASS  test_adapter_null_shape_barrier_and_busy_precedence
  PASS  test_every_adapter_block_shape_refuses_without_indexing
  PASS  test_adapter_reduced_context_and_cross_row_asymmetry
  PASS  test_generated_owner_admission_implies_codec_admission
  PASS  test_full_capacity_reverse_keys_and_literal_wire_hashes
  PASS  test_corrupt_live_payload_refuses_before_export
  PASS  test_adapter_overwrites_target_payload_and_preserves_old_buffers
  PASS  test_live_shapes_and_forged_owner_extents_refuse_before_allocation
  PASS  test_in_range_counts_must_match_occupancy_and_restore_recomputes_them
  PASS  test_aliased_restore_inputs_are_installed_independently
  PASS  test_capture_apply_recapture_payload_bytes_are_identical
  PASS  test_foreign_idle_inventory_is_not_world_attestation
CI_SUITE_TIME {"assertions":1384,"failures":0,"suite":"test_reservations_columns.gd","tests":22,"usec":2543973}
test_room_space.gd
  PASS  test_exact_paid_cube_yields_only_a_copied_candidate
  PASS  test_unbound_authority_and_missing_profile_never_authorize
  PASS  test_adapter_cannot_mutate_checked_geometry_or_callers
  PASS  test_domain_is_immutable_and_signed_datum_is_exact
  PASS  test_domain_capacity_and_int32_far_corner_refuse
  PASS  test_fine_plan_cannot_charge_a_larger_rounded_cube
  PASS  test_plan_cannot_gain_unpriced_void_past_its_cubes
  PASS  test_offset_and_duplicate_cube_keys_are_rejected
  PASS  test_completed_void_can_be_reused_but_never_dug_for_new_output
  PASS  test_survey_coverage_is_union_not_bounding_box_or_sample_points
  PASS  test_hidden_interior_hole_is_not_paid_solid_coverage
  PASS  test_contradictory_solid_and_void_survey_fails_closed
  PASS  test_stacked_horizontal_overlap_is_allowed_when_heights_clear
  PASS  test_intermediate_level_obstruction_reports_actual_owner_and_level
  PASS  test_water_resources_occupants_pending_work_and_protected_landings_block
  PASS  test_opening_requires_exact_target_and_does_not_excuse_overlapping_furniture
  PASS  test_opening_cannot_claim_extra_wall_outside_actual_project
  PASS  test_support_must_cover_required_actual_extent
  PASS  test_stale_snapshot_room_generation_and_obstruction_revision_refuse
  PASS  test_unknown_or_unfinished_worker_approach_is_not_a_construction_route
  PASS  test_work_point_belongs_to_actual_cut_face_and_authored_reach
  PASS  test_later_obstacle_at_worker_approach_blocks_the_whole_plan
  PASS  test_future_opening_does_not_make_current_worker_approach_empty
  PASS  test_malformed_columns_and_missing_contact_are_refused_before_indexing
  PASS  test_operation_and_region_budgets_leave_request_unchanged
  PASS  test_face_tangency_is_not_intersection_and_integer_extremes_are_ordered
  PASS  test_public_box_helpers_refuse_malformed_and_narrowing_inputs
CI_SUITE_TIME {"assertions":249,"failures":0,"suite":"test_room_space.gd","tests":27,"usec":33710}
test_save_component_columns_schema.gd
  PASS  test_literal_protocol_totals_and_section_local_versions
  PASS  test_every_field_matches_registry_and_explicit_source_count_layout
  PASS  test_all_offsets_tile_the_exact_independent_framing
  PASS  test_independent_children_remain_distinct_and_exact
  PASS  test_fixed_strides_are_not_independent_child_extents
  PASS  test_invalid_lookup_indices_have_separate_validity
CI_SUITE_TIME {"assertions":2685,"failures":0,"suite":"test_save_component_columns_schema.gd","tests":6,"usec":46798}
test_save_owner_resource_nodes.gd
  PASS  test_layout_defaults_and_full_integer_endpoints
  PASS  test_retained_inactive_history_and_local_duplicate_scope
  PASS  test_every_physical_position_has_a_value_witness
  PASS  test_scalar_extrema_and_all_seventeen_clause_witnesses
  PASS  test_tile_and_global_directory_reference_boundaries
  PASS  test_global_gate_priority_at_opposite_rows
  PASS  test_every_shape_precedes_values_and_typed_bucket_shapes
  PASS  test_public_wide_harvest_overflow_regrow_and_destroy_history
CI_SUITE_TIME {"assertions":85132,"failures":0,"suite":"test_save_owner_resource_nodes.gd","tests":8,"usec":16952993}
test_save_owner_transforms.gd
  PASS  test_exact_canonical_layout_and_empty_frame
  PASS  test_nine_independent_argument_omission_witnesses
  PASS  test_full_signed_pose_domain_and_independent_previous_history
  PASS  test_all_pose_fields_at_physical_and_kind_boundaries
  PASS  test_binding_sign_uniqueness_and_repeated_zero_rules
  PASS  test_unsorted_unique_stamps_preserve_order_and_all87552rows_accept
  PASS  test_global_refusal_order_with_paired_distinct_faults
  PASS  test_public_history_retained_stamps_and_diagnostic_order
  PASS  test_every_shape_before_values_and_bucket_guards
CI_SUITE_TIME {"assertions":3116,"failures":0,"suite":"test_save_owner_transforms.gd","tests":9,"usec":2767350}
test_save_section_inventories.gd
  PASS  test_store_count_and_owner_order_are_ascii
  PASS  test_owner_schema_versions_match_the_registry
  PASS  test_section_opens_with_a_store_count_of_six
  PASS  test_default_capacity_section_has_the_declared_byte_vector
  PASS  test_small_record_block_arithmetic_is_exact
  PASS  test_empty_record_round_trips_byte_identically
  PASS  test_populated_record_round_trips_byte_identically
  PASS  test_offset_decoding_reads_the_same_section
  PASS  test_free_stack_order_survives_a_round_trip
  PASS  test_free_stack_garbage_tail_is_not_persisted
  PASS  test_declared_slot_list_tail_is_not_persisted
  PASS  test_free_stack_naming_a_live_slot_is_refused
  PASS  test_slot_that_is_neither_live_nor_free_must_be_retired
  PASS  test_free_count_above_capacity_is_refused
  PASS  test_gear_declares_no_generation_of_its_own
  PASS  test_reservations_declares_no_generation_of_its_own
  PASS  test_generation_high_bit_is_read_signed
  PASS  test_every_published_provenance_member_is_accepted
  PASS  test_provenance_six_is_refused_not_clamped
  PASS  test_out_of_domain_provenance_refuses_a_full_length_section_without_writing
  PASS  test_child_extent_is_not_the_first_column_length
  PASS  test_only_inventory_declares_a_child_extent
  PASS  test_child_extent_above_the_compiled_lot_capacity_is_refused
  PASS  test_primary_count_bounds_are_enforced_per_owner
  PASS  test_blocks_out_of_ascii_order_are_refused
  PASS  test_wrong_owner_schema_version_is_refused
  PASS  test_declared_payload_length_must_match_what_the_block_consumes
  PASS  test_wrong_element_count_is_refused
  PASS  test_wrong_store_count_is_refused
  PASS  test_extent_refusal_is_the_primary_gate
  PASS  test_truncated_section_leaves_the_target_untouched
  PASS  test_chunk_cursor_is_bounded_and_reproduces_the_section
  PASS  test_large_column_is_split_into_bounded_chunks
  PASS  test_occupancy_byte_above_one_is_refused
  PASS  test_released_row_residue_is_refused
  PASS  test_reserved_above_quantity_is_refused
  PASS  test_negative_age_is_refused
  PASS  test_container_over_capacity_is_refused
  PASS  test_storage_class_outside_the_domain_is_refused
  PASS  test_declared_list_must_match_the_storage_classes
  PASS  test_undeclared_container_carries_no_declaration_generation
  PASS  test_source_holds_no_float
  PASS  test_the_reserved_merge_residue_is_real_in_the_live_store
  PASS  test_normalized_reserved_merge_residue_at_literal_wire_offsets
  PASS  test_capture_does_not_touch_one_byte_of_the_live_store
  PASS  test_one_free_lot_slot_transfer_survives_capture_and_restore
  PASS  test_save_load_save_is_byte_identical_through_a_live_store
  PASS  test_two_histories_with_different_residue_produce_identical_bytes
  PASS  test_meaningful_differences_still_change_the_canonical_stream
  PASS  test_free_max_live_max_and_retired_max_stay_three_distinct_states
  PASS  test_final_reuse_of_a_generation_max_slot_is_captured
  PASS  test_capture_refuses_a_boundary_that_is_not_quiescent
  PASS  test_capture_refuses_a_store_whose_extents_are_not_the_records
  PASS  test_generation_zero_on_an_inactive_row_is_refused_under_schema_three
  PASS  test_every_noncanonical_inactive_value_is_refused_one_at_a_time
  PASS  test_a_noncanonical_inactive_provenance_is_refused_and_never_mapped_to_ordinary
  PASS  test_publication_refuses_without_writing_a_byte_of_the_target_store
  PASS  test_restoration_rebuilds_the_derived_counts_and_scan_bounds
  PASS  test_the_adapter_supplies_every_declared_field_and_refuses_any_other
  PASS  test_the_free_stack_fields_hash_only_their_used_prefix
  PASS  test_residue_only_differences_produce_the_same_digest
  PASS  test_a_live_difference_still_changes_the_digest
  PASS  test_fishing_old_owner_and_section_versions_refuse_without_publication
  PASS  test_eighth_fishing_column_has_independent_blank_and_slot_gates
  PASS  test_the_anchor_column_is_appended_as_ordinal_thirty
  PASS  test_anchors_round_trip_through_capture_encode_decode_and_publish
  PASS  test_a_section_schema_four_descriptor_is_refused_without_publication
  PASS  test_the_codec_refuses_a_live_anchor_outside_the_grid
  PASS  test_a_refused_anchor_is_never_published_into_the_target_store
  PASS  test_the_digest_hashes_live_anchors_and_ignores_dead_anchor_residue
CI_SUITE_TIME {"assertions":1366,"failures":0,"suite":"test_save_section_inventories.gd","tests":70,"usec":43415091}
test_save_section_navigation.gd
  PASS  test_section_identity_matches_the_ruling
  PASS  test_owner_schema_version_is_the_route_semantics_gate
  PASS  test_field_tables_are_the_declared_registry_order
  PASS  test_declared_ordinal_is_not_gdscript_declaration_order
  PASS  test_every_group_slot_is_used_exactly_once
  PASS  test_canonical_type_codes
  PASS  test_byte_order_is_little_endian_on_this_build
  PASS  test_block_and_section_byte_arithmetic
  PASS  test_section_bytes_track_the_two_used_prefixes
  PASS  test_wire_offsets_walk_the_declared_layout
  PASS  test_pinned_framing_vector
  PASS  test_blocks_tile_the_section_with_no_gaps
  PASS  test_each_declared_ordinal_lands_on_its_own_column
  PASS  test_empty_navigator_round_trip
  PASS  test_populated_round_trip_is_byte_identical
  PASS  test_round_trip_preserves_the_route_generation_namespace
  PASS  test_decode_at_a_nonzero_offset
  PASS  test_arena_tail_garbage_is_dropped_at_capture
  PASS  test_heap_tail_garbage_is_dropped_at_capture
  PASS  test_a_record_carrying_tail_residue_is_refused
  PASS  test_decode_restores_a_zero_tail
  PASS  test_prefix_count_beyond_capacity_is_refused
  PASS  test_wrong_store_count_is_refused
  PASS  test_blocks_out_of_ascii_order_are_refused
  PASS  test_wrong_owner_schema_versions_are_refused
  PASS  test_primary_counts_are_designated_tables_not_a_census
  PASS  test_wire_primary_counts_are_pinned_at_absolute_offsets
  PASS  test_section_descriptor_row_count_is_8192_and_not_the_sum
  PASS  test_a_descriptor_claiming_8704_is_refused_at_the_header_boundary
  PASS  test_wrong_primary_counts_are_refused
  PASS  test_payload_length_disagreeing_with_the_body_is_refused
  PASS  test_payload_length_outside_the_compiled_bounds_is_refused_before_reading
  PASS  test_wrong_element_count_is_refused
  PASS  test_extent_and_truncation_gates
  PASS  test_section_length_refusal_compares_against_this_state
  PASS  test_full_length_invalid_section_leaves_the_record_untouched
  PASS  test_full_length_invalid_arena_window_leaves_the_record_untouched
  PASS  test_the_int32_sign_trap_on_a_route_generation
  PASS  test_start_cell_must_equal_exact_start
  PASS  test_a_route_hold_is_checked_against_the_descriptor_generation
  PASS  test_a_route_hold_outside_ready_is_refused
  PASS  test_descriptor_refcounts_must_match_their_holders
  PASS  test_retired_descriptor_rules
  PASS  test_overlapping_route_blocks_are_refused
  PASS  test_the_free_list_threads_exactly_the_free_rows
  PASS  test_the_pending_queue_holds_exactly_the_queued_rows
  PASS  test_queue_order_is_state
  PASS  test_one_request_holds_the_builder
  PASS  test_heap_positions_must_agree_with_the_heap
  PASS  test_a_stamp_above_the_search_serial_is_refused
  PASS  test_a_state_byte_outside_the_enum_is_refused
  PASS  test_a_detached_cursor_carries_the_whole_null_tuple
  PASS  test_an_attached_cursor_names_a_real_request_and_admission
  PASS  test_a_stale_cursor_is_legal_state
  PASS  test_movement_columns_are_installed_in_declared_ordinal_order
  PASS  test_a_serviced_navigator_captures_encodes_and_decodes
  PASS  test_a_captured_navigator_agrees_with_the_live_store
  PASS  test_a_captured_partial_search_keeps_its_heap_and_progress
  PASS  test_a_disagreeing_store_is_reported
  PASS  test_the_source_holds_no_float
  PASS  test_record_copy_and_equality_cover_every_block
CI_SUITE_TIME {"assertions":644,"failures":0,"suite":"test_save_section_navigation.gd","tests":61,"usec":5963275}
test_sim_clock.gd
  PASS  test_tick_zero_is_six_in_the_morning_of_spring_day_one
  PASS  test_first_midnight_is_tick_13500
  PASS  test_hours_and_minutes_advance_at_750_ticks_per_hour
  PASS  test_day_boundaries_use_the_offset_calendar_not_raw_modulo
  PASS  test_day_index_increments_only_at_offset_midnights
  PASS  test_season_rolls_over_after_twelve_days
  PASS  test_year_rolls_over_after_forty_eight_days
  PASS  test_three_times_speed_is_rejected
  PASS  test_speed_zero_is_not_requestable_because_pause_is_authoritative
  PASS  test_normal_speed_runs_thirty_ticks_per_real_second
  PASS  test_double_and_quadruple_run_exactly_two_and_four_times_the_ticks
  PASS  test_speed_change_does_not_clear_a_pause_reason
  PASS  test_pause_reasons_compose_as_a_mask_needing_separate_releases
  PASS  test_pause_reason_names_report_every_held_reason
  PASS  test_unknown_or_composite_pause_reasons_are_refused
  PASS  test_paused_host_time_accumulates_no_debt
  PASS  test_debt_is_retained_across_advances_rather_than_discarded
  PASS  test_frame_tick_ceiling_owes_the_remainder_instead_of_dropping_it
  PASS  test_player_pause_discards_only_subtick_debt_and_counts_it
  PASS  test_player_pause_never_discards_whole_owed_ticks
  PASS  test_overload_steps_four_to_two_to_one_then_pauses_with_a_diagnostic
  PASS  test_overload_retains_every_owed_tick_rather_than_skipping
  PASS  test_acknowledge_without_catchup_is_counted_and_never_rewinds_the_tick
  PASS  test_step_callback_runs_once_per_completed_tick
  PASS  test_day_boundary_fires_at_offset_midnight_only
  PASS  test_pause_raised_inside_a_step_stops_before_the_next_tick
  PASS  test_negative_elapsed_time_is_refused_without_changing_state
  PASS  test_overflowing_elapsed_time_is_refused_rather_than_wrapping
  PASS  test_a_successful_advance_clears_the_previous_error
  PASS  test_calendar_into_reproduces_calendar_field_for_field
  PASS  test_calendar_into_overwrites_every_field_of_a_reused_instance
  PASS  test_day_boundary_callback_receives_a_distinct_calendar_per_crossing
  PASS  test_advance_retains_no_objects_across_many_frames
  PASS  test_restore_installs_all_ten_fields_verbatim
  PASS  test_restore_accepts_every_named_debt_speed_and_mask_exactly
  PASS  test_restoring_a_player_pause_keeps_subtick_debt_and_counts_no_discard
  PASS  test_restored_debt_of_2500001_owes_two_ticks_and_keeps_its_remainder
  PASS  test_restore_runs_no_tick_and_replays_nothing_to_reach_the_saved_tick
  PASS  test_restore_at_midnight_replays_no_notification
  PASS  test_the_next_real_crossing_after_a_restore_is_delivered_exactly_once
  PASS  test_restore_refuses_a_negative_or_unrepresentable_tick
  PASS  test_restore_refuses_every_speed_outside_one_two_four
  PASS  test_restore_refuses_a_pause_mask_carrying_an_unknown_bit
  PASS  test_restore_preserves_the_saved_load_bit_beside_every_other_hold
  PASS  test_restore_refuses_a_negative_debt_and_names_each_negative_counter
  PASS  test_a_refused_restore_leaves_the_clock_byte_identical
  PASS  test_a_refused_restore_does_not_even_write_its_own_reason
  PASS  test_the_pure_validator_mutates_no_clock
  PASS  test_a_successful_restore_clears_only_the_transient_strings
  PASS  test_restore_accepts_the_whole_representable_counter_domain
  PASS  test_a_restored_clock_continues_identically_to_an_uninterrupted_one
  PASS  test_the_barrier_grants_one_token_at_a_time_and_only_it_lowers_the_barrier
  PASS  test_a_stale_token_cannot_lower_the_barrier_a_later_load_holds
  PASS  test_set_speed_is_barred_under_the_barrier_and_writes_nothing
  PASS  test_set_pause_is_barred_and_cannot_zero_the_sub_tick_debt_being_restored
  PASS  test_advance_is_barred_so_a_load_frame_folds_no_elapsed_time_into_the_clock
  PASS  test_acknowledge_without_catchup_is_barred_and_drops_no_owed_tick
  PASS  test_every_overload_ladder_entry_point_is_barred_and_emits_no_signal
  PASS  test_restore_runtime_passes_through_the_barrier_it_serves
  PASS  test_the_pure_validator_and_every_reader_stay_open_under_the_barrier
  PASS  test_the_barrier_never_touches_the_pause_mask
  PASS  test_lowering_the_barrier_never_clears_a_saved_load_bit
CI_SUITE_TIME {"assertions":848,"failures":0,"suite":"test_sim_clock.gd","tests":62,"usec":82830}
test_ui_art.gd
  PASS  test_every_declared_asset_has_a_source_that_exists
  PASS  test_every_asset_id_is_unique_and_namespaced
  PASS  test_the_registry_columns_are_the_same_length
  PASS  test_an_undeclared_id_is_refused_rather_than_resolved
  PASS  test_every_category_is_declared_and_named
  PASS  test_every_asset_rasterises_at_every_declared_optical_size
  PASS  test_a_missing_or_unparseable_source_returns_null_not_a_blank_image
  PASS  test_painted_icons_carry_a_separation_keyline_on_forest
  PASS  test_painted_icons_stay_inside_the_lock_safe_box
  PASS  test_painted_icons_actually_occupy_their_grid
  PASS  test_painted_icons_are_painted_and_not_enlarged_line_glyphs
  PASS  test_species_medallions_read_on_paper_and_differ_from_one_another
  PASS  test_functional_glyphs_stay_simple_and_monochrome
  PASS  test_painted_icons_have_a_transparent_surround
  PASS  test_every_frame_edge_is_stretchable_without_a_seam
  PASS  test_frame_edge_thickness_matches_the_declared_stretch_margin
  PASS  test_frame_corners_render_at_their_declared_extent
  PASS  test_the_five_silhouettes_are_actually_different_outlines
  PASS  test_each_frame_run_starts_where_the_registry_says_it_does
  PASS  test_the_journal_declares_a_bound_side_wider_than_its_fore_edge
  PASS  test_the_manifest_matches_the_sources_on_disk
  PASS  test_decorative_pigments_are_not_offered_as_semantic_tokens
CI_SUITE_TIME {"assertions":807,"failures":0,"suite":"test_ui_art.gd","tests":22,"usec":129487}
test_ui_context_gates.gd
  PASS  test_nothing_selected_leaves_the_selected_gate_false
  PASS  test_opening_resident_detail_sets_the_gate_and_registers_the_panel
  PASS  test_closing_detail_keeps_a_still_valid_resident_selection_live
  PASS  test_clearing_every_reference_hides_the_selected_controls
  PASS  test_tile_detail_with_no_resident_ref_still_sets_the_gate
  PASS  test_selecting_a_zone_sets_the_gate_and_shows_its_policy
  PASS  test_selecting_a_job_alone_sets_and_clears_the_gate
  PASS  test_opening_a_workspace_gates_the_page_the_frame_and_back
  PASS  test_switching_pages_keeps_the_frame_and_back_open_throughout
  PASS  test_back_is_an_idempotent_close_not_a_toggle
  PASS  test_workspace_gates_hold_at_every_supported_profile
  PASS  test_an_unavailable_true_gated_control_only_registers_when_selected
  PASS  test_selection_rewires_keyboard_order_without_waiting_for_layout
  PASS  test_visible_control_gate_invariant_in_every_context_and_profile
  PASS  test_name_editor_without_selected_context_refuses_before_drawing
CI_SUITE_TIME {"assertions":1081,"failures":0,"suite":"test_ui_context_gates.gd","tests":15,"usec":526030}
test_ui_theme_resource.gd
  PASS  test_all_four_weights_are_present_at_the_specified_paths
  PASS  test_each_file_reports_its_own_weight_rather_than_a_renamed_regular
  PASS  test_the_four_weights_are_four_distinct_files
  PASS  test_the_font_licence_travels_with_the_files
  PASS  test_the_theme_loads_and_carries_section_two_twos_body_typography
  PASS  test_every_profile_has_a_variation_in_the_committed_theme
  PASS  test_every_button_state_background_matches_the_token_it_was_built_from
  PASS  test_a_selected_toggle_is_gold_with_ink_text
  PASS  test_disabled_text_in_the_theme_is_muted_and_still_readable
  PASS  test_the_focus_outline_in_the_theme_is_the_gold_two_pixel_rule
  PASS  test_the_typographic_roles_carry_their_documented_sizes
  PASS  test_the_counter_role_uses_tabular_figures
  PASS  test_the_readout_profile_also_uses_tabular_figures
  PASS  test_every_icon_the_shell_names_exists
  PASS  test_the_disabled_lock_and_the_refusal_warning_are_present
  PASS  test_the_icons_are_authored_on_the_documented_grid
CI_SUITE_TIME {"assertions":208,"failures":0,"suite":"test_ui_theme_resource.gd","tests":16,"usec":196352}
test_underground_connector_catalog.gd
  PASS  test_exact_actual_pace_uses_movement_source_and_explicit_family_rows
  PASS  test_all_family_metadata_and_exact_output_shapes_are_copied_without_aliases
  PASS  test_arena_admission_precedes_all_packed_allocation
  PASS  test_foreign_actual_owners_and_rebinding_refuse
  PASS  test_every_stale_refusal_preserves_all_output_fields
  PASS  test_atomic_failed_replacement_preserves_live_hash_and_queries
  PASS  test_truncation_trailing_bytes_hash_and_oversized_counts_refuse
  PASS  test_short_record_decode_refuses_without_overwriting_destination
  PASS  test_complete_prefix_census_endpoint_and_opening_targets_are_required
  PASS  test_extreme_coordinates_primitive_ranges_and_material_scale_refuse
  PASS  test_pace_identity_never_borrows_species_stage_or_unprofiled_badger
  PASS  test_changed_movement_profile_and_replaced_physical_content_refuse_live_queries
  PASS  test_retired_world_and_changed_source_digest_cannot_publish_content
  PASS  test_material_scale_and_refused_shapes_preserve_caller_scratch
  PASS  test_final_source_leaf_reads_actual_banks_without_observers_or_writes
  PASS  test_final_source_leaf_refuses_bad_tuple_digest_and_uninitialized_owner
  PASS  test_final_source_leaf_refuses_actual_profile_and_foreign_owner_changes
  PASS  test_final_source_leaf_checks_live_full_world_identity
CI_SUITE_TIME {"assertions":332,"failures":0,"suite":"test_underground_connector_catalog.gd","tests":18,"usec":1007871}
test_underground_entry_cut_map.gd
  PASS  test_all_varying_height_subsets_match_independent_whole_cube_intersection
  PASS  test_box_order_and_duplicate_parts_do_not_change_the_paid_cube_stream
  PASS  test_offset_datum_negative_boundaries_and_one_unit_crossings_remain_exact
  PASS  test_whole_cube_gaps_are_retained_between_different_courses
  PASS  test_sparse_coordinate_gaps_use_visits_not_distance_as_the_work_budget
  PASS  test_exact_capacity_accepts_and_one_missing_cube_refuses_explicitly
  PASS  test_individual_box_capacity_and_malformed_input_refuse_before_allocation
  PASS  test_unrepresentable_domain_rank_refuses_before_allocation
  PASS  test_domain_box_and_work_limits_cannot_be_enlarged_by_the_caller
  PASS  test_work_exhaustion_and_consumer_queries_share_one_finite_allowance
  PASS  test_prepaid_replay_has_identical_output_and_no_second_allocation
  PASS  test_invalid_replay_retains_original_cursor_and_cannot_reopen_a_closed_one
  PASS  test_scratch_admission_is_bounded_and_excludes_caller_images
CI_SUITE_TIME {"assertions":2085,"failures":0,"suite":"test_underground_entry_cut_map.gd","tests":13,"usec":40935}
test_underground_entry_frontier.gd
  PASS  test_exact_tables_fill_caller_outputs_without_publishing_physical_permission
  PASS  test_capacity_is_admitted_before_allocation_and_cannot_grow
  PASS  test_wrong_sha_truncated_extra_and_empty_sources_refuse_without_live_rows
  PASS  test_source_revisions_counts_and_digests_are_exact
  PASS  test_installation_ordinals_ranges_and_full_group_partition_are_required
  PASS  test_pending_assembly_cannot_supply_its_own_floor_or_bearing
  PASS  test_cuts_use_whole_datum_cubes_and_exact_stable_phase_tags
  PASS  test_station_requires_actual_source_work_patch_posture_and_revision
  PASS  test_episode_masks_stations_and_ranges_do_not_invent_paid_phases
  PASS  test_duplicate_cube_operation_refuses_even_when_ranges_are_grouped_differently
  PASS  test_actual_profile_reload_rejects_existing_frontier
  PASS  test_actual_world_generation_reuse_rejects_existing_frontier
  PASS  test_refused_queries_preserve_all_caller_outputs
  PASS  test_endpoint_travel_is_explicit_and_refusal_preserves_paired_outputs
  PASS  test_each_allowed_rotation_selects_its_exact_source_profile_without_rotating_output_coordinates
  PASS  test_rotated_work_source_cannot_be_missing_wrong_yaw_or_stale
  PASS  test_installed_endpoint_names_actual_catalog_landing_floor_with_exact_half_open_point
CI_SUITE_TIME {"assertions":402,"failures":0,"suite":"test_underground_entry_frontier.gd","tests":17,"usec":1287729}
test_underground_final_facts.gd
  PASS  test_room_final_is_pure_and_ordinary_snapshot_remains_live_only
  PASS  test_room_final_precharges_whole_census_and_mutable_input_comparison
  PASS  test_room_final_rejects_replaced_original_lease_and_foreign_same_number_budget
  PASS  test_room_final_rederives_actual_free_identity_and_whole_candidate
  PASS  test_room_final_catches_late_actual_source_drift_without_observation
  PASS  test_room_final_future_exception_is_only_own_metadata_and_claims
  PASS  test_room_final_rejects_foreign_companion_and_active_observer_states
  PASS  test_room_commit_requires_actual_publishing_bracket_and_original_budget
  PASS  test_room_commit_does_not_borrow_replacement_lease_or_changed_after_facts
  PASS  test_final_sources_skip_observer_and_preserve_authority
  PASS  test_late_building_change_refuses_without_geometry_revision_change
  PASS  test_all_nonresident_leaf_facts_equal_normal_observation
  PASS  test_project_claim_generation_remains_mandatory
  PASS  test_budget_refuses_before_any_leaf_read
  PASS  test_admitted_real_capacity_uses_actual_source_census
  PASS  test_foreign_binding_stale_revision_and_busy_owners_refuse
  PASS  test_endpoint_match_compares_every_packed_payload_and_proof_field
  PASS  test_retired_reused_endpoint_does_not_match_old_generation
  PASS  test_idle_resident_matches_actual_transform_and_location
  PASS  test_idle_final_leaf_skips_late_public_transform_reader
  PASS  test_transit_final_leaf_skips_late_public_transform_reader
  PASS  test_final_pose_requires_actual_persistent_transform_binding
  PASS  test_final_pose_requires_full_directory_generation_and_reverse_row
  PASS  test_transit_resident_uses_exact_current_segment_and_generation
  PASS  test_retired_world_invalidates_facts_and_endpoint_observation
  PASS  test_full_256_resident_leaf_census_fits_unchanged_domain_budget
  PASS  test_actor_and_world_generation_reuse_cannot_match_stored_sources
  PASS  test_domain_and_source_kind_changes_refuse_without_public_observers
  PASS  test_static_leaf_never_substitutes_unbound_resident_or_half_null_reference
CI_SUITE_TIME {"assertions":1132,"failures":0,"suite":"test_underground_final_facts.gd","tests":29,"usec":3654687}
test_underground_terrain.gd
  PASS  test_binding_requires_actual_generated_resource_and_source_owners
  PASS  test_wrong_datum_and_extended_depth_cannot_invent_terrain
  PASS  test_dry_clipped_survey_has_exact_source_and_no_map_wide_protected_support
  PASS  test_exact_dry_water_boundary_and_real_ford_height
  PASS  test_every_water_mask_has_finite_excavation_protection_without_fake_floor
  PASS  test_tree_stump_regrowth_and_retirement_are_seen_without_sparse_revision_changes
  PASS  test_exhausted_nonrenewable_deposit_does_not_keep_a_phantom_resource
  PASS  test_unknown_resource_item_refuses_instead_of_guessing_tree_or_stone
  PASS  test_real_rotated_unfinished_building_protects_foundation_and_body
  PASS  test_open_stockpile_and_paths_do_not_invent_filled_upper_obstacles
  PASS  test_cold_building_rows_require_registered_current_nonzero_revision
  PASS  test_capacity_lease_and_off_domain_refusals_clear_every_output_column
  PASS  test_published_world_reset_full_ref_retirement_and_unknown_terrain_refuse
  PASS  test_world_and_resource_into_readers_erase_stale_facts_and_preserve_generations
  PASS  test_surveys_do_not_mutate_or_refill_retained_paid_space
  PASS  test_natural_observation_is_separate_from_live_exclusion_and_sparse_source_registration
  PASS  test_natural_survey_preserves_clipping_capacity_and_exact_budget_contract
  PASS  test_mixed_height_exclusions_do_not_imply_empty_space_or_support
  PASS  test_mixed_height_exclusions_keep_exact_water_surface_and_ford_edges
  PASS  test_mixed_height_exclusions_read_live_roots_harvest_and_regrowth
  PASS  test_mixed_height_exclusions_protect_live_unregistered_building_and_exact_faces
  PASS  test_world_source_proof_is_reused_only_until_actual_geometry_publication
  PASS  test_world_source_proof_never_pins_a_revision_changed_during_its_read
  PASS  test_final_local_facts_read_fresh_unregistered_obstacles_without_observation_hook
  PASS  test_final_local_facts_require_current_attested_wiring_and_exact_finite_bounds
  PASS  test_prepared_local_facts_require_the_exact_sealed_candidate_and_original_lease
  PASS  test_prepared_local_facts_see_late_actual_obstacles_without_public_observers
  PASS  test_prepared_local_facts_never_adopt_a_replacement_cold_lease
CI_SUITE_TIME {"assertions":1042,"failures":0,"suite":"test_underground_terrain.gd","tests":28,"usec":12217177}
test_underground_world_structure_scope.gd
  PASS  test_actual_binding_and_phase_match_without_granting_work
  PASS  test_foreign_catalog_budget_and_missing_actual_owners_refuse
  PASS  test_wrong_phase_tuple_and_released_token_refuse
  PASS  test_binding_requires_quiescence_and_rejects_nested_configuration
  PASS  test_reentrant_observation_invalidates_outer_success_and_recovers
  PASS  test_replacement_lease_is_detected_without_releasing_it
  PASS  test_catalog_revision_and_actual_world_retirement_are_rechecked
  PASS  test_inner_identity_callback_cannot_allocate_levels_under_replaced_phase
  PASS  test_exact_binding_pins_token_before_first_callback_and_configuration_checks_quiescence
CI_SUITE_TIME {"assertions":105,"failures":0,"suite":"test_underground_world_structure_scope.gd","tests":9,"usec":4214838}
test_weir_sluice.gd
  PASS  test_each_setting_gives_each_bed_its_table_service
  PASS  test_the_leat_writes_the_table_into_the_farm_and_the_demo_opens_closed
  PASS  test_the_order_refuses_its_own_setting_and_an_unknown_one
  PASS  test_each_service_nudges_a_bed_through_the_moisture_model
  PASS  test_a_watered_bed_is_not_drained_and_a_dry_one_keeps_its_tunnels
  PASS  test_wet_lands_in_the_wet_band_and_natural_drainage_still_applies
  PASS  test_a_closed_sluice_leaves_the_farm_exactly_as_without_the_leat
  PASS  test_the_preview_is_what_the_midnight_adds
  PASS  test_near_its_top_a_bed_keeps_less_than_the_leat_s_share
  PASS  test_the_preview_names_the_beds_each_setting_changes
  PASS  test_the_card_is_the_preview_and_refuses_the_setting_it_has
  PASS  test_a_flood_down_an_open_leat_waterlogs_its_wet_beds_when_it_passes
  PASS  test_closing_the_sluice_in_a_flood_spares_the_garden
  PASS  test_a_closed_sluice_raises_no_flood_incident_and_opening_it_mid_flood_does
  PASS  test_the_bed_panel_shows_the_sluice_and_each_served_bed_says_so
  PASS  test_the_tunnels_flood_reaches_the_garden_through_the_farm
  PASS  test_the_water_service_layer_colours_each_bed_by_its_service
  PASS  test_the_gate_rises_with_the_setting_on_the_demo_clock
  PASS  test_the_bay_board_is_taken_out_of_the_weir_and_nothing_else
  PASS  test_a_click_on_the_weir_picks_it_and_elsewhere_does_not
CI_SUITE_TIME {"assertions":268,"failures":0,"suite":"test_weir_sluice.gd","tests":20,"usec":1696192}
[EntityManager] ready
[GameManager] ready
[SettlementSystem] ready
[EconomySystem] ready
[UIManager] ready


1351 test(s), 159460 assertion(s), 0 failure(s)
diagnostics: 0 unexpected error(s), 0 unexpected warning(s), 23 expected, 94 tolerated; leaked at exit: 0 object(s), 0 resource(s)
[EntityManager] ready
[GameManager] ready
[SettlementSystem] ready
[EconomySystem] ready
[UIManager] ready
log: 0 unexpected error(s), 0 unexpected warning(s); leaked at exit: 0 object(s), 0 resource(s).
ok: 1351 tests, 159460 assertions, 0 failures.
