Godot Engine v4.7.2.stable.official.ed1daf0bf - https://godotengine.org

Godot Engine v4.7.2.stable.official.ed1daf0bf - https://godotengine.org

test_command_dispatch_store_policy.gd
  PASS  test_a_filter_command_filters_the_main_store
  PASS  test_a_minimum_command_keeps_a_full_int64_reserve
  PASS  test_a_full_256_row_group_commits
  PASS  test_one_bad_row_refuses_the_whole_group_with_the_stores_code
  PASS  test_rows_out_of_ascending_item_order_refuse_the_schema
  PASS  test_a_malformed_group_refuses_the_schema
  PASS  test_a_nonzero_argument_is_refused_rather_than_ignored
  PASS  test_a_target_demolished_after_admission_refuses_stale
  PASS  test_a_target_that_is_not_a_building_is_refused_by_kind
  PASS  test_a_directory_building_the_building_store_does_not_hold_is_refused_by_the_store
  PASS  test_an_unbound_policy_refuses_and_a_foreign_one_never_binds
  PASS  test_both_kinds_are_supported_and_name_no_missing_store
CI_SUITE_TIME {"assertions":552,"failures":0,"suite":"test_command_dispatch_store_policy.gd","tests":12,"usec":1229790}
test_demo_camera.gd
  PASS  test_clamp_focus_keeps_inside_points_and_clamps_outside_ones
  PASS  test_zoom_steps_are_multiplicative_and_limited
  PASS  test_pitch_is_held_between_its_limits
  PASS  test_damping_is_frame_rate_independent
  PASS  test_rig_owns_a_perspective_camera_at_forty_degrees
  PASS  test_camera_looks_at_its_focus
  PASS  test_configure_clamps_the_start_focus
  PASS  test_make_current_off_tree_marks_the_camera_current
  PASS  test_every_bound_zoom_event_zooms
  PASS  test_zoom_out_and_its_limit
  PASS  test_held_pan_moves_toward_the_view_and_stops_on_release
  PASS  test_pan_is_clamped_to_the_bounds
  PASS  test_view_eases_toward_the_target
  PASS  test_pitch_steps_and_home_resets
  PASS  test_rotation_turns_the_heading
  PASS  test_alt_page_up_pitches_and_does_not_zoom
  PASS  test_focus_loss_releases_every_held_key
  PASS  test_unrelated_input_is_left_alone
  PASS  test_every_action_the_rig_reads_exists_in_the_project
  PASS  test_the_rig_reports_its_distance_for_the_shadow_fit
  PASS  test_a_middle_drag_turns_the_view
  PASS  test_the_drag_ends_on_release_or_a_lost_button
  PASS  test_focus_loss_ends_the_drag
  PASS  test_other_buttons_do_not_start_a_drag
  PASS  test_a_diagonal_pan_is_no_faster_than_a_straight_one
  PASS  test_the_players_pans_count_and_the_modes_moves_do_not
  PASS  test_the_players_turns_count
  PASS  test_track_moves_only_the_centre_and_is_held_in_the_box
  PASS  test_aim_sets_a_whole_view_inside_the_limits
  PASS  test_aim_turns_the_shorter_way_round
  PASS  test_turn_target_turns_without_counting
  PASS  test_the_edge_push_pans_like_a_held_key_and_is_clamped
  PASS  test_the_drag_turns_per_logical_pixel_off_the_tree
  PASS  test_the_targets_read_back
  PASS  test_a_frame_of_motion_retains_nothing
CI_SUITE_TIME {"assertions":115,"failures":0,"suite":"test_demo_camera.gd","tests":35,"usec":38813}
test_demo_forestry.gd
  PASS  test_a_demo_point_lands_on_its_gdd_exterior_tile
  PASS  test_skill_levels_and_factors_are_the_gdd_curve
  PASS  test_work_time_follows_skill_season_and_storm
  PASS  test_the_retention_floor_arithmetic
  PASS  test_the_village_trees_are_real_resource_node_rows
  PASS  test_the_wood_item_is_resolved_through_the_catalog_boundary
  PASS  test_two_trunks_on_one_tile_bind_once
  PASS  test_a_negative_wood_id_binds_nothing
  PASS  test_felling_debits_the_wood_once_and_dates_the_stump
  PASS  test_a_stump_regrows_after_48_days_unless_its_spot_is_occupied
  PASS  test_the_demo_sapling_matures_on_day_49
  PASS  test_a_blow_down_uproots_the_tree_and_the_spot_can_be_replanted
  PASS  test_grubbing_out_a_stump_clears_its_spot
  PASS  test_the_trunk_is_hauled_away_a_load_at_a_time_and_nothing_is_lost
  PASS  test_growth_is_read_from_the_rows_date
  PASS  test_zones_are_gdd_zone_types_that_never_overlap
  PASS  test_the_seeded_zones_hold_the_north_stand_and_the_old_grove
  PASS  test_the_floor_refuses_the_fell_that_would_breach_it_and_intensive_lowers_it
  PASS  test_a_tree_beyond_the_reach_is_refused
  PASS  test_conservation_trees_are_never_cut_by_order_or_routine
  PASS  test_an_auto_fell_zone_is_worked_down_to_its_floor_and_no_further
  PASS  test_deadfall_falls_under_trees_seeded_and_is_gathered_once
  PASS  test_skills_start_with_the_forester_and_the_beaver_and_anyone_learns
  PASS  test_the_demo_stores_take_wood_in_and_saw_planks_out_all_or_nothing
  PASS  test_the_services_hold_one_stores_for_the_woods_and_the_tunnels
  PASS  test_the_woods_circles_join_the_cast_without_repeating_the_worlds
  PASS  test_a_resident_fells_the_west_oak_and_hauls_it_all_to_the_stores
  PASS  test_the_others_selected_wait_by_the_tree_and_haul_it_with_the_feller
  PASS  test_a_right_click_on_a_tree_being_felled_joins_the_haul
  PASS  test_a_hauler_loads_on_the_log_stacks_side_of_the_trunk
  PASS  test_a_resident_ordered_away_drops_the_job_where_it_had_got_to
  PASS  test_the_beaver_fells_by_gnawing_with_no_axe
  PASS  test_deadfall_is_gathered_into_the_stores_without_felling
  PASS  test_sawing_turns_two_units_of_logs_into_planks
  PASS  test_a_sawing_called_off_carries_its_load_away_as_what_it_is
  PASS  test_a_storm_blows_a_tree_down_and_the_crew_clears_it
  PASS  test_a_storm_day_on_the_one_weather_blows_one_tree_down
  PASS  test_replanting_a_cleared_spot_spends_the_farms_compost
  PASS  test_the_woods_regrow_on_the_calendars_midnights
  PASS  test_the_woods_follow_the_calendar_they_do_not_run_it
  PASS  test_a_felled_tree_topples_then_lies_as_its_trunk_by_a_fresh_stump
  PASS  test_a_paused_clock_holds_a_tree_in_mid_fall
  PASS  test_the_yard_shows_the_stock_logs_and_the_plank_stack_by_the_stores
  PASS  test_the_yard_stands_clear_of_the_village
  PASS  test_the_pick_finds_trunks_piles_the_sawhorse_and_spots
  PASS  test_a_camera_ray_through_a_standing_tree_picks_it
  PASS  test_the_zone_tool_marks_a_dragged_rectangle_in_whole_tiles
  PASS  test_the_marks_draw_zones_the_overlay_discs_and_the_ring
  PASS  test_the_woods_panel_says_what_the_selected_tree_can_take
  PASS  test_the_right_column_has_a_woods_tab
  PASS  test_the_command_layer_asks_every_ground_handler_in_turn
  PASS  test_a_zone_tool_hook_takes_input_before_selection
  PASS  test_the_sink_is_the_worlds_and_the_cut_is_measured_from_the_ground
  PASS  test_the_woods_stand_walkers_on_the_staged_roots_turned_with_each_tree
  PASS  test_a_staged_tree_is_drawn_let_down_by_its_sink
  PASS  test_a_sunk_tree_is_split_and_turned_at_its_cut_above_the_ground
  PASS  test_twenty_fell_haul_regrow_cycles_keep_the_woods_drawing_bounded
  PASS  test_a_tree_replaced_by_another_kind_frees_its_own_node_and_parts
  PASS  test_a_tree_the_world_placed_is_only_hidden_when_replaced
  PASS  test_a_woods_job_called_away_is_taken_back_when_the_other_work_is_done
CI_SUITE_TIME {"assertions":1634,"failures":0,"suite":"test_demo_forestry.gd","tests":60,"usec":15129227}
test_demo_input_gate.gd
  PASS  test_a_modal_swallows_world_keys_and_lets_navigation_through
  PASS  test_a_modal_closes_on_escape_and_its_own_keys
  PASS  test_a_modal_s_tab_and_activation
  PASS  test_the_stall_banner_comes_first
  PASS  test_closing_calls_the_top_modal_s_close
  PASS  test_without_a_modal_world_keys_pass
  PASS  test_enter_and_space_go_by_focused_context
  PASS  test_a_click_s_focus_gives_the_arrows_back_and_f7_starts_from_the_world
  PASS  test_the_hud_workspace_holding_input_stops_panel_routing
  PASS  test_the_banner_takes_only_enter_and_space
  PASS  test_a_modal_presses_only_its_own_buttons
  PASS  test_closing_a_lower_modal_keeps_focus_in_the_top_one
  PASS  test_the_focus_read_is_one_reused_object
  PASS  test_tab_and_escape_in_a_region
  PASS  test_a_watched_modal_opens_and_closes_with_its_layer
  PASS  test_the_modal_s_ring_puts_its_close_last_and_focuses_content_first
  PASS  test_stacked_modals_close_top_first
  PASS  test_focusables_skip_hidden_branches_hidden_layers_and_non_buttons
  PASS  test_step_wraps_both_ways
  PASS  test_f7_cycles_world_regions_and_back_skipping_empty_ones
  PASS  test_tab_in_a_region_moves_along_its_ring
  PASS  test_press_toggles_and_emits_and_spares_a_disabled_button
  PASS  test_every_panel_button_is_a_keyboard_focus_stop
  PASS  test_the_player_panels_hold_no_test_trigger
  PASS  test_the_lab_holds_its_triggers_in_order_and_fires_them
  PASS  test_a_trigger_that_cannot_act_is_disabled_with_its_reason
  PASS  test_firing_a_trigger_reads_every_trigger_s_availability_again
  PASS  test_the_lab_opens_and_closes_on_its_key
CI_SUITE_TIME {"assertions":159,"failures":0,"suite":"test_demo_input_gate.gd","tests":28,"usec":532202}
test_demo_kitchen_round_back.gd
  PASS  test_a_brain_keeping_the_cooks_round_does_not_keep_its_kitchen
  PASS  test_the_round_is_stale_once_the_kitchen_is_gone
  PASS  test_a_drawers_trip_calls_the_draw_take_back
  PASS  test_the_round_asks_its_kitchen_while_it_lives
CI_SUITE_TIME {"assertions":11,"failures":0,"suite":"test_demo_kitchen_round_back.gd","tests":4,"usec":236139}
test_demo_layout_live.gd
  PASS  test_the_panels_stay_usable_at_1280x720
  PASS  test_the_panels_stay_usable_at_1920x1080
  PASS  test_the_panels_stay_usable_at_an_effective_200_percent
CI_SUITE_TIME {"assertions":678,"failures":0,"suite":"test_demo_layout_live.gd","tests":3,"usec":54433681}
test_demo_menu.gd
  PASS  test_opening_holds_menu_and_closing_restores_the_speed
  PASS  test_a_player_pause_held_before_the_menu_is_still_held_after
  PASS  test_set_menu_pause_is_refused_before_start_and_holds_once
EXPECTED WARNING: the clock refused to release the menu's pause (LOAD_IN_PROGRESS); the menu stays open
     at: push_warning (core/variant/variant_utility.cpp:1033)
     GDScript backtrace (most recent call first):
         [0] close (res://demo/ui/demo_menu.gd:275)
         [1] test_a_refused_release_keeps_the_menu_open_and_runs_nothing (res://test/test_demo_menu.gd:102)
         [2] _run_test (res://test/run_tests.gd:194)
         [3] _run_suite (res://test/run_tests.gd:168)
         [4] _run_suite (/home/runner/work/redwall-rts/redwall-rts/tools/ci_test_shard_runner.gd:30)
         [5] _run_worker (res://test/run_tests.gd:121)
         [6] _initialize (res://test/run_tests.gd:108)
EXPECTED WARNING: the clock refused to release the menu's pause (LOAD_IN_PROGRESS); the menu stays open
     at: push_warning (core/variant/variant_utility.cpp:1033)
     GDScript backtrace (most recent call first):
         [0] close (res://demo/ui/demo_menu.gd:275)
         [1] _confirmed (res://demo/ui/demo_menu.gd:372)
         [2] test_a_refused_release_keeps_the_menu_open_and_runs_nothing (res://test/test_demo_menu.gd:106)
         [3] _run_test (res://test/run_tests.gd:194)
         [4] _run_suite (res://test/run_tests.gd:168)
         [5] _run_suite (/home/runner/work/redwall-rts/redwall-rts/tools/ci_test_shard_runner.gd:30)
         [6] _run_worker (res://test/run_tests.gd:121)
         [7] _initialize (res://test/run_tests.gd:108)
EXPECTED WARNING: the clock refused to release the menu's pause (LOAD_IN_PROGRESS); the menu stays open
     at: push_warning (core/variant/variant_utility.cpp:1033)
     GDScript backtrace (most recent call first):
         [0] close (res://demo/ui/demo_menu.gd:275)
         [1] open_lab (res://demo/ui/demo_menu.gd:380)
         [2] test_a_refused_release_keeps_the_menu_open_and_runs_nothing (res://test/test_demo_menu.gd:107)
         [3] _run_test (res://test/run_tests.gd:194)
         [4] _run_suite (res://test/run_tests.gd:168)
         [5] _run_suite (/home/runner/work/redwall-rts/redwall-rts/tools/ci_test_shard_runner.gd:30)
         [6] _run_worker (res://test/run_tests.gd:121)
         [7] _initialize (res://test/run_tests.gd:108)
EXPECTED WARNING: the clock refused to release the menu's pause (LOAD_IN_PROGRESS); the menu stays open
     at: push_warning (core/variant/variant_utility.cpp:1033)
     GDScript backtrace (most recent call first):
         [0] close (res://demo/ui/demo_menu.gd:275)
         [1] _confirmed (res://demo/ui/demo_menu.gd:372)
         [2] test_a_refused_release_keeps_the_menu_open_and_runs_nothing (res://test/test_demo_menu.gd:110)
         [3] _run_test (res://test/run_tests.gd:194)
         [4] _run_suite (res://test/run_tests.gd:168)
         [5] _run_suite (/home/runner/work/redwall-rts/redwall-rts/tools/ci_test_shard_runner.gd:30)
         [6] _run_worker (res://test/run_tests.gd:121)
         [7] _initialize (res://test/run_tests.gd:108)
  PASS  test_a_refused_release_keeps_the_menu_open_and_runs_nothing
  PASS  test_opening_twice_and_closing_twice_hold_and_release_once
  PASS  test_the_menu_page_offers_the_six_actions_and_the_no_save_line
  PASS  test_escape_goes_back_a_page_then_closes
  PASS  test_controls_list_the_demo_s_keys
  PASS  test_resume_closes
  PASS  test_restart_and_quit_ask_first_and_say_the_village_is_lost
  PASS  test_a_confirmed_restart_or_quit_releases_the_pause_and_runs
  PASS  test_the_demo_lab_entry_closes_the_menu_and_opens_the_lab
  PASS  test_settings_offer_only_the_scales_that_fit_and_the_sound
  PASS  test_choosing_a_scale_applies_it_only_where_it_fits
  PASS  test_full_screen_says_its_state_and_toggles_through_the_host
  PASS  test_the_demo_s_interface_scale_fits_and_applies
  PASS  test_every_demo_layout_site_follows_the_scale
  PASS  test_the_hud_menu_button_opens_the_host_menu_not_new_settlement
CI_SUITE_TIME {"assertions":104,"failures":0,"suite":"test_demo_menu.gd","tests":18,"usec":405508}
test_demo_orchard_ui.gd
  PASS  test_the_fruit_and_the_berries_are_their_gdd_rows
  PASS  test_the_berries_and_fruit_rows_agree_with_the_compiled_catalogue
  PASS  test_the_leaves_exist_in_the_library_pantry
  PASS  test_the_field_guide_has_an_entry_for_each_orchard_good
  PASS  test_a_stand_beside_a_harvest_is_never_its_store
  PASS  test_the_orchard_is_the_source_after_foraging
  PASS  test_the_adapter_reads_and_commands_the_orchard_board
  PASS  test_the_board_takes_the_orchard_source
  PASS  test_the_woods_never_fell_a_tree_in_the_protected_grove
  PASS  test_a_fruit_tree_blossoms_in_spring_and_stands_bare_in_winter
  PASS  test_other_owners_trees_wear_the_season
  PASS  test_the_orchard_panel_has_the_zone_without_a_tab
  PASS  test_the_panel_shows_what_it_is_told
  PASS  test_each_selection_shows_its_verbs_and_its_most_pressing
  PASS  test_the_job_an_action_orders
  PASS  test_a_card_says_the_verb_the_refusal_the_cost_and_the_work
  PASS  test_the_trees_are_drawn_by_age_and_offered_to_the_seasons
  PASS  test_fruit_shows_on_a_bearing_tree_until_it_is_picked
  PASS  test_the_stands_and_obstacles_it_hands_the_village
  PASS  test_a_click_picks_the_nearest_orchard_thing
  PASS  test_the_panel_buttons_step_the_policies_and_the_plans
  PASS  test_the_kitchen_never_reserves_food_at_a_stand
CI_SUITE_TIME {"assertions":223,"failures":0,"suite":"test_demo_orchard_ui.gd","tests":22,"usec":1393596}
test_demo_panels_fit.gd
  PASS  test_the_selected_resident_is_pinned_and_the_roster_folded
  PASS  test_a_roster_row_picks_its_resident
  PASS  test_each_build_sits_under_its_kind_s_cost
  PASS  test_water_text_and_targets_meet_the_floors
  PASS  test_the_open_picker_follows_the_calendar_across_spring_5
  PASS  test_the_picker_has_one_scroll_and_a_fixed_title_and_back
  PASS  test_the_woods_and_tunnels_buttons_meet_the_floors
  PASS  test_farm_small_text_is_at_least_14_px
  PASS  test_a_pick_row_is_a_32_px_focusable_row_with_its_whole_text
  PASS  test_pick_member_selects_alone_and_centres
  PASS  test_the_picker_and_news_band_keep_clear_of_the_right_column_at_every_offered_size
  PASS  test_the_picker_falls_back_beside_the_minimap_where_the_column_gap_is_too_narrow
  PASS  test_the_incident_card_stays_between_the_side_columns
  PASS  test_a_control_under_the_cover_is_no_focus_stop
  PASS  test_the_card_tooltips_follow_the_hud_scale
  PASS  test_a_scale_is_offered_only_where_the_bottom_band_has_room
  PASS  test_a_reveal_works_in_the_scroll_s_own_pixels
  PASS  test_the_party_rows_are_a_pool_re_worded_in_place
CI_SUITE_TIME {"assertions":391,"failures":0,"suite":"test_demo_panels_fit.gd","tests":18,"usec":3815437}
test_demo_pantry_stocks.gd
  PASS  test_the_pantry_opens_on_stocks_and_recipes_are_their_own_tab
  PASS  test_the_recipe_list_marks_the_picked_ingredient_and_never_reorders
  PASS  test_a_row_per_ingredient_per_store
  PASS  test_food_about_to_spoil_comes_first_and_says_so
  PASS  test_the_soon_line_is_two_days
  PASS  test_soon_rows_go_soonest_first
  PASS  test_equally_soon_rows_keep_the_catalog_order
  PASS  test_incoming_is_not_in_store
  PASS  test_lots_and_holds_alike_add_up_per_row
  PASS  test_a_hold_names_its_item_until_released
  PASS  test_a_store_taken_away_while_open_leaves_its_rows_gone_not_another_s
  PASS  test_the_first_lot_to_spoil_at_one_store
  PASS  test_the_order_is_kept_while_the_pantry_is_open
  PASS  test_spoil_times_read_as_days_and_hours
  PASS  test_an_empty_pantry_suggests_the_bed_that_ripens_first
  PASS  test_an_empty_pantry_with_nothing_growing_says_plant_then_clear
  PASS  test_a_reserved_only_pantry_is_not_empty
  PASS  test_the_suggestion_button_opens_its_bed
CI_SUITE_TIME {"assertions":141,"failures":0,"suite":"test_demo_pantry_stocks.gd","tests":18,"usec":1258079}
test_demo_pause_ledger.gd
  PASS  test_the_player_pause_is_player_and_says_so
  PASS  test_a_run_arrival_is_the_player_pause_with_its_note
  PASS  test_the_menu_pause_holds_menu_and_says_so
  PASS  test_the_village_guide_holds_a_menu_pause_of_its_own
  PASS  test_a_planning_surface_pauses_only_with_the_setting_on
  PASS  test_a_critical_incident_pauses_and_says_which
  PASS  test_a_critical_incident_does_not_pause_with_the_setting_off
  PASS  test_a_stall_is_its_own_kind
  PASS  test_reasons_are_listed_most_urgent_first
  PASS  test_resume_clears_the_player_pause_and_the_speed_comes_back
  PASS  test_resume_clears_planning_and_critical_but_not_the_menu
  PASS  test_resume_never_acknowledges_a_stall
  PASS  test_resume_with_only_the_menu_says_close_the_menu
  PASS  test_a_resumed_planning_pause_stays_waived_until_every_surface_closes
  PASS  test_a_panel_never_overrides_the_players_pause
  PASS  test_closing_the_menu_does_not_lift_a_planning_or_critical_pause
  PASS  test_toggle_pauses_when_running_and_resumes_when_paused
  PASS  test_release_all_leaves_no_menu_reason
  PASS  test_a_stale_menu_reason_is_let_go_on_bind
  PASS  test_the_hud_pause_button_pressed_while_planning_paused_resumes
  PASS  test_the_hud_pause_button_pressed_while_running_pauses
  PASS  test_a_critical_incident_raised_pauses_through_the_time_control
  PASS  test_a_warning_incident_does_not_pause
  PASS  test_the_pause_card_says_what_resume_clears
  PASS  test_the_pause_card_rises_above_an_open_pop_up
  PASS  test_the_pause_card_hides_while_asked
  PASS  test_the_pause_card_places_again_when_its_minimum_changes
  PASS  test_the_pause_card_moves_when_what_it_sits_against_moves
  PASS  test_a_refused_release_keeps_the_hold
  PASS  test_the_hud_pause_button_releasing_player_also_waives_planning
  PASS  test_an_open_planning_surface_pauses_through_the_time_control
CI_SUITE_TIME {"assertions":99,"failures":0,"suite":"test_demo_pause_ledger.gd","tests":31,"usec":89972}
test_demo_resident_cells.gd
  PASS  test_a_look_gathers_everyone_in_the_cells_it_overlaps_sorted_when_asked
  PASS  test_a_resident_is_found_in_its_new_cell_and_not_its_old
  PASS  test_a_look_never_misses_anyone_near_after_many_moves
  PASS  test_the_walkers_questions_answer_as_the_scan_over_everyone_did
  PASS  test_a_resident_come_in_round_add_resident_is_still_seen
  PASS  test_a_resident_off_a_short_sight_line_s_box_but_within_reach_still_blocks_it
  PASS  test_steps_in_a_dense_crowd_answer_as_the_scan_over_everyone_did
  PASS  test_a_step_pushed_past_its_span_is_handed_back_to_be_pushed_by_everyone
CI_SUITE_TIME {"assertions":14,"failures":0,"suite":"test_demo_resident_cells.gd","tests":8,"usec":220945}
test_demo_routes_live.gd
  PASS  test_the_previews_work_on_the_live_village_at_1280x720
  PASS  test_the_previews_work_on_the_live_village_at_1920x1080
CI_SUITE_TIME {"assertions":76,"failures":0,"suite":"test_demo_routes_live.gd","tests":2,"usec":36662347}
test_demo_sowing.gd
  PASS  test_the_south_field_is_six_more_beds_laid_from_the_start
  PASS  test_the_south_field_is_one_rectangle_clear_of_everything
  PASS  test_each_bed_starts_on_the_cycle_its_soil_can_follow
  PASS  test_stepping_a_rotation_offers_only_what_the_soil_takes
  PASS  test_the_cursor_moves_once_its_crop_has_been_in_the_bed
  PASS  test_a_wait_is_said_once_a_bed_and_entry
  PASS  test_the_policy_sows_empty_beds_in_season_within_its_budget
  PASS  test_a_refused_sowing_puts_the_choice_back
  PASS  test_the_policy_waits_for_a_window_and_says_so_once
  PASS  test_the_rotation_line_in_the_panel
  PASS  test_an_idle_hour_with_sowing_on_allocates_nothing
CI_SUITE_TIME {"assertions":1145,"failures":0,"suite":"test_demo_sowing.gd","tests":11,"usec":986390}
test_demo_tunnel_ext.gd
  PASS  test_every_day_s_climate_is_the_real_table_s
  PASS  test_ordinary_rain_falls_in_spells_of_three_days
  PASS  test_an_hour_reads_as_sky_at_exact_thresholds
  PASS  test_a_day_s_rain_falls_as_whole_shower_hours
  PASS  test_the_surface_speed_query
  PASS  test_a_frost_night_s_hours_read_as_frost
  PASS  test_a_change_of_condition_bumps_the_revision_once
  PASS  test_the_weather_speaks
  PASS  test_the_village_water_wets_the_east_stream_bank
  PASS  test_a_fixture_water_map_is_obeyed_everywhere
  PASS  test_the_authored_ground
  PASS  test_ground_cells_are_found_with_floor_division_and_clamped
  PASS  test_the_edge_wobble_is_seeded_and_bounded
  PASS  test_each_ground_s_dig_work_and_spoil
  PASS  test_the_timeline_follows_the_ground
  PASS  test_stage_spoil_and_face_on_a_mixed_timeline
  PASS  test_the_exit_ramp_breaks_out_at_its_mouth
  PASS  test_a_loam_tunnel_keeps_the_uniform_rule_exactly
  PASS  test_rock_yields_stone
  PASS  test_a_crew_rate_credits_work_exactly
  PASS  test_a_route_out_of_its_lengths_is_refused_whole
  PASS  test_progress_of_a_widening_pass
  PASS  test_who_fits_which_bore_loaded_or_not
  PASS  test_loaded_width_boundaries
  PASS  test_closing_and_reopening
  PASS  test_rain_sends_a_walker_through_a_tunnel_the_sun_does_not
  PASS  test_lanterns_and_queues_weigh_on_the_plan
  PASS  test_a_line_forms_and_moves_up
  PASS  test_a_full_line_refuses_and_prices_itself_out
  PASS  test_the_line_turns_off_an_obstacle
  PASS  test_the_crew_rate_follows_one_worker_per_face
  PASS  test_the_digging_skill_s_arithmetic
  PASS  test_rock_needs_a_breaker
  PASS  test_the_foremole_s_skill_quickens_the_crew
  PASS  test_a_crew_holds_three_besides_the_foremole
  PASS  test_skill_is_credited_to_the_face
  PASS  test_the_demo_stores_pay_all_or_nothing
  PASS  test_find_tables_at_their_boundaries
  PASS  test_each_metre_is_rolled_once_per_layer
  PASS  test_the_village_s_rock_pocket_holds_a_relic
  PASS  test_what_each_job_costs_and_takes
  PASS  test_inputs_are_paid_once_at_the_start
  PASS  test_work_moves_along_and_finishes
  PASS  test_a_pump_or_a_clearing_reopens_the_tunnel
  PASS  test_a_widening_posts_its_spoil_as_it_cuts_and_widens_the_bore
  PASS  test_jobs_on_a_freed_tunnel_are_void
  PASS  test_a_survey_counts_wet_and_weak_quanta_and_places_the_fall
  PASS  test_rain_seeps_in_warns_at_half_and_floods_at_forty_seconds
  PASS  test_a_flood_by_the_stream_seeps_four_times_as_fast
  PASS  test_crossings_strain_a_weak_bore_until_it_falls
  PASS  test_only_weak_ground_takes_a_crossing_s_strain
  PASS  test_a_long_sand_run_falls_in_its_middle_three_metres
  PASS  test_bracing_prevents_both_and_work_pauses_them
  PASS  test_a_flood_and_a_fall_close_the_tunnel_and_a_repair_resets
  PASS  test_threats_come_in_a_seeded_order
  PASS  test_the_first_threat_comes_on_its_own_after_six_game_days
  PASS  test_threats_come_about_every_nine_game_days
  PASS  test_the_flood_s_disc_and_shelters
  PASS  test_nobody_walks_past_a_tunnel_s_way_out_to_its_far_mouth
  PASS  test_an_escape_goes_through_the_nearest_tunnel_out_of_the_disc
CI_SUITE_TIME {"assertions":1334,"failures":0,"suite":"test_demo_tunnel_ext.gd","tests":60,"usec":3172285}
test_demo_work.gd
  PASS  test_six_queued_tasks_with_nobody_selected_go_to_the_right_eligible_residents
  PASS  test_an_idle_resident_takes_any_eligible_work_its_crew_allows
  PASS  test_safety_rest_and_needs_come_before_work
  PASS  test_a_rescue_interrupts_hauling_and_the_haul_resumes_exactly_once
  PASS  test_a_harvest_reassigned_at_each_phase_is_stored_once_by_its_carrier
  PASS  test_a_harvest_cancelled_in_hand_is_delivered_by_its_carrier_not_credited_at_the_cancel
  PASS  test_a_haul_reassigned_paused_and_cancelled_at_each_phase_conserves_its_wood
  PASS  test_a_bridge_reassigned_while_its_material_is_carried_is_built_once
  PASS  test_urgent_and_priority_order_what_an_idle_resident_takes
  PASS  test_task_priority_breaks_ties_before_distance
  PASS  test_crews_start_by_trade_and_the_player_edits_them
  PASS  test_presets_preview_their_changes_and_apply_whole_tables
  PASS  test_a_members_status_reads_its_brain
  PASS  test_the_order_list_adds_removes_and_reorders_up_to_eight
  PASS  test_interruptions_keep_three_and_never_push_out_the_players_queue
  PASS  test_a_queued_task_is_left_to_its_resident_and_taken_up_when_its_work_is_done
  PASS  test_the_same_schedule_has_the_same_outcome_at_one_two_and_four_times
  PASS  test_a_card_left_on_the_board_names_the_crew_first_then_anyone
  PASS  test_a_mixed_group_previews_each_members_eligibility
  PASS  test_with_the_board_claiming_the_old_routine_crews_stand_down
  PASS  test_a_farm_job_left_for_another_order_is_promised_to_its_worker
  PASS  test_a_paused_job_is_not_taken_back_by_its_worker_either
  PASS  test_a_resident_looks_at_most_thirty_two_candidates_a_pass_and_goes_on_from_its_cursor
  PASS  test_a_stale_queued_entry_does_not_take_a_new_job_in_the_same_row
  PASS  test_a_tasks_priority_is_its_own_not_its_rows
  PASS  test_a_tasks_state_says_finding_a_route_and_cant_reach_it
  PASS  test_one_farm_job_a_resident_in_the_picker_and_the_command_alike
CI_SUITE_TIME {"assertions":196,"failures":0,"suite":"test_demo_work.gd","tests":27,"usec":17577104}
test_entity_directory_batch.gd
  PASS  test_packet_capacity_refuses_before_allocation_and_accounts_every_packed_byte
  PASS  test_peek_and_revalidation_preserve_every_owner_byte_and_hide_future_refs
  PASS  test_mixed_publication_matches_ordinary_allocations_and_cannot_be_replayed
  PASS  test_frontier_matches_allocator_after_fragmentation_across_repeated_mixed_kinds
  PASS  test_single_candidate_and_batch_interleaving_revalidate_actual_history
  PASS  test_intervening_create_destroy_spends_generation_and_pid_without_rollback
  PASS  test_unrelated_retirement_leaves_an_unchanged_prefix_valid_without_an_epoch
  PASS  test_same_number_foreign_owner_expired_owner_and_null_never_qualify
  PASS  test_final_tuple_tampering_never_publishes_an_earlier_valid_prefix
  PASS  test_shrunken_storage_and_invalidated_packet_refuse_without_indexing
  PASS  test_invalid_request_and_insufficient_packet_capacity_invalidate_previous_peek
  PASS  test_typed_exhaustion_checks_the_whole_request_and_never_spends_other_kinds
  PASS  test_cap_changes_after_peek_are_rechecked_before_publication
  PASS  test_resident_storage_never_allows_more_than_the_living_cap
  PASS  test_pid_range_checks_the_last_requested_identity_before_any_write
  PASS  test_last_generation_retires_and_never_reenters_a_later_batch
  PASS  test_global_exhaustion_refuses_when_other_typed_capacity_remains
  PASS  test_input_can_alias_the_packets_own_kind_storage_without_erasing_request
  PASS  test_minimum_frontier_capacity_and_mutated_traversal_scratch_are_safe
  PASS  test_all_eighteen_kinds_keep_caller_order_and_their_independent_typed_rows
UG1086_BATCH_TIMING K=2048 packed=49228 peek_us=14759 validate_us=14729 commit_us=38986
  PASS  test_cold_2048_identity_observation_and_commit_report_unqualified_timing
CI_SUITE_TIME {"assertions":7971,"failures":0,"suite":"test_entity_directory_batch.gd","tests":21,"usec":1786947}
test_excavation_claim_batch.gd
  PASS  test_exact_fine_plan_reserves_once_before_spatial_publication_without_payment
  PASS  test_last_callback_free_guard_rejects_late_history_without_rolling_it_back
  PASS  test_late_candidate_or_input_drift_refuses_all_owner_writes
  PASS  test_replaced_actual_lease_never_allocates_room_or_releases_the_replacement
  PASS  test_foreign_valid_budget_with_coincident_token_refuses_before_copy
  PASS  test_retained_history_and_partial_capacity_cannot_create_room_or_virgin_claims
  PASS  test_sorted_index_merge_keeps_earlier_and_later_existing_histories_exact
  PASS  test_domain_comparison_requires_full_live_world_datum_and_bounds
  PASS  test_full_painted_limit_uses_one_private_copy_and_one_replayed_interval_bank
  PASS  test_source_counted_companion_lifetimes_fit_only_in_the_documented_order
CI_SUITE_TIME {"assertions":329,"failures":0,"suite":"test_excavation_claim_batch.gd","tests":10,"usec":3456963}
test_forest_root_field.gd
  PASS  test_the_field_is_the_surface_under_each_cell
  PASS  test_the_highest_surface_at_or_below_the_cap_is_kept
  PASS  test_a_root_rising_past_the_cap_is_footing_only_below_it
  PASS  test_the_field_slopes_across_z_too_and_ends_at_its_edge
  PASS  test_a_sloping_root_is_read_where_it_is
  PASS  test_the_lookup_turns_with_the_tree
  PASS  test_to_local_and_to_world_are_inverse
  PASS  test_proud_roots_become_obstacles_and_low_ones_do_not
  PASS  test_obstacles_are_capped
  PASS  test_obstacles_are_placed_with_the_tree
  PASS  test_faces_of_takes_off_the_placement_but_keeps_the_sink
  PASS  test_the_lift_stands_walkers_on_the_turned_field
  PASS  test_a_look_without_a_field_lifts_nobody
  PASS  test_root_obstacles_come_from_staged_trees_in_reach
  PASS  test_a_model_is_baked_once
  PASS  test_a_model_reloaded_from_its_file_is_not_baked_again
CI_SUITE_TIME {"assertions":56,"failures":0,"suite":"test_forest_root_field.gd","tests":16,"usec":275102}
test_haul_planner.gd
  PASS  test_the_purpose_domain_is_numbered_explicitly
  PASS  test_a_payload_is_the_carry_limit_at_the_per_lot_ceiling
  PASS  test_trips_follow_bal_work_003_and_departures_can_need_one_more
  PASS  test_travel_ticks_are_the_straight_leg_lower_bound
  PASS  test_handling_work_is_2000_each_side_and_a_tenth_less_by_a_pantry
  PASS  test_demand_walks_lots_with_unclaimed_quantity_in_list_order
  PASS  test_piles_and_left_satchels_are_standing_sources_but_stores_are_not
  PASS  test_the_destination_is_the_lowest_eligible_store_by_slot
  PASS  test_every_r1_clause_excludes_its_store
  PASS  test_a_store_anchored_on_the_source_footprint_is_skipped
  PASS  test_with_no_store_the_payload_falls_back_to_piles_on_the_ring
  PASS  test_a_pile_or_satchel_source_has_no_pile_fallback
  PASS  test_destination_selection_refuses_bad_inputs
  PASS  test_admission_sizes_claims_and_reserves_all_at_once
  PASS  test_a_refused_claim_releases_the_reserved_grams_exactly
  PASS  test_admission_refuses_by_name_and_writes_nothing
  PASS  test_nothing_left_to_haul_refuses
  PASS  test_only_the_owner_is_admitted_to_haul_a_satchel_on
  PASS  test_cancel_before_the_load_returns_claim_and_grams
  PASS  test_cancel_after_the_load_leaves_the_goods_in_the_satchel_unclaimed
  PASS  test_a_cancel_whose_grams_are_gone_refuses
  PASS  test_admit_load_unload_conserves_every_gram
  PASS  test_a_ground_destination_unloads_onto_its_tile
  PASS  test_the_record_and_scratch_are_the_ledgered_sizes
  PASS  test_the_pile_tile_is_the_first_eligible_ring_seed
  PASS  test_a_cancel_after_the_unload_cannot_take_another_jobs_grams
  PASS  test_the_audit_sees_grams_the_record_holds_but_the_store_does_not
  PASS  test_a_store_that_fills_before_the_unload_refuses_and_keeps_the_record
  PASS  test_a_ring_with_no_eligible_tile_has_no_pile_fallback
  PASS  test_the_footprint_exclusion_does_not_outlive_its_choice
  PASS  test_a_ring_whose_piles_are_full_has_no_pile_fallback
  PASS  test_a_main_stores_per_item_allow_byte_excludes_it
  PASS  test_binding_needs_every_store
CI_SUITE_TIME {"assertions":179,"failures":0,"suite":"test_haul_planner.gd","tests":33,"usec":2143574}
test_input_map.gd
  PASS  test_every_action_named_by_section_5_is_registered
  PASS  test_every_action_is_declared_by_the_project_file
  PASS  test_the_four_prototype_action_ids_are_gone
  PASS  test_pause_is_time_pause_on_space
  PASS  test_escape_belongs_to_the_dismissal_ladder_and_never_to_pause
  PASS  test_no_two_actions_share_an_exact_chord_outside_the_specified_ladders
  PASS  test_modifier_shadowing_pairs_are_exactly_the_documented_set
  PASS  test_movement_keys_use_physical_positions
  PASS  test_arrow_keys_pan_in_the_specified_directions
  PASS  test_text_editing_actions_use_logical_keys_with_both_modifiers
  PASS  test_os_reserved_chords_are_not_captured
  PASS  test_control_group_families_carry_their_specified_digits
  PASS  test_router_only_actions_are_registered_but_unbound
  PASS  test_only_the_wheel_is_bound_as_a_raw_pointer_event
  PASS  test_ui_accept_drops_the_engine_default_space_binding
  PASS  test_speed_actions_cover_one_two_and_four_with_no_third_speed
  PASS  test_the_boot_scene_consumes_time_pause_and_no_prototype_action
CI_SUITE_TIME {"assertions":606,"failures":0,"suite":"test_input_map.gd","tests":17,"usec":34413}
test_job_planner.gd
  PASS  test_a_growing_plot_receives_one_tending_service_for_its_day
  PASS  test_the_service_carries_the_rulings_priority_three_default
  PASS  test_the_service_names_its_plot_as_the_source_and_no_destination
  PASS  test_a_created_service_stays_queued_and_is_never_written_into_work
  PASS  test_a_dry_plot_declares_the_water_input_a_wet_one_does_not
  PASS  test_a_plot_in_any_state_but_growing_creates_no_work
  PASS  test_an_absent_owner_creates_no_work
  PASS  test_repeated_dirty_events_create_no_duplicate_service
  PASS  test_a_repeated_tick_creates_no_duplicate_service
  PASS  test_the_dirty_set_cannot_grow_past_one_entry_per_owner
  PASS  test_a_completed_service_blocks_a_second_one_the_same_day
  PASS  test_a_cancelled_service_is_recorded_rather_than_read_as_completed
  PASS  test_the_service_row_is_the_owner_major_index_of_the_ruling
  PASS  test_the_service_day_is_the_offset_calendars_absolute_day
  PASS  test_a_reused_owner_row_does_not_inherit_a_live_service
  PASS  test_a_worker_replacement_preserves_the_same_job_and_creates_no_second_service
  PASS  test_two_workers_cannot_spend_the_same_service_claim
  PASS  test_service_is_once_per_day_across_a_load_and_revalidation
  PASS  test_completion_history_survives_a_load_when_the_pending_row_does_not
  PASS  test_a_vanished_service_job_is_dropped_and_demand_reopens_exactly_once
  PASS  test_midnight_settles_the_preceding_day_before_opening_the_new_one
  PASS  test_midnight_recovery_resumes_demand_for_the_new_day
  PASS  test_a_stale_pending_record_does_not_absorb_todays_demand
  PASS  test_a_completed_day_does_not_block_the_next_days_service
  PASS  test_an_owner_eligible_mid_day_receives_no_retroactive_service
  PASS  test_a_boundary_inside_the_same_day_settles_nothing
  PASS  test_opening_a_day_reaches_an_owner_that_no_longer_exists
  PASS  test_midnight_releases_a_bound_worker_before_retiring_its_service
  PASS  test_capacity_exhaustion_retains_demand_and_reports_a_blocker
  PASS  test_retained_demand_never_becomes_an_unbounded_queue
  PASS  test_released_capacity_retries_the_retained_demand
  PASS  test_the_idle_sweep_alone_retries_retained_demand_within_one_period
  PASS  test_the_idle_sweep_reaches_each_owner_on_its_own_staggered_tick
  PASS  test_two_owners_hold_independent_service_rows
  PASS  test_a_planner_tick_drains_dirty_owners_before_sweeping
  PASS  test_an_externally_recorded_service_closes_the_day
  PASS  test_retiring_a_service_cancels_its_job_and_keeps_the_history
  PASS  test_every_reader_refuses_an_unaddressable_owner_or_operation
  PASS  test_the_into_readers_agree_with_their_allocating_forms
  PASS  test_clear_returns_every_row_to_the_empty_state
  PASS  test_a_confirmed_crop_requests_the_first_sowing_cycle
  PASS  test_creating_a_plot_alone_requests_no_sowing
  PASS  test_only_a_confirmation_opens_a_cycle_so_a_rotation_edit_starts_no_work
  PASS  test_confirming_refuses_a_plot_that_is_not_empty
  PASS  test_confirming_refuses_an_unknown_crop_and_an_absent_owner
  PASS  test_a_gated_cycle_publishes_one_four_wu_farm_sowing_job
  PASS  test_the_sowing_job_carries_the_rulings_priority_three_default
  PASS  test_a_published_sowing_job_is_never_written_into_work
  PASS  test_the_planner_tick_publishes_a_confirmed_cycle_through_the_dirty_set
  PASS  test_the_crop_soil_gate_refuses_with_its_own_code
  PASS  test_the_planting_window_gate_refuses_with_its_own_code
  PASS  test_the_window_gate_reads_the_offset_calendar_not_a_bare_tick_division
  PASS  test_a_plot_that_stopped_being_empty_refuses_with_its_own_code
  PASS  test_a_failed_gate_consumes_nothing
  PASS  test_a_failed_plot_stays_unsown_with_its_reason_until_its_window_opens
  PASS  test_the_storeless_seed_and_output_gates_refuse_at_selection
  PASS  test_a_repeated_confirmation_creates_no_duplicate_sowing_request
  PASS  test_a_confirmation_while_a_cycle_is_published_refuses
  PASS  test_repeated_dirty_events_create_no_duplicate_sowing_job
  PASS  test_a_reconcile_preserves_the_sowing_jobs_work_in_progress
  PASS  test_the_sowing_identity_carries_the_field_cycle_not_a_service_day
  PASS  test_a_sowing_cycle_is_not_settleable_as_a_daily_service
  PASS  test_the_field_cycle_cursor_never_reuses_an_ordinal
  PASS  test_the_field_cycle_cursor_refuses_at_the_int32_maximum
  PASS  test_a_reused_owner_row_does_not_inherit_a_confirmed_sowing_cycle
  PASS  test_midnight_neither_reopens_nor_settles_a_sowing_cycle
  PASS  test_a_waiting_sowing_request_never_blocks_a_days_settlement
  PASS  test_a_tending_service_and_a_sowing_cycle_share_an_owner_without_colliding
  PASS  test_productive_start_commits_the_seed_exactly_once
  PASS  test_a_window_that_closed_before_productive_start_commits_no_seed
  PASS  test_productive_start_refuses_without_a_published_cycle
  PASS  test_successful_completion_enters_growing_and_closes_the_cycle
  PASS  test_completion_refuses_a_plot_that_never_reached_sown
  PASS  test_a_completed_sowing_job_closes_the_cycle_and_leaves_the_crop_state_to_farming
  PASS  test_a_cancelled_sowing_job_is_recorded_rather_than_read_as_complete
  PASS  test_pre_commitment_cancellation_leaves_the_plot_empty_with_no_seed_loss
  PASS  test_pre_commitment_cancellation_releases_a_bound_worker
  PASS  test_post_commitment_cancellation_refuses_and_names_the_other_regime
  PASS  test_cancelling_without_a_request_refuses_by_name
  PASS  test_a_held_request_can_be_cancelled_before_it_ever_publishes
  PASS  test_capacity_exhaustion_retains_the_sowing_cycle_and_reports_a_blocker
  PASS  test_released_capacity_republishes_the_same_field_cycle
  PASS  test_a_vanished_sowing_job_is_dropped_on_load_and_the_owner_must_confirm_again
  PASS  test_the_sowing_readers_refuse_rather_than_answer_for_an_absent_request
  PASS  test_the_sowing_into_readers_agree_with_their_allocating_forms
  PASS  test_clear_returns_the_sowing_columns_to_the_empty_state
  PASS  test_the_gate_reader_answers_every_evaluable_gate_without_side_effects
  PASS  test_the_gate_reader_refuses_an_unaddressable_owner_or_a_negative_tick
  PASS  test_productive_start_distinguishes_never_published_from_a_vanished_job
  PASS  test_the_idle_sweep_reaches_a_sowing_row_whose_plot_no_longer_exists
  PASS  test_a_retired_row_keeps_no_residue_of_the_cycle_it_carried
  PASS  test_a_retired_tending_service_row_is_clear_as_well
  PASS  test_enabling_a_valid_designation_activates_repeat_harvest_demand
  PASS  test_a_generated_basin_alone_creates_no_harvest_demand
  PASS  test_enabling_demand_on_a_basin_itself_is_refused
  PASS  test_a_zone_of_another_type_is_refused
  PASS  test_a_disabled_designation_is_refused
  PASS  test_a_protected_designation_is_refused
  PASS  test_a_designation_bound_to_no_existing_basin_is_refused
  PASS  test_a_stale_zone_reference_is_refused
  PASS  test_a_second_enable_on_the_same_designation_is_refused
  PASS  test_work_is_created_against_an_explicitly_quantified_claim
  PASS  test_the_quantified_amount_is_forages_own_admissibility_bound
  PASS  test_the_harvest_carries_the_rulings_priority_three_default
  PASS  test_a_created_harvest_stays_queued_and_is_never_written_into_work
  PASS  test_the_harvest_names_its_designation_as_the_source_and_no_destination
  PASS  test_the_output_space_gate_cannot_be_answered_and_refuses_at_selection
  PASS  test_the_work_total_is_section_five_fives_formula_at_the_unskilled_level
  PASS  test_the_same_available_quantity_is_not_reserved_twice
  PASS  test_the_aggregate_quota_is_spent_once_across_the_five_kinds
  PASS  test_a_wider_quota_publishes_one_harvest_for_each_available_kind
  PASS  test_a_dormant_kind_creates_no_work
  PASS  test_a_basin_without_that_patch_refuses
  PASS  test_the_dangerous_flag_is_derived_from_the_designations_own_danger
  PASS  test_the_dangerous_flag_reads_the_designation_not_its_basin
  PASS  test_the_dangerous_flag_is_recomputed_when_the_zones_danger_changes
  PASS  test_the_consent_check_itself_is_not_duplicated_here
  PASS  test_midnight_neither_settles_nor_reopens_forage_demand
  PASS  test_a_pending_harvest_does_not_block_the_daily_service_boundary
  PASS  test_the_forage_operation_is_not_a_daily_service_operation
  PASS  test_the_day_boundary_marks_designations_for_the_new_days_allowance
  PASS  test_a_live_harvest_answers_pending_rather_than_an_empty_ecology
  PASS  test_a_stale_claim_on_a_reused_job_row_refuses_and_publishes_nothing
  PASS  test_repeated_enable_and_dirty_events_create_one_harvest
  PASS  test_the_zone_dirty_set_is_idempotent_and_bounded
  PASS  test_a_completed_harvest_settles_and_repeat_demand_publishes_again
  PASS  test_a_cancelled_harvest_is_recorded_and_its_claim_released
  PASS  test_a_destroyed_designation_leaves_no_job_and_no_claim_behind
  PASS  test_a_reused_zone_row_does_not_inherit_the_previous_demand
  PASS  test_disabling_stops_new_work_and_retains_the_outstanding_harvest
  PASS  test_disabling_a_designation_that_carries_no_demand_is_refused
  PASS  test_forage_capacity_exhaustion_retains_demand_and_reports_a_blocker
  PASS  test_retained_forage_demand_never_becomes_an_unbounded_queue
  PASS  test_released_capacity_retries_the_retained_forage_demand
  PASS  test_a_refused_gate_leaves_quota_and_stock_byte_identical
  PASS  test_a_capacity_refusal_leaves_quota_and_stock_byte_identical
  PASS  test_the_demand_row_is_the_owner_major_index_of_the_patch_block
  PASS  test_the_stored_blocker_and_the_returned_refusal_cannot_drift
  PASS  test_publishing_clears_the_reason_a_previous_gate_left
  PASS  test_abandoning_a_vanished_designation_clears_every_retained_reason
  PASS  test_the_gate_question_answers_without_publishing_anything
  PASS  test_the_gate_question_reports_every_blocker_in_its_domain
  PASS  test_the_quantity_question_refuses_rather_than_answering_zero
  PASS  test_a_free_demand_row_has_no_quantified_claim_to_report
  PASS  test_no_production_order_is_created_for_repeat_harvest_demand
  PASS  test_the_work_total_is_computed_at_level_zero_where_the_level_changes_it
  PASS  test_two_designations_address_their_own_demand_rows
  PASS  test_an_operational_hive_receives_one_twenty_wu_keep_service_for_its_day
  PASS  test_the_hive_service_job_names_its_hive_as_the_work_source
  PASS  test_exactly_one_service_is_created_per_hive_per_eligible_day
  PASS  test_a_completed_hive_service_blocks_a_second_one_the_same_day
  PASS  test_the_service_reopens_on_the_next_service_day
  PASS  test_winter_creates_no_tending_labor_job
  PASS  test_every_non_winter_day_of_the_year_creates_a_service_and_every_winter_day_none
  PASS  test_winter_records_the_feed_delivery_demand_as_state_and_no_delivery_job
  PASS  test_a_spring_day_records_no_feed_demand
  PASS  test_an_abandoned_hive_creates_no_service
  PASS  test_an_empty_hive_row_creates_no_service
  PASS  test_a_hive_becoming_operational_mid_day_receives_no_retroactive_service
  PASS  test_the_colonisation_day_itself_is_already_recorded_as_serviced
  PASS  test_midnight_settles_an_unserved_hive_service_and_cancels_its_job
  PASS  test_the_day_boundary_refuses_to_open_over_an_unsettled_hive_day
  PASS  test_capacity_exhaustion_retains_hive_demand_and_reports_a_blocker
  PASS  test_a_load_drops_a_hive_row_whose_job_no_longer_resolves
  PASS  test_a_hive_service_records_both_halves_of_its_owners_entity_ref
  PASS  test_a_reused_hive_row_with_a_matching_generation_is_still_not_inherited
  PASS  test_retiring_a_hive_service_cancels_its_job_and_clears_its_feed_demand
  PASS  test_record_hive_service_completed_is_the_seam_for_work_done_elsewhere
  PASS  test_a_worker_replacement_preserves_the_same_hive_job_and_its_work
  PASS  test_repeated_dirty_marks_on_one_hive_add_one_entry
  PASS  test_run_tick_creates_the_hive_service_through_the_drain
  PASS  test_the_idle_sweep_reaches_a_hive_within_one_stagger_period
  PASS  test_the_hive_operation_is_a_daily_service_and_rotation_is_not
  PASS  test_no_operation_outside_the_domain_reports_as_a_daily_service
  PASS  test_the_hive_gate_composition_agrees_with_the_owning_stores_predicate
  PASS  test_the_hive_gate_question_creates_nothing
  PASS  test_every_hive_blocker_maps_to_exactly_one_refusal_code
  PASS  test_the_hive_into_readers_agree_with_their_allocating_forms
  PASS  test_every_hive_reader_refuses_an_unaddressable_slot
  PASS  test_a_free_hive_row_refuses_its_service_day_rather_than_answering_zero
  PASS  test_the_hive_service_row_is_the_hives_own_typed_row
  PASS  test_the_planner_services_the_hives_of_the_store_it_was_given
  PASS  test_a_reused_plot_row_does_not_inherit_the_previous_plots_tending_service
  PASS  test_a_reused_plot_row_does_not_inherit_the_previous_plots_sowing_request
  PASS  test_the_day_boundary_does_not_retire_a_service_belonging_to_the_day_it_opens
  PASS  test_a_missed_midnight_does_not_let_yesterdays_hive_row_absorb_todays_demand
  PASS  test_a_hive_row_holding_a_service_is_not_reported_as_clear
  PASS  test_the_hive_sweep_reaches_every_slot_of_its_stagger_exactly_once_per_period
CI_SUITE_TIME {"assertions":2121,"failures":0,"suite":"test_job_planner.gd","tests":188,"usec":12870317}
test_job_planner_columns.gd
  PASS  test_empty_copy_and_restore_have_exact_wire_and_payload
  PASS  test_all35_ordinals_match_registry_and_owner_fields
  PASS  test_group_shape_null_and_extent_errors_refuse_before_indexing
  PASS  test_capture_refuses_native_count_and_derived_inconsistency
  PASS  test_invalid_domain_lists_and_tail_restore_are_atomic
  PASS  test_stale_job_reference_survives_roundtrip_and_reconciles_normally
  PASS  test_resolving_wrong_kind_and_wrong_owner_row_refuse
  PASS  test_exact_dirty_order_reproduces_future_job_ids_and_empty_membership
  PASS  test_export_and_restore_are_independent_of_caller_buffers
  PASS  test_barrier_and_participant_precedence_preserve_owner
  PASS  test_malformed_codec_targets_and_reused_records_refuse_atomically
  PASS  test_mixed_actual_owners_restore_counters_claims_and_diagnostic_reset
  PASS  test_source_short_columns_and_derived_buffers_refuse_safely
  PASS  test_capture_rejects_resolving_reference_of_wrong_kind
  PASS  test_diagnostic_image_covers_every_nonobject_owner_member
  PASS  test_diagnostic_image_framing_order_and_distinct_diagnostics
  PASS  test_staged_capture_source_error_precedes_malformed_output
CI_SUITE_TIME {"assertions":750,"failures":0,"suite":"test_job_planner_columns.gd","tests":17,"usec":3376078}
test_jobs.gd
  PASS  test_job_kind_and_job_state_numbers_match_the_protected_catalog_table
  PASS  test_the_published_cadence_budget_and_bucket_constants_are_the_specified_numbers
  PASS  test_jobs_allocate_through_the_directorys_reserved_job_arena
  PASS  test_a_new_job_carries_the_registry_defaults
  PASS  test_create_refuses_the_reserved_job_kind_and_every_out_of_domain_argument
  PASS  test_destroy_clears_the_row_and_returns_the_directory_slot
  PASS  test_the_store_fills_and_then_refuses_at_the_8192_row_capacity
  PASS  test_state_and_gate_writes_refuse_values_outside_their_enums
  PASS  test_a_job_reference_column_accepts_only_null_or_a_live_reference
  PASS  test_job_agent_is_one_row_per_resident_indexed_by_the_resident_slot
  PASS  test_an_idle_agent_refuses_a_phase_rather_than_returning_a_plausible_queued
  PASS  test_the_unimplemented_agent_columns_are_allocated_zero_and_never_written
  PASS  test_assigning_a_worker_binds_both_sides_and_moves_the_job_to_reserved
  PASS  test_assignment_refuses_a_busy_agent_a_taken_job_and_a_job_that_is_not_queued
  PASS  test_worker_departure_releases_the_assignment_and_leaves_job_progress_intact
  PASS  test_destroying_a_worked_job_or_despawning_a_busy_agent_refuses
  PASS  test_step1_a_dead_resident_takes_no_job
  PASS  test_step1_an_incapacitated_resident_is_rescued_rather_than_put_to_work
  PASS  test_step1_rest_at_or_below_500_cancels_ordinary_work
  PASS  test_step2_a_sleep_or_social_hour_forbids_work_and_anything_permits_it
  PASS  test_step2_an_unresolved_activity_refuses_instead_of_assuming_work
  PASS  test_step3_a_forbidden_job_kind_priority_excludes_every_job_of_that_kind
  PASS  test_step4_a_blocked_station_tool_or_unlock_gate_excludes_the_job
  PASS  test_step4_a_job_demanding_more_skill_than_the_resident_has_is_excluded
  PASS  test_required_skill_is_a_minimum_level_tested_one_below_exactly_equal_and_one_above
  PASS  test_a_required_skill_of_zero_means_no_minimum_experience_at_all
  PASS  test_a_required_skill_outside_zero_to_ten_is_an_invalid_definition_and_is_refused
  PASS  test_party_members_are_checked_individually_not_against_a_crew_average
  PASS  test_step5_a_dangerous_job_needs_the_residents_recorded_consent
  PASS  test_step5_the_req_set_015_hazard_latch_holds_between_500_and_4000_rest
  PASS  test_a_selection_pass_refreshes_the_hazard_latch_itself
  PASS  test_step6_a_job_with_incomplete_inputs_is_excluded
  PASS  test_a_job_already_worked_or_out_of_the_queue_is_not_a_candidate
  PASS  test_a_gate_whose_subsystem_cannot_answer_refuses_instead_of_reading_as_satisfied
  PASS  test_commitment_revalidates_the_gates_rather_than_trusting_the_nomination
  PASS  test_commitment_refuses_a_resident_whose_own_state_moved_since_the_nomination
  PASS  test_the_five_urgency_buckets_are_consumed_in_ascending_order
  PASS  test_bucket_2_applies_only_while_the_projected_reserve_is_under_two_days
  PASS  test_the_urgency_bucket_outranks_the_whole_within_bucket_sort_key
  PASS  test_sort_term_1_player_priority_decides_between_otherwise_identical_candidates
  PASS  test_sort_term_2_job_priority_decides_when_the_player_priority_ties
  PASS  test_sort_term_3_skill_level_is_descending_and_decides_when_both_priorities_tie
  PASS  test_sort_term_5_created_tick_decides_when_priorities_and_skill_all_tie
  PASS  test_sort_term_6_job_id_breaks_a_complete_tie_and_makes_the_order_total
  PASS  test_the_sort_terms_are_applied_in_the_specified_order_not_a_permuted_one
  PASS  test_the_stagger_offset_is_the_residents_persistent_id_modulo_thirty
  PASS  test_residents_evaluate_on_different_ticks_rather_than_all_at_once
  PASS  test_two_residents_thirty_ids_apart_share_a_tick_because_the_stagger_is_modular
  PASS  test_an_evaluation_off_the_staggered_tick_refuses_rather_than_running_early
  PASS  test_a_resident_already_holding_a_job_is_never_reevaluated
  PASS  test_a_queue_shorter_than_the_budget_needs_no_continuation_at_all
  PASS  test_a_pass_examines_at_most_thirty_two_candidates_across_every_bucket_it_touches
  PASS  test_the_continuation_resumes_the_next_pass_instead_of_restarting_at_bucket_zero
  PASS  test_the_budget_never_changes_eligibility_only_when_a_candidate_is_reached
  PASS  test_an_empty_queue_refuses_explicitly_rather_than_returning_a_sentinel_slot
  PASS  test_a_rescue_behind_more_than_thirty_two_cosmetic_jobs_is_still_found
  PASS  test_higher_urgency_work_appearing_during_a_continued_scan_invalidates_it
  PASS  test_lower_urgency_work_appearing_during_a_continued_scan_leaves_it_alone
  PASS  test_deleting_a_job_before_the_continuation_point_does_not_change_what_it_means
  PASS  test_more_than_thirty_two_higher_urgency_candidates_that_all_fail_eligibility
  PASS  test_the_continuation_key_is_deterministic_across_two_identically_built_worlds
  PASS  test_a_newly_created_job_invalidates_a_continuation_that_descended_below_it
  PASS  test_a_job_returning_to_the_queue_invalidates_a_lower_bucket_continuation
  PASS  test_a_job_restored_to_queued_state_invalidates_a_lower_bucket_continuation
  PASS  test_danger_being_lifted_invalidates_a_lower_bucket_continuation
  PASS  test_the_two_day_reserve_condition_invalidates_a_continuation_below_bucket_two
  PASS  test_a_food_job_is_still_enumerated_as_ordinary_work_while_stocks_are_fine
  PASS  test_a_job_becoming_available_behind_the_continuation_point_invalidates_it
  PASS  test_the_live_index_is_ordered_by_urgency_bucket_and_then_by_persistent_id
  PASS  test_a_resumed_pass_starts_after_the_last_job_it_examined_not_on_it
  PASS  test_clear_returns_both_stores_to_their_empty_state
  PASS  test_every_reader_refuses_an_absent_row_instead_of_answering_with_a_default
  PASS  test_a_coordinator_cannot_be_selected_by_a_resident
  PASS  test_a_resident_is_selected_onto_the_member_and_not_the_coordinator
  PASS  test_a_coordinator_refuses_a_worker_binding
  PASS  test_a_worked_job_cannot_become_a_coordinator
  PASS  test_a_member_may_not_hold_shared_progress
  PASS  test_shared_progress_lives_in_exactly_one_row
  PASS  test_consuming_more_than_a_job_holds_is_refused
  PASS  test_member_enumeration_walks_every_member_once
  PASS  test_a_coordinator_with_members_refuses_destruction
  PASS  test_departure_releases_the_assignment_and_leaves_the_party_intact
  PASS  test_a_job_may_not_coordinate_itself_or_join_twice
  PASS  test_clearing_a_coordinator_link_restores_an_ordinary_job
  PASS  test_resident_may_work_into_preserves_step_one_and_wrapper_references
  PASS  test_the_into_identity_read_answers_exactly_what_the_allocating_one_does
  PASS  test_the_into_identity_read_refuses_an_address_it_cannot_answer
  PASS  test_a_despawned_agents_identity_is_not_readable_from_its_old_row
  PASS  test_the_into_tool_gate_read_agrees_with_the_allocating_one_on_every_gate_value
  PASS  test_the_into_tool_gate_read_refuses_an_address_it_cannot_answer
  PASS  test_a_destroyed_jobs_tool_gate_stops_answering_rather_than_reading_zero
  PASS  test_the_into_tool_gate_read_allocates_nothing_across_a_tick_of_calls
  PASS  test_the_into_tool_gate_read_costs_less_than_the_allocating_one_per_call
CI_SUITE_TIME {"assertions":3831,"failures":0,"suite":"test_jobs.gd","tests":93,"usec":5514064}
test_jobs_columns.gd
  PASS  test_section_four_column_order_matches_the_canonical_registry_artifact
  PASS  test_section_five_column_order_matches_the_canonical_registry_artifact
  PASS  test_the_two_sections_do_not_share_a_column
  PASS  test_a_populated_store_round_trips_into_a_different_instance
  PASS  test_the_ordered_live_index_is_rebuilt_in_the_same_order
  PASS  test_every_released_job_row_passes_the_stores_own_residue_check
  PASS  test_membership_order_survives_verbatim
  PASS  test_the_worker_binding_survives_in_both_directions
  PASS  test_a_restored_continuation_is_still_invalidated_by_a_later_admission
  PASS  test_an_empty_columns_object_matches_a_cleared_store
  PASS  test_a_short_column_refuses_on_shape
  PASS  test_a_reserved_job_kind_refuses
  PASS  test_an_out_of_domain_gate_byte_refuses
  PASS  test_an_urgency_outside_the_five_buckets_refuses
  PASS  test_a_negative_work_total_refuses_and_the_test_proves_it_is_negative
  PASS  test_a_negative_agent_phase_refuses
  PASS  test_a_negative_creation_tick_refuses
  PASS  test_a_job_occupancy_byte_that_is_neither_zero_nor_one_refuses
  PASS  test_residue_on_a_released_job_row_refuses
  PASS  test_a_job_reference_the_directory_does_not_honour_refuses
  PASS  test_an_agent_on_an_absent_resident_refuses
  PASS  test_a_non_zero_reserved_agent_column_refuses
  PASS  test_residue_on_a_released_agent_row_refuses
  PASS  test_a_job_whose_worker_does_not_hold_it_refuses
  PASS  test_an_agent_holding_a_job_that_names_another_worker_refuses
  PASS  test_two_jobs_claiming_one_worker_refuse
  PASS  test_a_job_naming_a_worker_who_has_no_agent_row_refuses
  PASS  test_a_cyclic_member_chain_refuses_instead_of_hanging
  PASS  test_a_member_missing_from_every_chain_refuses
  PASS  test_a_chain_head_on_a_job_that_is_not_a_coordinator_refuses
  PASS  test_a_column_refusal_does_not_touch_the_operation_channel
  PASS  test_every_published_column_refusal_code_is_prefixed
CI_SUITE_TIME {"assertions":257,"failures":0,"suite":"test_jobs_columns.gd","tests":32,"usec":5173973}
test_memory_ledger_probe.gd
  PASS  test_element_calibration_confirms_the_ledgers_byte_model
  PASS  test_array_elements_cost_more_than_the_ledger_assumes
  PASS  test_the_walk_builds_exactly_one_of_each_store
  PASS  test_duplicate_instances_names_a_script_measured_twice
  PASS  test_the_shared_directory_is_measured_once_though_many_stores_hold_it
  PASS  test_directory_columns_are_measured_from_their_own_size
  PASS  test_static_navigation_map_measures_its_declared_row
  PASS  test_named_column_filter_excludes_columns_it_was_not_given
  PASS  test_a_star_builder_and_route_arena_match_their_rows
  PASS  test_scheduler_queue_packed_payload_is_short_of_its_declared_row
  PASS  test_presentation_snapshot_matches_its_declared_row_exactly
  PASS  test_lazily_loaded_catalog_allocates_nothing_at_construction
  PASS  test_string_columns_are_reported_apart_from_the_packed_total
  PASS  test_empty_string_slots_are_measured_not_assumed
  PASS  test_transcribed_rows_reproduce_the_printed_payload
  PASS  test_every_transcribed_owner_is_a_script_that_exists
CI_SUITE_TIME {"assertions":109,"failures":0,"suite":"test_memory_ledger_probe.gd","tests":16,"usec":5816651}
test_milestones.gd
  PASS  test_the_protected_domain_carries_exactly_the_five_bal_cat_002_ordinals
  PASS  test_milestone_is_protected_and_refuses_a_recompile
  PASS  test_a_sparse_mask_locks_an_earlier_milestone
  PASS  test_the_highest_ordinal_is_never_the_gate_for_any_sparse_mask
  PASS  test_the_initial_mask_earns_m0_and_nothing_else
  PASS  test_m4_is_a_valid_id_and_bit_sixteen
  PASS  test_an_unknown_ordinal_refuses_rather_than_reading_as_unlocked
  PASS  test_reserved_bits_and_negative_masks_are_refused
  PASS  test_an_empty_mask_is_unbound_progress_and_never_a_fabricated_m0_world
  PASS  test_an_award_commits_once
  PASS  test_award_refuses_an_unknown_or_illegal_input
  PASS  test_earned_count_counts_set_bits_only
  PASS  test_the_two_published_masks_must_agree
  PASS  test_start_normalizes_to_m0_at_source_import_only
  PASS  test_bit_of_refuses_outside_the_domain_and_never_returns_a_usable_zero
  PASS  test_key_of_consults_the_protected_table_rather_than_the_range
  PASS  test_unlock_gate_separates_locked_from_invalid
CI_SUITE_TIME {"assertions":121,"failures":0,"suite":"test_milestones.gd","tests":17,"usec":9793}
test_modular_spatial_outputs.gd
  PASS  test_actual_router_commits_outputs_on_distinct_stacked_locations
  PASS  test_surface_alias_and_stale_payload_refuse_before_payment
  PASS  test_commit_time_spatial_failure_restores_all_actual_owners_then_retries
  PASS  test_existing_spatial_pile_accepts_another_paid_output_without_repromotion
  PASS  test_zero_input_cancel_retires_only_owned_empty_staging_and_keeps_source_claims
  PASS  test_positive_cancel_refund_promotes_actual_spatial_destination
  PASS  test_positive_refund_support_refusal_restores_receipts_goods_and_loss_until_retry
  PASS  test_spatial_cancellation_retains_another_purposes_actual_input_claims
CI_SUITE_TIME {"assertions":415,"failures":0,"suite":"test_modular_spatial_outputs.gd","tests":8,"usec":1055093}
test_needs_columns.gd
  PASS  test_column_order_matches_the_canonical_registry_artifact
  PASS  test_the_three_order_tables_are_the_same_length
  PASS  test_a_populated_store_round_trips_into_a_different_instance
  PASS  test_a_released_rows_retained_bytes_survive_and_no_reader_can_see_them
  PASS  test_a_dead_but_present_row_survives_as_present_and_not_living
  PASS  test_an_empty_columns_object_matches_a_cleared_store
  PASS  test_a_short_column_refuses_on_shape
  PASS  test_an_out_of_domain_status_byte_refuses
  PASS  test_a_need_above_ten_thousand_refuses
  PASS  test_a_negative_health_refuses_and_the_test_proves_it_is_negative
  PASS  test_a_remainder_at_its_denominator_refuses
  PASS  test_the_remainder_bound_is_exclusive_on_both_ends
  PASS  test_a_negative_starvation_clock_refuses
  PASS  test_an_occupancy_byte_that_is_neither_zero_nor_one_refuses
  PASS  test_a_boolean_input_column_holding_two_refuses
  PASS  test_a_clothing_tier_of_zero_refuses
  PASS  test_a_free_row_carrying_a_live_value_refuses
  PASS  test_a_free_row_that_is_not_dead_refuses
  PASS  test_more_than_the_cap_of_living_residents_refuses
  PASS  test_exactly_the_cap_of_living_residents_is_accepted
  PASS  test_a_column_refusal_does_not_touch_the_operation_channel
  PASS  test_every_published_column_refusal_code_is_prefixed
  PASS  test_a_successful_restore_clears_the_column_refusal
  PASS  test_a_restored_store_integrates_exactly_as_the_source_does
CI_SUITE_TIME {"assertions":149,"failures":0,"suite":"test_needs_columns.gd","tests":24,"usec":154416}
test_reservations.gd
  PASS  test_connector_input_entry_requires_typed_bound_settlement_before_any_journal
  PASS  test_claim_metadata_mutation_observes_only_its_actual_inventory_transaction
  PASS  test_indexing_allocation_matches_the_decision_0019_budget
  PASS  test_capacity_requests_are_clamped_to_the_specified_maxima
  PASS  test_recipe_reserves_across_five_or_more_lots
  PASS  test_one_job_may_claim_far_more_lots_than_four
  PASS  test_job_list_is_iterated_in_canonical_lot_order
  PASS  test_rows_come_from_the_lowest_free_index
  PASS  test_freed_rows_return_to_the_pool
  PASS  test_clear_returns_every_row_to_the_pool
  PASS  test_identical_job_lot_purpose_claims_coalesce_into_one_row
  PASS  test_a_different_purpose_or_job_gets_its_own_row
  PASS  test_coalescing_keeps_the_later_expiry_and_never_the_earlier
  PASS  test_pool_exhaustion_refuses_explicitly_with_no_partial_reservations
  PASS  test_a_full_pool_still_accepts_a_batch_that_only_coalesces
  PASS  test_a_batch_that_outruns_one_lot_reserves_nothing
  PASS  test_an_invalid_lot_anywhere_in_the_batch_voids_the_whole_batch
  PASS  test_reserved_milli_equals_the_sum_of_active_rows
  PASS  test_audit_catches_a_reserved_total_that_drifts
  PASS  test_audit_reports_a_healthy_pool_and_counts_its_rows
  PASS  test_audit_bites_on_structural_corruption
  PASS  test_a_release_refuses_when_the_inventory_no_longer_covers_the_rows
  PASS  test_a_claim_is_never_found_under_the_wrong_job_generation
  PASS  test_spoiling_a_reserved_lot_releases_every_claim_in_stable_order
  PASS  test_a_lot_consumed_to_nothing_leaves_droppable_rows
  PASS  test_replacing_a_party_member_leaves_the_coordinator_claims_intact
  PASS  test_cancelling_the_coordinator_releases_only_the_shared_claims
  PASS  test_releasing_a_job_with_no_claims_is_not_a_refusal
  PASS  test_two_logically_identical_worlds_serialize_identically
  PASS  test_a_different_claim_changes_the_image
  PASS  test_expired_claims_release_and_live_ones_survive
  PASS  test_renewal_only_ever_extends_a_lease
  PASS  test_batch_refuses_an_unusable_job_reference
  PASS  test_batch_refuses_malformed_input
  PASS  test_batch_refuses_to_join_an_open_inventory_transaction
  PASS  test_a_reused_job_slot_refuses_until_the_old_claims_are_released
  PASS  test_a_null_inventory_is_refused_rather_than_dereferenced
  PASS  test_releasing_an_unknown_claim_is_an_explicit_refusal
  PASS  test_claim_expiry_is_reported_without_a_sentinel
  PASS  test_row_accessors_refuse_an_inactive_row
  PASS  test_foreign_inventory_refuses_all_reservation_mutation_doors_before_changes
  PASS  test_failed_claim_does_not_bind_and_empty_bound_pool_never_switches_world
  PASS  test_inventory_aware_restore_binds_only_success_and_rejects_foreign_recovery
  PASS  test_save_adapter_passes_actual_inventory_binding_before_restore_publication
  PASS  test_expired_weak_inventory_binding_never_licenses_a_new_world
CI_SUITE_TIME {"assertions":467,"failures":0,"suite":"test_reservations.gd","tests":45,"usec":3637447}
test_resident_stage.gd
  PASS  test_no_debt_draws_the_committed_tick_exactly
  PASS  test_part_of_a_tick_is_that_part_of_the_way
  PASS  test_whole_owed_ticks_fall_out_of_the_numerator
  PASS  test_a_numerator_can_never_be_negative
  PASS  test_a_stage_draws_nothing_until_it_is_attached
  PASS  test_attaching_without_a_resident_store_refuses
  PASS  test_attaching_without_a_pose_store_refuses_instead_of_building_one
  PASS  test_attaching_borrows_the_exact_store_it_was_handed
  PASS  test_the_authored_crowd_mesh_is_the_one_that_ships
  PASS  test_a_frame_draws_one_instance_per_living_resident
  PASS  test_a_frame_before_attachment_draws_nothing_and_does_not_refuse
  PASS  test_detaching_stops_drawing_and_drops_the_borrowed_store
  PASS  test_the_fallback_box_is_anchored_on_the_one_metre_mouse
CI_SUITE_TIME {"assertions":110,"failures":0,"suite":"test_resident_stage.gd","tests":13,"usec":754721}
test_resource_claim_columns.gd
  PASS  test_defaults_sparse_last_row_and_independent_arrays_are_exact
  PASS  test_all_caller_and_live_shapes_refuse_without_indexing
  PASS  test_other_section_aggregates_scratch_and_order_keys_are_never_rebuilt
  PASS  test_payload_domains_and_inactive_blanks_refuse_on_both_paths
  PASS  test_source_count_and_old_payload_refusal_rules_are_distinct
  PASS  test_table_wide_flags_precede_earlier_row_payload_errors
  PASS  test_maximum_ref_and_quantity_fields_are_preserved_without_typed_row_clamp
  PASS  test_null_records_and_successful_capture_clear_diagnostic
  PASS  test_adapter_gate_precedence_preserves_owner_block_and_clock
  PASS  test_adapter_every_group_extent_and_metadata_shape_is_total
  PASS  test_adapter_forwards_codec_and_stronger_owner_refusals_atomically
  PASS  test_adapter_literal_mapping_recapture_and_independent_containers
  PASS  test_six_complete_literal_owner_wire_goldens
  PASS  test_public_claims_continue_after_structural_slice_only_restore
  PASS  test_real_stale_claims_survive_slice_restore_until_normal_purge
  PASS  test_reused_expedition_identity_continues_exactly_after_slice_restore
  PASS  test_checker_accepts_real_stale_claim_snapshots_before_exact_restore_and_normal_cleanup
CI_SUITE_TIME {"assertions":1698,"failures":0,"suite":"test_resource_claim_columns.gd","tests":17,"usec":14709717}
test_resource_nodes.gd
  PASS  test_tile_index_is_z_times_128_plus_x
  PASS  test_tile_index_refuses_a_coordinate_off_the_grid
  PASS  test_tile_index_round_trips_through_its_decoders
  PASS  test_tile_centre_is_the_gdd_simulation_unit_conversion
  PASS  test_tile_decoders_refuse_an_off_grid_index
  PASS  test_a_placed_node_carries_every_gdd_4_2_field
  PASS  test_tile_lookup_finds_the_node_and_leaves_every_other_tile_empty
  PASS  test_a_second_node_on_one_tile_is_refused_not_overwritten
  PASS  test_destroying_a_node_frees_its_tile_for_a_replacement
  PASS  test_create_refuses_every_unstorable_argument_without_allocating
  PASS  test_capacity_refuses_the_four_thousand_ninety_seventh_node
  PASS  test_the_live_list_stays_ascending_across_a_removal
  PASS  test_harvest_cannot_take_more_than_the_node_holds
  PASS  test_partial_harvests_debit_exactly_what_was_asked
  PASS  test_harvest_refuses_a_non_positive_amount_and_a_day_before_day_one
  PASS  test_felling_debits_once_and_dates_the_stump
  PASS  test_a_reference_to_a_destroyed_node_is_refused_after_its_slot_is_reused
  PASS  test_a_reference_of_another_kind_cannot_destroy_a_node
  PASS  test_readers_refuse_a_row_that_holds_no_node
  PASS  test_regrowth_completes_on_the_stated_calendar_day_and_not_before
  PASS  test_a_regrown_node_can_be_felled_again_and_dated_anew
  PASS  test_a_node_with_no_regrow_period_never_returns
  PASS  test_regrowth_refuses_a_node_that_is_not_exhausted
  PASS  test_regrowth_refuses_an_int32_overflow_of_the_maturity_date
  PASS  test_the_into_forms_write_the_same_answers_without_a_new_result
  PASS  test_clear_empties_every_row_and_every_tile
  PASS  test_a_shared_directory_is_not_cleared_by_this_store
  PASS  test_the_module_constants_transcribe_decision_0029
  PASS  test_the_stone_deposit_is_sixteen_full_nodes_on_its_stated_tiles
  PASS  test_the_iron_deposit_is_sixteen_full_nodes_on_its_stated_tiles
  PASS  test_a_deposit_touches_no_tile_outside_its_own_footprint
  PASS  test_deposit_nodes_are_created_in_ascending_tile_index_order
  PASS  test_both_deposits_take_thirty_two_of_the_four_thousand_ninety_six_rows
  PASS  test_a_deposit_replaces_a_tree_on_its_footprint_without_stranding_the_row
  PASS  test_a_deposit_refuses_a_foreign_occupant_and_changes_nothing
  PASS  test_a_deposit_refuses_a_footprint_that_leaves_the_grid
  PASS  test_a_deposit_refuses_every_unstorable_field_without_placing_a_node
  PASS  test_a_deposit_reserves_its_rows_before_it_fells_anything
  PASS  test_each_deposit_node_exhausts_independently_of_the_other_fifteen
CI_SUITE_TIME {"assertions":637,"failures":0,"suite":"test_resource_nodes.gd","tests":39,"usec":2384889}
test_room_footprint_packed.gd
  PASS  test_every_four_by_four_subset_matches_unchanged_contour_semantics
  PASS  test_original_refusal_precedence_is_unchanged
  PASS  test_signed_extremes_and_huge_sparse_spans_keep_exact_neighbors
  PASS  test_packed_allocation_is_exact_and_invalid_requests_allocate_nothing
  PASS  test_full_existing_capacity_and_long_staircase_do_not_inherit_477_cell_limit
  PASS  test_repeated_rotated_and_reflected_queries_never_reuse_visited_state
  PASS  test_multiple_holes_and_connected_corridors_match_contour_count
ROOM_FOOTPRINT_PACKED cells=16384 packed_bytes=212992 capacity_scalar_bytes=8 four_calls_usec=245174
  PASS  test_full_capacity_cold_timing_is_reported_without_a_budget_claim
CI_SUITE_TIME {"assertions":196768,"failures":0,"suite":"test_room_footprint_packed.gd","tests":8,"usec":5282561}
test_room_layout.gd
  PASS  test_unbound_sources_and_unbound_construction_fail_closed
  PASS  test_layout_preview_and_staging_are_non_authoritative
  PASS  test_unknown_or_forbidden_furniture_is_refused
  PASS  test_an_unfinished_shell_cannot_be_furnished
  PASS  test_all_four_rotations_use_the_full_catalog_footprint_and_contact
  PASS  test_concave_finished_boundary_beats_the_bounding_rectangle
  PASS  test_rotated_second_tile_detects_overlap
  PASS  test_protected_entrance_and_stair_landing_are_never_occupied
  PASS  test_every_footprint_cell_needs_support_at_the_same_height
  PASS  test_full_footprint_requires_headroom_including_other_level_obstructions
  PASS  test_install_contact_cannot_float_across_a_riser
  PASS  test_same_room_or_nearby_cells_do_not_invent_walk_connections
  PASS  test_later_furniture_must_preserve_existing_furniture_access
  PASS  test_open_boundary_allows_real_access_from_a_neighboring_room
  PASS  test_neighboring_walk_context_does_not_authorize_neighboring_floor_occupation
  PASS  test_required_circulation_must_reach_a_distant_landing
  PASS  test_confirmed_unfinished_projects_block_new_footprints
  PASS  test_stale_object_generation_refuses_the_whole_image
  PASS  test_group_confirmation_revalidates_after_world_changes
  PASS  test_group_success_submits_one_transaction_and_retains_individual_projects
  PASS  test_coordinator_refusal_retains_all_drafts_and_creates_no_receipts
  PASS  test_atomic_owner_refuses_revision_change_at_commit
  PASS  test_malformed_success_is_a_coordinator_contract_breach
  PASS  test_mode_changes_preserve_drafts_and_accepted_projects
  PASS  test_each_room_has_an_independent_mode
  PASS  test_draft_edits_and_stale_draft_handles_are_atomic
  PASS  test_room_reuse_never_inherits_drafts_or_mode
  PASS  test_existing_room_type_cannot_change_by_emptying_or_reopening
  PASS  test_room_cleanup_and_project_receipts_do_not_cancel_real_work
  PASS  test_capacity_refuses_before_world_submission
  PASS  test_unknown_profile_opening_geometry_and_grid_pitch_fail_closed
  PASS  test_finer_grid_subdivides_existing_catalog_dimensions_without_scaling_furniture
  PASS  test_invalid_floor_and_link_columns_are_refused_before_indexing
  PASS  test_floor_link_object_and_contact_operation_budgets_are_enforced
  PASS  test_tiny_grid_cannot_expand_a_single_piece_beyond_the_operation_budget
  PASS  test_combined_contact_budget_covers_many_individually_bounded_profiles
  PASS  test_reentrant_draft_edits_and_rebinding_are_refused_during_acceptance
  PASS  test_rotation_and_translation_check_int64_before_int32_narrowing
  PASS  test_empty_confirmation_and_unopened_room_have_explicit_refusals
  PASS  test_typed_base_and_foreign_sources_cannot_replace_world_ownership
  PASS  test_actual_busy_arena_refuses_before_any_snapshot_or_liveness_callback
  PASS  test_packed_peak_admission_refuses_before_copies_at_unqualified_default_maximum
  PASS  test_entry_guard_precedes_binding_begin_snapshot_and_release_callbacks
  PASS  test_snapshot_is_read_once_and_guides_hold_only_their_exact_synchronous_scope
  PASS  test_release_clears_all_views_before_provider_companion_and_arena_cleanup
  PASS  test_forged_duplicate_and_foreign_result_release_cannot_release_another_lease
  PASS  test_input_boundary_diagnoses_and_clears_an_unreleased_live_result
  PASS  test_dropped_result_is_diagnosed_without_starting_another_copying_operation
  PASS  test_expired_snapshot_token_cannot_authorize_draft_mutation_or_release_replacement
  PASS  test_placement_list_copies_are_scoped_and_confirm_receipts_escape_without_geometry
  PASS  test_input_boundary_releases_pinned_scope_even_if_result_metadata_was_mutated
  PASS  test_failed_guided_preview_keeps_scope_until_highlight_is_consumed
  PASS  test_expired_weak_provider_refuses_before_liveness_or_snapshot_fallback
  PASS  test_binding_itself_is_exclusive_before_the_initial_provider_attestation
  PASS  test_scope_failure_after_successful_project_acceptance_preserves_outcome_and_quarantines
  PASS  test_end_operation_failure_after_acceptance_cannot_report_an_atomic_refusal
  PASS  test_late_scope_failure_after_local_draft_write_preserves_the_committed_draft
CI_SUITE_TIME {"assertions":563,"failures":0,"suite":"test_room_layout.gd","tests":57,"usec":84832}
test_room_projects.gd
  PASS  test_registration_pins_type_and_rejects_retyping_or_live_retirement
  PASS  test_registration_rejects_unknown_type_and_mismatched_directory
  PASS  test_revision_preserves_actual_delivered_inputs_and_partial_work
  PASS  test_request_is_distinct_from_acknowledgement_and_idempotent
  PASS  test_live_worker_and_claims_delay_acknowledgement
  PASS  test_unbound_late_job_and_active_phase_cannot_bypass_hold
  PASS  test_player_pause_before_or_during_revision_survives_discard
  PASS  test_existing_pause_is_adopted_at_registration
  PASS  test_player_resume_during_edit_keeps_editing_hold
  PASS  test_stale_revision_token_cannot_release_newer_session
  PASS  test_observable_direct_pause_writers_fail_closed
  PASS  test_jobs_and_project_generations_do_not_transfer_editing_context
  PASS  test_retired_job_with_claims_cannot_be_forgotten
  PASS  test_retirement_never_retypes_same_identity_or_touches_replacement
  PASS  test_pause_is_local_and_wrong_job_owner_refuses_without_mutation
  PASS  test_packed_state_size_matches_existing_owner_capacities
  PASS  test_party_member_cannot_hide_behind_a_coordinator_without_a_worker
  PASS  test_job_outside_reservation_key_space_fails_explicitly
  PASS  test_conflicting_member_requester_cannot_evade_either_project
ROOM-PROJECT-PAUSE-BENCH residents=256 jobs=8192 samples=16 mean_usec=13560 max_usec=13603
  PASS  test_safe_stop_cost_with_256_residents_and_full_job_pool
CI_SUITE_TIME {"assertions":301,"failures":0,"suite":"test_room_projects.gd","tests":20,"usec":2008265}
test_save_owner_farming.gd
  PASS  test_layout_clear_defaults_and_conditional_packed_budget
  PASS  test_frozen_domains_states_history_and_projection_witnesses
  PASS  test_null_all_extents_and_physical_bucket_shapes
  PASS  test_every_physical_row_and_every_column_at_head_and_tail
  PASS  test_full_capacity_unique_identity_and_duplicate_priority
  PASS  test_retained_inactive_extremes_across_all_physical_rows
  PASS  test_present_history_and_compost_endpoints_are_accepted
CI_SUITE_TIME {"assertions":17915,"failures":0,"suite":"test_save_owner_farming.gd","tests":7,"usec":31394382}
test_save_section_directory.gd
  PASS  test_section_identity_matches_arch_save_002
  PASS  test_capacity_is_read_from_the_directory_not_restated
  PASS  test_column_order_is_save_layout_r01s
  PASS  test_section_carries_no_allocator_heap
  PASS  test_field_offsets_are_the_pinned_byte_map
  PASS  test_byte_order_probe_accepts_this_build
  PASS  test_canonical_type_codes_are_save_r09s
  PASS  test_framing_bytes_are_pinned
  PASS  test_populated_column_bytes_are_pinned
  PASS  test_unequal_width_columns_pin_column_major_bytes
  PASS  test_round_trip_re_encodes_byte_identically
  PASS  test_chunk_cursor_streams_within_the_arch_save_003_bound
  PASS  test_chunk_stream_concatenates_to_the_materialised_section
  PASS  test_incremental_crc_over_chunks_equals_the_whole
  PASS  test_column_cursor_emits_only_one_columns_values
  PASS  test_a_generation_off_by_one_changes_the_bytes
  PASS  test_a_retired_slot_cannot_load_as_reusable
  PASS  test_a_retirement_swap_that_keeps_the_counts_balanced_is_still_refused
  PASS  test_a_live_slot_may_hold_the_last_generation_without_being_retired
  PASS  test_a_free_slots_null_typed_row_stays_minus_one
  PASS  test_a_never_used_slot_holds_its_declared_canonical_values
  PASS  test_a_free_slot_loaded_as_row_zero_is_refused
  PASS  test_a_full_length_invalid_section_leaves_the_record_untouched
  PASS  test_a_full_length_section_with_a_duplicate_typed_row_is_refused
  PASS  test_a_duplicate_persistent_id_is_refused
  PASS  test_truncation_at_every_stage_is_refused_without_writing
  PASS  test_extent_refusal_is_public_and_overflow_safe
  PASS  test_decoding_at_a_nonzero_offset_reads_the_same_section
  PASS  test_framing_fields_are_each_validated
  PASS  test_a_wrong_element_count_is_refused
  PASS  test_section_length_refusal_checks_a_descriptor
  PASS  test_the_high_bit_pattern_is_read_signed_and_refused
  PASS  test_the_last_generation_survives_as_itself
  PASS  test_occupancy_and_retirement_bytes_are_zero_or_one
  PASS  test_live_slot_identity_fields_are_each_validated
  PASS  test_a_free_slot_carrying_a_stale_identity_is_refused
  PASS  test_the_living_resident_cap_is_enforced
  PASS  test_a_short_column_is_refused_before_anything_indexes_it
  PASS  test_rebuild_reproduces_the_reverse_owner_map
  PASS  test_rebuild_reproduces_every_counter
  PASS  test_the_free_set_alone_decides_the_next_allocation
  PASS  test_agrees_with_a_live_directory_and_catches_a_single_wrong_value
  PASS  test_agreement_catches_a_generation_that_is_one_step_off
  PASS  test_agreement_catches_a_live_count_that_does_not_match
  PASS  test_capture_columns_validates_before_it_copies
  PASS  test_capture_from_a_live_store_reads_every_column
  PASS  test_the_round_trip_returns_a_byte_identical_section_and_the_same_allocation_order
  PASS  test_apply_refuses_an_invalid_record_and_leaves_the_store_alone
  PASS  test_module_source_holds_no_float
  PASS  test_module_names_the_closed_blocker_and_the_open_one
CI_SUITE_TIME {"assertions":480,"failures":0,"suite":"test_save_section_directory.gd","tests":50,"usec":1509604}
test_scheduler_events.gd
  PASS  test_byte_offsets_and_stride_are_the_contracts_own_literals
  PASS  test_capacity_and_control_make_the_ledgers_8224_bytes
  PASS  test_the_control_header_offsets_span_exactly_32_bytes
  PASS  test_the_two_kinds_and_their_values_are_the_contracts
  PASS  test_the_initial_control_state_is_the_contracts
  PASS  test_a_record_round_trips_through_its_32_bytes
  PASS  test_each_field_lands_at_its_own_offset_and_nowhere_else
  PASS  test_encoding_refuses_a_buffer_that_cannot_hold_the_record
  PASS  test_unsigned_ordering_survives_the_sign_bit
  PASS  test_unsigned_ordering_survives_a_high_word_STORED_as_a_negative_i32
  PASS  test_a_stamped_event_whose_HIGH_word_crosses_the_sign_bit_is_admitted
  PASS  test_two_stamped_events_across_the_sign_bit_keep_their_order
  PASS  test_a_stamped_replay_record_crossing_the_sign_bit_is_admitted
  PASS  test_the_low_word_carries_into_the_high_word_without_exhausting
  PASS  test_the_last_u64_sequence_is_usable_and_then_exhaustion_refuses
  PASS  test_exhaustion_refuses_rather_than_wrapping_to_sequence_one
  PASS  test_the_sentinel_is_never_a_valid_stamped_event
  PASS  test_this_sequence_space_is_independent_of_the_economic_one
  PASS  test_only_speeds_one_two_and_four_are_selectable
  PASS  test_a_speed_event_must_carry_a_zero_reason
  PASS  test_a_nonzero_reserved_word_refuses
  PASS  test_an_unknown_kind_refuses
  PASS  test_a_composite_or_unknown_pause_reason_refuses
  PASS  test_a_pause_value_other_than_zero_or_one_refuses
  PASS  test_a_producer_may_only_name_its_own_pause_reason
  PASS  test_the_ordinary_resume_clears_player_and_only_player
  PASS  test_a_refusal_leaves_the_next_sequence_and_the_queue_unchanged
  PASS  test_a_user_repeat_takes_a_new_sequence
  PASS  test_an_internal_duplicate_hold_coalesces_and_consumes_no_sequence
  PASS  test_a_hold_after_a_pending_clear_is_not_dropped
  PASS  test_a_hold_already_held_by_the_clock_coalesces
  PASS  test_normal_traffic_stops_at_250_then_the_reserve_takes_six_control_events
  PASS  test_a_full_queue_refuses_every_class_of_event
  PASS  test_the_overload_producer_issues_at_most_one_downgrade_per_frame
  PASS  test_an_overload_target_that_is_not_a_ladder_rung_refuses
  PASS  test_a_capacity_refusal_is_visible_and_retryable
  PASS  test_events_are_stamped_with_the_current_completed_boundary
  PASS  test_the_pump_applies_a_prefix_in_sequence_order
  PASS  test_the_last_drained_boundary_never_suppresses_a_second_drain
  PASS  test_an_empty_pump_is_counted_and_records_its_boundary
  PASS  test_an_event_produced_inside_tick_k_is_stamped_k_not_k_minus_one
  PASS  test_a_pump_from_inside_tick_k_drains_nothing_and_changes_no_state
  PASS  test_a_pause_during_an_eight_tick_catch_up_frame_stops_the_next_tick
  PASS  test_the_queue_is_the_only_stamper_on_a_submission_path
  PASS  test_a_stamped_record_at_the_wrong_boundary_refuses
  PASS  test_a_stale_or_repeated_stamped_sequence_refuses
  PASS  test_a_stamped_sequence_at_or_below_the_last_applied_refuses
  PASS  test_the_tail_derives_from_head_and_count_across_a_full_wrap
  PASS  test_a_reused_row_carries_nothing_from_its_previous_occupant
  PASS  test_reading_outside_the_queue_refuses_rather_than_returning_a_row
  PASS  test_all_five_reasons_compose_and_closing_one_never_clears_another
  PASS  test_clearing_one_reason_leaves_the_other_four_holding
  PASS  test_no_elapsed_time_accrues_while_paused
  PASS  test_unpause_arrives_while_the_queue_still_holds_pending_events
  PASS  test_a_speed_change_does_not_scale_retained_debt
  PASS  test_the_offset_calendar_still_puts_the_first_midnight_at_13500
  PASS  test_overload_equality_is_not_overload
  PASS  test_a_backlog_strictly_over_the_threshold_queues_the_diagnostic_hold
  PASS  test_the_ladder_runs_four_to_two_to_one_to_diagnostic_and_retains_debt
  PASS  test_a_queued_ladder_rung_still_records_the_clocks_own_counters
  PASS  test_the_clocks_direct_ladder_is_unchanged_when_no_hook_is_supplied
  PASS  test_no_whole_tick_is_ever_discarded_without_an_explicit_acknowledgement
  PASS  test_acknowledge_without_catchup_keeps_its_recorded_behaviour
  PASS  test_the_extension_length_is_48_plus_32_per_record
  PASS  test_the_section_prefix_bounds_are_the_contracts
  PASS  test_the_section_prefix_writes_five_u32_and_one_u64_in_order
  PASS  test_a_pending_queue_round_trips_through_its_extension
  PASS  test_the_extension_serializes_no_unused_row
  PASS  test_a_ring_that_has_wrapped_serializes_in_queue_order_with_head_zero
  PASS  test_a_corrupt_tag_or_version_refuses_before_mutating_the_live_queue
  PASS  test_an_oversized_or_disagreeing_length_refuses
  PASS  test_a_count_above_the_capacity_refuses
  PASS  test_a_noncanonical_saved_head_refuses
  PASS  test_a_record_whose_boundary_is_not_the_saved_completed_tick_refuses
  PASS  test_a_stale_or_unordered_saved_sequence_refuses
  PASS  test_a_next_sequence_not_above_every_admitted_one_refuses
  PASS  test_a_corrupt_record_field_refuses_with_its_own_reason
  PASS  test_a_saved_record_with_a_negative_boundary_refuses
  PASS  test_a_restored_queue_zeroes_every_unused_row
  PASS  test_the_codec_is_local_only_because_no_writer_exists
  PASS  test_rebinding_or_restoring_under_a_pending_queue_refuses
  PASS  test_clear_returns_every_counter_to_the_contracts_initial_state
  PASS  test_a_second_queue_on_the_same_clock_sees_the_same_boundary
  PASS  test_the_queue_reads_the_clocks_barrier_and_holds_none_of_its_own
  PASS  test_every_admission_is_barred_and_leaves_the_queue_byte_identical
  PASS  test_a_barred_admission_is_not_counted_as_a_queue_refusal
  PASS  test_pumping_is_barred_so_a_restored_queue_applies_nothing_mid_load
  PASS  test_clear_is_barred_so_a_load_cannot_discard_the_queue_it_is_restoring
  PASS  test_rebinding_is_barred_on_an_EMPTY_queue_that_would_otherwise_rebind_freely
  PASS  test_frame_entry_points_are_barred_at_the_queue_as_well_as_at_the_clock
  PASS  test_the_loaders_own_install_operations_pass_through_the_barrier
  PASS  test_a_restored_paused_queue_applies_once_in_order_after_the_guard_releases
CI_SUITE_TIME {"assertions":2790,"failures":0,"suite":"test_scheduler_events.gd","tests":92,"usec":92996}
test_stock_age_columns.gd
  PASS  test_empty_columns_and_all_classes_roundtrip_exactly
  PASS  test_shape_binding_and_busy_precedence
  PASS  test_native_scalar_domains_refuse_before_narrowing
  PASS  test_row_and_list_corruption_refuses_atomically
  PASS  test_short_source_array_refuses_without_indexing
  PASS  test_restore_invalidates_exactly_two_caches_and_preserves_scratch
  PASS  test_full_capacity_and_export_restore_alias_independence
  PASS  test_latch_and_stale_generation_continue_through_normal_hourly_path
  PASS  test_saved_declaration_order_preserves_next_lot_slots
  PASS  test_adapter_null_barrier_and_shape_precedence_is_total
  PASS  test_adapter_semantics_and_owner_tail_failure_are_distinct
  PASS  test_adapter_all_ordinals_and_buffers_are_independent
  PASS  test_adapter_wire_golden_for_empty_sparse_and_full_blocks
  PASS  test_owner_and_codec_adversarial_payload_parity
  PASS  test_each_owner_column_shape_checked_before_indexing
CI_SUITE_TIME {"assertions":822,"failures":0,"suite":"test_stock_age_columns.gd","tests":15,"usec":4680070}
test_ui_resident_header.gd
  PASS  test_the_published_table_matches_the_rulings_own_numbers
  PASS  test_the_name_column_is_never_the_old_280_px_minimum
  PASS  test_the_row_equation_reproduces_the_published_column
  PASS  test_the_panel_widths_are_the_inherited_layout_widths
  PASS  test_the_medallion_sits_at_the_top_left_of_the_identity_block
  PASS  test_the_name_column_starts_beside_the_medallion_and_not_below_it
  PASS  test_close_keeps_a_44_px_target_at_the_rows_right_edge
  PASS  test_the_whole_row_closes_on_the_panel_width_with_nothing_overlapping
  PASS  test_identity_height_is_the_maximum_of_the_three_pieces
  PASS  test_close_alone_floors_the_identity_height
  PASS  test_a_text_block_counts_its_own_declared_line_gap
  PASS  test_the_footer_is_64_high_and_its_action_is_44
  PASS  test_the_body_takes_what_the_header_and_footer_leave
  PASS  test_a_body_with_no_room_is_reported_rather_than_drawn_negative
  PASS  test_an_unknown_profile_returns_nothing_rather_than_a_guessed_column
  PASS  test_close_follows_a_panel_that_is_not_its_nominal_width
CI_SUITE_TIME {"assertions":96,"failures":0,"suite":"test_ui_resident_header.gd","tests":16,"usec":10379}
test_ui_resident_snapshot.gd
  PASS  test_a_valid_reference_resolves_its_resident_row_and_fills_five_rows
  PASS  test_all_five_rows_come_from_one_snapshot_identity
  PASS  test_a_stale_generation_refuses_rather_than_reading_the_replacement
  PASS  test_a_refused_capture_clears_every_row_it_previously_held
  PASS  test_a_reference_of_another_kind_refuses_by_name
  PASS  test_a_missing_store_refuses_rather_than_printing_an_empty_card
  PASS  test_capturing_changes_no_byte_of_the_store
  PASS  test_hunger_negates_the_published_magnitude_exactly_once
  PASS  test_the_hunger_row_follows_the_size_class_the_store_verified
  PASS  test_all_five_rows_bind_a_published_rate
  PASS  test_a_signed_net_rate_is_passed_through_and_never_negated_again
  PASS  test_every_inherited_fixture_condition_reaches_the_row_intact
  PASS  test_winter_reaches_the_hunger_row_through_the_published_magnitude
  PASS  test_an_immediate_context_change_is_read_with_no_cached_lag
  PASS  test_a_reader_that_refuses_leaves_no_zero_behind
  PASS  test_a_capped_row_keeps_its_rate_and_is_marked
  PASS  test_an_interior_value_is_not_marked_capped
  PASS  test_an_inward_rate_at_the_ceiling_is_not_capped
  PASS  test_elapsed_simulation_does_not_change_a_per_hour_rate
  PASS  test_a_childs_hunger_row_shows_the_child_rate
CI_SUITE_TIME {"assertions":918,"failures":0,"suite":"test_ui_resident_snapshot.gd","tests":20,"usec":622367}
test_ui_shell.gd
  PASS  test_every_element_the_shell_claims_to_drive_is_actually_built
  PASS  test_every_built_control_carries_its_ui_set_id_in_its_accessible_name
  PASS  test_the_unavailable_elements_that_are_drawn_can_never_be_operated
  PASS  test_an_unknown_element_is_refused_rather_than_returning_a_control
  PASS  test_an_unavailable_counter_refuses_a_value_and_keeps_its_reason
  PASS  test_unavailable_controls_are_disabled_and_explain_themselves
  PASS  test_wired_controls_are_enabled_and_describe_their_function
  PASS  test_the_zones_land_on_section_one_twos_published_rectangles
  PASS  test_the_shell_is_drawn_at_the_same_scale_the_layout_divided_by
  PASS  test_the_narrow_profile_shows_two_counter_cells_and_hides_the_rest
  PASS  test_an_unsupported_user_scale_is_refused_by_the_shell_too
  PASS  test_every_built_control_meets_its_registry_minimum_size
  PASS  test_the_name_column_carries_no_280_px_minimum
  PASS  test_the_centre_of_the_world_is_not_consumed_by_the_hud
  PASS  test_the_world_surface_overlay_is_registered_as_non_consuming
  PASS  test_a_real_control_does_consume_its_own_rectangle
  PASS  test_an_empty_alert_stack_does_not_block_the_world
  PASS  test_the_pause_label_is_centred_in_the_alert_slot_when_no_alert_shows
  PASS  test_the_pause_label_sits_under_a_showing_alert_card
  PASS  test_the_pause_label_has_no_hit_rectangle_when_the_world_is_running
  PASS  test_hidden_expansions_are_not_in_the_hit_table_until_they_open
  PASS  test_the_status_line_and_ledger_are_printed_byte_for_byte
  PASS  test_the_speed_toggles_show_which_speed_is_requested
  PASS  test_the_pause_label_names_the_held_reasons
  PASS  test_the_refusal_display_carries_the_exact_text_it_was_given
  PASS  test_the_minimap_says_when_no_world_has_been_generated
  PASS  test_every_focus_stop_names_an_element_this_shell_built
  PASS  test_interactive_controls_can_take_keyboard_focus
  PASS  test_the_detail_panel_opens_and_changes_the_command_interval
  PASS  test_pressing_confirm_designates_a_zone_through_the_command_queue
  PASS  test_pressing_confirm_with_nothing_selected_refuses_visibly
  PASS  test_cancelling_a_stroke_changes_no_queue_or_store_state
  PASS  test_the_policy_toggle_issues_a_set_policy_command
  PASS  test_cancelling_a_job_issues_a_cancel_job_command
  PASS  test_a_stroke_must_be_ascending_and_inside_the_map
  PASS  test_an_unbound_shell_refuses_an_action_rather_than_appearing_to_work
  PASS  test_clicking_the_map_picks_the_tile_under_the_pointer
  PASS  test_a_click_outside_the_map_picks_nothing_and_says_so
  PASS  test_a_right_click_on_the_map_does_not_pick_a_tile
  PASS  test_the_brush_stepper_cycles_the_documented_widths
  PASS  test_a_brush_stroke_paints_a_block_of_ascending_tiles
  PASS  test_hiding_the_ecology_layer_changes_no_committed_value
  PASS  test_the_layer_toggle_refuses_when_no_snapshot_is_bound
  PASS  test_at_1920_the_seven_commands_are_one_row_of_full_cells
  PASS  test_a_narrower_strip_shrinks_every_cell_evenly
  PASS  test_when_even_the_smallest_cells_do_not_fit_the_excess_is_hidden
  PASS  test_focusing_a_control_shows_its_description_and_the_gold_outline
  PASS  test_the_description_goes_when_its_panel_closes_around_it
  PASS  test_a_click_does_not_put_the_description_up
  PASS  test_a_clicked_tab_draws_no_description_but_is_still_the_focused_element
  PASS  test_the_description_goes_when_focus_leaves
  PASS  test_focusing_an_unavailable_control_shows_the_missing_owner
  PASS  test_the_world_surface_covers_the_viewport_without_consuming_it
  PASS  test_a_visible_decorative_label_does_not_take_the_point_under_it
  PASS  test_the_ornament_and_the_focus_outline_are_outside_the_hit_table
  PASS  test_residents_opens_the_roster_and_never_the_unbuilt_world_access_panel
  PASS  test_opening_another_page_hides_the_whole_roster_not_just_its_first_row
  PASS  test_the_focus_order_is_written_onto_the_real_controls
  PASS  test_the_narrow_card_shows_the_authored_summary_and_retains_the_whole_message
  PASS  test_the_narrow_card_keeps_the_rectangle_the_ruling_fixes
  PASS  test_the_narrow_summary_is_one_measured_line_inside_the_card
  PASS  test_the_card_never_ellipsizes_or_crops_what_it_draws
  PASS  test_the_standard_card_still_shows_the_whole_message_when_it_fits
  PASS  test_the_card_carries_its_severity_icon_and_word
  PASS  test_a_second_notice_takes_the_second_card_when_the_zone_has_room
  PASS  test_the_second_card_shows_the_second_notice_and_not_a_copy_of_the_first
  PASS  test_the_second_card_is_hidden_while_only_one_notice_is_active
  PASS  test_narrow_places_one_card_however_many_notices_are_active
  PASS  test_a_standard_card_prefers_the_complete_message_when_it_fits
  PASS  test_every_visible_card_prints_an_authored_string_and_never_an_abbreviation
  PASS  test_no_alert_card_is_drawn_outside_its_zone_at_any_profile
  PASS  test_the_history_rail_states_how_many_notices_the_zone_could_not_show
  PASS  test_the_second_card_owns_its_own_click_rectangle
  PASS  test_the_second_card_is_a_tab_stop_between_the_first_card_and_the_rail
  PASS  test_enter_on_the_second_card_opens_that_card_s_own_notice
  PASS  test_closing_the_second_card_s_disclosure_returns_focus_to_that_card
  PASS  test_a_card_instance_the_stack_does_not_build_is_refused
  PASS  test_the_accessible_description_carries_severity_and_the_whole_message
  PASS  test_enter_on_the_card_opens_the_expanded_view_with_that_notice_selected
  PASS  test_space_on_the_card_opens_the_expanded_view
  PASS  test_a_left_click_on_the_card_opens_the_expanded_view
  PASS  test_an_unrelated_key_and_a_right_click_do_not_open_the_expanded_view
  PASS  test_the_expanded_view_wraps_and_scrolls_its_content
  PASS  test_closing_the_expanded_view_returns_focus_to_the_card_that_opened_it
  PASS  test_the_expanded_view_is_reachable_from_the_card_by_tab
  PASS  test_the_history_trigger_closes_the_expanded_view_and_acknowledges_nothing
  PASS  test_the_history_trigger_opens_the_whole_history_with_nothing_selected
  PASS  test_opening_the_details_does_not_pause_the_world_or_resolve_the_condition
  PASS  test_twenty_notices_are_retained_and_reachable_from_the_expanded_view
  PASS  test_a_repeated_condition_groups_rather_than_filling_the_history
  PASS  test_an_empty_alert_zone_shows_the_history_trigger_and_nothing_else
  PASS  test_hiding_the_card_retains_the_notice_and_resolves_nothing
  PASS  test_a_repeated_state_update_announces_once_and_never_steals_focus
  PASS  test_opening_the_details_with_no_notice_is_refused_by_name
  PASS  test_an_unknown_notice_category_is_refused_rather_than_defaulted
  PASS  test_a_notice_the_record_refuses_is_refused_by_the_shell_too
  PASS  test_the_error_panel_grows_to_its_refusal_and_scrolls_past_its_maximum
  PASS  test_the_expanded_view_replaces_the_error_panel_and_gives_it_back_on_close
  PASS  test_the_open_expanded_view_is_drawn_above_the_permanent_hud
  PASS  test_no_open_expansion_is_drawn_outside_the_viewport_at_narrow
  PASS  test_every_framed_container_wears_its_own_silhouette
  PASS  test_each_panel_wears_the_silhouette_the_table_assigns_it
  PASS  test_every_frame_piece_lies_inside_its_own_panel
  PASS  test_frame_art_never_takes_a_click_a_focus_stop_or_an_announcement
  PASS  test_frame_art_is_drawn_beneath_the_panels_own_controls
  PASS  test_relaying_out_moves_the_frame_with_its_panel
  PASS  test_the_detail_panel_builds_five_independent_need_rows
  PASS  test_a_need_row_is_the_amendments_52_pixel_height
  PASS  test_the_track_fill_is_the_rows_own_value_and_nothing_else
  PASS  test_the_track_is_eight_pixels_and_sits_inside_its_row
  PASS  test_a_need_value_outside_the_scale_refuses_rather_than_overdrawing
  PASS  test_selecting_something_without_needs_empties_the_need_rows
  PASS  test_the_need_row_track_never_takes_input_or_an_announcement
  PASS  test_the_species_medallion_loads_and_is_shown_beside_the_name
  PASS  test_the_medallion_leads_the_card_and_never_draws_over_the_name
  PASS  test_the_medallion_is_a_production_size_at_every_reachable_profile
  PASS  test_a_species_with_no_medallion_leaves_the_roundel_hidden
  PASS  test_the_medallion_is_decorative_in_the_accessibility_tree
  PASS  test_the_journal_body_scrolls_so_five_need_rows_are_reachable
  PASS  test_the_heading_and_the_close_control_never_scroll_away
  PASS  test_a_long_name_grows_the_header_instead_of_overlaying_close
  PASS  test_the_detail_ornament_never_sits_over_the_medallion_or_the_body
  PASS  test_the_zone_harvesting_policy_never_stands_on_a_resident
  PASS  test_the_medallion_sits_beside_the_name_at_every_profile
  PASS  test_the_identity_row_is_the_published_column_table
  PASS  test_the_name_column_is_never_the_old_280_px_width
  PASS  test_close_keeps_its_44_px_target_at_the_rows_top_right
  PASS  test_the_medallion_is_decoration_in_both_trees
  PASS  test_a_long_name_grows_the_header_and_shrinks_the_body_not_the_footer
  PASS  test_no_name_pushes_the_body_or_the_footer_out_of_the_panel
  PASS  test_a_long_unbroken_name_never_widens_its_own_column
  PASS  test_the_name_is_never_ellipsized_or_shrunk
  PASS  test_a_combining_sequence_survives_the_heading_intact
  PASS  test_the_species_line_sits_beneath_the_name_in_the_same_column
  PASS  test_the_action_footer_is_64_px_with_a_44_px_center_view
  PASS  test_center_view_is_a_labelled_action_that_names_its_missing_camera
  PASS  test_only_the_body_scrolls
  PASS  test_no_name_draws_outside_its_own_heading_rectangle
  PASS  test_the_roster_workspace_no_longer_covers_the_alert_zone
  PASS  test_a_true_modal_page_still_occludes_from_the_centred_rectangle
  PASS  test_the_workspace_frame_carries_no_registry_minimum_to_clamp_the_compact_variant
  PASS  test_the_compact_variant_reflows_to_the_rulings_exact_rectangle
  PASS  test_the_ordinary_workspace_raises_no_scrim_and_the_compact_one_does
  PASS  test_the_narrow_profile_binds_population_and_not_the_next_array_entry
  PASS  test_a_counter_cell_draws_two_lines_at_the_rulings_own_rectangles
  PASS  test_every_caption_measures_inside_its_own_gutter_in_the_real_font
  PASS  test_a_value_that_fits_is_printed_whole_at_the_numeric_size
  PASS  test_a_value_too_long_for_its_cell_becomes_an_explicit_ledger_action
  PASS  test_the_disclosure_is_at_the_sixteen_pixel_body_size_and_fits
  PASS  test_the_ledger_action_really_opens_the_ledger
  PASS  test_an_unavailable_counter_reads_unavailable_and_never_a_dash_or_a_zero
  PASS  test_a_focused_resource_cell_rings_inside_itself_not_across_its_neighbour
  PASS  test_a_narrow_summary_card_is_padded_and_centred_the_way_the_ruling_states
  PASS  test_a_full_standard_card_keeps_the_generic_twelve_pixel_padding
  PASS  test_a_narrowed_workspace_narrows_its_content_column_with_it
  PASS  test_resolving_the_overload_code_takes_its_card_down_and_keeps_its_row
  PASS  test_resolving_a_code_leaves_every_other_notice
  PASS  test_resolving_refreshes_an_open_history
  PASS  test_a_withheld_code_takes_no_card_but_stays_active
  PASS  test_withholding_the_only_notice_leaves_no_card
  PASS  test_the_longest_overload_sentence_fits_its_card_at_both_desktop_sizes
  PASS  test_a_focused_cards_description_box_is_as_tall_as_its_text
  PASS  test_a_bottom_rows_description_goes_above_it
  PASS  test_the_history_has_its_own_close_in_its_header
  PASS  test_esc_closes_the_history_and_n_toggles_it
  PASS  test_a_commands_key_presses_it_only_when_it_is_enabled
  PASS  test_every_command_has_its_own_action_in_the_input_map
  PASS  test_n_does_not_open_the_history_over_a_modal_workspace
  PASS  test_a_description_with_an_unbroken_code_still_fits
  PASS  test_a_summarised_card_stays_summarised_on_the_next_layout
CI_SUITE_TIME {"assertions":1877,"failures":0,"suite":"test_ui_shell.gd","tests":170,"usec":5137418}
test_underground_connector_recipes.gd
  PASS  test_budget_precedes_allocation_and_exact_single_bank_census
  PASS  test_exact_prices_reset_old_scratch_without_granting_subject_or_outputs
  PASS  test_missing_and_foreign_variant_reads_preserve_every_quote_byte
  PASS  test_header_hash_length_and_terminal_refusals_clear_unpublished_bank
  PASS  test_empty_duplicate_unknown_and_hidden_materials_refuse_without_partial_bank
  PASS  test_negative_work_quantity_and_mass_or_refund_overflow_refuse
  PASS  test_catalog_replacement_and_profile_source_drift_invalidate_old_prices
  PASS  test_actual_world_retirement_invalidates_price_read_without_output_writes
  PASS  test_foreign_registration_and_late_rebinding_never_reuse_material_ids
  PASS  test_success_is_immutable_and_frontier_metadata_never_guesses_replacement
  PASS  test_full_256_part_bank_streams_exact_distinct_owned_rows
  PASS  test_duplicate_or_foreign_part_rows_and_oversize_stream_refuse
  PASS  test_source_callbacks_cannot_reenter_or_publish_after_actual_registration_rewire
  PASS  test_actual_profile_replacement_invalidates_old_source_bound_recipe
  PASS  test_late_source_callback_resizing_caller_quote_never_partially_resets_it
  PASS  test_final_hash_profile_replacement_refuses_without_any_quote_write
  PASS  test_final_hash_world_reuse_refuses_without_any_quote_write
  PASS  test_final_source_profile_replacement_refuses_load_and_clears_bank
  PASS  test_final_source_profile_replacement_refuses_binding_attestation
  PASS  test_final_source_world_reuse_refuses_digest_without_caller_writes
CI_SUITE_TIME {"assertions":869,"failures":0,"suite":"test_underground_connector_recipes.gd","tests":20,"usec":1314149}
test_underground_phase_structure.gd
  PASS  test_real_pack_cold_estimates_and_unbound_provider
  PASS  test_paid_brace_protects_exact_fine_floor_and_roof
  PASS  test_paid_cut_and_fine_finish_retain_natural_protections
  PASS  test_identity_only_provider_readers_and_exact_scope
  PASS  test_material_free_query_allocates_no_fragment_banks_and_checks_budget_before_handles
  PASS  test_existing_paid_cavity_cannot_be_mistaken_for_original_natural_earth
  PASS  test_another_confirmed_section_protects_its_footing_before_any_brace
  PASS  test_unauthored_clear_height_is_not_silently_shortened_or_inferred
  PASS  test_same_column_braces_reuse_room_protection_and_one_close_cannot_release_it
  PASS  test_sealed_candidate_cannot_remove_protection_or_exact_claims
  PASS  test_original_token_replaced_after_handles_prevents_bank_allocation_and_payment
  PASS  test_split_support_union_passes_but_duplicate_volume_cannot_hide_a_hole
  PASS  test_reentry_poison_refuses_outer_observation_and_clean_retry_remains_possible
  PASS  test_late_sparse_capacity_refusal_keeps_real_paid_work_and_retries_without_double_inputs
  PASS  test_prepared_claim_removal_refuses_without_reinterpreting_floor_envelope_as_footprint
  PASS  test_content_and_actual_world_retirement_refuse_rebinding_or_publication
  PASS  test_direct_start_or_commit_requires_current_actual_paid_work_phase
  PASS  test_bad_token_mode_or_capacity_refuses_before_allocating_scope_identity_callback
  PASS  test_scope_lifetime_is_borrowed_for_complete_run_then_expires_without_a_cycle
CI_SUITE_TIME {"assertions":240,"failures":0,"suite":"test_underground_phase_structure.gd","tests":19,"usec":13251632}
test_underground_room_bindings.gd
  PASS  test_fine_hole_and_upper_cube_use_actual_section_without_changing_any_owner
  PASS  test_actual_binding_is_once_only_and_unqualified_gates_still_refuse
  PASS  test_invalid_scope_and_underfunded_or_bare_tokens_refuse_before_surveys
  PASS  test_limits_are_exact_and_metadata_output_is_unchanged_on_refusal
  PASS  test_duplicate_claims_refuse_instead_of_double_counting_paid_usable_volume
  PASS  test_foreign_room_and_physical_cavity_never_fill_the_exact_room_hole
  PASS  test_ambiguous_section_and_real_geometry_revision_change_refuse
  PASS  test_expired_or_reacquired_lease_never_reaches_a_later_copy_boundary
  PASS  test_final_validation_expiry_clears_filled_output_and_allows_exact_retry
  PASS  test_initial_domain_callback_reentry_is_exclusive_without_clearing_outer_scratch
  PASS  test_changed_site_claim_project_and_world_lifetime_refuse_without_reusing_old_proof
  PASS  test_actual_domain_wiring_cannot_follow_changed_synthetic_geometry_numbers
  PASS  test_complete_scan_allowance_is_admitted_before_handle_or_mask_growth
  PASS  test_nested_pair_work_exhaustion_clears_the_complete_partial_mask
  PASS  test_numerically_equal_foreign_sites_cannot_bind_actual_construction_namespace
  PASS  test_retired_actual_room_preserves_prior_metadata_and_clears_prior_mask
  PASS  test_phase_composer_identity_never_substitutes_same_store_or_expired_owner
CI_SUITE_TIME {"assertions":604,"failures":0,"suite":"test_underground_room_bindings.gd","tests":17,"usec":10660487}
test_weather.gd
  PASS  test_row_width_matches_the_schema
  PASS  test_a_new_store_has_no_event_and_no_forecast
  PASS  test_clear_returns_a_used_row_to_empty
  PASS  test_event_ids_are_the_generated_ascii_order
  PASS  test_the_event_keys_are_in_compiled_id_order
  PASS  test_the_selection_traversal_is_the_printed_order_not_the_id_order
  PASS  test_event_weights_are_the_raw_stated_integers
  PASS  test_event_durations_are_the_stated_days
  PASS  test_start_day_is_six_except_early_frost_at_ten
  PASS  test_forecast_day_is_three_days_before_the_start
  PASS  test_eligible_seasons_match_the_stated_column
  PASS  test_eligible_counts_match_the_stated_column
  PASS  test_weight_sums_are_the_ruled_values
  PASS  test_weight_sum_equals_the_hand_added_eligible_weights
  PASS  test_every_roll_of_every_season_maps_to_the_ruled_row
  PASS  test_both_sides_of_every_interval_boundary
  PASS  test_the_comparison_is_strictly_less_than_cumulative
  PASS  test_each_interval_is_exactly_as_wide_as_its_raw_weight
  PASS  test_a_roll_outside_the_weight_sum_is_refused
  PASS  test_an_invalid_season_is_refused_by_the_mapping
  PASS  test_the_forced_first_spring_consumes_no_draw
  PASS  test_an_ordinary_season_consumes_exactly_one_draw
  PASS  test_selection_replays_the_stream_without_reseeding
  PASS  test_a_season_change_does_not_reseed_the_stream
  PASS  test_selection_touches_no_other_stream
  PASS  test_the_module_uses_the_weather_stream
  PASS  test_a_refused_schedule_consumes_no_draw
  PASS  test_an_unseeded_rng_is_refused_without_writing_the_row
  PASS  test_the_same_seed_replays_the_same_seasons
  PASS  test_is_forced_first_spring_names_year_one_spring_only
  PASS  test_the_forecast_is_not_due_before_three_days_out
  PASS  test_the_disclosed_forecast_holds_event_start_and_duration
  PASS  test_disclosure_is_idempotent_and_consumes_no_draw
  PASS  test_early_frost_is_disclosed_on_day_seven
  PASS  test_disclosure_without_a_scheduled_event_is_refused
  PASS  test_scheduling_a_new_event_clears_the_previous_forecast
  PASS  test_the_event_window_covers_start_through_start_plus_duration_minus_one
  PASS  test_early_frost_occupies_days_ten_and_eleven
  PASS  test_an_out_of_range_day_is_never_active
  PASS  test_season_baseline_temperatures_are_the_stated_tenths
  PASS  test_season_baseline_rain_is_the_stated_column
  PASS  test_daylight_windows_match_the_stated_hours
  PASS  test_both_sides_of_every_daylight_boundary
  PASS  test_an_hour_outside_the_day_is_never_daylight
  PASS  test_the_darkness_work_factor_is_seven_hundred_and_fifty_per_thousand
  PASS  test_winter_hunger_demand_is_multiplied_by_one_point_two
  PASS  test_ideal_spell_temperature_is_eighteen_degrees_except_two_in_winter
  PASS  test_heavy_rain_is_three_degrees_below_its_season_baseline
  PASS  test_the_absolute_event_temperatures_are_the_stated_degrees
  PASS  test_blight_and_calm_days_leave_the_baseline_temperature_alone
  PASS  test_no_event_reports_the_plain_season_baseline
  PASS  test_event_rain_follows_the_stated_additions
  PASS  test_an_ineligible_event_is_refused_rather_than_evaluated
  PASS  test_the_reported_effect_factors_are_the_stated_numbers
  PASS  test_effect_factors_are_neutral_with_no_event_and_refused_for_a_non_row
  PASS  test_the_stated_access_flags_belong_to_one_row_each
  PASS  test_affected_system_masks_name_each_rows_stated_effects
  PASS  test_blight_is_reported_active_only_inside_its_window
  PASS  test_a_non_blight_event_never_reports_blight
  PASS  test_daily_evaporation_is_six_hundred_and_nine_hundred_in_summer
  PASS  test_the_net_daily_moisture_change_evaporates_before_rain
  PASS  test_the_published_moisture_probe_is_reproduced_day_by_day
  PASS  test_moisture_is_clamped_to_the_stated_range
  PASS  test_a_moisture_outside_the_stated_range_is_refused
  PASS  test_the_daily_row_records_the_baseline_outside_the_event_window
  PASS  test_the_daily_row_records_the_event_inside_its_window
  PASS  test_refresh_daily_refuses_an_impossible_day_or_season
  PASS  test_refresh_daily_never_applies_another_seasons_event
  PASS  test_ending_an_event_removes_its_modifiers_and_keeps_the_forecast
  PASS  test_ending_an_event_twice_is_refused_and_consumes_no_draw
  PASS  test_an_ended_event_leaves_the_window_readers_empty
  PASS  test_season_days_run_from_one_to_twelve
  PASS  test_the_season_enum_comes_from_the_protected_catalog_table
  PASS  test_the_season_boundary_is_the_exact_midnight_of_a_new_season
  PASS  test_an_ordinary_midnight_is_not_a_season_boundary
  PASS  test_the_amended_row_is_eight_i32_columns_plus_two_i64_columns
  PASS  test_a_cleared_row_has_no_temporal_identity_at_all
  PASS  test_the_absolute_season_is_the_floor_of_day_minus_one_over_twelve
  PASS  test_the_matching_season_ordinal_is_the_absolute_season_modulo_four
  PASS  test_a_scheduled_event_is_not_active_in_another_absolute_season
  PASS  test_the_event_window_is_half_open_at_start_plus_duration
  PASS  test_the_scheduled_once_latch_refuses_a_second_draw_for_one_season
  PASS  test_the_latch_survives_expiry_and_moves_only_on_a_new_schedule
  PASS  test_a_disclosed_forecast_keeps_its_absolute_season_after_expiry
  PASS  test_disclosure_refuses_a_season_the_row_was_not_scheduled_for
  PASS  test_the_forced_first_spring_refuses_any_other_absolute_season
  PASS  test_the_twelve_effect_bits_are_the_ruled_positions_zero_to_eleven
  PASS  test_the_effect_mask_strips_mussel_harvest_for_non_summer_blight
  PASS  test_a_temperature_or_rain_event_is_never_reported_as_crops_only
  PASS  test_calm_days_has_no_modifiers_and_still_gets_its_forecast
  PASS  test_closes_mussel_harvest_on_is_summer_blight_and_nothing_else
  PASS  test_a_non_blight_event_never_closes_the_mussel_harvest
  PASS  test_an_old_snapshot_without_season_identity_is_refused
  PASS  test_a_snapshot_season_that_its_event_contradicts_is_refused
  PASS  test_adopting_a_consistent_snapshot_identity_writes_both_columns
  PASS  test_an_event_eligible_in_several_seasons_is_named_as_such
  PASS  test_the_event_catalog_is_verifiable_for_the_boundary_preflight
CI_SUITE_TIME {"assertions":1377,"failures":0,"suite":"test_weather.gd","tests":97,"usec":64157}
[EntityManager] ready
[GameManager] ready
[SettlementSystem] ready
[EconomySystem] ready
[UIManager] ready


1571 test(s), 252298 assertion(s), 0 failure(s)
diagnostics: 0 unexpected error(s), 0 unexpected warning(s), 4 expected, 0 tolerated; leaked at exit: 0 object(s), 0 resource(s)
[EntityManager] ready
[GameManager] ready
[SettlementSystem] ready
[EconomySystem] ready
[UIManager] ready
log: 0 unexpected error(s), 0 unexpected warning(s); leaked at exit: 0 object(s), 0 resource(s).
ok: 1571 tests, 252298 assertions, 0 failures.
