Godot Engine v4.7.2.stable.official.ed1daf0bf - https://godotengine.org

Godot Engine v4.7.2.stable.official.ed1daf0bf - https://godotengine.org

test_catalog.gd
  PASS  test_compile_domain_assigns_ascending_ascii_order_ids
  PASS  test_compile_domain_is_independent_of_insertion_order
  PASS  test_compile_domain_sorts_by_ascii_content_not_stringname_identity
  PASS  test_compile_domain_rejects_duplicate_keys
  PASS  test_compile_domain_handles_the_empty_key_set
  PASS  test_compile_domain_accepts_exactly_256_item_definition_keys
  PASS  test_compile_domain_rejects_257_item_definition_keys
  PASS  test_compile_domain_256_ceiling_is_scoped_to_item_definition
  PASS  test_fixed_speed_enum_matches_gdd_4_3_exactly
  PASS  test_fixed_job_kind_enum_preserves_the_reserved_gap
  PASS  test_fixed_zone_type_enum_preserves_the_reserved_gap
  PASS  test_fixed_season_quality_severity_enums_match_gdd_4_3
  PASS  test_fixed_activity_enum_matches_gdd_4_3_exactly
  PASS  test_fixed_job_state_enum_matches_gdd_4_3_exactly
  PASS  test_the_whole_job_kind_and_zone_type_tables_are_unchanged
  PASS  test_job_state_work_is_not_activity_work
  PASS  test_activity_and_job_state_refuse_recompilation
  PASS  test_every_protected_domain_has_a_fixed_enum_table
  PASS  test_fixed_enum_returns_empty_for_an_unknown_domain
  PASS  test_compile_domain_refuses_to_recompile_a_protected_enum
  PASS  test_compile_catalog_returns_every_domains_ids_when_all_succeed
  PASS  test_compile_catalog_aborts_before_producing_any_domain_on_failure
  PASS  test_compile_catalog_accepts_a_plain_untyped_array_of_string_keys
  PASS  test_compile_catalog_refuses_an_untyped_array_with_a_non_string_element
  PASS  test_fixed_soil_enum_matches_gdd_4_3_exactly
  PASS  test_fixed_crop_state_enum_matches_gdd_4_3_exactly
  PASS  test_fixed_order_mode_enum_matches_gdd_4_3_exactly
  PASS  test_soil_crop_state_and_order_mode_refuse_recompilation
  PASS  test_the_three_new_protected_enums_are_named_in_the_protected_table
  PASS  test_the_compiled_enum_tables_are_the_generated_ascii_order
  PASS  test_every_compiled_domain_regenerates_its_own_table_from_its_keys
  PASS  test_verify_compiled_enum_accepts_the_compiled_domains_and_refuses_others
  PASS  test_the_compiled_domains_are_registered_and_never_protected
  PASS  test_compiled_id_of_resolves_every_key_and_refuses_the_unknown
  PASS  test_compiled_key_of_resolves_every_id_and_refuses_the_unknown
  PASS  test_the_legacy_conversion_maps_translate_every_old_ordinal
  PASS  test_the_legacy_maps_are_the_ruled_permutations
  PASS  test_an_untranslatable_ordinal_is_refused_rather_than_reinterpreted
  PASS  test_absence_converts_to_absence_in_every_compiled_domain
  PASS  test_building_definition_is_the_complete_thirty_row_catalog
  PASS  test_furniture_definition_is_the_complete_nine_row_catalog
  PASS  test_the_starter_buildings_and_furniture_are_inside_the_complete_domains
  PASS  test_display_names_are_not_keys_in_either_new_domain
  PASS  test_building_and_furniture_are_two_domains_that_never_share_an_id
  PASS  test_unknown_keys_and_ids_in_the_new_domains_are_refused_without_a_sentinel
  PASS  test_the_new_compiled_domains_regenerate_from_shuffled_keys
  PASS  test_room_type_and_building_state_match_gdd_4_3_exactly
  PASS  test_room_type_and_building_state_are_not_their_own_ascii_order
  PASS  test_the_fixed_enum_table_index_and_the_protected_list_name_the_same_domains
  PASS  test_the_new_domains_were_never_numbered_any_other_way
  PASS  test_fixed_injury_kind_enum_matches_gdd_4_3_exactly
  PASS  test_injury_kind_hazard_bindings_are_the_inherited_numbers
  PASS  test_injury_kind_is_not_its_own_ascii_order_and_refuses_recompilation
  PASS  test_descending_input_still_compiles_to_ascending_ascii_ids
  PASS  test_injury_kind_is_absent_from_the_compiled_domain_list
  PASS  test_fixed_inventory_provenance_matches_prov_r01_exactly
  PASS  test_the_named_provenance_constants_are_the_ruled_numbers
  PASS  test_provenance_membership_admits_exactly_the_six
  PASS  test_inventory_provenance_is_not_its_own_ascii_order_and_refuses_recompilation
  PASS  test_inventory_provenance_is_absent_from_the_compiled_domain_list
  PASS  test_the_label_rule_binds_each_restricted_member_to_its_item
  PASS  test_the_label_rule_restricts_no_item_for_ordinary_or_starter
  PASS  test_salt_input_requires_both_the_brine_item_and_coastal_brine
  PASS  test_recipe_output_is_ordinary_unless_its_contract_names_an_origin
  PASS  test_a_withdrawal_needs_a_ledger_balance_and_not_merely_a_label
CI_SUITE_TIME {"assertions":686,"failures":0,"suite":"test_catalog.gd","tests":65,"usec":31319}
test_command_dispatch.gd
  PASS  test_a_designate_zone_command_produces_a_real_queued_forage_job
  PASS  test_the_produced_harvest_is_never_advanced_into_job_state_work
  PASS  test_the_produced_harvest_takes_its_dangerous_flag_from_the_designated_zone
  PASS  test_a_safe_designation_produces_work_that_is_not_dangerous
  PASS  test_the_committed_designation_links_every_tile_the_payload_named
  PASS  test_a_committed_designation_records_the_command_that_created_it
  PASS  test_a_world_generated_basin_carries_no_source_intent
  PASS  test_a_replayed_command_envelope_produces_no_second_designation
  PASS  test_a_replayed_command_envelope_produces_no_second_standing_demand
  PASS  test_a_different_sequence_over_the_same_basin_is_a_second_genuine_intent
  PASS  test_destroying_a_designation_frees_its_source_intent
  PASS  test_clearing_the_dispatcher_drops_every_recorded_intent
  PASS  test_the_duplicate_intent_result_code_is_in_the_sorted_domain
  PASS  test_a_target_destroyed_between_admission_and_commit_refuses
  PASS  test_a_slot_reused_by_a_new_entity_between_admission_and_commit_refuses
  PASS  test_a_target_of_the_wrong_kind_refuses_rather_than_editing_it
  PASS  test_a_kind_that_needs_a_target_refuses_the_null_reference
  PASS  test_permuted_arrival_commits_in_the_canonical_order
  PASS  test_multiple_paused_commands_preserve_their_submission_sequence
  PASS  test_every_unimplemented_kind_refuses_with_the_unsupported_feature_code
  PASS  test_exactly_nine_kinds_are_implemented_and_they_are_the_named_nine
  PASS  test_the_manual_task_kinds_name_the_missing_store_rather_than_a_bare_refusal
  PASS  test_an_unbound_store_refuses_rather_than_pretending_to_have_committed
  PASS  test_binding_the_ecology_stores_is_what_stops_the_unbound_refusal
  PASS  test_one_illegal_priority_leaves_every_priority_and_both_toggles_unchanged
  PASS  test_a_legal_priority_command_writes_every_row_and_both_toggles
  PASS  test_an_unchanged_toggle_leaves_the_stored_consent_alone
  PASS  test_a_priority_row_naming_the_reserved_job_kind_refuses
  PASS  test_unsorted_priority_rows_refuse_rather_than_being_sorted_here
  PASS  test_one_illegal_schedule_hour_leaves_the_whole_day_unchanged
  PASS  test_a_legal_schedule_command_writes_all_twenty_four_hours
  PASS  test_a_schedule_payload_of_the_wrong_length_refuses
  PASS  test_a_refused_designation_destroys_the_zone_it_had_already_created
  PASS  test_a_payload_longer_than_the_arena_can_hold_is_refused_at_admission
  PASS  test_a_declared_row_count_that_disagrees_with_the_payload_length_refuses
  PASS  test_a_declared_row_count_shorter_than_the_buffer_refuses_rather_than_writing_a_prefix
  PASS  test_a_group_of_more_rows_than_the_kind_domain_holds_refuses
  PASS  test_a_negative_declared_row_count_refuses_rather_than_wrapping
  PASS  test_a_declared_row_count_of_two_billion_refuses_rather_than_multiplying
  PASS  test_a_tile_index_off_the_exterior_grid_refuses
  PASS  test_unsorted_tile_indices_refuse_rather_than_being_sorted_here
  PASS  test_a_repeated_tile_index_refuses_as_unsorted
  PASS  test_a_designation_of_a_zone_type_with_no_producer_refuses_as_unsupported
  PASS  test_a_danger_band_outside_five_fives_range_refuses
  PASS  test_designating_inside_a_zone_that_is_itself_a_designation_refuses
  PASS  test_designating_inside_a_basin_of_another_type_refuses
  PASS  test_an_alias_shorter_than_two_characters_refuses
  PASS  test_an_alias_longer_than_thirty_two_characters_refuses
  PASS  test_an_alias_of_exactly_thirty_two_characters_is_accepted
  PASS  test_an_alias_containing_a_control_character_refuses
Unicode parsing error: Byte 28 is not a correct continuation byte after c3
  PASS  test_malformed_utf8_in_an_alias_refuses_rather_than_being_repaired
  PASS  test_a_multibyte_alias_is_measured_in_characters_not_bytes
  PASS  test_a_c1_control_character_in_an_alias_is_named_as_a_control_character
  PASS  test_the_scalar_just_past_the_c1_block_is_not_a_control_character
  PASS  test_c0_and_delete_are_still_named_as_control_characters
  PASS  test_an_alias_is_measured_in_scalars_and_not_in_grapheme_clusters
  PASS  test_a_thirty_two_scalar_alias_at_the_full_byte_ceiling_is_accepted
  PASS  test_an_alias_past_the_byte_ceiling_is_refused_before_it_is_decoded
  PASS  test_a_refused_alias_leaves_the_residents_name_columns_byte_identical
  PASS  test_cancel_job_moves_a_queued_job_to_cancelled
  PASS  test_cancel_job_releases_the_worker_before_cancelling
  PASS  test_cancelling_an_already_cancelled_job_refuses
  PASS  test_cancelling_a_completed_job_refuses
  PASS  test_a_cancel_job_command_carrying_a_payload_refuses
  PASS  test_set_policy_writes_a_designations_quota_mode
  PASS  test_set_policy_refuses_a_basin_mode_on_a_designation
  PASS  test_set_policy_refuses_an_unknown_quota_mode
  PASS  test_set_policy_refuses_an_unknown_policy_selector
  PASS  test_disabling_a_designation_stops_its_demand_and_its_zone_flag_together
  PASS  test_re_enabling_a_designation_restores_its_demand
  PASS  test_re_enabling_an_already_enabled_designation_commits_instead_of_refusing
  PASS  test_disabling_an_already_disabled_designation_commits_instead_of_refusing
  PASS  test_a_refused_demand_change_restores_the_zone_flag_it_had_moved
  PASS  test_an_out_of_range_zone_enabled_value_refuses
  PASS  test_four_thousand_and_ninety_six_records_are_accepted_and_the_next_refuses
  PASS  test_a_refused_admission_leaves_the_authoritative_state_byte_identical
  PASS  test_the_result_domain_is_ascii_sorted_unique_and_round_trips
  PASS  test_an_unknown_result_id_is_reported_as_unknown_rather_than_as_a_code
  PASS  test_the_committed_code_is_the_one_the_success_id_indexes
  PASS  test_a_pending_projection_is_a_copy_that_shows_cancellation_and_support
  PASS  test_a_pending_projection_cannot_be_read_past_the_end_of_the_queue
  PASS  test_a_result_projection_cannot_be_read_past_the_end_of_the_ledger
  PASS  test_the_stage_counts_what_it_committed_and_what_it_refused
  PASS  test_a_refusing_command_records_no_value_from_the_command_before_it
  PASS  test_a_negative_tick_refuses_the_whole_stage_without_draining_anything
  PASS  test_a_command_due_later_is_not_drained_early
  PASS  test_the_ledger_bytes_reader_reports_the_allocation_it_actually_made
  PASS  test_a_designation_refuses_when_the_harvest_zone_rows_are_exhausted
  PASS  test_a_designation_refuses_when_the_shared_tile_link_arena_is_full
  PASS  test_a_designation_with_no_tiles_at_all_still_commits
  PASS  test_a_designate_zone_payload_with_no_count_prefix_refuses
  PASS  test_the_store_code_of_a_refusing_store_reaches_the_result_row
  PASS  test_a_lower_low_sequence_word_is_a_different_intent_not_a_duplicate
  PASS  test_a_lower_high_sequence_word_is_a_different_intent_not_a_duplicate
CI_SUITE_TIME {"assertions":5295,"failures":0,"suite":"test_command_dispatch.gd","tests":94,"usec":5177263}
test_commands.gd
  PASS  test_every_field_sits_at_its_own_section_8_1_offset
  PASS  test_every_intent_field_round_trips_through_the_queue
  PASS  test_the_stride_is_sixty_four_bytes_and_the_queue_holds_four_thousand_and_ninety_six
  PASS  test_a_record_round_trips_through_its_own_bytes
  PASS  test_all_twenty_four_kinds_compile_to_their_ascii_order
  PASS  test_the_kind_domain_is_the_ascii_compilation_of_its_own_keys
  PASS  test_an_unknown_kind_is_refused_and_queues_nothing
  PASS  test_sequence_order_is_unsigned_across_the_sign_bit
  PASS  test_compare_key_parts_orders_by_tick_then_player_then_high_then_low
  PASS  test_permuted_arrival_produces_the_canonical_order
  PASS  test_a_repeated_ordering_key_is_refused
  PASS  test_a_stamped_record_due_at_a_completed_tick_is_refused
  PASS  test_a_foreign_player_id_is_refused
  PASS  test_a_submitted_command_is_due_at_the_next_tick
  PASS  test_paused_edits_share_one_tick_with_increasing_sequences
  PASS  test_pending_commands_survive_a_pause_without_being_consumed
  PASS  test_a_group_with_one_invalid_member_commits_none_of_it
  PASS  test_a_valid_group_commits_every_member_in_order
  PASS  test_a_single_refusal_never_reports_a_previous_group_member
  PASS  test_an_id_group_refuses_an_envelope_that_also_carries_payload_bytes
  PASS  test_compare_keys_reads_a_whole_record_through_the_same_comparison
  PASS  test_a_reset_envelope_is_the_empty_one
  PASS  test_an_empty_or_mistyped_group_is_refused
  PASS  test_an_id_group_validates_every_reference_before_writing_one
  PASS  test_an_id_group_refuses_an_unsorted_or_malformed_list
  PASS  test_reserved_zero_must_be_zero
  PASS  test_an_undefined_flag_bit_is_refused
  PASS  test_a_target_is_generation_checked_against_the_directory
  PASS  test_the_null_reference_is_a_legal_absent_target
  PASS  test_an_out_of_range_field_is_refused
  PASS  test_the_four_thousand_and_ninety_seventh_command_refuses_cleanly
  PASS  test_a_payload_larger_than_the_arena_refuses
  PASS  test_the_arena_is_reclaimed_only_when_the_queue_empties
  PASS  test_a_payload_round_trips_through_the_arena
  PASS  test_a_payload_span_outside_the_arena_is_refused
  PASS  test_the_session_sequence_exhausts_instead_of_wrapping
  PASS  test_the_sequence_carries_into_the_high_word
  PASS  test_restore_sequence_refuses_a_bad_word_or_a_busy_queue
  PASS  test_rows_are_never_handed_out_twice_across_churn
  PASS  test_reading_outside_the_queue_refuses
  PASS  test_only_due_commands_drain
  PASS  test_clear_returns_the_queue_to_its_initial_state
  PASS  test_the_counters_report_admissions_refusals_and_drains
  PASS  test_the_queue_shares_the_clock_and_directory_it_was_given
  PASS  test_rebind_clock_refuses_a_non_empty_queue_and_a_null_clock
CI_SUITE_TIME {"assertions":469,"failures":0,"suite":"test_commands.gd","tests":45,"usec":1497908}
test_demo_action_cards.gd
  PASS  test_a_card_puts_the_refusal_and_its_fix_first
  PASS  test_work_is_game_time_on_the_demo_calendar
  PASS  test_lines_break_at_word_boundaries
  PASS  test_the_command_grammar_is_one_across_panels
  PASS  test_the_brains_resuming_rule_says_what_an_order_interrupts
  PASS  test_a_dig_resumes_only_once_something_is_dug
  PASS  test_the_command_layer_words_the_interruption
  PASS  test_a_farm_card_costs_what_the_order_spends_and_works_as_long
  PASS  test_a_short_compost_store_is_the_only_compost_cost_and_earth_never_stands_in
  PASS  test_every_farm_refusal_is_the_orders
  PASS  test_the_farm_assignment_preview_is_who_the_order_sends
  PASS  test_the_bed_panel_shows_each_verbs_card_and_its_interruption
  PASS  test_a_woods_card_costs_what_sawing_spends_and_works_as_long
  PASS  test_every_woods_refusal_is_the_orders
  PASS  test_the_woods_assignment_preview_is_who_the_order_sends
  PASS  test_a_tunnel_card_costs_what_the_job_pays
  PASS  test_every_tunnel_refusal_is_the_orders
  PASS  test_the_tunnel_assignment_preview_is_who_the_order_sends
  PASS  test_a_fitout_card_costs_what_the_order_pays_and_refuses_as_it_does
  PASS  test_a_bridge_card_costs_what_the_build_pays
  PASS  test_the_bridge_assignment_preview_is_who_builds_it
  PASS  test_the_dive_card_names_the_divers_the_order_sends
  PASS  test_the_dig_tools_card_names_the_digger_confirm_sends
  PASS  test_a_card_button_wears_the_huds_tooltip
  PASS  test_a_full_farm_board_refuses_a_new_job_but_joins_a_queued_one
  PASS  test_the_woods_panel_buttons_are_their_cards
  PASS  test_the_tunnels_panel_buttons_are_their_cards
  PASS  test_the_party_panels_tool_buttons_carry_their_cards
  PASS  test_a_cards_edges
  PASS  test_a_free_resident_at_night_goes_back_to_bed_and_a_lost_rule_is_skipped
  PASS  test_the_farm_plans_work_steps_only
  PASS  test_a_farm_card_counts_the_work_already_done_and_the_step_reached
  PASS  test_a_raise_card_shows_the_heap_it_needs
  PASS  test_the_bed_panels_buttons_dim_name_resident_0_and_scope_cancel
  PASS  test_a_picker_row_refused_by_the_board_keeps_the_boards_words
  PASS  test_the_woods_board_and_the_trunks_hands_refuse_as_the_orders_do
  PASS  test_a_selected_haul_counts_its_hands_and_refuses_when_all_are_busy
  PASS  test_a_woods_card_works_at_the_named_residents_skill_and_hauls_by_the_trip
  PASS  test_gathering_aims_at_the_piles_generation_and_names_resident_0
  PASS  test_a_tunnel_card_counts_work_done_and_its_crew
  PASS  test_the_tunnel_panel_names_what_the_mole_stops
  PASS  test_the_dig_tool_sends_the_digger_its_card_names
  PASS  test_a_fitout_card_names_the_first_selected_who_can_reach_and_what_it_puts_in_first
  PASS  test_a_bridge_card_works_at_its_builders_skill_and_counts_who_is_able
  PASS  test_a_bridge_card_refuses_short_pier_wood_and_no_free_row
  PASS  test_a_log_card_off_a_ready_trunk_says_so
  PASS  test_the_dive_card_names_the_first_diver
  PASS  test_a_crew_joins_only_as_far_as_its_room
  PASS  test_a_planting_card_needs_a_quarter_unit_of_compost
  PASS  test_a_fixture_card_skips_who_cannot_reach_and_names_a_later_waiting_fixture_only_if_first
  PASS  test_a_refresh_leaves_the_room_rows_shown_as_they_were
CI_SUITE_TIME {"assertions":555,"failures":0,"suite":"test_demo_action_cards.gd","tests":51,"usec":13293584}
test_demo_bore.gd
  PASS  test_the_profile_is_a_sixteen_point_horseshoe
  PASS  test_the_profile_s_normals_face_inward
  PASS  test_a_swept_bore_holds_its_rings_and_faces_in
  PASS  test_the_rough_walls_are_rough_but_the_floor_is_flat
  PASS  test_a_32_m_bore_builds_in_under_2_ms
  PASS  test_the_centreline_follows_the_route_and_rounds_its_corners
  PASS  test_a_ramp_is_never_steeper_than_one_in_two_and_a_half
  PASS  test_a_route_too_short_for_its_ramps_is_refused_with_words
  PASS  test_each_species_stoops_by_its_height_in_a_standard_bore
  PASS  test_the_stoop_lowers_the_head_and_keeps_the_feet
  PASS  test_a_lean_tilts_the_spine_alone
  PASS  test_a_resident_on_a_ramp_leans_its_spine_back_by_half_its_pitch
  PASS  test_a_deeper_stoop_bends_further_and_is_capped
  PASS  test_a_resident_below_eases_into_its_stoop_on_the_demo_clock
  PASS  test_a_ramp_is_walked_along_its_slope_and_the_body_tilts_with_it
  PASS  test_the_void_keeps_the_nearest_bore_its_rise_and_crown
  PASS  test_a_dug_tunnel_is_stamped_down_its_ramps_too
  PASS  test_only_the_chunk_at_the_face_is_rebuilt
  PASS  test_each_ring_carries_the_day_it_was_dug
  PASS  test_stones_bed_in_the_walls_and_roots_come_only_near_trees
  PASS  test_the_lanterns_light_the_nearest_spots_up_to_the_cap
  PASS  test_the_lanterns_flicker_gently_and_hold_while_paused
  PASS  test_a_lit_tunnel_hangs_its_lanterns_under_the_ground_and_lights_them
  PASS  test_a_mouth_is_a_gateway_over_its_ramp_s_cutting
  PASS  test_the_u_view_has_its_own_environment_and_the_surface_keeps_its
  PASS  test_every_new_underground_material_is_registered_for_the_prewarm
  PASS  test_each_ring_is_jittered_along_its_normals
  PASS  test_a_fillet_never_takes_more_than_its_share_of_a_short_leg
  PASS  test_chunks_hold_whole_bands_and_the_widened_and_flooded_rings_show
  PASS  test_stones_bed_only_where_the_bore_is_under_the_ground
  PASS  test_an_instanced_sample_is_drawn_with_its_override
  PASS  test_a_right_angled_corner_folds_nothing_and_walkers_follow_the_bore
  PASS  test_the_shared_curve_follows_its_tunnel_and_samples_back_and_forth
  PASS  test_only_steps_whose_roots_stay_under_the_cut_are_dressed
EXPECTED WARNING: bore_mesh: more than 160 rings in one build
     at: push_warning (core/variant/variant_utility.cpp:1033)
     GDScript backtrace (most recent call first):
         [0] add_ring (res://demo/tunnel/bore_mesh.gd:260)
         [1] test_a_build_holds_at_most_max_rings (res://test/test_demo_bore.gd:983)
         [2] _run_test (res://test/run_tests.gd:194)
         [3] _run_suite (res://test/run_tests.gd:168)
         [4] _run_suite (/home/runner/work/redwall-rts/redwall-rts/tools/ci_test_shard_runner.gd:30)
         [5] _run_worker (res://test/run_tests.gd:121)
         [6] _initialize (res://test/run_tests.gd:108)
EXPECTED WARNING: bore_mesh: more than 160 rings in one build
     at: push_warning (core/variant/variant_utility.cpp:1033)
     GDScript backtrace (most recent call first):
         [0] add_ring (res://demo/tunnel/bore_mesh.gd:260)
         [1] test_a_build_holds_at_most_max_rings (res://test/test_demo_bore.gd:983)
         [2] _run_test (res://test/run_tests.gd:194)
         [3] _run_suite (res://test/run_tests.gd:168)
         [4] _run_suite (/home/runner/work/redwall-rts/redwall-rts/tools/ci_test_shard_runner.gd:30)
         [5] _run_worker (res://test/run_tests.gd:121)
         [6] _initialize (res://test/run_tests.gd:108)
EXPECTED WARNING: bore_mesh: more than 160 rings in one build
     at: push_warning (core/variant/variant_utility.cpp:1033)
     GDScript backtrace (most recent call first):
         [0] add_ring (res://demo/tunnel/bore_mesh.gd:260)
         [1] test_a_build_holds_at_most_max_rings (res://test/test_demo_bore.gd:983)
         [2] _run_test (res://test/run_tests.gd:194)
         [3] _run_suite (res://test/run_tests.gd:168)
         [4] _run_suite (/home/runner/work/redwall-rts/redwall-rts/tools/ci_test_shard_runner.gd:30)
         [5] _run_worker (res://test/run_tests.gd:121)
         [6] _initialize (res://test/run_tests.gd:108)
  PASS  test_a_build_holds_at_most_max_rings
  PASS  test_the_u_view_s_focus_is_where_the_camera_looks_on_the_floor
  PASS  test_the_hub_cuts_a_bore_s_floor_however_its_jitter_falls
  PASS  test_a_branch_breaking_ground_cuts_the_bores_it_joins
  PASS  test_a_hub_is_rebuilt_only_when_what_it_depends_on_changes
CI_SUITE_TIME {"assertions":478,"failures":0,"suite":"test_demo_bore.gd","tests":39,"usec":1601760}
test_demo_cellar_building.gd
  PASS  test_the_cellar_figures_are_the_gdd_s_read_from_the_settlement_tables
  PASS  test_a_carry_is_the_carrier_s_mass_over_five_kilograms_a_unit
  PASS  test_a_cancel_returns_all_before_the_work_and_eighty_percent_floored_after
  PASS  test_the_unlock_options_and_their_boundaries
  PASS  test_placing_deducts_nothing_and_at_most_two_stand
  PASS  test_a_material_is_reserved_lifted_from_the_stores_and_delivered_exactly
  PASS  test_a_load_put_back_returns_to_the_stores_and_a_lift_takes_only_what_is_there
  PASS  test_all_delivered_starts_the_work_and_the_work_builds_it_into_a_store
  PASS  test_cancel_refunds_by_req_set_126_and_a_built_cellar_cannot_be_cancelled
  PASS  test_progress_is_half_delivery_and_half_work
  PASS  test_a_built_cellar_is_a_cellar_store_the_haul_fills_and_the_pantry_explains
  PASS  test_four_residents_fetch_everything_and_build_it_with_nothing_made_or_lost
  PASS  test_a_builder_called_away_with_a_load_puts_it_back_and_the_place_waits
  PASS  test_a_place_waits_only_while_there_is_something_to_fetch_or_build
  PASS  test_a_resident_who_cannot_carry_is_refused_and_one_place_each
  PASS  test_pause_and_reassign_before_a_load_and_refused_with_one
  PASS  test_cancelling_a_cellar_lets_its_builders_go_and_returns_their_loads
  PASS  test_a_builder_s_words_say_what_and_where
  PASS  test_a_place_that_gave_up_rests_before_it_waits_again
  PASS  test_a_builder_holding_away_from_its_spot_has_not_arrived
  PASS  test_the_frame_a_cellar_is_built_every_builder_on_it_is_let_go
  PASS  test_a_cellar_cancelled_under_its_builders_lets_them_go_next_frame
  PASS  test_with_more_in_the_stores_the_builders_fetch_exactly_what_it_costs
  PASS  test_a_load_for_a_cellar_no_longer_taking_deliveries_goes_back
  PASS  test_a_place_keeps_its_board_key_through_claims_and_a_new_cellar_gets_a_new_one
  PASS  test_a_cellar_may_stand_only_clear_of_everything
  PASS  test_a_cellar_whose_door_or_site_would_be_blocked_is_refused
  PASS  test_the_tool_places_where_allowed_says_why_where_not_and_is_put_away
  PASS  test_the_cellar_is_drawn_flat_then_rising_then_whole_and_its_piles_grow
  PASS  test_the_pantry_bar_lists_cellars_and_refuses_a_third
  PASS  test_the_board_lists_a_cellar_s_places_after_the_moves
  PASS  test_a_placed_cellar_stands_as_an_obstacle_until_cancelled
  PASS  test_the_village_stores_node_places_stands_cancels_and_stores_a_cellar
CI_SUITE_TIME {"assertions":237,"failures":0,"suite":"test_demo_cellar_building.gd","tests":33,"usec":2303731}
test_demo_chronicle_ui.gd
  PASS  test_the_book_opens_on_the_newest_page_and_pages_by_season
  PASS  test_with_no_page_written_it_opens_on_the_season_so_far
  PASS  test_a_tab_shows_its_page_and_a_new_page_adds_a_tab
  PASS  test_the_book_s_type_and_buttons_meet_the_floors
  PASS  test_headings_wear_the_heading_face_and_the_facts_ink
  PASS  test_village_news_has_a_chronicle_button_that_closes_it_first
  PASS  test_the_village_guide_has_a_chronicle_button_that_closes_it_first
  PASS  test_with_no_page_staged_the_page_is_drawn_as_before
  PASS  test_the_staged_page_lies_under_the_text_scaled_to_the_sheet
  PASS  test_the_page_body_fills_the_text_area_and_the_shared_picture_keeps_its_size
  PASS  test_a_page_laid_then_unstaged_is_drawn_plain_again
CI_SUITE_TIME {"assertions":82,"failures":0,"suite":"test_demo_chronicle_ui.gd","tests":11,"usec":808559}
test_demo_crop_plans.gd
  PASS  test_the_farm_hour_runs_the_tending_policies
  PASS  test_the_farm_hour_orders_a_booked_sowing_on_its_day
  PASS  test_an_outlet_is_fitted_by_the_crew_and_set_from_the_panel
  PASS  test_the_routine_crew_leaves_a_garden_job_to_the_cook_between_meals
  PASS  test_the_planner_has_the_three_new_tabs
  PASS  test_a_right_click_on_a_bare_site_says_to_lay_it_out
  PASS  test_the_soil_plans_offer_a_garden_bed_only_once_laid
  PASS  test_the_crew_reaches_every_south_field_tile_and_a_garden_bed
  PASS  test_the_sowing_policy_leaves_a_booked_bed_to_its_booking
CI_SUITE_TIME {"assertions":42,"failures":0,"suite":"test_demo_crop_plans.gd","tests":9,"usec":5606875}
test_demo_daylight_live.gd
  PASS  test_the_day_and_the_night_on_the_real_scene_at_1920x1080
CI_SUITE_TIME {"assertions":44,"failures":0,"suite":"test_demo_daylight_live.gd","tests":1,"usec":42032286}
test_demo_earth.gd
  PASS  test_raising_and_banking_add_no_fertility_and_spend_no_compost
  PASS  test_compost_on_a_bed_is_refused_with_heaps_full_of_earth
  PASS  test_compost_comes_only_from_plant_waste
  PASS  test_earth_is_conserved_from_the_dig_through_clearing_to_beds_built
  PASS  test_raise_fetches_earth_from_the_stores_when_no_heap_has_any
  PASS  test_no_earth_anywhere_refuses_raise_on_the_card_and_the_order
  PASS  test_a_raise_cancelled_mid_carry_walks_its_earth_back_to_the_heap
  PASS  test_the_work_board_shows_an_earth_return_as_a_delivery_it_never_redirects
  PASS  test_a_bank_cancelled_while_working_the_bed_carries_its_earth_back
  PASS  test_earth_fetched_from_the_stores_goes_back_to_the_stores
  PASS  test_a_carrier_called_away_keeps_the_earth_on_the_board_and_a_cancel_then_returns_it
  PASS  test_a_raise_refused_at_its_bed_carries_its_earth_back
  PASS  test_an_earth_return_that_cannot_get_through_puts_its_earth_back_where_it_came_from
  PASS  test_earth_whose_heap_has_gone_goes_to_the_stores_or_waits_in_hand
  PASS  test_a_clearing_basket_whose_heap_has_gone_goes_into_the_stores
  PASS  test_the_stores_keep_earth_all_or_nothing
  PASS  test_the_stores_are_a_source_beside_the_heaps
  PASS  test_the_village_wiring_keeps_cleared_earth_in_the_stores
CI_SUITE_TIME {"assertions":196,"failures":0,"suite":"test_demo_earth.gd","tests":18,"usec":6288318}
test_demo_farm.gd
  PASS  test_every_item_is_a_pantry_leaf_with_a_crop_row
  PASS  test_families_follow_the_crop_rows
  PASS  test_shelf_hours_match_the_item_catalog
  PASS  test_beds_are_the_world_crop_beds_with_their_neighbours
  PASS  test_a_bed_is_found_under_a_point
  PASS  test_the_calendar_turns_demo_microseconds_into_ticks_exactly
  PASS  test_hour_crossings_follow_the_offset_calendar
  PASS  test_frost_nights_and_outbreaks_are_on_their_days
  PASS  test_a_frost_night_is_the_early_hours
  PASS  test_a_frost_is_due_from_its_warning_to_its_last_hour
  PASS  test_bed_temperature_takes_frost_cover_and_raising
  PASS  test_the_farm_opens_with_its_history
  PASS  test_a_day_runs_real_weather_and_ripens_the_carrots
  PASS  test_a_harvest_yields_the_formula_and_costs_fertility
  PASS  test_rotation_preview_is_the_real_rule
  PASS  test_sowing_is_gated_by_fallow_soil_and_window
  PASS  test_sowing_starts_and_finishes
  PASS  test_a_frost_night_hurts_growing_crops_unless_covered
  PASS  test_a_raised_bed_is_frost_free_at_minus_three
  PASS  test_blight_damages_daily_halves_when_tended_and_spreads
  PASS  test_clearing_a_blighted_crop_uproots_it_for_compost
  PASS  test_compost_takes_two_units_once_a_season
  PASS  test_tunnels_drain_irrigate_and_spoil_raises
  PASS  test_drainage_stops_at_the_low_side_and_irrigation_lifts_a_dry_bed
  PASS  test_an_empty_bed_rests_back_its_fertility
  PASS  test_every_visible_change_moves_the_revision
  PASS  test_a_banked_bed_keeps_half_of_a_dry_day
  PASS  test_every_bed_sheds_down_toward_its_band_s_top
  PASS  test_draining_drops_a_wet_bed_to_its_band_s_top_and_ditches_it
  PASS  test_a_ditched_bed_sheds_toward_its_low_side_at_midnight
  PASS  test_waterlogging_is_read_from_the_bands
  PASS  test_an_outbreak_takes_a_growing_bed_on_spring_12
  PASS  test_the_first_spring_spaces_waterlogging_frost_and_blight
  PASS  test_the_opening_radish_waterlogs_only_with_the_ideal_spell
  PASS  test_storage_starts_with_the_covered_store
  PASS  test_providers_add_cellars_and_bad_entries_are_refused
  PASS  test_deliveries_go_where_food_keeps_longest
  PASS  test_pantry_refuses_bad_deliveries
  PASS  test_food_spoils_at_the_section_5_8_rate
  PASS  test_hours_left_are_the_oldest_lot_s
  PASS  test_a_cellar_slows_spoilage_by_its_multiplier
  PASS  test_lots_follow_their_cellar_and_fall_back_to_the_store
  PASS  test_a_full_lot_table_merges_keeping_the_older_age
  PASS  test_the_farm_s_water_edge_is_the_real_stream_s_bank
  PASS  test_segment_nearness_is_exact_in_integers
  PASS  test_a_pond_tunnel_irrigates_and_another_drains
  PASS  test_the_water_query_is_pluggable
  PASS  test_an_unfinished_tunnel_does_nothing_for_the_beds
  PASS  test_spoil_is_taken_off_a_heap_and_the_heap_shrinks
  PASS  test_the_nearest_heap_with_enough_earth_is_chosen
  PASS  test_jobs_open_once_per_kind_and_bed
  PASS  test_a_watering_job_walks_its_plan_and_keeps_work_on_rewind
  PASS  test_a_drain_job_walks_to_the_bed_and_digs
  PASS  test_compost_goes_to_the_bed_and_never_to_a_heap
  PASS  test_verbs_are_offered_by_the_bed_state
  PASS  test_compost_is_the_store_s_and_no_amount_of_earth_stands_in
CI_SUITE_TIME {"assertions":607,"failures":0,"suite":"test_demo_farm.gd","tests":56,"usec":891036}
test_demo_group_select.gd
  PASS  test_a_group_keeps_its_members_sorted_and_an_empty_selection_changes_nothing
  PASS  test_the_slots_run_zero_to_nine
  PASS  test_a_recall_drops_members_the_cast_no_longer_has_for_good
  PASS  test_the_same_digit_twice_within_300_ms_is_a_double_tap
  PASS  test_the_group_holding_a_selection_is_found_exactly
  PASS  test_a_status_row_is_added_by_data_and_replaced_in_place
  PASS  test_a_bad_row_is_refused
  PASS  test_who_holds_a_row_and_in_what_order_rows_show
  PASS  test_short_names_keep_a_shared_first_word_whole
  PASS  test_a_status_line_and_a_tally
  PASS  test_a_tile_names_its_warning_else_idle_else_its_activity
  PASS  test_the_section_shows_a_group_and_hides_for_one
  PASS  test_no_warning_says_none_and_the_pool_shrinks
  PASS  test_a_tile_says_its_name_and_tag_and_wears_a_warning_edge
  PASS  test_a_tile_press_says_who_and_whether_shift_was_held
  PASS  test_crew_buttons_send_their_crew_and_one_all_are_on_is_disabled
  PASS  test_select_idle_counts_and_is_disabled_with_nobody_idle
  PASS  test_send_to_shows_its_wait_and_text_and_buttons_meet_the_floors
  PASS  test_the_party_panel_hosts_the_section_after_its_notice_and_the_row_in_its_top
  PASS  test_the_box_count_sits_past_the_box_and_inside_the_view
  PASS  test_with_no_portrait_staged_the_tiles_are_as_before
  PASS  test_a_staged_portrait_sits_beside_the_colour_bar_and_the_tiles_run_two_across
  PASS  test_a_tile_looks_its_portrait_up_again_only_when_its_resident_changes
  PASS  test_portraits_given_after_a_group_shows_draw_at_once
CI_SUITE_TIME {"assertions":183,"failures":0,"suite":"test_demo_group_select.gd","tests":24,"usec":387629}
test_demo_planner.gd
  PASS  test_the_pantry_ledger_balances_stock_in_out_and_spoiled
  PASS  test_a_closed_day_is_the_ledgers_movement_that_day
  PASS  test_the_record_counts_the_kitchen_meals_from_its_ledgers
  PASS  test_who_went_without_is_the_kitchen_s_tally
  PASS  test_a_day_waits_for_the_kitchen_to_run_past_its_midnight
  PASS  test_the_record_maps_every_kitchen_counter
  PASS  test_the_day_s_event_is_the_one_active_on_it
  PASS  test_a_withered_crop_is_a_crop_lost_on_its_day
  PASS  test_a_season_s_totals_are_its_days_and_a_year_is_kept
  PASS  test_the_farm_posts_each_day_and_each_season_to_the_news
  PASS  test_a_growing_bed_s_forecast_is_the_tick_it_ripens
  PASS  test_a_ripe_bed_shows_its_rule_dates
  PASS  test_the_overview_s_cells_are_the_bed_panel_s_words
  PASS  test_needs_attention_is_the_warning_needs_and_waiting_harvests
  PASS  test_harvest_soon_is_ripe_or_within_a_day_at_today_s_rate
  PASS  test_the_calendar_s_today_is_the_hud_s_date_on_the_ten_minute_day
  PASS  test_the_calendar_holds_the_windows_and_the_demo_schedule
  PASS  test_the_season_event_shows_only_once_announced
  PASS  test_the_calendar_shows_the_kitchen_s_planned_meals_and_the_food_in_store
  PASS  test_the_fallow_plan_is_the_farm_s_own_fallow_season
  PASS  test_the_fallow_gain_is_farming_gd_s_after_a_real_legume
  PASS  test_the_legume_plan_gives_back_its_cost_as_the_farm_does
  PASS  test_the_compost_plan_is_compost_then_the_picker_s_estimate
  PASS  test_a_standing_crop_s_plans_start_at_its_harvest
  PASS  test_compare_sorts_and_holds_its_order_until_sorted_again
  PASS  test_compare_rings_and_ranks_the_beds_on_the_map
  PASS  test_t_opens_the_planner_and_t_and_esc_close_it
  PASS  test_the_overview_rows_follow_the_filter_and_open_their_bed
  PASS  test_every_tab_fills_from_the_farm
CI_SUITE_TIME {"assertions":247,"failures":0,"suite":"test_demo_planner.gd","tests":29,"usec":12939560}
test_demo_select_live.gd
  PASS  test_the_real_scene_selects_groups_at_1280x720
  PASS  test_the_real_scene_selects_groups_at_1920x1080
CI_SUITE_TIME {"assertions":126,"failures":0,"suite":"test_demo_select_live.gd","tests":2,"usec":26695048}
test_demo_session_live.gd
  PASS  test_pauses_run_until_presets_and_the_object_list_at_1280x720
  PASS  test_pauses_run_until_presets_and_the_object_list_at_1920x1080
CI_SUITE_TIME {"assertions":140,"failures":0,"suite":"test_demo_session_live.gd","tests":2,"usec":42406289}
test_demo_stall_banner.gd
  PASS  test_hidden_while_the_clock_runs
  PASS  test_a_stall_shows_it_and_it_never_resumes_by_itself
  PASS  test_resume_acknowledges_and_the_clock_runs_again
  PASS  test_resume_leaves_a_players_own_pause
  PASS  test_resume_without_a_stall_does_nothing
  PASS  test_the_banner_carries_the_clocks_sentence_and_withholds_the_card
  PASS  test_resume_resolves_the_overload_and_a_second_stall_raises_it_again
  PASS  test_a_step_down_warning_without_the_banner_still_takes_its_card
  PASS  test_the_card_is_withheld_in_the_call_that_raised_it
  PASS  test_a_reported_pause_that_never_lands_hands_the_card_back
  PASS  test_the_banner_draws_above_the_pantry_and_the_hud
  PASS  test_the_condition_ends_however_the_pause_is_acknowledged
  PASS  test_a_step_down_warning_is_resolved_once_the_clock_runs_quiet
CI_SUITE_TIME {"assertions":57,"failures":0,"suite":"test_demo_stall_banner.gd","tests":13,"usec":244225}
test_demo_theatre.gd
  PASS  test_the_warren_s_particles_fit_their_budget
TOLERATED ERROR: Condition "!is_inside_tree()" is true. Returning: Transform3D()
   at: get_global_transform (scene/3d/node_3d.cpp:649)
   GDScript backtrace (most recent call first):
       [0] _light (res://demo/burrow/fixture_view.gd:378)
       [1] refresh (res://demo/burrow/fixture_view.gd:173)
       [2] test_the_cap_holds_with_eight_homes_smoking_three_faces_a_seep_and_a_strain (res://test/test_demo_theatre.gd:179)
       [3] _run_test (res://test/run_tests.gd:194)
       [4] _run_suite (res://test/run_tests.gd:168)
       [5] _run_suite (/home/runner/work/redwall-rts/redwall-rts/tools/ci_test_shard_runner.gd:30)
       [6] _run_worker (res://test/run_tests.gd:121)
       [7] _initialize (res://test/run_tests.gd:108)
TOLERATED ERROR: Condition "!is_inside_tree()" is true. Returning: Transform3D()
   at: get_global_transform (scene/3d/node_3d.cpp:649)
   GDScript backtrace (most recent call first):
       [0] _light (res://demo/burrow/fixture_view.gd:378)
       [1] refresh (res://demo/burrow/fixture_view.gd:173)
       [2] test_the_cap_holds_with_eight_homes_smoking_three_faces_a_seep_and_a_strain (res://test/test_demo_theatre.gd:179)
       [3] _run_test (res://test/run_tests.gd:194)
       [4] _run_suite (res://test/run_tests.gd:168)
       [5] _run_suite (/home/runner/work/redwall-rts/redwall-rts/tools/ci_test_shard_runner.gd:30)
       [6] _run_worker (res://test/run_tests.gd:121)
       [7] _initialize (res://test/run_tests.gd:108)
TOLERATED ERROR: Condition "!is_inside_tree()" is true. Returning: Transform3D()
   at: get_global_transform (scene/3d/node_3d.cpp:649)
   GDScript backtrace (most recent call first):
       [0] _light (res://demo/burrow/fixture_view.gd:378)
       [1] refresh (res://demo/burrow/fixture_view.gd:173)
       [2] test_the_cap_holds_with_eight_homes_smoking_three_faces_a_seep_and_a_strain (res://test/test_demo_theatre.gd:179)
       [3] _run_test (res://test/run_tests.gd:194)
       [4] _run_suite (res://test/run_tests.gd:168)
       [5] _run_suite (/home/runner/work/redwall-rts/redwall-rts/tools/ci_test_shard_runner.gd:30)
       [6] _run_worker (res://test/run_tests.gd:121)
       [7] _initialize (res://test/run_tests.gd:108)
TOLERATED ERROR: Condition "!is_inside_tree()" is true. Returning: Transform3D()
   at: get_global_transform (scene/3d/node_3d.cpp:649)
   GDScript backtrace (most recent call first):
       [0] _light (res://demo/burrow/fixture_view.gd:378)
       [1] refresh (res://demo/burrow/fixture_view.gd:173)
       [2] test_the_cap_holds_with_eight_homes_smoking_three_faces_a_seep_and_a_strain (res://test/test_demo_theatre.gd:179)
       [3] _run_test (res://test/run_tests.gd:194)
       [4] _run_suite (res://test/run_tests.gd:168)
       [5] _run_suite (/home/runner/work/redwall-rts/redwall-rts/tools/ci_test_shard_runner.gd:30)
       [6] _run_worker (res://test/run_tests.gd:121)
       [7] _initialize (res://test/run_tests.gd:108)
TOLERATED ERROR: Condition "!is_inside_tree()" is true. Returning: Transform3D()
   at: get_global_transform (scene/3d/node_3d.cpp:649)
   GDScript backtrace (most recent call first):
       [0] _light (res://demo/burrow/fixture_view.gd:378)
       [1] refresh (res://demo/burrow/fixture_view.gd:173)
       [2] test_the_cap_holds_with_eight_homes_smoking_three_faces_a_seep_and_a_strain (res://test/test_demo_theatre.gd:179)
       [3] _run_test (res://test/run_tests.gd:194)
       [4] _run_suite (res://test/run_tests.gd:168)
       [5] _run_suite (/home/runner/work/redwall-rts/redwall-rts/tools/ci_test_shard_runner.gd:30)
       [6] _run_worker (res://test/run_tests.gd:121)
       [7] _initialize (res://test/run_tests.gd:108)
TOLERATED ERROR: Condition "!is_inside_tree()" is true. Returning: Transform3D()
   at: get_global_transform (scene/3d/node_3d.cpp:649)
   GDScript backtrace (most recent call first):
       [0] _light (res://demo/burrow/fixture_view.gd:378)
       [1] refresh (res://demo/burrow/fixture_view.gd:173)
       [2] test_the_cap_holds_with_eight_homes_smoking_three_faces_a_seep_and_a_strain (res://test/test_demo_theatre.gd:179)
       [3] _run_test (res://test/run_tests.gd:194)
       [4] _run_suite (res://test/run_tests.gd:168)
       [5] _run_suite (/home/runner/work/redwall-rts/redwall-rts/tools/ci_test_shard_runner.gd:30)
       [6] _run_worker (res://test/run_tests.gd:121)
       [7] _initialize (res://test/run_tests.gd:108)
TOLERATED ERROR: Condition "!is_inside_tree()" is true. Returning: Transform3D()
   at: get_global_transform (scene/3d/node_3d.cpp:649)
   GDScript backtrace (most recent call first):
       [0] _light (res://demo/burrow/fixture_view.gd:378)
       [1] refresh (res://demo/burrow/fixture_view.gd:173)
       [2] test_the_cap_holds_with_eight_homes_smoking_three_faces_a_seep_and_a_strain (res://test/test_demo_theatre.gd:179)
       [3] _run_test (res://test/run_tests.gd:194)
       [4] _run_suite (res://test/run_tests.gd:168)
       [5] _run_suite (/home/runner/work/redwall-rts/redwall-rts/tools/ci_test_shard_runner.gd:30)
       [6] _run_worker (res://test/run_tests.gd:121)
       [7] _initialize (res://test/run_tests.gd:108)
TOLERATED ERROR: Condition "!is_inside_tree()" is true. Returning: Transform3D()
   at: get_global_transform (scene/3d/node_3d.cpp:649)
   GDScript backtrace (most recent call first):
       [0] _light (res://demo/burrow/fixture_view.gd:378)
       [1] refresh (res://demo/burrow/fixture_view.gd:173)
       [2] test_the_cap_holds_with_eight_homes_smoking_three_faces_a_seep_and_a_strain (res://test/test_demo_theatre.gd:179)
       [3] _run_test (res://test/run_tests.gd:194)
       [4] _run_suite (res://test/run_tests.gd:168)
       [5] _run_suite (/home/runner/work/redwall-rts/redwall-rts/tools/ci_test_shard_runner.gd:30)
       [6] _run_worker (res://test/run_tests.gd:121)
       [7] _initialize (res://test/run_tests.gd:108)
TOLERATED ERROR: Condition "!is_inside_tree()" is true. Returning: Transform3D()
   at: get_global_transform (scene/3d/node_3d.cpp:649)
   GDScript backtrace (most recent call first):
       [0] burst_clods (res://demo/tunnel/warren_particles.gd:283)
       [1] test_the_cap_holds_with_eight_homes_smoking_three_faces_a_seep_and_a_strain (res://test/test_demo_theatre.gd:187)
       [2] _run_test (res://test/run_tests.gd:194)
       [3] _run_suite (res://test/run_tests.gd:168)
       [4] _run_suite (/home/runner/work/redwall-rts/redwall-rts/tools/ci_test_shard_runner.gd:30)
       [5] _run_worker (res://test/run_tests.gd:121)
       [6] _initialize (res://test/run_tests.gd:108)
TOLERATED ERROR: Condition "!is_inside_tree()" is true. Returning: Transform3D()
   at: get_global_transform (scene/3d/node_3d.cpp:649)
   GDScript backtrace (most recent call first):
       [0] set_mound (res://demo/tunnel/warren_particles.gd:293)
       [1] test_the_cap_holds_with_eight_homes_smoking_three_faces_a_seep_and_a_strain (res://test/test_demo_theatre.gd:188)
       [2] _run_test (res://test/run_tests.gd:194)
       [3] _run_suite (res://test/run_tests.gd:168)
       [4] _run_suite (/home/runner/work/redwall-rts/redwall-rts/tools/ci_test_shard_runner.gd:30)
       [5] _run_worker (res://test/run_tests.gd:121)
       [6] _initialize (res://test/run_tests.gd:108)
TOLERATED ERROR: Condition "!is_inside_tree()" is true. Returning: Transform3D()
   at: get_global_transform (scene/3d/node_3d.cpp:649)
   GDScript backtrace (most recent call first):
       [0] burst_clods (res://demo/tunnel/warren_particles.gd:283)
       [1] test_the_cap_holds_with_eight_homes_smoking_three_faces_a_seep_and_a_strain (res://test/test_demo_theatre.gd:187)
       [2] _run_test (res://test/run_tests.gd:194)
       [3] _run_suite (res://test/run_tests.gd:168)
       [4] _run_suite (/home/runner/work/redwall-rts/redwall-rts/tools/ci_test_shard_runner.gd:30)
       [5] _run_worker (res://test/run_tests.gd:121)
       [6] _initialize (res://test/run_tests.gd:108)
TOLERATED ERROR: Condition "!is_inside_tree()" is true. Returning: Transform3D()
   at: get_global_transform (scene/3d/node_3d.cpp:649)
   GDScript backtrace (most recent call first):
       [0] set_mound (res://demo/tunnel/warren_particles.gd:293)
       [1] test_the_cap_holds_with_eight_homes_smoking_three_faces_a_seep_and_a_strain (res://test/test_demo_theatre.gd:188)
       [2] _run_test (res://test/run_tests.gd:194)
       [3] _run_suite (res://test/run_tests.gd:168)
       [4] _run_suite (/home/runner/work/redwall-rts/redwall-rts/tools/ci_test_shard_runner.gd:30)
       [5] _run_worker (res://test/run_tests.gd:121)
       [6] _initialize (res://test/run_tests.gd:108)
TOLERATED ERROR: Condition "!is_inside_tree()" is true. Returning: Transform3D()
   at: get_global_transform (scene/3d/node_3d.cpp:649)
   GDScript backtrace (most recent call first):
       [0] burst_clods (res://demo/tunnel/warren_particles.gd:283)
       [1] test_the_cap_holds_with_eight_homes_smoking_three_faces_a_seep_and_a_strain (res://test/test_demo_theatre.gd:187)
       [2] _run_test (res://test/run_tests.gd:194)
       [3] _run_suite (res://test/run_tests.gd:168)
       [4] _run_suite (/home/runner/work/redwall-rts/redwall-rts/tools/ci_test_shard_runner.gd:30)
       [5] _run_worker (res://test/run_tests.gd:121)
       [6] _initialize (res://test/run_tests.gd:108)
TOLERATED ERROR: Condition "!is_inside_tree()" is true. Returning: Transform3D()
   at: get_global_transform (scene/3d/node_3d.cpp:649)
   GDScript backtrace (most recent call first):
       [0] set_mound (res://demo/tunnel/warren_particles.gd:293)
       [1] test_the_cap_holds_with_eight_homes_smoking_three_faces_a_seep_and_a_strain (res://test/test_demo_theatre.gd:188)
       [2] _run_test (res://test/run_tests.gd:194)
       [3] _run_suite (res://test/run_tests.gd:168)
       [4] _run_suite (/home/runner/work/redwall-rts/redwall-rts/tools/ci_test_shard_runner.gd:30)
       [5] _run_worker (res://test/run_tests.gd:121)
       [6] _initialize (res://test/run_tests.gd:108)
TOLERATED ERROR: Condition "!is_inside_tree()" is true. Returning: Transform3D()
   at: get_global_transform (scene/3d/node_3d.cpp:649)
   GDScript backtrace (most recent call first):
       [0] puff (res://demo/tunnel/warren_particles.gd:302)
       [1] test_the_cap_holds_with_eight_homes_smoking_three_faces_a_seep_and_a_strain (res://test/test_demo_theatre.gd:189)
       [2] _run_test (res://test/run_tests.gd:194)
       [3] _run_suite (res://test/run_tests.gd:168)
       [4] _run_suite (/home/runner/work/redwall-rts/redwall-rts/tools/ci_test_shard_runner.gd:30)
       [5] _run_worker (res://test/run_tests.gd:121)
       [6] _initialize (res://test/run_tests.gd:108)
TOLERATED ERROR: Condition "!is_inside_tree()" is true. Returning: Transform3D()
   at: get_global_transform (scene/3d/node_3d.cpp:649)
   GDScript backtrace (most recent call first):
       [0] set_hazard (res://demo/tunnel/warren_particles.gd:316)
       [1] test_the_cap_holds_with_eight_homes_smoking_three_faces_a_seep_and_a_strain (res://test/test_demo_theatre.gd:191)
       [2] _run_test (res://test/run_tests.gd:194)
       [3] _run_suite (res://test/run_tests.gd:168)
       [4] _run_suite (/home/runner/work/redwall-rts/redwall-rts/tools/ci_test_shard_runner.gd:30)
       [5] _run_worker (res://test/run_tests.gd:121)
       [6] _initialize (res://test/run_tests.gd:108)
TOLERATED ERROR: Condition "!is_inside_tree()" is true. Returning: Transform3D()
   at: get_global_transform (scene/3d/node_3d.cpp:649)
   GDScript backtrace (most recent call first):
       [0] set_hazard (res://demo/tunnel/warren_particles.gd:316)
       [1] test_the_cap_holds_with_eight_homes_smoking_three_faces_a_seep_and_a_strain (res://test/test_demo_theatre.gd:192)
       [2] _run_test (res://test/run_tests.gd:194)
       [3] _run_suite (res://test/run_tests.gd:168)
       [4] _run_suite (/home/runner/work/redwall-rts/redwall-rts/tools/ci_test_shard_runner.gd:30)
       [5] _run_worker (res://test/run_tests.gd:121)
       [6] _initialize (res://test/run_tests.gd:108)
TOLERATED ERROR: Condition "!is_inside_tree()" is true. Returning: Transform3D()
   at: get_global_transform (scene/3d/node_3d.cpp:649)
   GDScript backtrace (most recent call first):
       [0] set_hazard (res://demo/tunnel/warren_particles.gd:316)
       [1] test_the_cap_holds_with_eight_homes_smoking_three_faces_a_seep_and_a_strain (res://test/test_demo_theatre.gd:191)
       [2] _run_test (res://test/run_tests.gd:194)
       [3] _run_suite (res://test/run_tests.gd:168)
       [4] _run_suite (/home/runner/work/redwall-rts/redwall-rts/tools/ci_test_shard_runner.gd:30)
       [5] _run_worker (res://test/run_tests.gd:121)
       [6] _initialize (res://test/run_tests.gd:108)
TOLERATED ERROR: Condition "!is_inside_tree()" is true. Returning: Transform3D()
   at: get_global_transform (scene/3d/node_3d.cpp:649)
   GDScript backtrace (most recent call first):
       [0] set_hazard (res://demo/tunnel/warren_particles.gd:316)
       [1] test_the_cap_holds_with_eight_homes_smoking_three_faces_a_seep_and_a_strain (res://test/test_demo_theatre.gd:192)
       [2] _run_test (res://test/run_tests.gd:194)
       [3] _run_suite (res://test/run_tests.gd:168)
       [4] _run_suite (/home/runner/work/redwall-rts/redwall-rts/tools/ci_test_shard_runner.gd:30)
       [5] _run_worker (res://test/run_tests.gd:121)
       [6] _initialize (res://test/run_tests.gd:108)
  PASS  test_the_cap_holds_with_eight_homes_smoking_three_faces_a_seep_and_a_strain
  PASS  test_the_pools_run_on_the_demo_clock
TOLERATED ERROR: Condition "!is_inside_tree()" is true. Returning: Transform3D()
   at: get_global_transform (scene/3d/node_3d.cpp:649)
   GDScript backtrace (most recent call first):
       [0] puff (res://demo/tunnel/warren_particles.gd:302)
       [1] test_a_puff_takes_the_next_dust_emitter_on_its_layer (res://test/test_demo_theatre.gd:221)
       [2] _run_test (res://test/run_tests.gd:194)
       [3] _run_suite (res://test/run_tests.gd:168)
       [4] _run_suite (/home/runner/work/redwall-rts/redwall-rts/tools/ci_test_shard_runner.gd:30)
       [5] _run_worker (res://test/run_tests.gd:121)
       [6] _initialize (res://test/run_tests.gd:108)
TOLERATED ERROR: Condition "!is_inside_tree()" is true. Returning: Transform3D()
   at: get_global_transform (scene/3d/node_3d.cpp:649)
   GDScript backtrace (most recent call first):
       [0] puff (res://demo/tunnel/warren_particles.gd:302)
       [1] test_a_puff_takes_the_next_dust_emitter_on_its_layer (res://test/test_demo_theatre.gd:222)
       [2] _run_test (res://test/run_tests.gd:194)
       [3] _run_suite (res://test/run_tests.gd:168)
       [4] _run_suite (/home/runner/work/redwall-rts/redwall-rts/tools/ci_test_shard_runner.gd:30)
       [5] _run_worker (res://test/run_tests.gd:121)
       [6] _initialize (res://test/run_tests.gd:108)
TOLERATED ERROR: Condition "!is_inside_tree()" is true. Returning: Transform3D()
   at: get_global_transform (scene/3d/node_3d.cpp:649)
   GDScript backtrace (most recent call first):
       [0] puff (res://demo/tunnel/warren_particles.gd:302)
       [1] test_a_puff_takes_the_next_dust_emitter_on_its_layer (res://test/test_demo_theatre.gd:226)
       [2] _run_test (res://test/run_tests.gd:194)
       [3] _run_suite (res://test/run_tests.gd:168)
       [4] _run_suite (/home/runner/work/redwall-rts/redwall-rts/tools/ci_test_shard_runner.gd:30)
       [5] _run_worker (res://test/run_tests.gd:121)
       [6] _initialize (res://test/run_tests.gd:108)
  PASS  test_a_puff_takes_the_next_dust_emitter_on_its_layer
  PASS  test_a_mouth_nobody_hauls_for_draws_all_it_has_received
  PASS  test_haulers_locate_every_milli_of_the_spoil
  PASS  test_a_mouth_row_freed_starts_its_heap_clean
  PASS  test_the_farm_takes_only_what_is_tipped
  PASS  test_a_crew_member_fills_carries_out_and_tips_a_basket
  PASS  test_one_fills_at_a_time_and_only_a_basketful
  PASS  test_a_hauler_whose_mouth_is_gone_goes_back_to_its_post
  PASS  test_a_hauler_called_away_drops_its_load_on_the_heap
  PASS  test_the_last_basket_goes_out_when_the_dig_is_done
  PASS  test_two_sent_to_one_spot_both_reach_it
  PASS  test_a_replan_that_finds_no_way_gives_the_trip_up
TOLERATED ERROR: Condition "!is_inside_tree()" is true. Returning: Transform3D()
   at: get_global_transform (scene/3d/node_3d.cpp:649)
   GDScript backtrace (most recent call first):
       [0] puff (res://demo/tunnel/warren_particles.gd:302)
       [1] refresh (res://demo/tunnel/haul_view.gd:81)
       [2] test_the_baskets_are_drawn_as_the_hauling_stands (res://test/test_demo_theatre.gd:606)
       [3] _run_test (res://test/run_tests.gd:194)
       [4] _run_suite (res://test/run_tests.gd:168)
       [5] _run_suite (/home/runner/work/redwall-rts/redwall-rts/tools/ci_test_shard_runner.gd:30)
       [6] _run_worker (res://test/run_tests.gd:121)
       [7] _initialize (res://test/run_tests.gd:108)
  PASS  test_the_baskets_are_drawn_as_the_hauling_stands
TOLERATED ERROR: Condition "!is_inside_tree()" is true. Returning: Transform3D()
   at: get_global_transform (scene/3d/node_3d.cpp:649)
   GDScript backtrace (most recent call first):
       [0] burst_clods (res://demo/tunnel/warren_particles.gd:283)
       [1] _show (res://demo/tunnel/dig_theatre.gd:162)
       [2] refresh (res://demo/tunnel/dig_theatre.gd:133)
       [3] test_a_face_gets_its_lantern_light_and_clods (res://test/test_demo_theatre.gd:655)
       [4] _run_test (res://test/run_tests.gd:194)
       [5] _run_suite (res://test/run_tests.gd:168)
       [6] _run_suite (/home/runner/work/redwall-rts/redwall-rts/tools/ci_test_shard_runner.gd:30)
       [7] _run_worker (res://test/run_tests.gd:121)
       [8] _initialize (res://test/run_tests.gd:108)
  PASS  test_a_face_gets_its_lantern_light_and_clods
  PASS  test_the_dig_face_is_a_rough_concave_fresh_cut
TOLERATED ERROR: Condition "!is_inside_tree()" is true. Returning: Transform3D()
   at: get_global_transform (scene/3d/node_3d.cpp:649)
   GDScript backtrace (most recent call first):
       [0] puff (res://demo/tunnel/warren_particles.gd:302)
       [1] _puff (res://demo/tunnel/tunnel_marks.gd:660)
       [2] _place_frames (res://demo/tunnel/tunnel_marks.gd:572)
       [3] _draw_slot (res://demo/tunnel/tunnel_marks.gd:446)
       [4] refresh (res://demo/tunnel/tunnel_marks.gd:396)
       [5] test_braces_go_up_one_at_a_time_each_with_a_puff (res://test/test_demo_theatre.gd:736)
       [6] _run_test (res://test/run_tests.gd:194)
       [7] _run_suite (res://test/run_tests.gd:168)
       [8] _run_suite (/home/runner/work/redwall-rts/redwall-rts/tools/ci_test_shard_runner.gd:30)
       [9] _run_worker (res://test/run_tests.gd:121)
       [10] _initialize (res://test/run_tests.gd:108)
TOLERATED ERROR: Condition "!is_inside_tree()" is true. Returning: Transform3D()
   at: get_global_transform (scene/3d/node_3d.cpp:649)
   GDScript backtrace (most recent call first):
       [0] puff (res://demo/tunnel/warren_particles.gd:302)
       [1] _puff (res://demo/tunnel/tunnel_marks.gd:660)
       [2] _place_frames (res://demo/tunnel/tunnel_marks.gd:572)
       [3] _draw_slot (res://demo/tunnel/tunnel_marks.gd:446)
       [4] refresh (res://demo/tunnel/tunnel_marks.gd:396)
       [5] test_braces_go_up_one_at_a_time_each_with_a_puff (res://test/test_demo_theatre.gd:742)
       [6] _run_test (res://test/run_tests.gd:194)
       [7] _run_suite (res://test/run_tests.gd:168)
       [8] _run_suite (/home/runner/work/redwall-rts/redwall-rts/tools/ci_test_shard_runner.gd:30)
       [9] _run_worker (res://test/run_tests.gd:121)
       [10] _initialize (res://test/run_tests.gd:108)
  PASS  test_braces_go_up_one_at_a_time_each_with_a_puff
  PASS  test_lanterns_hang_one_at_a_time_their_glow_swelling
  PASS  test_a_frame_rises_and_a_glow_swells_to_whole
  PASS  test_a_light_blooms_on_and_settles
  PASS  test_a_spot_keeps_its_age_when_handed_in_again
  PASS  test_a_face_spot_moves_without_blooming_again
TOLERATED ERROR: Condition "!is_inside_tree()" is true. Returning: Transform3D()
   at: get_global_transform (scene/3d/node_3d.cpp:649)
   GDScript backtrace (most recent call first):
       [0] puff (res://demo/tunnel/warren_particles.gd:302)
       [1] _puff_at (res://demo/burrow/fixture_view.gd:272)
       [2] _refresh_places (res://demo/burrow/fixture_view.gd:196)
       [3] refresh (res://demo/burrow/fixture_view.gd:172)
       [4] test_a_fixture_rises_from_its_ring_as_it_is_put_in_then_puffs (res://test/test_demo_theatre.gd:855)
       [5] _run_test (res://test/run_tests.gd:194)
       [6] _run_suite (res://test/run_tests.gd:168)
       [7] _run_suite (/home/runner/work/redwall-rts/redwall-rts/tools/ci_test_shard_runner.gd:30)
       [8] _run_worker (res://test/run_tests.gd:121)
       [9] _initialize (res://test/run_tests.gd:108)
  PASS  test_a_fixture_rises_from_its_ring_as_it_is_put_in_then_puffs
  PASS  test_the_installer_heaves_the_big_pieces_and_hangs_the_light_ones
  PASS  test_a_room_dries_from_the_door_outward_as_it_was_dug
  PASS  test_a_hub_keeps_the_day_it_broke_ground
  PASS  test_a_widening_re_cuts_the_walls_it_passes
CI_SUITE_TIME {"assertions":177,"failures":0,"suite":"test_demo_theatre.gd","tests":29,"usec":222941}
test_demo_water.gd
  PASS  test_isqrt_is_the_exact_floor_root
  PASS  test_mouse_zones_at_each_threshold
  PASS  test_badger_zones_scale_with_its_height
  PASS  test_mouse_anchor_is_the_lookdev_row
  PASS  test_direction_table_is_unit_length
  PASS  test_trapezoid_depth_across_the_stream
  PASS  test_tapered_primitive_interpolates_radius_and_bed
  PASS  test_zone_at_uses_the_mouse
  PASS  test_zone_for_a_body_and_its_refusal
  PASS  test_ground_falls_down_the_bank_to_the_bed
  PASS  test_flow_follows_the_stream_and_stills_on_a_pond
  PASS  test_body_at_and_sample_agree
  PASS  test_empty_map_answers_dry_and_refuses_what_needs_water
  PASS  test_a_single_pond_circle_has_64_shore_samples_on_its_edge
  PASS  test_nearest_bank_scans_the_shore
  PASS  test_overlapping_circles_keep_only_the_union_edge
  PASS  test_a_landing_snaps_to_the_bank_and_sets_back_onto_dry_land
  PASS  test_landing_refusals
  PASS  test_a_landing_that_never_reaches_dry_land_blocks_finalize
  PASS  test_crossings_are_the_ford_then_the_narrowest_spans
  PASS  test_stream_width_at_a_point_is_the_nearest_station
  PASS  test_segment_crosses_water_with_clearance
  PASS  test_segment_distance_cases
  PASS  test_bad_bodies_are_refused_and_add_nothing
  PASS  test_body_capacity_and_finalize_once
  PASS  test_village_has_a_stream_and_a_pond
  PASS  test_nothing_inside_the_play_square_is_wet_or_carved
  PASS  test_no_tunnel_inside_the_square_can_reach_under_water
  PASS  test_the_ford_wades_and_the_run_and_pond_dive
  PASS  test_village_crossings_ford_at_the_road_and_bridge_at_the_neck
  PASS  test_the_weir_reach_meets_the_gdd_width
  PASS  test_every_landing_has_a_waterline_and_dry_flat_land
  PASS  test_water_spots_are_in_bounds_clear_dry_and_apart
  PASS  test_water_spots_are_well_formed
  PASS  test_dressing_obstacles_are_sane_and_reach_the_play_area
  PASS  test_dressing_sizes_use_the_building_envelopes
  PASS  test_woods_blockers_cover_the_water_and_the_dressing
  PASS  test_no_tree_or_log_grows_in_the_water_or_on_its_banks
  PASS  test_species_ids_bind_in_species_key_order
  PASS  test_sites_bind_river_and_lake_species
  PASS  test_create_refuses_bad_inputs
  PASS  test_initial_stocks_quotas_and_slots_are_the_gdd_table
  PASS  test_expected_catch_is_the_gdd_formula
  PASS  test_injury_risk_is_the_gdd_formula
  PASS  test_gear_access_follows_the_gdd_and_the_sites
  PASS  test_invalid_site_species_or_gear_refuse
  PASS  test_salmon_is_shut_until_autumn
  PASS  test_a_cycle_returns_a_species_lot_and_debits_the_stock
  PASS  test_run_and_ford_draw_on_one_river_stock
  PASS  test_effort_slots_queue_further_fishers
  PASS  test_a_cycle_completes_once_and_cancels_cleanly
  PASS  test_demo_time_becomes_whole_ticks_exactly
  PASS  test_midnight_recovers_stock_and_resets_the_quota
  PASS  test_the_trout_spawning_closure_and_its_reopening
  PASS  test_depletion_latches_restocking_and_blocks_new_cycles
  PASS  test_the_ground_is_carved_outside_the_square_only
  PASS  test_water_surfaces_one_per_body_at_the_water_level
  PASS  test_flow_clock_freezes_when_paused_and_wraps_exactly
  PASS  test_the_water_follows_the_demo_clock
  PASS  test_the_water_is_all_on_the_surface_layers
  PASS  test_ground_cover_is_cleared_from_the_water_and_banks
  PASS  test_dressing_is_parented_under_the_village
  PASS  test_merged_lists_and_view_bounds
  PASS  test_the_overlay_has_no_key_of_its_own
  PASS  test_the_fishery_keeps_the_demo_calendar
  PASS  test_a_flood_raises_the_stream_up_its_banks
  PASS  test_overlay_site_text_reads_the_fishery
  PASS  test_depth_rounds_up_so_any_water_is_wet
  PASS  test_at_a_joint_the_upstream_leg_wins_the_tie
  PASS  test_a_width_that_is_not_a_step_multiple_is_measured_to_the_unit
  PASS  test_a_taper_is_judged_by_its_widest_end_for_tunnels
  PASS  test_a_leg_stopping_short_of_a_crossing_does_not_meet
  PASS  test_salmon_gets_its_autumn_restock_on_the_new_day
  PASS  test_a_species_closed_mid_cycle_yields_a_true_zero
  PASS  test_a_preview_shows_a_heavy_gear_must_queue_for_two_slots
  PASS  test_a_spent_quota_refuses_new_cycles
  PASS  test_a_cycle_whose_claim_was_released_elsewhere_cannot_complete
  PASS  test_ten_ids_are_refused_too
  PASS  test_each_lot_carries_its_own_species_item_id
  PASS  test_no_woodland_piece_stands_inside_the_dressing
  PASS  test_the_store_holds_each_stock_under_its_own_item_id
  PASS  test_a_closure_ending_tonight_reopens_tomorrow
  PASS  test_the_overlays_labels_never_overlap_on_screen
  PASS  test_stacked_labels_rise_clear_of_each_other_lowest_first
EXPECTED WARNING: water overlay: site stream_run's landing fisher_shelter: WATER_UNKNOWN_LANDING; not labelled
     at: push_warning (core/variant/variant_utility.cpp:1033)
     GDScript backtrace (most recent call first):
         [0] _add_site_labels (res://demo/water/water_overlay.gd:309)
         [1] set_driver (res://demo/water/water_overlay.gd:128)
         [2] test_a_site_whose_landing_the_map_lacks_is_not_labelled (res://test/test_demo_water.gd:1349)
         [3] _run_test (res://test/run_tests.gd:194)
         [4] _run_suite (res://test/run_tests.gd:168)
         [5] _run_suite (/home/runner/work/redwall-rts/redwall-rts/tools/ci_test_shard_runner.gd:30)
         [6] _run_worker (res://test/run_tests.gd:121)
         [7] _initialize (res://test/run_tests.gd:108)
EXPECTED WARNING: water overlay: site ford's landing ford_west: WATER_UNKNOWN_LANDING; not labelled
     at: push_warning (core/variant/variant_utility.cpp:1033)
     GDScript backtrace (most recent call first):
         [0] _add_site_labels (res://demo/water/water_overlay.gd:309)
         [1] set_driver (res://demo/water/water_overlay.gd:128)
         [2] test_a_site_whose_landing_the_map_lacks_is_not_labelled (res://test/test_demo_water.gd:1349)
         [3] _run_test (res://test/run_tests.gd:194)
         [4] _run_suite (res://test/run_tests.gd:168)
         [5] _run_suite (/home/runner/work/redwall-rts/redwall-rts/tools/ci_test_shard_runner.gd:30)
         [6] _run_worker (res://test/run_tests.gd:121)
         [7] _initialize (res://test/run_tests.gd:108)
EXPECTED WARNING: water overlay: site pond's landing boathouse: WATER_UNKNOWN_LANDING; not labelled
     at: push_warning (core/variant/variant_utility.cpp:1033)
     GDScript backtrace (most recent call first):
         [0] _add_site_labels (res://demo/water/water_overlay.gd:309)
         [1] set_driver (res://demo/water/water_overlay.gd:128)
         [2] test_a_site_whose_landing_the_map_lacks_is_not_labelled (res://test/test_demo_water.gd:1349)
         [3] _run_test (res://test/run_tests.gd:194)
         [4] _run_suite (res://test/run_tests.gd:168)
         [5] _run_suite (/home/runner/work/redwall-rts/redwall-rts/tools/ci_test_shard_runner.gd:30)
         [6] _run_worker (res://test/run_tests.gd:121)
         [7] _initialize (res://test/run_tests.gd:108)
  PASS  test_a_site_whose_landing_the_map_lacks_is_not_labelled
  PASS  test_a_label_is_drawn_from_its_anchor_and_over_the_zone_paint
  PASS  test_a_label_pixel_covers_the_fixed_size_screen_share
  PASS  test_a_label_is_nudged_inside_the_view_only_when_its_landing_is_on_screen
CI_SUITE_TIME {"assertions":1738,"failures":0,"suite":"test_demo_water.gd","tests":88,"usec":31594716}
test_demo_world.gd
  PASS  test_building_scale_hits_the_authoritative_height_for_a_synthetic_bound
  PASS  test_building_scale_measures_height_from_the_bound_not_the_origin
  PASS  test_named_building_heights_match_the_ruling
  PASS  test_every_staged_world_key_has_a_positive_size
  PASS  test_crop_beds_are_scaled_to_their_width
  PASS  test_the_table_top_is_the_work_surface_candidate
  PASS  test_point_count_is_in_the_demo_range
  PASS  test_every_point_of_interest_is_inside_bounds
  PASS  test_every_point_of_interest_is_clear_of_every_obstacle
  PASS  test_point_fields_are_well_formed
  PASS  test_points_are_spaced_apart
  PASS  test_every_point_is_on_or_beside_a_worn_path
  PASS  test_every_path_capsule_has_a_radius
  PASS  test_obstacles_are_published_as_x_radius_z
  PASS  test_obstacles_have_positive_radii_and_reach_the_play_area
  PASS  test_every_blocking_footprint_is_walled_by_its_circles
  PASS  test_placeholder_build_works_on_an_empty_manifest
  PASS  test_placeholder_hall_is_drawn_at_its_envelope_height
  PASS  test_rebuild_replaces_rather_than_duplicates
  PASS  test_rebuild_keeps_nodes_the_integrator_added
  PASS  test_queries_do_not_change_across_a_build
  PASS  test_layout_and_dressing_are_deterministic
  PASS  test_trees_stand_outside_the_clearing_and_off_the_paths
  PASS  test_ground_cover_stays_out_of_obstacles_and_off_points
  PASS  test_card_placement_is_deterministic
  PASS  test_every_card_stays_inside_the_bed
  PASS  test_every_card_shows_a_cell_of_its_own_kind
  PASS  test_roots_bed_rows_match_the_source
  PASS  test_card_mesh_stands_on_the_soil_within_its_cell
  PASS  test_card_material_is_alpha_scissor_not_blend
  PASS  test_card_build_needs_no_staged_assets
EXPECTED WARNING: demo world: 'crop_grain_ripe' is staged but did not load; using a placeholder
     at: push_warning (core/variant/variant_utility.cpp:1033)
     GDScript backtrace (most recent call first):
         [0] _staged_scene (res://demo/world/demo_world.gd:414)
         [1] _make_piece (res://demo/world/demo_world.gd:433)
         [2] _build_pieces (res://demo/world/demo_world.gd:139)
         [3] build (res://demo/world/demo_world.gd:120)
         [4] test_a_carded_entry_whose_files_are_missing_falls_back_to_a_placeholder (res://test/test_demo_world.gd:462)
         [5] _run_test (res://test/run_tests.gd:194)
         [6] _run_suite (res://test/run_tests.gd:168)
         [7] _run_suite (/home/runner/work/redwall-rts/redwall-rts/tools/ci_test_shard_runner.gd:30)
         [8] _run_worker (res://test/run_tests.gd:121)
         [9] _initialize (res://test/run_tests.gd:108)
  PASS  test_a_carded_entry_whose_files_are_missing_falls_back_to_a_placeholder
  PASS  test_the_shadow_range_follows_the_zoom_between_its_limits
  PASS  test_the_sun_takes_the_fitted_shadow_range
  PASS  test_the_measured_sinks_are_pinned
  PASS  test_a_sink_scales_with_the_placement_size
  PASS  test_the_piece_transform_lets_a_model_down_by_its_sink
  PASS  test_a_staged_model_is_drawn_sunk_by_its_key
  PASS  test_a_staged_model_with_no_base_stands_on_the_ground
  PASS  test_a_placeholder_is_never_sunk
  PASS  test_the_build_draws_the_staged_residences_sunk
CI_SUITE_TIME {"assertions":5217,"failures":0,"suite":"test_demo_world.gd","tests":41,"usec":1477478}
test_demolition_work.gd
  PASS  test_an_order_is_recorded_once_and_read_back_by_building_and_row
  PASS  test_an_order_refuses_a_stale_building_and_writes_nothing
  PASS  test_cancelling_an_order_forgets_it_and_refuses_twice
  PASS  test_an_order_does_not_survive_its_row_being_reused
  PASS  test_drop_intent_and_drop_intent_at_forget_an_order_and_ignore_bad_rows
  PASS  test_clear_forgets_every_order_and_link
  PASS  test_a_demolition_and_a_piece_removal_are_removal_projects_and_name_their_building
  PASS  test_a_build_project_and_a_stale_ref_are_not_removals
  PASS  test_a_piece_under_construction_names_no_building
  PASS  test_post_job_publishes_one_build_job_carrying_the_projects_work
  PASS  test_post_job_refuses_a_second_job_and_every_unworkable_project
  PASS  test_a_working_project_posts_its_remaining_work_not_its_original_total
  PASS  test_a_refused_job_creation_links_nothing
  PASS  test_retiring_a_job_releases_its_worker_and_destroys_it
  PASS  test_retire_job_of_a_live_building_and_the_no_op_cases
  PASS  test_a_link_to_a_job_destroyed_elsewhere_reads_as_none_and_clears
  PASS  test_project_of_job_names_only_the_linked_build_job
  PASS  test_project_of_job_refuses_a_build_job_whose_requester_is_no_removal
  PASS  test_work_refusal_passes_a_job_in_step_and_names_each_refusal
  PASS  test_work_refusal_refuses_a_subject_that_is_gone
  PASS  test_credit_work_begins_the_work_once_and_then_only_adds
  PASS  test_credit_work_refuses_nothing_to_credit_and_a_paused_project
  PASS  test_credit_work_completes_the_project_on_its_last_milli_wu
  PASS  test_finished_project_at_names_the_project_only_once_its_job_is_complete
  PASS  test_a_linked_job_is_stale_when_cancelled_paused_out_of_step_or_foreign
  PASS  test_the_per_tick_reads_allocate_no_object
  PASS  test_add_work_mwu_into_matches_add_work_mwu_and_refuses_the_same_way
  PASS  test_row_of_names_a_live_buildings_row_and_minus_one_otherwise
  PASS  test_retire_job_frees_the_worker_destroys_the_row_and_refuses_a_dead_slot
  PASS  test_a_completed_job_retires_too
  PASS  test_an_orphaned_removal_job_is_one_no_link_resolves
  PASS  test_a_build_job_requested_by_a_live_build_project_is_not_an_orphan
  PASS  test_a_row_is_quiet_without_an_order_or_a_link
  PASS  test_live_job_at_into_matches_live_job_at_and_refuses_out_of_range
CI_SUITE_TIME {"assertions":8602,"failures":0,"suite":"test_demolition_work.gd","tests":34,"usec":7806368}
test_economy_system.gd
  PASS  test_catalog_is_loaded_into_open_stores
  PASS  test_starts_with_empty_stores
  PASS  test_deposit_accumulates_into_one_stack
  PASS  test_repeated_small_deposits_stay_exact
  PASS  test_deposit_refuses_non_positive_quantity
  PASS  test_unknown_item_is_refused_not_ignored
  PASS  test_deposit_over_container_mass_is_refused_not_clamped
  PASS  test_withdraw_spends_when_affordable
  PASS  test_withdraw_is_all_or_nothing
  PASS  test_withdraw_never_drives_stock_negative
  PASS  test_withdraw_spans_several_lots
  PASS  test_depletion_signals_once_per_drain
  PASS  test_food_and_materials_route_to_their_own_stores
  PASS  test_starting_inventory_fits_the_specified_container_masses
  PASS  test_ready_nutrition_reproduces_the_gdd_starter_fixture
  PASS  test_seeds_and_raw_ingredients_are_excluded_from_ready_nutrition
  PASS  test_a_nutritious_seed_is_still_excluded_because_it_is_a_seed
  PASS  test_reserved_food_is_excluded_from_ready_nutrition
  PASS  test_expired_food_is_excluded_from_ready_nutrition
  PASS  test_reset_returns_to_empty_stores
  PASS  test_stores_conserve_quantity_across_a_sequence
  PASS  test_summary_recompute_stays_within_budget
  PASS  test_food_days_is_unpopulated_without_a_residents_store
  PASS  test_food_days_is_unpopulated_while_nobody_is_alive
  PASS  test_food_days_reproduces_the_gdd_starter_fixture
  PASS  test_food_days_truncates_rather_than_rounds
  PASS  test_food_days_uses_the_winter_demand_multiplier
  PASS  test_food_days_excludes_reserved_and_inedible_stock
  PASS  test_food_days_falls_as_the_population_grows
  PASS  test_unbinding_returns_food_days_to_unpopulated
  PASS  test_fuel_days_stays_unpopulated_and_names_its_missing_input
  PASS  test_food_days_computation_stays_within_budget
  PASS  test_the_material_store_mass_is_four_open_stockpiles_own_capacity
  PASS  test_the_pantry_mass_is_four_shelves_own_pantry_capacity
  PASS  test_the_stores_stay_closed_until_a_colony_binds_them
  PASS  test_the_pantry_is_the_halls_and_each_store_is_one_stockpiles_anchored_at_its_origin
  PASS  test_an_incomplete_or_repeated_binding_is_refused_and_writes_nothing
  PASS  test_a_deposit_fills_the_stockpiles_in_ascending_order_and_splits_at_a_full_one
  PASS  test_a_split_charges_the_per_lot_ceiling_and_never_overfills
  PASS  test_the_initial_inventory_lands_in_section_5_9_fill_order
  PASS  test_the_initial_inventory_list_restates_gdd_5_1
  PASS  test_a_split_deposit_that_cannot_finish_rolls_every_part_back
  PASS  test_reserved_capacity_is_not_filled_by_a_split
  PASS  test_a_caller_held_transaction_is_refused_not_joined
  PASS  test_open_and_seed_is_boots_and_creates_one_entry
  PASS  test_a_bound_economy_opens_its_stores_in_the_borrowed_inventory
  PASS  test_reset_drops_a_borrowed_store_and_never_clears_it
  PASS  test_binding_refuses_once_open_null_or_a_disagreeing_catalog
  PASS  test_binding_the_private_store_is_an_unbind
CI_SUITE_TIME {"assertions":250,"failures":0,"suite":"test_economy_system.gd","tests":49,"usec":5179522}
test_equipment_authority_lifetime.gd
  PASS  test_an_object_without_the_method_is_refused_at_bind_time
  PASS  test_a_failed_bind_preserves_the_previous_live_binding
  PASS  test_clear_preserves_the_equipment_authority_binding
  PASS  test_never_bound_and_explicit_unbind_both_refuse_no_equipment_authority
  PASS  test_binding_refuses_while_a_transaction_is_open_and_preserves_the_prior_authority
  PASS  test_expired_refcounted_authority_refuses_all_four_gates_with_state_unchanged
  PASS  test_expired_node_authority_refuses_all_four_gates_after_explicit_free
  PASS  test_audit_refuses_orphan_lot_after_authority_expires_without_normalization
  PASS  test_explicit_unbind_refuses_with_live_equipped_lots_even_after_authority_expires
  PASS  test_a_live_replacement_authority_restores_attestation_after_expiry
  PASS  test_reentry_during_detach_is_still_refused
  PASS  test_a_strong_per_call_local_survives_the_authority_dropping_its_sole_external_owner
  PASS  test_real_gear_inventory_residents_mutually_release_without_unbind
  PASS  test_real_gear_alone_retains_inventory_and_residents_until_gear_is_dropped
CI_SUITE_TIME {"assertions":133,"failures":0,"suite":"test_equipment_authority_lifetime.gd","tests":14,"usec":178834}
test_fishing.gd
  PASS  test_capacities_match_the_specification
  PASS  test_habitat_ids_are_the_generated_ascii_order
  PASS  test_species_capacities_transcribe_the_table
  PASS  test_species_recovery_rates_transcribe_the_table
  PASS  test_availability_transcribes_every_season
  PASS  test_species_index_addresses_the_table_by_habitat
  PASS  test_a_river_habitats_species_are_trout_dace_and_salmon_by_key
  PASS  test_the_species_keys_transcribe_the_printed_table
  PASS  test_species_lookups_refuse_out_of_range_arguments
  PASS  test_habitat_capacity_is_the_sum_of_its_three_species
  PASS  test_create_habitat_writes_every_field
  PASS  test_effort_slots_come_from_the_habitat_type
  PASS  test_create_habitat_stocks_start_at_eighty_percent
  PASS  test_stock_rows_are_owner_major
  PASS  test_create_habitat_refuses_bad_fields_without_allocating
  PASS  test_create_habitat_refuses_bad_species_ids
  PASS  test_create_habitat_validates_its_zone_reference
  PASS  test_unbound_habitat_keeps_the_null_zone_reference
  PASS  test_destroy_habitat_releases_its_stocks_and_slot
  PASS  test_destroy_habitat_refuses_while_an_effort_slot_is_reserved
  PASS  test_habitat_capacity_is_thirty_two
  PASS  test_clear_releases_every_directory_slot
  PASS  test_live_habitat_list_is_ascending_and_bounded
  PASS  test_readers_refuse_absent_rows
  PASS  test_effort_slots_reserve_and_release
  PASS  test_occupied_effort_slots_queue_further_fishers
  PASS  test_lake_and_coast_take_six_fishers
  PASS  test_release_without_a_reservation_is_refused
  PASS  test_effort_operations_refuse_a_stale_habitat
  PASS  test_gear_effort_slots_transcribe_the_table
  PASS  test_the_gear_keys_transcribe_the_printed_table
  PASS  test_a_two_slot_cycle_refuses_without_changing_anything
  PASS  test_a_two_slot_cycle_takes_both_slots_together
  PASS  test_a_slot_count_outside_the_habitat_is_refused
  PASS  test_an_effort_claim_needs_a_live_expedition_and_a_live_job
  PASS  test_only_a_coordinator_job_owns_an_effort_claim
  PASS  test_cancelling_one_member_leaves_the_coordinators_claim_alone
  PASS  test_a_stale_release_cannot_free_someone_elses_slots
  PASS  test_a_second_claim_on_one_expedition_is_refused
  PASS  test_a_destroyed_expedition_leaves_a_claim_only_a_purge_can_release
  PASS  test_a_reused_expedition_row_cannot_inherit_the_previous_claim
  PASS  test_effort_claims_need_the_owner_stores
  PASS  test_the_claim_slice_is_one_row_per_expedition
  PASS  test_restored_claims_rebuild_the_aggregate_they_cannot_prove
  PASS  test_a_restored_claim_with_a_stale_owner_is_refused
  PASS  test_an_aggregate_no_claim_accounts_for_is_refused
  PASS  test_a_restored_claim_beyond_the_habitat_capacity_is_refused
  PASS  test_herring_spring_run_replaces_the_multiplier
  PASS  test_mackerel_has_no_winter_harvest
  PASS  test_salmon_is_available_only_in_autumn
  PASS  test_closure_windows_are_exact
  PASS  test_unwindowed_species_are_never_closed_by_the_calendar
  PASS  test_salmon_harvest_run_window
  PASS  test_season_and_day_arguments_are_validated
  PASS  test_stored_closed_bit_and_calendar_window_are_separate
  PASS  test_set_closed_refuses_bad_arguments
  PASS  test_daily_recovery_matches_the_stated_formula
  PASS  test_recovery_is_capped_at_capacity
  PASS  test_salmon_receives_three_hundred_units_at_autumn_day_one
  PASS  test_closed_species_still_recover
  PASS  test_recover_daily_sweeps_every_live_stock
  PASS  test_recover_daily_refuses_an_invalid_calendar
  PASS  test_recovery_refuses_absent_rows_and_bad_days
  PASS  test_daily_quota_is_capacity_over_forty
  PASS  test_quota_is_shared_across_a_habitats_species
  PASS  test_reset_harvested_today_reopens_the_quota
  PASS  test_harvest_refuses_more_than_the_remaining_quota
  PASS  test_floor_defaults_to_thirty_percent_of_capacity
  PASS  test_intensive_policy_lowers_the_floor_to_ten_percent
  PASS  test_only_the_policy_flag_can_lower_the_floor
  PASS  test_intensive_override_is_prohibited_during_a_closure
  PASS  test_habitat_refuge_is_twenty_five_percent_and_applies_to_nothing
  PASS  test_pollution_changes_no_outcome
  PASS  test_depletion_and_recovery_thresholds_are_thirty_and_forty
  PASS  test_falling_below_thirty_percent_starts_restocking
  PASS  test_restocking_persists_through_the_thirty_to_forty_band
  PASS  test_restocking_blocks_harvest_unless_the_policy_is_visible
  PASS  test_update_restocking_refuses_an_absent_row
  PASS  test_abundance_is_clamped_between_two_hundred_and_one_thousand
  PASS  test_catch_formula_matches_the_gdd
  PASS  test_catch_uses_the_seasonal_multiplier
  PASS  test_catch_is_limited_by_the_remaining_quota
  PASS  test_catch_is_limited_by_the_policy_floor
  PASS  test_catch_is_zero_when_closed_or_unavailable
  PASS  test_catch_refuses_a_skill_outside_zero_to_ten
  PASS  test_catch_refuses_an_unusable_base_catch
  PASS  test_catch_refuses_overflow_at_the_maximum_skill
  PASS  test_catch_refuses_an_invalid_calendar
  PASS  test_harvest_debits_the_population_and_the_daily_total
  PASS  test_harvest_refuses_a_closed_species
  PASS  test_harvest_refuses_an_unavailable_species
  PASS  test_harvest_refuses_a_non_positive_amount
  PASS  test_harvest_refuses_stale_and_out_of_range_targets
  PASS  test_harvest_block_code_explains_an_unavailable_species
  PASS  test_the_depletion_latch_does_not_flip_at_exactly_thirty_percent
  PASS  test_the_recovery_latch_does_not_clear_at_exactly_forty_percent
  PASS  test_the_latch_moves_independently_of_the_intensive_override
  PASS  test_the_explicit_intensive_choice_is_never_reset_automatically
  PASS  test_restocking_never_bypasses_a_closure_or_an_unavailable_species
  PASS  test_revalidation_reports_a_lowered_policy_and_refunds_nothing
  PASS  test_revalidation_refuses_without_a_claim_or_a_stock
  PASS  test_the_initial_estuary_is_three_habitats_and_nine_stocks
  PASS  test_the_estuary_is_generated_once_and_never_multiplied
  PASS  test_an_estuary_with_an_unusable_species_set_creates_nothing
  PASS  test_ecology_allocation_beyond_thirty_two_refuses_atomically
  PASS  test_a_designation_binds_to_the_basins_existing_habitat
  PASS  test_designation_history_leaves_the_basins_ecology_identical
  PASS  test_a_basin_with_no_habitat_refuses_rather_than_creating_one
  PASS  test_a_stale_habitat_binding_does_not_answer_for_the_reused_slot
  PASS  test_two_habitats_cannot_claim_one_basin
  PASS  test_a_chained_basin_reference_refuses
  PASS  test_binding_refuses_a_zone_that_is_not_a_fish_basin
  PASS  test_binding_a_habitat_to_its_basin_creates_and_resets_nothing
  PASS  test_designation_binding_needs_the_harvest_zone_store
  PASS  test_the_mussel_event_closure_writes_every_present_mussel_stock
  PASS  test_the_mussel_closure_reopens_when_it_is_written_false
  PASS  test_the_mussel_closure_touches_no_other_species
  PASS  test_a_world_with_no_mussel_stock_writes_none_and_refuses_nothing
  PASS  test_harvest_closed_is_the_union_of_the_calendar_and_the_event
  PASS  test_an_event_closed_mussel_bed_still_recovers
  PASS  test_the_habitat_catalog_is_verifiable_for_the_boundary_preflight
CI_SUITE_TIME {"assertions":1463,"failures":0,"suite":"test_fishing.gd","tests":121,"usec":6976781}
test_gear_columns.gd
  PASS  test_derived_lot_index_capture_refuses_but_restore_rebuilds_exact_relation
  PASS  test_failed_restore_preserves_index_and_successful_restore_owns_its_index
  PASS  test_exact_payload_restores_without_compacting_rows
  PASS  test_all_record_and_live_array_shapes_are_total
  PASS  test_payload_flags_blanks_refs_and_wear_refuse_atomically
  PASS  test_duplicate_lot_slot_refuses_even_different_generation
  PASS  test_structural_bounds_preserve_stale_and_unusual_values
  PASS  test_source_heap_and_native_counts_validate_but_restore_rebuilds
  PASS  test_cache_refresh_failure_atomicity_and_scratch_preservation
  PASS  test_restore_window_and_definitions_refuse_without_mutation
  PASS  test_equipped_tool_survives_exact_restore_and_real_unequip
  PASS  test_stale_equipped_owner_is_preserved_but_world_audit_refuses
  PASS  test_completed_starter_seed_residue_does_not_block_capture
  PASS  test_real_claim_wear_repair_and_allocator_continuation_match
  PASS  test_aliases_do_not_turn_publication_into_shared_mutable_state
  PASS  test_adapter_refusal_precedence_busy_and_bound_inventory_identity
  PASS  test_adapter_all_group_shapes_refuse_before_indexing
  PASS  test_codec_valid_ref_counterexamples_are_refused_without_repair
  PASS  test_adapter_success_uses_exact_ordinals_and_independent_arrays
  PASS  test_default_capacity_and_literal_wire_goldens
  PASS  test_loaded_catalog_with_unresolved_gear_keys_is_legal
  PASS  test_success_clears_diagnostics_and_default_constructors_are_exact
  PASS  test_whole_flag_pass_and_all_rows_precede_duplicate_lot_check
  PASS  test_bound_refusals_preserve_directory_residents_and_all_borrowed_refs
  PASS  test_adapter_refusals_carry_useful_detail_and_owner_echo
CI_SUITE_TIME {"assertions":1322,"failures":0,"suite":"test_gear_columns.gd","tests":25,"usec":2073214}
test_int_math.gd
  PASS  test_floor_div_truncates_toward_zero_for_nonnegative_operands
  PASS  test_floor_div_rejects_negative_numerator
  PASS  test_floor_div_rejects_non_positive_denominator
  PASS  test_ceil_div_rounds_up_inexact_divisions
  PASS  test_ceil_div_rejects_negative_numerator_and_non_positive_denominator
  PASS  test_ceil_div_refuses_rather_than_overflowing_while_forming_the_numerator
  PASS  test_trunc_div_matches_signed_truncation_toward_zero
  PASS  test_trunc_div_rejects_non_positive_denominator
  PASS  test_trunc_div_handles_int64_min_without_a_spurious_refusal
  PASS  test_checked_add_basic
  PASS  test_checked_add_refuses_positive_overflow
  PASS  test_checked_add_refuses_negative_overflow
  PASS  test_checked_mul_basic_and_zero_short_circuit
  PASS  test_checked_mul_refuses_overflow
  PASS  test_checked_mul_refuses_int64_min_times_negative_one
  PASS  test_narrow_to_int32_accepts_boundary_values
  PASS  test_narrow_to_int32_refuses_just_outside_the_range
  PASS  test_inventory_capacity_debit_matches_ceil_div_formula
  PASS  test_inventory_capacity_debit_rounds_up_so_splitting_creates_no_free_capacity
  PASS  test_inventory_capacity_debit_rejects_negative_inputs
  PASS  test_inventory_capacity_debit_refuses_multiplication_overflow
  PASS  test_remainder_accumulator_is_lossless_across_many_small_steps
  PASS  test_remainder_accumulator_stays_lossless_over_a_long_run
  PASS  test_remainder_accumulator_rejects_negative_step
  PASS  test_remainder_accumulator_rejects_non_positive_denominator
  PASS  test_remainder_accumulator_reset_discards_the_remainder
  PASS  test_golden_population_demand_200_small
  PASS  test_golden_population_demand_mixed_cohort
  PASS  test_golden_field_fixture_grain_yield_and_seed_replacement
  PASS  test_golden_field_fixture_work_and_byproducts
  PASS  test_golden_winter_stock_fixture_rations_and_ingredients
  PASS  test_golden_winter_stock_fixture_mass_and_cellars
  PASS  test_golden_starter_food_fixture
  PASS  test_into_forms_agree_with_the_allocating_forms_on_every_success_case
  PASS  test_into_forms_refuse_exactly_where_the_allocating_forms_refuse
  PASS  test_a_refused_into_call_leaves_no_usable_looking_value_behind
  PASS  test_a_successful_into_call_clears_a_previous_refusal_reason
  PASS  test_debit_using_its_out_as_its_own_intermediate_scratch_is_exact
  PASS  test_fits_int32_matches_narrow_to_int32_on_the_boundaries
  PASS  test_integrate_into_carries_the_remainder_losslessly_without_allocating
  PASS  test_integrate_into_refuses_without_disturbing_the_retained_remainder
  PASS  test_two_accumulators_do_not_share_a_scratch
CI_SUITE_TIME {"assertions":1499,"failures":0,"suite":"test_int_math.gd","tests":42,"usec":18172}
test_inventory.gd
  PASS  test_item_masses_match_gdd_5_7
  PASS  test_item_id_space_does_not_drift_from_the_catalog
  PASS  test_unregistered_item_is_refused
  PASS  test_capacity_debit_uses_per_lot_ceiling
  PASS  test_per_lot_rounding_differs_from_summed_total_rounding
  PASS  test_merge_recovers_rounding_slack_without_changing_quantity
  PASS  test_capacity_refusal_is_explicit_and_changes_nothing
  PASS  test_capacity_is_never_silently_clamped
  PASS  test_split_refused_when_per_lot_ceiling_would_exceed_capacity
  PASS  test_reserved_container_mass_counts_against_capacity
  PASS  test_lot_row_capacity_refusal_is_explicit
  PASS  test_container_row_capacity_refusal_is_explicit
  PASS  test_filters_refuse_a_disallowed_category
  PASS  test_merge_refuses_each_differing_attribute
  PASS  test_merge_refuses_across_containers
  PASS  test_merge_adopts_the_older_rounded_age
  PASS  test_split_refuses_degenerate_quantities
  PASS  test_split_preserves_every_attribute
  PASS  test_transfer_conserves_quantity_between_containers
  PASS  test_transfer_merges_into_a_compatible_destination_lot
  PASS  test_whole_lot_transfer_retires_the_source_row
  PASS  test_transfer_refuses_an_over_capacity_destination
  PASS  test_move_lot_carries_its_reservation
  PASS  test_reserved_never_exceeds_quantity
  PASS  test_reservation_cancellation_restores_available_exactly
  PASS  test_reserved_quantity_cannot_be_transferred_away
  PASS  test_consume_reserved_reduces_claim_and_quantity_together
  PASS  test_sink_refuses_to_consume_claimed_quantity
  PASS  test_failed_single_operation_leaves_state_byte_identical
  PASS  test_all_or_nothing_under_mid_sequence_failure
  PASS  test_operations_after_a_poisoned_step_refuse_without_writing
  PASS  test_committed_transaction_is_durable
  PASS  test_abort_restores_state_exactly
  PASS  test_nested_begin_is_refused
  PASS  test_journal_exhaustion_refuses_and_rolls_back
  PASS  test_poisoning_does_not_outlive_the_transaction_that_caused_it
  PASS  test_refusal_names_the_cause_that_actually_blocked_the_operation
  PASS  test_container_mass_refusals_name_capacity_and_shortfall_separately
  PASS  test_clear_does_not_let_a_pre_clear_ref_alias_a_rebuilt_row
  PASS  test_stale_lot_ref_is_rejected_after_retirement
  PASS  test_destroy_container_refuses_while_it_holds_lots
  PASS  test_conservation_across_long_deterministic_random_sequence
  PASS  test_random_sequence_keeps_reserved_within_quantity
  PASS  test_random_sequence_keeps_container_mass_within_capacity
  PASS  test_capacity_check_refuses_overflow_instead_of_wrapping
  PASS  test_reserving_more_than_int64_holds_refuses
  PASS  test_audit_detects_a_container_over_its_capacity
  PASS  test_audit_scans_through_to_the_highest_row_ever_allocated
  PASS  test_audit_detects_a_negative_reserved_mass
  PASS  test_out_of_range_lot_int32_fields_are_refused_not_truncated
  PASS  test_out_of_range_container_policy_is_refused_not_truncated
  PASS  test_int32_boundary_values_are_stored_verbatim
  PASS  test_unroundable_age_is_refused_at_lot_creation
  PASS  test_merge_refuses_unroundable_ages_instead_of_calling_them_equal
  PASS  test_transfer_refuses_when_a_merge_candidate_age_cannot_be_rounded
  PASS  test_abort_restores_the_lot_free_stack_after_an_allocation_and_a_retirement
  PASS  test_abort_restores_the_container_free_stack_after_a_destroy
  PASS  test_module_publishes_no_provenance_or_policy_catalog_numbers
  PASS  test_unset_provenance_is_the_compatibility_spelling_of_ordinary
  PASS  test_every_published_member_is_admitted_and_reads_back
  PASS  test_a_non_member_provenance_is_refused_and_writes_nothing
  PASS  test_provenance_is_compared_for_equality_across_the_whole_domain
  PASS  test_a_transfer_produces_exactly_one_surviving_object_per_call
  PASS  test_a_refusal_never_carries_the_previous_operations_ref_or_value
  PASS  test_every_refusing_operation_returns_the_null_ref_and_zero
  PASS  test_a_poisoned_transaction_refuses_later_operations_with_the_first_code
  PASS  test_audit_reuses_its_conservation_tally_across_repeated_calls
  PASS  test_a_null_container_lot_refuses_with_no_authority_bound
  PASS  test_a_null_container_lot_refuses_when_the_authority_does_not_attest
  PASS  test_an_object_without_an_attestation_method_cannot_be_the_authority
  PASS  test_unbinding_the_authority_refuses_while_equipped_lots_live
  PASS  test_an_equipped_lot_is_excluded_from_container_mass
  PASS  test_an_equipped_lot_is_excluded_from_loose_stock_availability
  PASS  test_loose_and_equipped_always_partition_the_live_quantity
  PASS  test_every_lot_mutator_refuses_an_equipped_lot
  PASS  test_detach_refuses_a_lot_that_still_carries_a_reservation
  PASS  test_attach_refuses_while_the_authority_still_calls_the_lot_equipped
  PASS  test_unequip_lands_in_a_reserved_destination_without_losing_its_space
  PASS  test_attach_from_reserved_mass_refuses_without_enough_reserved
  PASS  test_a_detach_and_attach_round_trip_preserves_the_whole_lot_row
  PASS  test_audit_refuses_an_orphaned_null_container_lot
  PASS  test_audit_refuses_a_shelved_lot_the_authority_still_calls_equipped
  PASS  test_an_authority_that_re_enters_the_inventory_is_refused
  PASS  test_a_rolled_back_detach_restores_the_state_byte_for_byte
  PASS  test_a_rolled_back_attach_restores_the_state_byte_for_byte
  PASS  test_create_lot_still_demands_a_real_container
  PASS  test_audit_re_derives_the_equipped_lot_count_instead_of_trusting_it
  PASS  test_audit_refuses_a_cyclic_lot_list_instead_of_walking_it_forever
  PASS  test_one_aged_hour_is_the_floor_of_the_two_factors_over_a_thousand
  PASS  test_a_negative_aging_factor_refuses_instead_of_ageing_backwards
  PASS  test_an_aged_hour_rolls_back_with_the_transaction_that_refused
  PASS  test_a_transformed_lot_keeps_its_row_and_moves_both_conservation_ledgers
  PASS  test_an_equal_mass_transformation_moves_the_containers_charged_mass_by_nothing
  PASS  test_a_transformation_resets_the_age_so_the_new_item_starts_its_own_shelf_life
  PASS  test_a_transformation_refuses_a_reserved_lot_rather_than_carrying_the_claim
  PASS  test_a_transformation_refuses_an_unknown_item_the_same_item_and_an_empty_quantity
  PASS  test_a_transformation_that_would_overflow_the_container_refuses_and_changes_nothing
  PASS  test_neither_mutator_will_touch_an_equipped_lot
  PASS  test_a_seed_expiry_authority_must_publish_the_predicate_it_is_bound_for
  PASS  test_an_expired_seed_lot_cannot_be_reserved
  PASS  test_an_expired_seed_lot_cannot_be_withdrawn
  PASS  test_an_expired_seed_claim_is_revalidated_at_the_commit
  PASS  test_an_expired_seed_lot_cannot_be_transferred_into_production
  PASS  test_an_expired_seed_lot_cannot_be_moved_into_another_container
  PASS  test_an_expired_seed_lot_cannot_be_split_for_seed_selection
  PASS  test_an_expired_seed_lot_cannot_be_transformed_for_a_consumer
  PASS  test_a_usable_seed_is_admitted_to_every_one_of_those_paths
  PASS  test_every_admission_asks_the_authority_again
  PASS  test_release_and_cancellation_are_never_refused_for_an_expired_seed
  PASS  test_the_declared_expiry_may_retire_and_transform_what_no_consumer_may_touch
  PASS  test_a_cleanup_declaration_licenses_exactly_one_following_step
  PASS  test_a_cleanup_declaration_never_crosses_a_transaction
  PASS  test_a_spent_declaration_does_not_come_back_in_the_next_transaction
  PASS  test_an_authority_that_cannot_evaluate_a_lot_refuses_it
  PASS  test_the_real_expiry_stage_converts_the_seed_its_own_predicate_refuses
  PASS  test_the_real_expiry_stage_retires_a_zero_yield_seed_through_the_guard
  PASS  test_a_transfer_preserves_the_source_provenance_on_the_new_row
  PASS  test_a_whole_lot_move_preserves_provenance
  PASS  test_a_transfer_never_merges_across_differing_provenance
  PASS  test_a_rolled_back_transaction_restores_provenance_exactly
  PASS  test_spoilage_carries_the_origin_onto_the_new_item
  PASS  test_lot_provenance_into_separates_a_refusal_from_an_answer
  PASS  test_owner_query_cells_is_two_per_container_row
  PASS  test_containers_by_owner_lists_one_owners_rows_in_ascending_slot_order
  PASS  test_containers_by_owner_matches_the_complete_owner_pair
  PASS  test_containers_by_owner_returns_container_refs_and_not_the_owner_pair
  PASS  test_containers_by_owner_skips_a_retired_row_that_still_carries_its_owner
  PASS  test_containers_by_owner_proves_an_empty_result_for_a_live_owner
  PASS  test_containers_by_owner_refuses_a_malformed_owner_instead_of_matching_unowned_rows
  PASS  test_create_container_refuses_an_ownerless_container_and_writes_nothing
  PASS  test_containers_by_owner_refuses_an_undersized_buffer_without_truncating
  PASS  test_containers_by_owner_fills_a_full_store_and_changes_nothing
  PASS  test_canonical_copy_leaves_the_live_columns_byte_identical
  PASS  test_canonical_copy_preserves_generations_and_the_used_free_prefix
  PASS  test_canonical_copy_writes_the_full_unused_payload_on_an_inactive_row
  PASS  test_canonical_copy_writes_the_unused_container_payload_too
  PASS  test_a_live_row_is_copied_exactly_and_never_masked
  PASS  test_the_whole_lot_transfer_that_reuses_its_own_slot_still_works
  PASS  test_the_canonical_copy_refuses_a_boundary_that_is_not_completed
  PASS  test_the_canonical_copy_refuses_a_corrupt_allocator_partition
  PASS  test_a_free_int32_max_slot_is_not_treated_as_retired
  PASS  test_restore_publishes_without_clearing_or_advancing_a_generation
  PASS  test_restore_refuses_a_projection_whose_inactive_payload_is_not_canonical
  PASS  test_restore_refuses_a_projection_with_a_dirty_excluded_tail
CI_SUITE_TIME {"assertions":1013,"failures":0,"suite":"test_inventory.gd","tests":144,"usec":599043}
test_inventory_spatial.gd
  PASS  test_stacked_floors_hold_distinct_piles_without_aliasing_surface_tiles
  PASS  test_duplicate_location_handles_cannot_own_the_same_placement_cell
  PASS  test_endpoint_exhaustion_and_full_generation_reuse_are_atomic
  PASS  test_actual_capacity_never_exceeds_the_adopted_finite_ground_pile_bound
  PASS  test_output_and_promotion_abort_restore_every_container_lot_and_endpoint_byte
  PASS  test_staging_create_and_destroy_rollback_restore_the_sparse_row_with_container
  PASS  test_empty_pile_auto_retirement_releases_only_its_actual_floor_endpoint
  PASS  test_flat_authority_readers_and_legacy_codec_cannot_reinterpret_spatial_locations
  PASS  test_stale_existing_endpoint_and_late_foreign_binding_refuse_before_admission
  PASS  test_reentrant_authority_poison_aborts_before_container_or_endpoint_publication
  PASS  test_reentrant_lifecycle_cannot_publish_discard_or_reset_prior_provisional_goods
  PASS  test_read_callback_cannot_open_close_or_clear_a_transaction
  PASS  test_read_callback_cannot_rewire_catalog_or_authorities_outside_a_transaction
  PASS  test_flat_complete_footprint_query_refuses_without_partial_output_when_spatial_goods_exist
  PASS  test_empty_claimed_spatial_pile_refuses_goods_removal_without_releasing_ownership
  PASS  test_journal_exhaustion_aborts_new_endpoint_and_preserves_existing_state
  PASS  test_foreign_provider_or_oversized_configuration_cannot_replace_existing_history
  PASS  test_promotion_revalidates_the_exact_location_after_output_is_staged
CI_SUITE_TIME {"assertions":274,"failures":0,"suite":"test_inventory_spatial.gd","tests":18,"usec":476863}
test_modular_editor.gd
  PASS  test_world_release_only_retains_blueprint
  PASS  test_unbound_editor_cannot_authorize_a_room
  PASS  test_changed_world_and_owner_rejection_preserve_draft
  PASS  test_callback_cannot_duplicate_confirmation
  PASS  test_malformed_owner_answer_disables_retry_without_erasing_draft
  PASS  test_checker_cannot_replace_session_with_same_revision
  PASS  test_committed_receipt_preserves_a_newer_draft_created_during_submit
  PASS  test_tool_selection_and_escape_preserve_previous_blueprint
  PASS  test_all_buttons_have_keyboard_focus_and_minimum_hit_height
  PASS  test_live_drawing_and_inspector_input_at_1280x720
CI_SUITE_TIME {"assertions":104,"failures":0,"suite":"test_modular_editor.gd","tests":10,"usec":2729004}
test_modular_projects.gd
  PASS  test_actual_work_completion_releases_tools_jobs_and_receipts_exactly_once
  PASS  test_material_payment_is_actual_and_direct_construction_or_work_calls_cannot_bypass_it
  PASS  test_actual_connector_purpose_shares_router_work_and_receipts_without_aliasing_tip
  PASS  test_connector_binding_refuses_foreign_world_replacement_and_expired_permission
  PASS  test_connector_final_start_guard_follows_late_recipe_observation_without_spending
  PASS  test_connector_seed_observer_cannot_change_contact_after_the_final_input_guard
  PASS  test_connector_recipe_observer_cannot_borrow_the_wip_permit_or_reenter_funding
  PASS  test_connector_late_observer_cannot_renew_or_rekey_unjournaled_claims
  PASS  test_connector_input_settlement_rejects_foreign_owners_stale_refs_and_reentry
  PASS  test_connector_final_completion_guard_retains_paid_work_and_refuses_direct_calls
  PASS  test_connector_final_refund_guard_aborts_material_return_and_preserves_installed_truth
  PASS  test_connector_unfunded_final_refusal_keeps_delivered_claims_for_retry
  PASS  test_missing_tool_gate_and_stale_worker_refuse_before_any_productive_state_changes
  PASS  test_post_gate_refusal_and_zero_acceptance_discard_only_the_prepared_work_candidate
  PASS  test_direct_reduced_job_counter_and_false_publication_never_become_paid_work
  PASS  test_pause_releases_actual_workers_and_rebind_resume_preserves_paid_material_and_work
  PASS  test_cancel_unassigned_order_and_blocked_started_refund_leave_no_fake_completion
  PASS  test_late_requester_job_prevents_completion_and_every_direct_unbound_job_tick
  PASS  test_party_has_one_progress_owner_and_departure_does_not_halt_the_other_workers
  PASS  test_party_rejects_unaccepted_fifth_and_member_direct_work_without_mutating_any_owner
  PASS  test_stale_job_generation_and_orphan_tool_claim_cannot_be_silently_retired_or_rebound
  PASS  test_refused_initializer_and_foreign_numeric_aliases_never_replace_actual_bindings
  PASS  test_late_catalog_rebinding_refuses_work_before_any_payment_xp_or_tool_change
  PASS  test_actual_pending_furniture_installs_after_paid_work_and_retirement_needs_no_post_install_quote
  PASS  test_wrong_job_and_owner_cannot_discard_or_publish_another_prepared_productive_stage
  PASS  test_work_binding_preflight_cannot_strand_an_unbound_construction_owner
  PASS  test_retained_zero_work_requires_full_actual_repayment_and_can_complete_without_productive_tick
  PASS  test_late_generic_tool_gate_or_child_never_contributes_to_a_paid_party
  PASS  test_unrelated_actual_jobs_keep_existing_work_behavior_and_expired_purpose_never_becomes_permission
CI_SUITE_TIME {"assertions":2339,"failures":0,"suite":"test_modular_projects.gd","tests":29,"usec":3808809}
test_movement_clearance.gd
  PASS  test_production_movement_refuses_a_ready_class_one_route_for_every_starter_species
  PASS  test_synthetic_class_one_admits_a_real_class_one_route_and_advances
  PASS  test_synthetic_class_two_admits_a_real_class_two_route_and_advances
  PASS  test_profile_one_route_two_mismatch_refuses_and_preserves_idle
  PASS  test_profile_two_route_one_mismatch_refuses_and_preserves_idle
  PASS  test_a_mismatched_readmission_mid_travel_changes_nothing_then_restored_class_continues
  PASS  test_the_getter_reports_the_readied_class_and_refuses_every_non_ready_phase
  PASS  test_the_clearance_gate_is_ordered_after_earlier_gates_and_before_route_end_start
  PASS  test_invalid_profile_id_refuses_before_clearance_is_considered
  PASS  test_unbound_contact_refuses_before_clearance_is_considered
  PASS  test_the_clearance_gate_precedes_a_wrong_route_start_too
  PASS  test_the_synthetic_fixture_retains_the_parents_refusal_for_an_invalid_profile_id
CI_SUITE_TIME {"assertions":263,"failures":0,"suite":"test_movement_clearance.gd","tests":12,"usec":1559989}
test_reservations_carry.gd
  PASS  test_carrying_a_part_moves_it_and_keeps_it_claimed_with_its_lease
  PASS  test_carrying_a_whole_lot_keeps_its_identity
  PASS  test_carry_refusals_change_neither_store
  PASS  test_a_satchel_minted_by_a_refused_load_is_rolled_back
  PASS  test_delivering_ends_the_claim_and_releases_the_reserved_room
  PASS  test_deliver_refuses_a_negative_release_and_more_than_was_reserved
  PASS  test_a_delivery_that_empties_a_satchel_destroys_it
  PASS  test_a_partial_delivery_leaves_the_store_alone
  PASS  test_repurposing_re_keys_in_place_and_coalesces
  PASS  test_a_stale_row_on_the_arriving_slot_aborts_the_carry
CI_SUITE_TIME {"assertions":66,"failures":0,"suite":"test_reservations_carry.gd","tests":10,"usec":622912}
test_room_catalog.gd
  PASS  test_all_eight_protected_purposes_keep_ids_and_independent_labels
  PASS  test_room_presets_are_aliases_and_ambiguous_building_or_style_names_refuse
  PASS  test_complete_compatibility_matrix_specializes_equipment_and_keeps_shared_fittings
  PASS  test_permanent_type_rule_is_independent_of_furniture_and_service_state
  PASS  test_all_nine_furniture_facts_match_exact_gdd_footprints_work_and_materials
  PASS  test_quarter_turns_preserve_physical_size_and_exact_recipe
  PASS  test_unknown_equipment_and_bad_rotations_have_no_valid_looking_facts
  PASS  test_returned_facts_and_requirements_do_not_mutate_source_tables
  PASS  test_shared_shelves_and_hearths_do_not_gain_unrelated_service_capacity
  PASS  test_every_room_keeps_required_live_owner_gates
  PASS  test_sleeping_room_count_rules_and_exact_area_thresholds
  PASS  test_kitchen_dining_and_common_count_rules_remain_distinct
  PASS  test_infirmary_pantry_and_corridor_count_rules_do_not_attest_heat_or_routes
  PASS  test_bad_count_input_and_overflow_values_refuse_without_mutation
CI_SUITE_TIME {"assertions":606,"failures":0,"suite":"test_room_catalog.gd","tests":14,"usec":43747}
test_save_codec.gd
  PASS  test_u32_bit_pattern_with_high_bit_is_negative_as_int32
  PASS  test_int32_bit_reinterpretation_is_an_involution_over_i32
  PASS  test_bit_reinterpretation_agrees_with_the_command_queue
  PASS  test_integers_are_written_little_endian
  PASS  test_i32_round_trips_at_every_boundary
  PASS  test_i64_round_trips_at_every_boundary
  PASS  test_u32_round_trips_across_its_whole_domain_boundary
  PASS  test_the_same_four_bytes_read_as_u32_and_i32_differ_by_design
  PASS  test_u8_round_trips_at_its_boundaries
  PASS  test_u64_round_trips_up_to_the_representable_maximum
  PASS  test_a_value_outside_its_declared_width_is_refused_not_truncated
  PASS  test_a_u64_with_its_high_bit_set_is_refused_rather_than_read_as_negative
  PASS  test_the_lowest_unrepresentable_u64_is_the_high_bit_alone
  PASS  test_a_write_that_would_run_past_the_end_is_refused_at_the_exact_boundary
  PASS  test_a_read_past_the_end_is_refused_at_the_exact_boundary
  PASS  test_the_reader_walks_a_record_and_stops_exactly_at_the_end
  PASS  test_a_truncated_buffer_refuses_instead_of_returning_a_partial_value
  PASS  test_the_reader_refusal_is_sticky_so_one_ignored_return_cannot_walk_off_the_end
  PASS  test_seek_is_bounded_at_both_ends
  PASS  test_read_bytes_refuses_a_hostile_count_without_allocating
  PASS  test_zero_padding_refuses_a_single_nonzero_reserved_byte
  PASS  test_the_reader_consumes_zero_padding_only_when_it_is_zero
  PASS  test_strings_round_trip_byte_exactly_under_both_prefix_widths
  PASS  test_a_negative_length_prefix_is_refused
  PASS  test_a_huge_length_prefix_is_refused_before_allocating
  PASS  test_a_length_prefix_one_byte_past_the_buffer_is_refused
  PASS  test_a_string_exactly_one_byte_over_its_cap_is_refused
  PASS  test_a_negative_caller_cap_is_refused_rather_than_treated_as_unlimited
  PASS  test_a_string_longer_than_its_cap_is_refused_on_write
  PASS  test_malformed_utf8_is_refused_in_every_stated_form
  PASS  test_well_formed_utf8_at_every_sequence_width_is_accepted
  PASS  test_an_embedded_nul_refuses_because_it_cannot_round_trip
  PASS  test_utf8_validation_is_bounded_by_its_own_length_argument
  PASS  test_the_writer_produces_the_same_bytes_as_the_fixed_offset_primitives
  PASS  test_the_encoding_is_identical_across_independent_runs
  PASS  test_a_refused_writer_yields_nothing_and_stays_refused
  PASS  test_a_resized_packed_byte_array_is_zero_filled
  PASS  test_the_writer_rejects_negative_padding_and_writes_real_zeroes
  PASS  test_the_codec_source_contains_no_float_path
CI_SUITE_TIME {"assertions":362,"failures":0,"suite":"test_save_codec.gd","tests":39,"usec":32158}
test_save_owner_world_init.gd
  PASS  test_exact_layout_and_only_canonical_empty_image
  PASS  test_each_argument_and_default_check_has_an_independent_witness
  PASS  test_every_reserved_row_in_every_field_is_checked
  PASS  test_signed_i32_and_i64_extrema_and_wide_values_refuse_unchanged
  PASS  test_reference_pair_and_numeric_defaults_remain_distinct
  PASS  test_all_nine_shapes_precede_reserved_value_checks
  PASS  test_null_owner_and_typed_bucket_guards
  PASS  test_actual_owner_readers_and_section1_diagnostics_are_preserved
CI_SUITE_TIME {"assertions":6019,"failures":0,"suite":"test_save_owner_world_init.gd","tests":8,"usec":286355}
test_save_resource_claims_reconcile.gd
  PASS  test_empty_and_live_inputs_are_read_only_and_report_exact_counts
  PASS  test_all_component_extent_gates_precede_directory_validation
  PASS  test_null_participants_and_subrecords_refuse_without_work
  PASS  test_claim_shape_is_checked_before_directory_and_codec_indexing
  PASS  test_unrelated_directory_failure_is_forwarded_unchanged
  PASS  test_cursor_bounds_and_live_id_order_are_checked
  PASS  test_reverse_directory_walk_requires_each_component_kind
  PASS  test_component_self_identity_and_occupancy_refuse_in_their_namespace
  PASS  test_dead_expedition_is_preserved_and_never_reconstructed_from_reused_row
  PASS  test_same_slot_new_generation_stays_stale_and_both_dead_jobs_are_counted
  PASS  test_claim_owner_future_generation_and_live_wrong_kind_are_distinct
  PASS  test_fully_live_owner_must_map_to_the_claim_row
  PASS  test_forage_live_tick_and_pid_provenance_refuse_without_repair
  PASS  test_dead_forage_job_retains_tick_but_requires_historical_pid_domain
  PASS  test_missing_habitat_and_mismatched_designation_basin_refuse
  PASS  test_only_the_claimed_patch_is_required_and_its_missing_pair_refuses
  PASS  test_shared_designation_and_basin_counts_the_amount_once
  PASS  test_every_zone_total_is_checked_even_without_any_claim
  PASS  test_missing_saved_totals_and_physical_fishing_capacity_are_not_repaired
  PASS  test_codec_quantity_refusal_precedes_stronger_checker_bound
  PASS  test_claim_free_zone_can_retain_a_stale_basin_reference
  PASS  test_inactive_habitat_retains_its_old_effort_capacity
  PASS  test_synthetic_checked_arithmetic_guard_is_not_a_public_overflow_witness
  PASS  test_terminal_retired_generation_is_a_legitimate_stale_owner
  PASS  test_signed_i32_maximum_persistent_id_is_admitted_at_exhausted_cursor
  PASS  test_full_forage_quantity_bound_is_a_structural_sum_exercise
  PASS  test_full_fishing_quantity_bound_compares_capacity_after_the_complete_claim_scan
  PASS  test_forage_live_job_must_map_to_its_claim_row_before_provenance
  PASS  test_unclaimed_present_patch_requires_its_zone_and_exact_mirror
  PASS  test_inactive_job_projection_has_exact_blank_tick_and_reference
  PASS  test_present_zone_basin_pair_must_have_a_structural_slot_and_generation
  PASS  test_codec_preconditions_refuse_every_claim_slot_and_patch_kind_before_indexing
CI_SUITE_TIME {"assertions":672,"failures":0,"suite":"test_save_resource_claims_reconcile.gd","tests":32,"usec":19764012}
test_save_section_rng.gd
  PASS  test_section_identity_and_layout_match_arch_save_002
  PASS  test_encoded_payload_is_exactly_the_fixed_length
  PASS  test_payload_bytes_are_little_endian_at_the_documented_offsets
  PASS  test_every_stream_restores_its_exact_state_and_draw_count
  PASS  test_a_restored_stream_continues_the_original_sequence
  PASS  test_a_stream_resumed_one_draw_early_diverges_which_is_why_the_count_is_saved
  PASS  test_the_draw_count_alone_can_differ_and_is_still_caught
  PASS  test_a_zero_state_is_refused_on_decode
  PASS  test_every_single_stream_slot_rejects_a_zero_state_individually
  PASS  test_an_all_zero_payload_is_refused_rather_than_read_as_an_unseeded_world
  PASS  test_capture_refuses_an_unseeded_store_instead_of_writing_nine_zeros
  PASS  test_the_high_u32_boundary_round_trips_through_the_signed_storage_form
  PASS  test_states_across_the_sign_boundary_survive_encode_and_decode
  PASS  test_a_high_bit_state_applies_to_a_real_store_and_keeps_drawing
  PASS  test_a_truncated_section_refuses_and_leaves_the_record_untouched
  PASS  test_a_full_length_but_invalid_section_also_leaves_the_record_untouched
  PASS  test_a_refused_negative_draw_count_also_leaves_the_record_untouched
  PASS  test_the_exact_length_boundary_accepts_108_and_refuses_107
  PASS  test_a_valid_section_decodes_at_a_nonzero_offset_and_refuses_one_past_it
  PASS  test_the_extent_gate_is_exact_at_the_last_legal_offset
  PASS  test_the_extent_gate_refuses_before_the_reader_is_built
  PASS  test_a_negative_offset_refuses_by_name
  PASS  test_a_negative_draw_count_is_refused
  PASS  test_the_largest_representable_draw_count_is_accepted
  PASS  test_the_tombstone_round_trips_untouched
  PASS  test_a_drawn_tombstone_is_refused_without_needing_the_seed
  PASS  test_a_tombstone_from_a_different_world_seed_is_refused_at_apply
  PASS  test_the_rollback_restores_streams_that_had_already_been_written
  PASS  test_tombstone_refusal_accepts_the_matching_seed_and_rejects_its_neighbours
  PASS  test_apply_refuses_an_unseeded_store_rather_than_seeding_one_itself
  PASS  test_a_refused_apply_leaves_every_stream_byte_identical
  PASS  test_apply_refuses_an_invalid_record_before_touching_the_store
  PASS  test_the_canonical_contribution_is_the_whole_payload
  PASS  test_changing_any_rng_field_changes_the_canonical_contribution
  PASS  test_the_module_declares_no_float_path
CI_SUITE_TIME {"assertions":176,"failures":0,"suite":"test_save_section_rng.gd","tests":35,"usec":38870}
test_settlement_demolition_admit.gd
  PASS  test_a_building_store_anchored_at_its_origin_agrees_with_both_scans
  PASS  test_an_unplaced_building_store_refuses_as_off_the_footprint
  PASS  test_a_building_store_anchored_elsewhere_refuses_as_off_the_footprint
  PASS  test_a_projects_material_handle_off_the_footprint_refuses
  PASS  test_a_container_on_the_footprint_owned_by_somebody_else_refuses
  PASS  test_an_anchored_ownerless_container_refuses
  PASS  test_an_unanchored_ownerless_container_sits_outside_every_footprint
  PASS  test_a_satchel_is_excluded_and_its_goods_do_not_block
  PASS  test_a_ground_pile_on_the_footprint_is_counted_as_stranded_goods
  PASS  test_a_pile_outside_the_footprint_survives_and_does_not_block
  PASS  test_admit_reserves_the_return_in_a_surviving_store_and_publishes_the_project
  PASS  test_a_second_request_is_refused_as_already_in_progress
  PASS  test_admit_snapshots_a_tier_two_hall_and_reserves_for_both_packages
  PASS  test_the_lowest_eligible_store_is_chosen_and_ineligible_ones_skipped
  PASS  test_with_no_store_the_return_falls_back_to_ground_piles
  PASS  test_an_open_inventory_transaction_refuses_before_any_write
  PASS  test_an_admit_refusal_is_byte_identical_across_every_store
  PASS  test_a_preview_publishes_nothing_even_when_it_passes
  PASS  test_a_full_construction_kind_refuses_in_admit_before_any_write
  PASS  test_reset_forgets_admissions_and_restarts_revisions
  PASS  test_an_unplaced_store_refuses_even_for_a_footprint_on_the_last_tile
  PASS  test_an_open_transaction_refuses_before_the_pile_fallback_is_tried
  PASS  test_cancel_releases_the_reservation_and_a_readmission_reserves_it_once
  PASS  test_a_project_retired_without_releasing_its_claim_blocks_readmission
  PASS  test_cancel_refuses_without_an_admitted_demolition_and_writes_nothing
  PASS  test_cancel_refuses_a_refunding_project_and_a_missing_claim
  PASS  test_a_second_buildings_preview_does_not_inherit_the_first_footprint
  PASS  test_cancel_inside_a_callers_transaction_refuses_and_writes_nothing
  PASS  test_a_stranded_claim_is_released_through_its_own_door
  PASS  test_a_stranded_release_refuses_when_the_store_no_longer_holds_the_claim
CI_SUITE_TIME {"assertions":266,"failures":0,"suite":"test_settlement_demolition_admit.gd","tests":30,"usec":9383169}
test_settlement_demolition_complete.gd
  PASS  test_a_finished_well_goes_and_its_return_lands_in_the_reserved_store
  PASS  test_a_hall_with_rooms_and_no_furniture_takes_its_rooms_and_their_stores
  PASS  test_a_tier_two_hall_returns_half_of_base_plus_upgrade
  PASS  test_with_no_store_the_return_is_placed_on_ground_piles_from_the_door
  PASS  test_a_dirt_path_with_an_empty_bill_completes_returning_nothing
  PASS  test_a_store_sized_exactly_to_the_return_takes_it_through_the_released_claim
  PASS  test_a_project_material_container_reached_twice_is_destroyed_once
  PASS  test_a_second_completion_finds_no_building
  PASS  test_completion_refuses_until_the_work_is_done
  PASS  test_completion_refuses_a_demolition_the_coordinator_did_not_admit
  PASS  test_completion_refuses_inside_a_callers_transaction_and_a_missing_claim
  PASS  test_goods_that_arrive_after_admission_block_the_commit_until_moved
  PASS  test_occupants_after_admission_block_the_commit
  PASS  test_a_foreign_container_on_the_footprint_after_admission_blocks_the_commit
  PASS  test_a_hall_with_furniture_returns_half_of_each_piece_and_takes_it_out
  PASS  test_furniture_adds_items_the_building_never_named
  PASS  test_two_pieces_of_one_kind_each_return_their_half
  PASS  test_a_piece_with_a_live_furniture_project_refuses_by_name
  PASS  test_a_piece_placed_after_admission_blocks_the_commit_until_removed
  PASS  test_a_piece_placed_after_a_pile_admission_is_caught_too
  PASS  test_recorded_grams_that_differ_from_the_snapshots_charge_refuse
  PASS  test_a_pile_fallback_that_no_longer_places_stays_commit_pending_and_retries
  PASS  test_a_store_that_can_no_longer_take_the_return_stays_commit_pending
EXPECTED ERROR: SettlementSystem: a proved demolition commit refused a write (TEST_FAULT); re-record: ''
   at: push_error (core/variant/variant_utility.cpp:1023)
   GDScript backtrace (most recent call first):
       [0] _abandon_commit (res://scripts/systems/settlement_system.gd:3816)
       [1] _abandon_after_first_block (res://test/test_settlement_demolition_complete.gd:601)
       [2] test_an_abandoned_store_commit_restores_inventory_and_re_records_the_admission (res://test/test_settlement_demolition_complete.gd:611)
       [3] _run_test (res://test/run_tests.gd:194)
       [4] _run_suite (res://test/run_tests.gd:168)
       [5] _run_suite (/home/runner/work/redwall-rts/redwall-rts/tools/ci_test_shard_runner.gd:30)
       [6] _run_worker (res://test/run_tests.gd:121)
       [7] _initialize (res://test/run_tests.gd:108)
  PASS  test_an_abandoned_store_commit_restores_inventory_and_re_records_the_admission
EXPECTED ERROR: SettlementSystem: a proved demolition commit refused a write (TEST_FAULT); re-record: ''
   at: push_error (core/variant/variant_utility.cpp:1023)
   GDScript backtrace (most recent call first):
       [0] _abandon_commit (res://scripts/systems/settlement_system.gd:3816)
       [1] _abandon_after_first_block (res://test/test_settlement_demolition_complete.gd:601)
       [2] test_an_abandoned_pile_commit_re_records_the_fallback_shape (res://test/test_settlement_demolition_complete.gd:628)
       [3] _run_test (res://test/run_tests.gd:194)
       [4] _run_suite (res://test/run_tests.gd:168)
       [5] _run_suite (/home/runner/work/redwall-rts/redwall-rts/tools/ci_test_shard_runner.gd:30)
       [6] _run_worker (res://test/run_tests.gd:121)
       [7] _initialize (res://test/run_tests.gd:108)
  PASS  test_an_abandoned_pile_commit_re_records_the_fallback_shape
EXPECTED ERROR: SettlementSystem: a proved demolition commit refused a write (TEST_FAULT); re-record: ''
   at: push_error (core/variant/variant_utility.cpp:1023)
   GDScript backtrace (most recent call first):
       [0] _abandon_commit (res://scripts/systems/settlement_system.gd:3816)
       [1] _abandon_after_first_block (res://test/test_settlement_demolition_complete.gd:601)
       [2] test_the_abandon_guard_zeroes_the_reports_counters_and_rereads_the_revision (res://test/test_settlement_demolition_complete.gd:649)
       [3] _run_test (res://test/run_tests.gd:194)
       [4] _run_suite (res://test/run_tests.gd:168)
       [5] _run_suite (/home/runner/work/redwall-rts/redwall-rts/tools/ci_test_shard_runner.gd:30)
       [6] _run_worker (res://test/run_tests.gd:121)
       [7] _initialize (res://test/run_tests.gd:108)
  PASS  test_the_abandon_guard_zeroes_the_reports_counters_and_rereads_the_revision
CI_SUITE_TIME {"assertions":413,"failures":0,"suite":"test_settlement_demolition_complete.gd","tests":26,"usec":8130272}
test_transforms.gd
  PASS  test_directory_binding_compares_actual_owner_not_coincident_refs
  PASS  test_capacity_is_the_sum_of_the_four_positioned_kinds
  PASS  test_exactly_four_kinds_are_positioned
  PASS  test_the_row_is_the_kind_base_plus_the_typed_row
  PASS  test_the_row_refuses_an_unpositioned_kind_and_a_dead_reference
  PASS  test_place_sets_previous_equal_to_current
  PASS  test_advance_rolls_current_into_previous
  PASS  test_advance_refuses_an_entity_that_was_never_placed
  PASS  test_a_typed_row_inherited_from_another_slot_reads_as_unbound
  PASS  test_a_successor_placing_the_row_replaces_the_pose_without_double_counting
  PASS  test_unbind_clears_the_row_and_the_count
  PASS  test_place_refuses_a_field_that_does_not_fit_int32
  PASS  test_set_yaw_rolls_the_previous_yaw
  PASS  test_yaw_scale_is_the_contracted_65536_units_per_turn
  PASS  test_shortest_yaw_delta_takes_the_short_way_round
  PASS  test_interpolation_returns_metres_from_the_two_committed_ticks
  PASS  test_interpolation_refuses_an_alpha_outside_the_tick
  PASS  test_interpolation_cannot_change_one_authoritative_field
  PASS  test_interpolation_refuses_an_unplaced_or_dead_entity
  PASS  test_identical_stores_digest_identically_and_a_changed_field_does_not
  PASS  test_an_empty_store_digests_to_zero_and_a_placement_changes_it
  PASS  test_the_state_image_covers_every_column_not_a_sample_of_them
  PASS  test_every_written_field_moves_the_state_image
  PASS  test_the_reset_returns_all_nine_columns_to_a_freshly_allocated_store
  PASS  test_a_row_reused_after_a_reset_reads_as_unplaced_until_it_is_placed_again
  PASS  test_a_refused_place_leaves_the_whole_store_byte_identical
  PASS  test_runtime_revision_changes_for_every_successful_write_including_same_values
  PASS  test_refused_mutations_preserve_runtime_revision_and_authoritative_bytes
  PASS  test_reset_reuse_and_explicit_restore_invalidation_never_recycle_runtime_token
  PASS  test_revision_exhaustion_poison_never_prevents_pose_write_or_whole_reset
CI_SUITE_TIME {"assertions":203,"failures":0,"suite":"test_transforms.gd","tests":30,"usec":836618}
test_ui_availability.gd
  PASS  test_every_registered_element_carries_a_claim
  PASS  test_the_wired_and_unavailable_states_are_exclusive
  PASS  test_an_unknown_element_is_refused_rather_than_assumed_available
  PASS  test_the_elements_this_milestone_claims_are_marked_wired
  PASS  test_elements_with_no_owning_store_name_the_owner_they_wait_on
  PASS  test_the_bed_counter_is_not_drawn_as_a_zero
  PASS  test_every_unavailable_element_has_a_usable_reason_sentence
  PASS  test_asking_a_wired_element_for_an_excuse_refuses
  PASS  test_the_wired_reason_carries_no_sentence_and_every_other_one_does
  PASS  test_an_undefined_reason_index_is_refused
  PASS  test_the_claim_is_a_minority_of_the_registry_and_says_so
  PASS  test_blocked_elements_group_under_the_owners_that_are_missing
  PASS  test_no_reason_claims_a_store_that_now_exists_is_missing
  PASS  test_the_save_rows_name_the_missing_save_files_not_a_missing_codec
  PASS  test_every_defined_reason_is_claimed_by_at_least_one_element
  PASS  test_this_milestone_renders_a_minority_of_the_registry
  PASS  test_the_render_claim_is_exactly_what_the_shell_actually_builds
  PASS  test_an_element_outside_the_render_set_has_no_compact_reason_to_print
  PASS  test_an_unsatisfied_gate_makes_an_element_absent_without_consulting_the_claim
  PASS  test_an_unavailable_element_behind_a_closed_gate_is_absent_not_unavailable
  PASS  test_a_world_tool_row_appears_only_while_a_stroke_is_running
  PASS  test_a_workspace_row_is_absent_until_its_surface_is_opened
  PASS  test_an_always_gated_element_is_never_absent
  PASS  test_an_unreadable_condition_is_unavailable_rather_than_hidden_or_faked
  PASS  test_the_four_states_are_all_reachable_and_distinct
  PASS  test_a_locked_milestone_control_stays_in_its_catalog_and_states_the_condition
  PASS  test_a_locked_milestone_control_leaves_the_quick_commands
  PASS  test_reaching_the_milestone_unlocks_and_removes_the_condition
  PASS  test_unknown_milestone_state_locks_rather_than_unlocking
  PASS  test_an_always_visible_unbuilt_row_gives_a_compact_reason
  PASS  test_every_compact_reason_fits_a_row_and_names_something
  PASS  test_a_true_zero_is_not_the_same_answer_as_three_kinds_of_no_answer
  PASS  test_asking_a_true_zero_for_a_no_value_reason_refuses
CI_SUITE_TIME {"assertions":1159,"failures":0,"suite":"test_ui_availability.gd","tests":33,"usec":62435}
test_underground_connector_contacts.gd
  PASS  test_actual_source_and_live_contacts_admit_and_pay_one_assembly
  PASS  test_final_start_pose_copy_cannot_hide_actual_worker_move
  PASS  test_final_productive_pose_copy_cannot_hide_actual_worker_move
  PASS  test_final_start_and_productive_never_dispatch_pose_observers
  PASS  test_source_observer_cannot_rewrite_a_station_or_spend_identity
  PASS  test_callback_resize_and_reentry_refuse_before_allocation
  PASS  test_exact_current_cut_phase_and_room_identity_are_required
  PASS  test_catalog_source_drift_does_not_reuse_contact_permission
  PASS  test_material_requires_actual_selected_finite_spatial_storage
  PASS  test_late_inventory_worker_move_preserves_every_paid_byte_and_retries
  PASS  test_productive_source_observer_pose_drift_earns_no_work_xp_or_tool_wear
  PASS  test_last_productive_pause_and_wrong_heading_refuse_current_work
  PASS  test_late_commit_endpoint_change_retains_wip_and_original_arena
  PASS  test_paused_cancellation_preserves_prefix_and_actual_refund
  PASS  test_complete_profile_motion_does_not_ignore_negative_foot_residual
  PASS  test_positive_contact_patch_must_fit_whole_selected_face
  PASS  test_finite_fragment_union_matches_independent_small_cell_oracle
  PASS  test_reflected_fixed_packets_fit_the_admitted_control_reserve
  PASS  test_required_delivery_direction_uses_actual_committed_profile_certificate
  PASS  test_retained_paid_history_never_becomes_natural_bearing
  PASS  test_actual_prior_installed_part_refuses_later_world_exclusion
  PASS  test_unknown_actual_actor_cannot_be_omitted_from_productive_clearance
  PASS  test_phase_admission_uses_real_episode_site_and_same_contact_packet
  PASS  test_phase_original_cold_lease_and_prepared_context_refuse
  PASS  test_phase_source_reentry_and_private_episode_mutation_refuse
  PASS  test_phase_job_material_and_start_worker_are_actual_full_refs
  PASS  test_phase_final_worker_observer_move_and_pause_earn_nothing
  PASS  test_phase_productive_leaf_follows_real_payment_and_rechecks_current_worker
  PASS  test_phase_cut_output_is_current_exact_spatial_storage_after_real_bracing
  PASS  test_phase_discard_cannot_invalidate_a_different_mode_or_site
CI_SUITE_TIME {"assertions":7422,"failures":0,"suite":"test_underground_connector_contacts.gd","tests":30,"usec":27360176}
test_underground_furniture_batches.gd
  PASS  test_actual_batch_reserves_pending_furniture_projects_and_exact_geometry_together
  PASS  test_final_publication_may_discard_borrowed_inputs_without_losing_the_receipt
  PASS  test_full_catalog_bill_and_real_work_remain_required_after_layout_acceptance
  PASS  test_purpose_shell_and_late_geometry_refusals_spend_no_identity_prefix
  PASS  test_every_provider_mutation_of_entries_or_directory_tuples_refuses_all_pairs
  PASS  test_initial_scope_callback_cannot_change_the_original_unpinned_request
  PASS  test_provider_reentry_cannot_end_or_replace_the_running_layout_scope
  PASS  test_reacquired_foreign_budget_token_cannot_authorize_future_source_publication
  PASS  test_refused_or_busy_cold_admission_never_enters_snapshot_or_sparse_copy
  PASS  test_missing_actual_budget_owner_refuses_before_any_provider_acquisition_or_copy
  PASS  test_stale_room_revision_and_generation_refuse_without_changed_owner_bytes
  PASS  test_direct_requests_cannot_bypass_planner_pitch_level_or_shape_bounds
  PASS  test_layout_scope_and_receipt_end_before_the_next_simulation_or_input_operation
  PASS  test_one_scope_cannot_retain_multiple_accepted_receipt_buffers
CI_SUITE_TIME {"assertions":1364,"failures":0,"suite":"test_underground_furniture_batches.gd","tests":14,"usec":3398164}
test_underground_room_cut_map.gd
  PASS  test_completed_private_cursor_replays_without_a_second_bank_or_new_allowance
  PASS  test_unfinished_or_underfunded_replay_refuses_without_changing_cursor
  PASS  test_every_three_by_three_union_matches_independent_cube_intersection
  PASS  test_offset_datum_boundaries_and_negative_coordinates_keep_exact_key_order
  PASS  test_fine_duplicates_charge_one_cube_and_preserve_a_whole_cube_hole
  PASS  test_capacity_and_work_exhaustion_are_explicit_not_successful_truncation
  PASS  test_consumer_queries_share_the_actual_finite_work_budget
  PASS  test_invalid_input_and_unrepresentable_rank_refuse_before_interval_allocation
  PASS  test_huge_single_cell_and_zero_capacity_refuse_before_variable_allocation
  PASS  test_full_existing_footprint_ceiling_uses_only_one_interval_bank
  PASS  test_distant_rows_skip_empty_spans_and_closed_cursor_never_reopens
CI_SUITE_TIME {"assertions":40215,"failures":0,"suite":"test_underground_room_cut_map.gd","tests":11,"usec":665010}
test_underground_work_face.gd
  PASS  test_exact_complete_corridor_and_authored_stroke_reach_one_solid_face
  PASS  test_max_face_is_a_legal_exact_plane_without_reversing_already_oriented_boxes
  PASS  test_interior_one_unit_void_hole_blocks_approach_even_when_endpoints_fit
  PASS  test_actual_support_and_negative_body_residual_are_never_clipped
  PASS  test_stroke_cannot_enter_a_second_solid_cube_or_floor
  PASS  test_full_profile_endpoint_and_face_identity_are_mandatory
  PASS  test_final_callback_drift_refuses_actual_replacement_and_mutated_input
  PASS  test_foreign_arena_or_unbound_sources_never_allocate_geometry_permission
  PASS  test_finite_scan_exhaustion_never_becomes_clearance
  PASS  test_original_lease_must_cover_the_whole_packet_before_private_copies
  PASS  test_reentry_poison_survives_final_otherwise_valid_source_read
  PASS  test_complete_contact_patch_must_fit_one_face_with_the_matching_normal
  PASS  test_first_endpoint_callback_replaced_lease_stops_before_later_reads
  PASS  test_final_endpoint_callback_cannot_hide_new_actual_terrain_exclusions
  PASS  test_final_endpoint_callback_cannot_hide_retained_actual_building_drift
  PASS  test_region_callback_expired_lease_stops_before_target_terrain_observation
  PASS  test_snapshot_source_callback_expired_lease_refuses_before_actual_image_allocation
CI_SUITE_TIME {"assertions":185,"failures":0,"suite":"test_underground_work_face.gd","tests":17,"usec":8326077}
test_underground_world_bindings.gd
  PASS  test_actual_owner_budget_and_one_time_binding
  PASS  test_identity_readers_borrow_actual_owners_without_source_callbacks
  PASS  test_original_land_and_exterior_remain_exact_and_read_only
  PASS  test_interior_paid_void_preserves_every_unexcavated_sliver
  PASS  test_different_vertical_levels_do_not_erase_intervening_earth
  PASS  test_blocker_and_support_are_not_evidence_that_soil_was_excavated
  PASS  test_clipping_and_face_contact_do_not_overwrite_neighbors
  PASS  test_unfinished_water_and_shell_cannot_become_natural_dry_or_free_space
  PASS  test_exact_retained_floor_metadata_replaces_only_duplicate_natural_floor
  PASS  test_lease_and_bounds_refuse_before_real_snapshot_allocation
  PASS  test_natural_capacity_exhaustion_clears_prior_output_and_keeps_owner_unchanged
  PASS  test_actual_world_change_after_observation_refuses_the_whole_output
  PASS  test_reentrant_observation_refuses_without_corrupting_active_caller
  PASS  test_dead_actual_source_owner_cannot_be_replaced_by_numeric_identity
  PASS  test_full_source_scan_cost_is_admitted_before_first_snapshot
  PASS  test_geometry_publication_during_observation_invalidates_the_whole_image
  PASS  test_malformed_output_refuses_without_allocating_replacement_storage
  PASS  test_actual_domain_output_capacity_refuses_instead_of_truncating_a_surface
  PASS  test_expired_or_reacquired_lease_refuses_at_every_provider_boundary
  PASS  test_restored_world_source_lookup_is_fixed_per_survey_not_per_tile
  PASS  test_exact_site_scope_preserves_physical_obstacles_and_neighbour_room_markers
  PASS  test_phase_bounds_include_actual_target_and_all_checked_contact_extents
  PASS  test_phase_scope_and_malformed_plan_refuse_before_any_scoped_snapshot
  PASS  test_phase_plan_and_snapshot_require_full_joint_cold_peak
  PASS  test_room_claim_release_during_natural_survey_invalidates_exact_scope
  PASS  test_project_opened_during_natural_survey_invalidates_exact_scope
  PASS  test_cold_work_stage_composes_refresh_survey_without_productive_mutation
  PASS  test_actual_phase_lease_funds_full_scoped_query_until_explicit_release
  PASS  test_cold_site_reader_rejects_other_sites_rooms_and_generations
  PASS  test_cold_site_reader_rechecks_actual_scope_after_claim_change
  PASS  test_phase_open_reentry_and_foreign_release_preserve_exact_active_lease
  PASS  test_phase_lease_refuses_busy_foreign_and_invalid_context_without_mutation
  PASS  test_lost_phase_lease_cannot_release_an_equal_size_replacement
  PASS  test_real_project_change_invalidates_phase_scope_but_allows_cleanup
  PASS  test_real_room_claim_change_invalidates_phase_scope_but_allows_cleanup
  PASS  test_geometry_publish_invalidates_cold_proof_without_leaking_its_lease
  PASS  test_retired_world_refuses_phase_proof_and_still_releases_own_memory
CI_SUITE_TIME {"assertions":828,"failures":0,"suite":"test_underground_world_bindings.gd","tests":37,"usec":16111519}
test_underground_world_routes.gd
  PASS  test_union_coverage_requires_every_interior_point_not_corners
  PASS  test_adjacent_half_open_volumes_cover_without_gaps_or_double_faces
  PASS  test_support_residual_needs_both_authored_stance_and_actual_support
  PASS  test_unfinished_walls_access_and_foreign_claim_observations_remain_blocking
  PASS  test_floor_metadata_and_dry_matter_do_not_create_support_or_air
  PASS  test_subtraction_preserves_six_disjoint_outside_slabs
  PASS  test_finite_comparison_and_fragment_exhaustion_fail_closed
  PASS  test_certificate_mask_has_independent_profile_bits_and_private_copy
  PASS  test_unbound_adapter_cannot_admit_or_publish_actual_routes
  PASS  test_actual_world_ground_route_moves_actual_actor_at_inherited_pace
  PASS  test_actual_clear_endpoints_do_not_allow_middle_holes_or_unfinished_volume
  PASS  test_actual_support_excuses_only_authored_below_floor_contact
  PASS  test_actual_structural_support_inside_void_blocks_body_and_recovery_sweeps
  PASS  test_fixed_connector_data_cannot_authorize_an_unbuilt_stair
  PASS  test_aborted_route_row_cannot_inherit_a_previous_candidates_mask
  PASS  test_catalog_replacement_requires_every_retained_route_to_requalify
  PASS  test_live_resource_change_blocks_motion_without_a_geometry_revision_change
  PASS  test_exact_cold_lease_loss_refuses_before_certificate_publication
  PASS  test_late_actual_endpoint_refusal_never_promotes_private_certificates
  PASS  test_concrete_provider_requires_the_exact_successful_geometry_companion
  PASS  test_geometry_change_invalidates_whole_cached_route_before_new_movement
  PASS  test_reentrant_local_source_read_cannot_replace_current_actor_scratch
  PASS  test_static_profile_edge_reads_actual_certificate_without_admitting_actor_or_job
  PASS  test_static_profile_edge_refuses_wrong_identity_content_or_unpublished_candidate
  PASS  test_static_profile_edge_refuses_pending_or_replaced_geometry_and_catalog
  PASS  test_static_profile_edge_rechecks_actual_sources_after_final_binding_callback
CI_SUITE_TIME {"assertions":1711,"failures":0,"suite":"test_underground_world_routes.gd","tests":26,"usec":9644723}
[EntityManager] ready
[GameManager] ready
[SettlementSystem] ready
[EconomySystem] ready
[UIManager] ready


1540 test(s), 95505 assertion(s), 0 failure(s)
diagnostics: 0 unexpected error(s), 0 unexpected warning(s), 10 expected, 27 tolerated; leaked at exit: 0 object(s), 0 resource(s)
[EntityManager] ready
[GameManager] ready
[SettlementSystem] ready
[EconomySystem] ready
[UIManager] ready
log: 0 unexpected error(s), 0 unexpected warning(s); leaked at exit: 0 object(s), 0 resource(s).
ok: 1540 tests, 95505 assertions, 0 failures.
