Godot Engine v4.7.2.stable.official.ed1daf0bf - https://godotengine.org

Godot Engine v4.7.2.stable.official.ed1daf0bf - https://godotengine.org

test_construction_modular.gd
  PASS  test_new_domains_append_without_widening_frozen_save_or_excavation_ids
  PASS  test_context_free_tip_bill_refuses_and_actual_project_bill_is_exact
  PASS  test_unprepared_direct_calls_and_malformed_quotes_are_atomic
  PASS  test_delivery_is_full_exact_and_all_mutations_require_the_actual_window
  PASS  test_complete_and_cancel_cannot_retire_before_real_owner_publication
  PASS  test_retained_completed_work_still_requires_full_repayment_and_pause_is_respected
  PASS  test_local_tip_numbers_do_not_alias_any_directory_subject
  PASS  test_connector_subject_is_local_and_requires_its_actual_project_bill
  PASS  test_three_line_furniture_prices_are_catalog_exact_and_legacy_doors_stay_closed
  PASS  test_changed_subject_foreign_world_expiration_and_rebinding_refuse
  PASS  test_quote_shape_and_unused_metadata_are_validated_before_use
  PASS  test_base_binding_and_publication_queries_refuse_without_actual_router
CI_SUITE_TIME {"assertions":150,"failures":0,"suite":"test_construction_modular.gd","tests":12,"usec":1648960}
test_demo_bursts.gd
  PASS  test_the_call_to_a_meal_calls_at_most_its_count_a_frame_in_order
  PASS  test_a_call_within_its_count_calls_everyone_at_once
  PASS  test_dusk_sends_at_most_its_count_a_frame_in_order
  PASS  test_through_the_night_the_free_are_sent_at_most_their_count_a_frame
  PASS  test_a_bedless_place_at_the_door_is_its_count_of_bedless_before_it
  PASS  test_the_pot_goes_out_while_its_meal_is_served_and_the_table_is_empty
  PASS  test_a_diner_without_a_seat_waits_off_the_cooks_spot
  PASS  test_a_trip_with_no_route_waits_before_it_plans_again
CI_SUITE_TIME {"assertions":73,"failures":0,"suite":"test_demo_bursts.gd","tests":8,"usec":730253}
test_demo_cellar.gd
  PASS  test_a_store_takes_its_class_from_its_permille_or_its_permille_from_its_class
  PASS  test_a_store_whose_class_and_permille_disagree_is_refused
  PASS  test_a_store_says_why_in_its_own_words_or_its_classes
  PASS  test_a_cellar_is_the_cellar_class_while_cool_and_a_pantry_when_warm
  PASS  test_keeps_text_is_floored_to_the_tenth
  PASS  test_a_whole_lot_moves_with_its_age_and_the_ledger_is_untouched
  PASS  test_part_of_a_lot_is_split_exactly_and_keeps_its_age
  PASS  test_a_carried_lot_cannot_be_withdrawn_merged_into_or_reserved_by_the_kitchen
  PASS  test_only_what_fits_is_set_down_and_the_rest_goes_back
  PASS  test_set_down_refuses_a_stale_lot_and_a_gone_store
  PASS  test_reserve_at_refuses_without_room_and_a_carried_lot_that_spoils_frees_its_row
  PASS  test_the_food_that_spoils_soonest_moves_first_to_the_coolest_store
  PASS  test_food_about_to_spoil_stays_put
  PASS  test_reserved_food_stays_and_only_the_surplus_moves
  PASS  test_a_move_is_at_most_one_small_carry_and_the_room_there
  PASS  test_nothing_moves_to_a_store_that_is_not_cooler_or_has_no_room
  PASS  test_of_two_cool_stores_the_nearer_one_is_chosen
  PASS  test_waiting_moves_count_against_the_room_they_will_take
  PASS  test_a_claimed_move_carries_the_food_into_the_cellar_with_its_age
  PASS  test_a_carrier_called_away_puts_the_food_back_and_the_move_waits_again
  PASS  test_commands_refuse_a_load_in_hand_and_carriers_need_a_carry_walk
  PASS  test_a_claim_whose_room_has_gone_closes_the_move
  PASS  test_food_that_spoils_or_is_eaten_on_the_way_ends_the_move
  PASS  test_a_part_too_small_or_a_split_with_every_lot_row_taken_is_not_planned
  PASS  test_a_pick_up_the_pantry_refuses_gives_up_and_backs_off_its_store
  PASS  test_a_store_nobody_can_reach_gives_up_after_its_walks_and_backs_off
  PASS  test_food_the_kitchen_reserves_before_the_pick_up_stays_and_is_cooked_exactly
  PASS  test_the_kitchen_never_counts_food_on_a_carried_row_as_cooked
  PASS  test_a_carrier_that_holds_away_from_its_spot_has_not_arrived
  PASS  test_a_destination_no_longer_cooler_closes_the_move
  PASS  test_a_waiting_move_whose_food_has_gone_is_closed_and_frees_its_room
  PASS  test_a_claim_takes_only_the_room_left
  PASS  test_a_split_keeps_the_remainder_of_its_age
  PASS  test_the_coolest_store_with_room_is_chosen_past_a_full_or_warmer_one
  PASS  test_a_move_planned_earlier_still_counts_against_the_room
  PASS  test_a_shelving_with_no_room_gives_up_and_backs_off_the_cellar
  PASS  test_set_down_with_no_room_moves_nothing_and_makes_no_row
  PASS  test_a_dug_racked_cellar_is_the_cellar_class_and_its_harvest_is_carried_down_into_it
  PASS  test_the_work_board_lists_a_move_as_hauling_in_words
  PASS  test_the_pantry_says_why_and_what_is_being_moved
CI_SUITE_TIME {"assertions":819,"failures":0,"suite":"test_demo_cellar.gd","tests":40,"usec":628418}
test_demo_daylight.gd
  PASS  test_the_calendar_tick_reads_as_a_minute_of_the_day_and_a_season
  PASS  test_the_windows_are_the_gdd_s_daylight_and_the_brief_s_spring
  PASS  test_each_key_is_met_exactly_on_its_hour
  PASS  test_between_keys_the_curves_ease
  PASS  test_the_shadow_is_off_while_the_light_swings
  PASS  test_grey_is_the_rec_709_luminance
  PASS  test_the_phases_change_on_the_window_s_edges
  PASS  test_every_curve_is_continuous_across_every_boundary
  PASS  test_the_light_rises_through_the_dawn_and_falls_through_the_dusk
  PASS  test_the_seasons_shift_the_windows
  PASS  test_the_sun_rises_in_the_east_peaks_in_the_south_and_sets_in_the_west
  PASS  test_the_light_is_the_moon_at_night_and_the_sun_by_day
  PASS  test_the_day_key_is_the_world_s_own_look
  PASS  test_the_gloom_of_each_sky
  PASS  test_gloom_darkens_and_greys_whatever_the_hour
  PASS  test_the_weather_multiplies_the_hour_and_the_cycle_is_the_one_writer
  PASS  test_the_falls_and_the_smoke_darken_with_the_night
  PASS  test_noon_and_midnight_on_the_world_s_light
  PASS  test_it_writes_only_when_the_calendar_or_the_weather_moved
  PASS  test_the_underground_is_never_touched
  PASS  test_brighter_nights_raises_the_night_and_leaves_the_day
  PASS  test_brighter_nights_is_a_setting_and_part_of_large_readable
  PASS  test_the_homes_are_lit_at_their_fronts
  PASS  test_the_pool_is_capped_and_goes_to_the_nearest_spots
  PASS  test_a_home_is_lit_only_when_its_query_says_so
  PASS  test_the_lamps_follow_the_level_and_flicker_gently
  PASS  test_the_tunnel_mouths_lanterns_are_read_from_the_overlay
  PASS  test_the_boot_s_first_frames_are_held_at_noon_with_the_shadow_on
  PASS  test_a_weather_s_ease_writes_at_most_every_quarter_second
  PASS  test_the_prewarm_draws_the_night_and_gives_the_hour_back
  PASS  test_the_date_trigger_wears_a_sun_by_day_and_a_moon_by_night
    daylight: 2000 frames, 285 writes, 9.3 us a frame (writes included)
  PASS  test_a_frame_allocates_nothing_and_costs_little
CI_SUITE_TIME {"assertions":586,"failures":0,"suite":"test_demo_daylight.gd","tests":32,"usec":1242285}
test_demo_guide_live.gd
  PASS  test_the_guide_by_real_input_at_1280x720
  PASS  test_the_guide_by_real_input_at_1920x1080
CI_SUITE_TIME {"assertions":122,"failures":0,"suite":"test_demo_guide_live.gd","tests":2,"usec":27423677}
test_demo_hall.gd
  PASS  test_the_upgrade_is_req_set_136s_package_and_a_banner_is_the_decoration_row
  PASS  test_rows_map_to_projects_and_back
  PASS  test_a_load_is_the_carriers_capacity_at_the_materials_mass
  PASS  test_req_set_126_refunds_all_before_work_and_eighty_percent_after_floored
  PASS  test_comfort_fuel_and_the_feasts_seats
  PASS  test_the_unlock_is_one_data_constant_the_first_harvest
  PASS  test_the_upgrade_is_refused_while_locked_then_planned_once
  PASS  test_building_starts_only_once_everything_is_delivered
  PASS  test_the_upgrade_raises_tier_2_once_and_a_second_is_refused
  PASS  test_a_cancel_before_work_gives_everything_back
  PASS  test_a_cancel_after_work_gives_eighty_percent_back
  PASS  test_a_cancel_brings_back_a_load_still_in_arms
  PASS  test_a_finished_project_cannot_be_cancelled
  PASS  test_reservations_never_take_from_the_stores_and_lifting_takes_what_is_there
  PASS  test_what_is_reserved_is_no_longer_outstanding
  PASS  test_every_milli_u_is_conserved_through_a_round_and_a_return
  PASS  test_four_banners_at_most_and_their_comfort
  PASS  test_progress_reads_delivery_then_work
  PASS  test_the_tapestry_weaves_entries_in_date_order
  PASS  test_the_tapestry_refuses_in_words
  PASS  test_the_tapestry_cuts_long_words
  PASS  test_builders_carry_the_upgrade_in_and_raise_the_great_hall
  PASS  test_a_place_waits_only_while_there_is_something_to_do
  PASS  test_a_carrier_called_away_puts_its_load_back_and_comes_back_to_it
  PASS  test_a_carrier_that_finds_the_stores_empty_carries_nothing
  PASS  test_letting_a_builder_go_never_hands_it_the_project_again
  PASS  test_a_cancelled_project_is_not_taken_back_after_it_is_planned_again
  PASS  test_the_players_pause_and_reassign
  PASS  test_releasing_a_project_returns_every_load
  PASS  test_a_builder_in_the_water_or_held_is_not_eligible
  PASS  test_the_work_board_lists_the_hall_and_hands_it_out
  PASS  test_a_place_with_nothing_to_do_shows_why_on_the_board
  PASS  test_the_panel_says_what_the_hall_gives_and_where_the_upgrade_stands
  PASS  test_the_panels_buttons_follow_the_projects
  PASS  test_the_open_panel_follows_the_work_and_its_cancel_terms
  PASS  test_the_banner_and_stock_lines
  PASS  test_the_view_shows_each_stage
  PASS  test_the_tapestry_panel_draws_every_entry
  PASS  test_with_no_art_staged_the_tapestry_keeps_its_drawn_cloth
  PASS  test_the_staged_ground_is_the_cloth_and_each_kind_wears_its_emblem
  PASS  test_the_field_is_the_area_inside_the_border_on_the_picture_and_the_cloth
  PASS  test_the_hall_weaves_its_history_and_opens_with_the_first_harvest
  PASS  test_the_hall_plans_cancels_and_answers_the_gathering_query
  PASS  test_cancelling_puts_a_load_in_arms_back
  PASS  test_the_hall_tells_a_finished_project
  PASS  test_watching_allocates_nothing_once_settled
CI_SUITE_TIME {"assertions":384,"failures":0,"suite":"test_demo_hall.gd","tests":46,"usec":1794980}
test_demo_handoffs.gd
  PASS  test_a_surface_hand_stays_on_the_crew_over_each_boundary_in_either_cast_order
  PASS  test_the_crew_stays_on_over_each_boundary_at_four_times
  PASS  test_the_crew_follows_a_level_two_dig_over_its_crossing
  PASS  test_a_crew_left_behind_two_segments_moves_on_to_the_one_being_dug
  PASS  test_a_member_below_stays_on_the_crew_over_each_boundary
  PASS  test_a_dig_ending_on_the_surface_takes_the_saved_job_back_up
  PASS  test_a_dig_ending_underground_takes_the_saved_job_back_up
  PASS  test_a_dig_finished_at_night_keeps_the_job_for_the_morning
  PASS  test_a_new_order_while_stepping_clear_is_obeyed_not_overridden
  PASS  test_an_order_while_walking_out_below_is_obeyed_not_overridden
  PASS  test_the_players_release_mid_dig_still_forgets_the_saved_jobs
  PASS  test_a_node_cut_off_before_the_mouth_is_reached_is_refused_with_a_reason
  PASS  test_a_spoil_worker_walled_off_from_the_heap_digs_nothing_from_afar
  PASS  test_a_paused_spoil_worker_says_it_cannot_reach_it
  PASS  test_a_basket_with_nowhere_reachable_to_tip_is_kept_then_put_back
  PASS  test_a_worker_called_away_with_an_undelivered_basket_puts_it_back
  PASS  test_a_spoil_worker_pushed_off_its_spot_stops_digging
  PASS  test_a_basket_whose_walk_out_failed_goes_back_to_the_pile
  PASS  test_a_basket_is_tipped_only_at_its_tip_spot
  PASS  test_a_bridge_builder_walled_off_from_the_material_loads_nothing_and_says_so
  PASS  test_a_bridge_refused_its_spot_names_the_builder_it_was_given_to
EXPECTED ERROR: demo cast: no actor -1 (of 6)
   at: push_error (core/variant/variant_utility.cpp:1023)
   GDScript backtrace (most recent call first):
       [0] actor (res://demo/cast/demo_cast.gd:179)
       [1] test_a_resident_index_that_names_nobody_is_refused (res://test/test_demo_handoffs.gd:778)
       [2] _run_test (res://test/run_tests.gd:194)
       [3] _run_suite (res://test/run_tests.gd:168)
       [4] _run_suite (/home/runner/work/redwall-rts/redwall-rts/tools/ci_test_shard_runner.gd:30)
       [5] _run_worker (res://test/run_tests.gd:121)
       [6] _initialize (res://test/run_tests.gd:108)
EXPECTED ERROR: demo cast: no actor 6 (of 6)
   at: push_error (core/variant/variant_utility.cpp:1023)
   GDScript backtrace (most recent call first):
       [0] actor (res://demo/cast/demo_cast.gd:179)
       [1] test_a_resident_index_that_names_nobody_is_refused (res://test/test_demo_handoffs.gd:779)
       [2] _run_test (res://test/run_tests.gd:194)
       [3] _run_suite (res://test/run_tests.gd:168)
       [4] _run_suite (/home/runner/work/redwall-rts/redwall-rts/tools/ci_test_shard_runner.gd:30)
       [5] _run_worker (res://test/run_tests.gd:121)
       [6] _initialize (res://test/run_tests.gd:108)
EXPECTED ERROR: bridge crew: no resident -1 to name
   at: push_error (core/variant/variant_utility.cpp:1023)
   GDScript backtrace (most recent call first):
       [0] name_of (res://demo/waterplay/bridge_crew.gd:645)
       [1] test_a_resident_index_that_names_nobody_is_refused (res://test/test_demo_handoffs.gd:781)
       [2] _run_test (res://test/run_tests.gd:194)
       [3] _run_suite (res://test/run_tests.gd:168)
       [4] _run_suite (/home/runner/work/redwall-rts/redwall-rts/tools/ci_test_shard_runner.gd:30)
       [5] _run_worker (res://test/run_tests.gd:121)
       [6] _initialize (res://test/run_tests.gd:108)
  PASS  test_a_resident_index_that_names_nobody_is_refused
  PASS  test_a_connection_between_bores_is_dug_with_every_mouth_taken
  PASS  test_a_piece_needing_a_mouth_is_refused_naming_the_mouths
  PASS  test_the_dig_tool_refuses_only_when_no_piece_could_fit_naming_what_ran_out
  PASS  test_the_dig_tools_card_refuses_as_the_tool_does
  PASS  test_an_unreached_bridge_says_so_while_the_crew_leaves_it
CI_SUITE_TIME {"assertions":212,"failures":0,"suite":"test_demo_handoffs.gd","tests":27,"usec":15288641}
test_demo_kitchen_ui.gd
  PASS  test_ready_food_is_days_of_meals
  PASS  test_the_ledger_shows_the_stock_behind_the_days
  PASS  test_the_pantry_shows_the_kitchen_tab_and_marks_the_dishes_cookable
  PASS  test_the_stocks_table_shows_portions_water_and_what_the_kitchen_holds
  PASS  test_the_cook_card_is_the_orders_decision
  PASS  test_the_draw_card_and_a_full_butt
  PASS  test_the_fed_line_and_the_roster_word
  PASS  test_the_cook_rises_early_only_with_work_and_is_not_sent_back
  PASS  test_the_kitchen_tab_shows_the_dishes_icons_only_when_staged
  PASS  test_a_cooked_dish_row_in_the_stocks_carries_its_icon
CI_SUITE_TIME {"assertions":62,"failures":0,"suite":"test_demo_kitchen_ui.gd","tests":10,"usec":328097}
test_demo_lens_kit.gd
  PASS  test_a_layer_added_as_a_record_carries_everything
  PASS  test_find_tells_groups_apart_and_a_followed_record_is_off_the_cycle
  PASS  test_areas_default_to_the_ramp_and_skip_missing_swatches
  PASS  test_set_ticks_moves_the_revision_only_on_a_change
  PASS  test_only_another_outlining_layer_may_be_compared
  PASS  test_the_compared_layer_follows_the_shown_one
  PASS  test_one_corner_is_cut_off_by_four_segments
  PASS  test_the_strip_lies_on_the_area_s_side
  PASS  test_saddles_cut_each_in_class_corner_off_alone
  PASS  test_two_classes_meet_as_a_two_colour_line
  PASS  test_a_trace_is_sliced_and_the_old_outline_stays_until_done
  PASS  test_a_huge_field_is_sampled_coarser_and_an_empty_one_not_at_all
  PASS  test_the_outline_material_reads_at_night
  PASS  test_an_idle_outline_allocates_nothing
  PASS  test_the_readout_words_fade_and_go
  PASS  test_the_readout_draws_on_the_tooltip_layer
  PASS  test_reduced_motion_shows_and_hides_the_readout_at_once
  PASS  test_the_readout_stays_in_the_window
  PASS  test_the_legend_draws_the_ramp_with_thresholds_and_the_keys
  PASS  test_a_long_ramp_flows_rather_than_widening_the_card
  PASS  test_a_rebuilt_legend_leaves_no_orphan
  PASS  test_the_outlined_legend_is_compact
  PASS  test_the_legend_is_rebuilt_when_its_scale_arrives_later
  PASS  test_the_kit_words_the_readout_only_on_a_change
  PASS  test_new_words_without_a_new_reading_re_word_the_readout
  PASS  test_a_compared_layer_that_loses_its_field_is_dropped
  PASS  test_the_pointer_is_read_only_over_the_world_inside_the_window
  PASS  test_the_kit_hides_the_readout_off_the_ground_over_a_panel_or_off_tree
  PASS  test_the_kit_traces_the_compared_layer_when_it_or_its_field_moves
  PASS  test_the_kit_gives_the_village_layers_their_probes_and_scales
  PASS  test_a_steady_reading_allocates_nothing
  PASS  test_the_picker_offers_compare_and_turns_it_on_and_off
  PASS  test_the_picker_turns_compare_off_by_the_same_pick_or_x
  PASS  test_the_picker_legend_shows_the_ramp_of_the_shown_layer
CI_SUITE_TIME {"assertions":213,"failures":0,"suite":"test_demo_lens_kit.gd","tests":34,"usec":1120617}
test_demo_pace.gd
  PASS  test_the_pace_is_raised_and_the_walk_clip_follows_it
  PASS  test_a_walker_covers_its_pace_with_the_clip_at_its_rate
  PASS  test_a_carry_is_most_of_the_walk_and_its_clip_matches
  PASS  test_the_placeholder_cast_walks_at_the_pace
CI_SUITE_TIME {"assertions":16,"failures":0,"suite":"test_demo_pace.gd","tests":4,"usec":34740}
test_demo_people_pairs.gd
  PASS  test_the_pairs_by_bucket_are_the_pairs_at_work_together_in_the_old_order
CI_SUITE_TIME {"assertions":4919,"failures":0,"suite":"test_demo_people_pairs.gd","tests":1,"usec":269419}
test_demo_people_ui.gd
EXPECTED WARNING: demo cast: mouse_keeper has no loadable body; using a placeholder
     at: push_warning (core/variant/variant_utility.cpp:1033)
     GDScript backtrace (most recent call first):
         [0] setup_creature (res://demo/cast/demo_actor.gd:211)
         [1] build (res://demo/cast/demo_cast.gd:159)
         [2] _rig (res://test/test_demo_people_ui.gd:88)
         [3] test_the_same_person_on_the_roster_the_panel_work_and_news (res://test/test_demo_people_ui.gd:149)
         [4] _run_test (res://test/run_tests.gd:194)
         [5] _run_suite (res://test/run_tests.gd:168)
         [6] _run_suite (/home/runner/work/redwall-rts/redwall-rts/tools/ci_test_shard_runner.gd:30)
         [7] _run_worker (res://test/run_tests.gd:121)
         [8] _initialize (res://test/run_tests.gd:108)
EXPECTED WARNING: demo cast: mouse_fieldworker has no loadable body; using a placeholder
     at: push_warning (core/variant/variant_utility.cpp:1033)
     GDScript backtrace (most recent call first):
         [0] setup_creature (res://demo/cast/demo_actor.gd:211)
         [1] build (res://demo/cast/demo_cast.gd:159)
         [2] _rig (res://test/test_demo_people_ui.gd:88)
         [3] test_the_same_person_on_the_roster_the_panel_work_and_news (res://test/test_demo_people_ui.gd:149)
         [4] _run_test (res://test/run_tests.gd:194)
         [5] _run_suite (res://test/run_tests.gd:168)
         [6] _run_suite (/home/runner/work/redwall-rts/redwall-rts/tools/ci_test_shard_runner.gd:30)
         [7] _run_worker (res://test/run_tests.gd:121)
         [8] _initialize (res://test/run_tests.gd:108)
EXPECTED WARNING: demo cast: squirrel_gatherer has no loadable body; using a placeholder
     at: push_warning (core/variant/variant_utility.cpp:1033)
     GDScript backtrace (most recent call first):
         [0] setup_creature (res://demo/cast/demo_actor.gd:211)
         [1] build (res://demo/cast/demo_cast.gd:159)
         [2] _rig (res://test/test_demo_people_ui.gd:88)
         [3] test_the_same_person_on_the_roster_the_panel_work_and_news (res://test/test_demo_people_ui.gd:149)
         [4] _run_test (res://test/run_tests.gd:194)
         [5] _run_suite (res://test/run_tests.gd:168)
         [6] _run_suite (/home/runner/work/redwall-rts/redwall-rts/tools/ci_test_shard_runner.gd:30)
         [7] _run_worker (res://test/run_tests.gd:121)
         [8] _initialize (res://test/run_tests.gd:108)
EXPECTED WARNING: demo cast: squirrel_forester has no loadable body; using a placeholder
     at: push_warning (core/variant/variant_utility.cpp:1033)
     GDScript backtrace (most recent call first):
         [0] setup_creature (res://demo/cast/demo_actor.gd:211)
         [1] build (res://demo/cast/demo_cast.gd:159)
         [2] _rig (res://test/test_demo_people_ui.gd:88)
         [3] test_the_same_person_on_the_roster_the_panel_work_and_news (res://test/test_demo_people_ui.gd:149)
         [4] _run_test (res://test/run_tests.gd:194)
         [5] _run_suite (res://test/run_tests.gd:168)
         [6] _run_suite (/home/runner/work/redwall-rts/redwall-rts/tools/ci_test_shard_runner.gd:30)
         [7] _run_worker (res://test/run_tests.gd:121)
         [8] _initialize (res://test/run_tests.gd:108)
EXPECTED WARNING: demo cast: otter_boatwright has no loadable body; using a placeholder
     at: push_warning (core/variant/variant_utility.cpp:1033)
     GDScript backtrace (most recent call first):
         [0] setup_creature (res://demo/cast/demo_actor.gd:211)
         [1] build (res://demo/cast/demo_cast.gd:159)
         [2] _rig (res://test/test_demo_people_ui.gd:88)
         [3] test_the_same_person_on_the_roster_the_panel_work_and_news (res://test/test_demo_people_ui.gd:149)
         [4] _run_test (res://test/run_tests.gd:194)
         [5] _run_suite (res://test/run_tests.gd:168)
         [6] _run_suite (/home/runner/work/redwall-rts/redwall-rts/tools/ci_test_shard_runner.gd:30)
         [7] _run_worker (res://test/run_tests.gd:121)
         [8] _initialize (res://test/run_tests.gd:108)
EXPECTED WARNING: demo cast: otter_fisher has no loadable body; using a placeholder
     at: push_warning (core/variant/variant_utility.cpp:1033)
     GDScript backtrace (most recent call first):
         [0] setup_creature (res://demo/cast/demo_actor.gd:211)
         [1] build (res://demo/cast/demo_cast.gd:159)
         [2] _rig (res://test/test_demo_people_ui.gd:88)
         [3] test_the_same_person_on_the_roster_the_panel_work_and_news (res://test/test_demo_people_ui.gd:149)
         [4] _run_test (res://test/run_tests.gd:194)
         [5] _run_suite (res://test/run_tests.gd:168)
         [6] _run_suite (/home/runner/work/redwall-rts/redwall-rts/tools/ci_test_shard_runner.gd:30)
         [7] _run_worker (res://test/run_tests.gd:121)
         [8] _initialize (res://test/run_tests.gd:108)
EXPECTED WARNING: demo cast: mole_digger has no loadable body; using a placeholder
     at: push_warning (core/variant/variant_utility.cpp:1033)
     GDScript backtrace (most recent call first):
         [0] setup_creature (res://demo/cast/demo_actor.gd:211)
         [1] build (res://demo/cast/demo_cast.gd:159)
         [2] _rig (res://test/test_demo_people_ui.gd:88)
         [3] test_the_same_person_on_the_roster_the_panel_work_and_news (res://test/test_demo_people_ui.gd:149)
         [4] _run_test (res://test/run_tests.gd:194)
         [5] _run_suite (res://test/run_tests.gd:168)
         [6] _run_suite (/home/runner/work/redwall-rts/redwall-rts/tools/ci_test_shard_runner.gd:30)
         [7] _run_worker (res://test/run_tests.gd:121)
         [8] _initialize (res://test/run_tests.gd:108)
EXPECTED WARNING: demo cast: badger_quarryman has no loadable body; using a placeholder
     at: push_warning (core/variant/variant_utility.cpp:1033)
     GDScript backtrace (most recent call first):
         [0] setup_creature (res://demo/cast/demo_actor.gd:211)
         [1] build (res://demo/cast/demo_cast.gd:159)
         [2] _rig (res://test/test_demo_people_ui.gd:88)
         [3] test_the_same_person_on_the_roster_the_panel_work_and_news (res://test/test_demo_people_ui.gd:149)
         [4] _run_test (res://test/run_tests.gd:194)
         [5] _run_suite (res://test/run_tests.gd:168)
         [6] _run_suite (/home/runner/work/redwall-rts/redwall-rts/tools/ci_test_shard_runner.gd:30)
         [7] _run_worker (res://test/run_tests.gd:121)
         [8] _initialize (res://test/run_tests.gd:108)
EXPECTED WARNING: demo cast: beaver_bridgewright has no loadable body; using a placeholder
     at: push_warning (core/variant/variant_utility.cpp:1033)
     GDScript backtrace (most recent call first):
         [0] setup_creature (res://demo/cast/demo_actor.gd:211)
         [1] build (res://demo/cast/demo_cast.gd:159)
         [2] _rig (res://test/test_demo_people_ui.gd:88)
         [3] test_the_same_person_on_the_roster_the_panel_work_and_news (res://test/test_demo_people_ui.gd:149)
         [4] _run_test (res://test/run_tests.gd:194)
         [5] _run_suite (res://test/run_tests.gd:168)
         [6] _run_suite (/home/runner/work/redwall-rts/redwall-rts/tools/ci_test_shard_runner.gd:30)
         [7] _run_worker (res://test/run_tests.gd:121)
         [8] _initialize (res://test/run_tests.gd:108)
  PASS  test_the_same_person_on_the_roster_the_panel_work_and_news
EXPECTED WARNING: demo cast: mouse_keeper has no loadable body; using a placeholder
     at: push_warning (core/variant/variant_utility.cpp:1033)
     GDScript backtrace (most recent call first):
         [0] setup_creature (res://demo/cast/demo_actor.gd:211)
         [1] build (res://demo/cast/demo_cast.gd:159)
         [2] _rig (res://test/test_demo_people_ui.gd:88)
         [3] test_names_reach_the_action_cards_crews_and_feeds (res://test/test_demo_people_ui.gd:174)
         [4] _run_test (res://test/run_tests.gd:194)
         [5] _run_suite (res://test/run_tests.gd:168)
         [6] _run_suite (/home/runner/work/redwall-rts/redwall-rts/tools/ci_test_shard_runner.gd:30)
         [7] _run_worker (res://test/run_tests.gd:121)
         [8] _initialize (res://test/run_tests.gd:108)
EXPECTED WARNING: demo cast: mouse_fieldworker has no loadable body; using a placeholder
     at: push_warning (core/variant/variant_utility.cpp:1033)
     GDScript backtrace (most recent call first):
         [0] setup_creature (res://demo/cast/demo_actor.gd:211)
         [1] build (res://demo/cast/demo_cast.gd:159)
         [2] _rig (res://test/test_demo_people_ui.gd:88)
         [3] test_names_reach_the_action_cards_crews_and_feeds (res://test/test_demo_people_ui.gd:174)
         [4] _run_test (res://test/run_tests.gd:194)
         [5] _run_suite (res://test/run_tests.gd:168)
         [6] _run_suite (/home/runner/work/redwall-rts/redwall-rts/tools/ci_test_shard_runner.gd:30)
         [7] _run_worker (res://test/run_tests.gd:121)
         [8] _initialize (res://test/run_tests.gd:108)
EXPECTED WARNING: demo cast: squirrel_gatherer has no loadable body; using a placeholder
     at: push_warning (core/variant/variant_utility.cpp:1033)
     GDScript backtrace (most recent call first):
         [0] setup_creature (res://demo/cast/demo_actor.gd:211)
         [1] build (res://demo/cast/demo_cast.gd:159)
         [2] _rig (res://test/test_demo_people_ui.gd:88)
         [3] test_names_reach_the_action_cards_crews_and_feeds (res://test/test_demo_people_ui.gd:174)
         [4] _run_test (res://test/run_tests.gd:194)
         [5] _run_suite (res://test/run_tests.gd:168)
         [6] _run_suite (/home/runner/work/redwall-rts/redwall-rts/tools/ci_test_shard_runner.gd:30)
         [7] _run_worker (res://test/run_tests.gd:121)
         [8] _initialize (res://test/run_tests.gd:108)
EXPECTED WARNING: demo cast: squirrel_forester has no loadable body; using a placeholder
     at: push_warning (core/variant/variant_utility.cpp:1033)
     GDScript backtrace (most recent call first):
         [0] setup_creature (res://demo/cast/demo_actor.gd:211)
         [1] build (res://demo/cast/demo_cast.gd:159)
         [2] _rig (res://test/test_demo_people_ui.gd:88)
         [3] test_names_reach_the_action_cards_crews_and_feeds (res://test/test_demo_people_ui.gd:174)
         [4] _run_test (res://test/run_tests.gd:194)
         [5] _run_suite (res://test/run_tests.gd:168)
         [6] _run_suite (/home/runner/work/redwall-rts/redwall-rts/tools/ci_test_shard_runner.gd:30)
         [7] _run_worker (res://test/run_tests.gd:121)
         [8] _initialize (res://test/run_tests.gd:108)
EXPECTED WARNING: demo cast: otter_boatwright has no loadable body; using a placeholder
     at: push_warning (core/variant/variant_utility.cpp:1033)
     GDScript backtrace (most recent call first):
         [0] setup_creature (res://demo/cast/demo_actor.gd:211)
         [1] build (res://demo/cast/demo_cast.gd:159)
         [2] _rig (res://test/test_demo_people_ui.gd:88)
         [3] test_names_reach_the_action_cards_crews_and_feeds (res://test/test_demo_people_ui.gd:174)
         [4] _run_test (res://test/run_tests.gd:194)
         [5] _run_suite (res://test/run_tests.gd:168)
         [6] _run_suite (/home/runner/work/redwall-rts/redwall-rts/tools/ci_test_shard_runner.gd:30)
         [7] _run_worker (res://test/run_tests.gd:121)
         [8] _initialize (res://test/run_tests.gd:108)
EXPECTED WARNING: demo cast: otter_fisher has no loadable body; using a placeholder
     at: push_warning (core/variant/variant_utility.cpp:1033)
     GDScript backtrace (most recent call first):
         [0] setup_creature (res://demo/cast/demo_actor.gd:211)
         [1] build (res://demo/cast/demo_cast.gd:159)
         [2] _rig (res://test/test_demo_people_ui.gd:88)
         [3] test_names_reach_the_action_cards_crews_and_feeds (res://test/test_demo_people_ui.gd:174)
         [4] _run_test (res://test/run_tests.gd:194)
         [5] _run_suite (res://test/run_tests.gd:168)
         [6] _run_suite (/home/runner/work/redwall-rts/redwall-rts/tools/ci_test_shard_runner.gd:30)
         [7] _run_worker (res://test/run_tests.gd:121)
         [8] _initialize (res://test/run_tests.gd:108)
EXPECTED WARNING: demo cast: mole_digger has no loadable body; using a placeholder
     at: push_warning (core/variant/variant_utility.cpp:1033)
     GDScript backtrace (most recent call first):
         [0] setup_creature (res://demo/cast/demo_actor.gd:211)
         [1] build (res://demo/cast/demo_cast.gd:159)
         [2] _rig (res://test/test_demo_people_ui.gd:88)
         [3] test_names_reach_the_action_cards_crews_and_feeds (res://test/test_demo_people_ui.gd:174)
         [4] _run_test (res://test/run_tests.gd:194)
         [5] _run_suite (res://test/run_tests.gd:168)
         [6] _run_suite (/home/runner/work/redwall-rts/redwall-rts/tools/ci_test_shard_runner.gd:30)
         [7] _run_worker (res://test/run_tests.gd:121)
         [8] _initialize (res://test/run_tests.gd:108)
EXPECTED WARNING: demo cast: badger_quarryman has no loadable body; using a placeholder
     at: push_warning (core/variant/variant_utility.cpp:1033)
     GDScript backtrace (most recent call first):
         [0] setup_creature (res://demo/cast/demo_actor.gd:211)
         [1] build (res://demo/cast/demo_cast.gd:159)
         [2] _rig (res://test/test_demo_people_ui.gd:88)
         [3] test_names_reach_the_action_cards_crews_and_feeds (res://test/test_demo_people_ui.gd:174)
         [4] _run_test (res://test/run_tests.gd:194)
         [5] _run_suite (res://test/run_tests.gd:168)
         [6] _run_suite (/home/runner/work/redwall-rts/redwall-rts/tools/ci_test_shard_runner.gd:30)
         [7] _run_worker (res://test/run_tests.gd:121)
         [8] _initialize (res://test/run_tests.gd:108)
EXPECTED WARNING: demo cast: beaver_bridgewright has no loadable body; using a placeholder
     at: push_warning (core/variant/variant_utility.cpp:1033)
     GDScript backtrace (most recent call first):
         [0] setup_creature (res://demo/cast/demo_actor.gd:211)
         [1] build (res://demo/cast/demo_cast.gd:159)
         [2] _rig (res://test/test_demo_people_ui.gd:88)
         [3] test_names_reach_the_action_cards_crews_and_feeds (res://test/test_demo_people_ui.gd:174)
         [4] _run_test (res://test/run_tests.gd:194)
         [5] _run_suite (res://test/run_tests.gd:168)
         [6] _run_suite (/home/runner/work/redwall-rts/redwall-rts/tools/ci_test_shard_runner.gd:30)
         [7] _run_worker (res://test/run_tests.gd:121)
         [8] _initialize (res://test/run_tests.gd:108)
  PASS  test_names_reach_the_action_cards_crews_and_feeds
EXPECTED WARNING: demo cast: mouse_keeper has no loadable body; using a placeholder
     at: push_warning (core/variant/variant_utility.cpp:1033)
     GDScript backtrace (most recent call first):
         [0] setup_creature (res://demo/cast/demo_actor.gd:211)
         [1] build (res://demo/cast/demo_cast.gd:159)
         [2] _rig (res://test/test_demo_people_ui.gd:88)
         [3] test_a_notable_resident_is_starred_on_the_roster_only (res://test/test_demo_people_ui.gd:195)
         [4] _run_test (res://test/run_tests.gd:194)
         [5] _run_suite (res://test/run_tests.gd:168)
         [6] _run_suite (/home/runner/work/redwall-rts/redwall-rts/tools/ci_test_shard_runner.gd:30)
         [7] _run_worker (res://test/run_tests.gd:121)
         [8] _initialize (res://test/run_tests.gd:108)
EXPECTED WARNING: demo cast: mouse_fieldworker has no loadable body; using a placeholder
     at: push_warning (core/variant/variant_utility.cpp:1033)
     GDScript backtrace (most recent call first):
         [0] setup_creature (res://demo/cast/demo_actor.gd:211)
         [1] build (res://demo/cast/demo_cast.gd:159)
         [2] _rig (res://test/test_demo_people_ui.gd:88)
         [3] test_a_notable_resident_is_starred_on_the_roster_only (res://test/test_demo_people_ui.gd:195)
         [4] _run_test (res://test/run_tests.gd:194)
         [5] _run_suite (res://test/run_tests.gd:168)
         [6] _run_suite (/home/runner/work/redwall-rts/redwall-rts/tools/ci_test_shard_runner.gd:30)
         [7] _run_worker (res://test/run_tests.gd:121)
         [8] _initialize (res://test/run_tests.gd:108)
EXPECTED WARNING: demo cast: squirrel_gatherer has no loadable body; using a placeholder
     at: push_warning (core/variant/variant_utility.cpp:1033)
     GDScript backtrace (most recent call first):
         [0] setup_creature (res://demo/cast/demo_actor.gd:211)
         [1] build (res://demo/cast/demo_cast.gd:159)
         [2] _rig (res://test/test_demo_people_ui.gd:88)
         [3] test_a_notable_resident_is_starred_on_the_roster_only (res://test/test_demo_people_ui.gd:195)
         [4] _run_test (res://test/run_tests.gd:194)
         [5] _run_suite (res://test/run_tests.gd:168)
         [6] _run_suite (/home/runner/work/redwall-rts/redwall-rts/tools/ci_test_shard_runner.gd:30)
         [7] _run_worker (res://test/run_tests.gd:121)
         [8] _initialize (res://test/run_tests.gd:108)
EXPECTED WARNING: demo cast: squirrel_forester has no loadable body; using a placeholder
     at: push_warning (core/variant/variant_utility.cpp:1033)
     GDScript backtrace (most recent call first):
         [0] setup_creature (res://demo/cast/demo_actor.gd:211)
         [1] build (res://demo/cast/demo_cast.gd:159)
         [2] _rig (res://test/test_demo_people_ui.gd:88)
         [3] test_a_notable_resident_is_starred_on_the_roster_only (res://test/test_demo_people_ui.gd:195)
         [4] _run_test (res://test/run_tests.gd:194)
         [5] _run_suite (res://test/run_tests.gd:168)
         [6] _run_suite (/home/runner/work/redwall-rts/redwall-rts/tools/ci_test_shard_runner.gd:30)
         [7] _run_worker (res://test/run_tests.gd:121)
         [8] _initialize (res://test/run_tests.gd:108)
EXPECTED WARNING: demo cast: otter_boatwright has no loadable body; using a placeholder
     at: push_warning (core/variant/variant_utility.cpp:1033)
     GDScript backtrace (most recent call first):
         [0] setup_creature (res://demo/cast/demo_actor.gd:211)
         [1] build (res://demo/cast/demo_cast.gd:159)
         [2] _rig (res://test/test_demo_people_ui.gd:88)
         [3] test_a_notable_resident_is_starred_on_the_roster_only (res://test/test_demo_people_ui.gd:195)
         [4] _run_test (res://test/run_tests.gd:194)
         [5] _run_suite (res://test/run_tests.gd:168)
         [6] _run_suite (/home/runner/work/redwall-rts/redwall-rts/tools/ci_test_shard_runner.gd:30)
         [7] _run_worker (res://test/run_tests.gd:121)
         [8] _initialize (res://test/run_tests.gd:108)
EXPECTED WARNING: demo cast: otter_fisher has no loadable body; using a placeholder
     at: push_warning (core/variant/variant_utility.cpp:1033)
     GDScript backtrace (most recent call first):
         [0] setup_creature (res://demo/cast/demo_actor.gd:211)
         [1] build (res://demo/cast/demo_cast.gd:159)
         [2] _rig (res://test/test_demo_people_ui.gd:88)
         [3] test_a_notable_resident_is_starred_on_the_roster_only (res://test/test_demo_people_ui.gd:195)
         [4] _run_test (res://test/run_tests.gd:194)
         [5] _run_suite (res://test/run_tests.gd:168)
         [6] _run_suite (/home/runner/work/redwall-rts/redwall-rts/tools/ci_test_shard_runner.gd:30)
         [7] _run_worker (res://test/run_tests.gd:121)
         [8] _initialize (res://test/run_tests.gd:108)
EXPECTED WARNING: demo cast: mole_digger has no loadable body; using a placeholder
     at: push_warning (core/variant/variant_utility.cpp:1033)
     GDScript backtrace (most recent call first):
         [0] setup_creature (res://demo/cast/demo_actor.gd:211)
         [1] build (res://demo/cast/demo_cast.gd:159)
         [2] _rig (res://test/test_demo_people_ui.gd:88)
         [3] test_a_notable_resident_is_starred_on_the_roster_only (res://test/test_demo_people_ui.gd:195)
         [4] _run_test (res://test/run_tests.gd:194)
         [5] _run_suite (res://test/run_tests.gd:168)
         [6] _run_suite (/home/runner/work/redwall-rts/redwall-rts/tools/ci_test_shard_runner.gd:30)
         [7] _run_worker (res://test/run_tests.gd:121)
         [8] _initialize (res://test/run_tests.gd:108)
EXPECTED WARNING: demo cast: badger_quarryman has no loadable body; using a placeholder
     at: push_warning (core/variant/variant_utility.cpp:1033)
     GDScript backtrace (most recent call first):
         [0] setup_creature (res://demo/cast/demo_actor.gd:211)
         [1] build (res://demo/cast/demo_cast.gd:159)
         [2] _rig (res://test/test_demo_people_ui.gd:88)
         [3] test_a_notable_resident_is_starred_on_the_roster_only (res://test/test_demo_people_ui.gd:195)
         [4] _run_test (res://test/run_tests.gd:194)
         [5] _run_suite (res://test/run_tests.gd:168)
         [6] _run_suite (/home/runner/work/redwall-rts/redwall-rts/tools/ci_test_shard_runner.gd:30)
         [7] _run_worker (res://test/run_tests.gd:121)
         [8] _initialize (res://test/run_tests.gd:108)
EXPECTED WARNING: demo cast: beaver_bridgewright has no loadable body; using a placeholder
     at: push_warning (core/variant/variant_utility.cpp:1033)
     GDScript backtrace (most recent call first):
         [0] setup_creature (res://demo/cast/demo_actor.gd:211)
         [1] build (res://demo/cast/demo_cast.gd:159)
         [2] _rig (res://test/test_demo_people_ui.gd:88)
         [3] test_a_notable_resident_is_starred_on_the_roster_only (res://test/test_demo_people_ui.gd:195)
         [4] _run_test (res://test/run_tests.gd:194)
         [5] _run_suite (res://test/run_tests.gd:168)
         [6] _run_suite (/home/runner/work/redwall-rts/redwall-rts/tools/ci_test_shard_runner.gd:30)
         [7] _run_worker (res://test/run_tests.gd:121)
         [8] _initialize (res://test/run_tests.gd:108)
  PASS  test_a_notable_resident_is_starred_on_the_roster_only
EXPECTED WARNING: demo cast: mouse_keeper has no loadable body; using a placeholder
     at: push_warning (core/variant/variant_utility.cpp:1033)
     GDScript backtrace (most recent call first):
         [0] setup_creature (res://demo/cast/demo_actor.gd:211)
         [1] build (res://demo/cast/demo_cast.gd:159)
         [2] _rig (res://test/test_demo_people_ui.gd:88)
         [3] test_the_inspector_shows_skills_as_meters_and_keeps_details_optional (res://test/test_demo_people_ui.gd:209)
         [4] _run_test (res://test/run_tests.gd:194)
         [5] _run_suite (res://test/run_tests.gd:168)
         [6] _run_suite (/home/runner/work/redwall-rts/redwall-rts/tools/ci_test_shard_runner.gd:30)
         [7] _run_worker (res://test/run_tests.gd:121)
         [8] _initialize (res://test/run_tests.gd:108)
EXPECTED WARNING: demo cast: mouse_fieldworker has no loadable body; using a placeholder
     at: push_warning (core/variant/variant_utility.cpp:1033)
     GDScript backtrace (most recent call first):
         [0] setup_creature (res://demo/cast/demo_actor.gd:211)
         [1] build (res://demo/cast/demo_cast.gd:159)
         [2] _rig (res://test/test_demo_people_ui.gd:88)
         [3] test_the_inspector_shows_skills_as_meters_and_keeps_details_optional (res://test/test_demo_people_ui.gd:209)
         [4] _run_test (res://test/run_tests.gd:194)
         [5] _run_suite (res://test/run_tests.gd:168)
         [6] _run_suite (/home/runner/work/redwall-rts/redwall-rts/tools/ci_test_shard_runner.gd:30)
         [7] _run_worker (res://test/run_tests.gd:121)
         [8] _initialize (res://test/run_tests.gd:108)
EXPECTED WARNING: demo cast: squirrel_gatherer has no loadable body; using a placeholder
     at: push_warning (core/variant/variant_utility.cpp:1033)
     GDScript backtrace (most recent call first):
         [0] setup_creature (res://demo/cast/demo_actor.gd:211)
         [1] build (res://demo/cast/demo_cast.gd:159)
         [2] _rig (res://test/test_demo_people_ui.gd:88)
         [3] test_the_inspector_shows_skills_as_meters_and_keeps_details_optional (res://test/test_demo_people_ui.gd:209)
         [4] _run_test (res://test/run_tests.gd:194)
         [5] _run_suite (res://test/run_tests.gd:168)
         [6] _run_suite (/home/runner/work/redwall-rts/redwall-rts/tools/ci_test_shard_runner.gd:30)
         [7] _run_worker (res://test/run_tests.gd:121)
         [8] _initialize (res://test/run_tests.gd:108)
EXPECTED WARNING: demo cast: squirrel_forester has no loadable body; using a placeholder
     at: push_warning (core/variant/variant_utility.cpp:1033)
     GDScript backtrace (most recent call first):
         [0] setup_creature (res://demo/cast/demo_actor.gd:211)
         [1] build (res://demo/cast/demo_cast.gd:159)
         [2] _rig (res://test/test_demo_people_ui.gd:88)
         [3] test_the_inspector_shows_skills_as_meters_and_keeps_details_optional (res://test/test_demo_people_ui.gd:209)
         [4] _run_test (res://test/run_tests.gd:194)
         [5] _run_suite (res://test/run_tests.gd:168)
         [6] _run_suite (/home/runner/work/redwall-rts/redwall-rts/tools/ci_test_shard_runner.gd:30)
         [7] _run_worker (res://test/run_tests.gd:121)
         [8] _initialize (res://test/run_tests.gd:108)
EXPECTED WARNING: demo cast: otter_boatwright has no loadable body; using a placeholder
     at: push_warning (core/variant/variant_utility.cpp:1033)
     GDScript backtrace (most recent call first):
         [0] setup_creature (res://demo/cast/demo_actor.gd:211)
         [1] build (res://demo/cast/demo_cast.gd:159)
         [2] _rig (res://test/test_demo_people_ui.gd:88)
         [3] test_the_inspector_shows_skills_as_meters_and_keeps_details_optional (res://test/test_demo_people_ui.gd:209)
         [4] _run_test (res://test/run_tests.gd:194)
         [5] _run_suite (res://test/run_tests.gd:168)
         [6] _run_suite (/home/runner/work/redwall-rts/redwall-rts/tools/ci_test_shard_runner.gd:30)
         [7] _run_worker (res://test/run_tests.gd:121)
         [8] _initialize (res://test/run_tests.gd:108)
EXPECTED WARNING: demo cast: otter_fisher has no loadable body; using a placeholder
     at: push_warning (core/variant/variant_utility.cpp:1033)
     GDScript backtrace (most recent call first):
         [0] setup_creature (res://demo/cast/demo_actor.gd:211)
         [1] build (res://demo/cast/demo_cast.gd:159)
         [2] _rig (res://test/test_demo_people_ui.gd:88)
         [3] test_the_inspector_shows_skills_as_meters_and_keeps_details_optional (res://test/test_demo_people_ui.gd:209)
         [4] _run_test (res://test/run_tests.gd:194)
         [5] _run_suite (res://test/run_tests.gd:168)
         [6] _run_suite (/home/runner/work/redwall-rts/redwall-rts/tools/ci_test_shard_runner.gd:30)
         [7] _run_worker (res://test/run_tests.gd:121)
         [8] _initialize (res://test/run_tests.gd:108)
EXPECTED WARNING: demo cast: mole_digger has no loadable body; using a placeholder
     at: push_warning (core/variant/variant_utility.cpp:1033)
     GDScript backtrace (most recent call first):
         [0] setup_creature (res://demo/cast/demo_actor.gd:211)
         [1] build (res://demo/cast/demo_cast.gd:159)
         [2] _rig (res://test/test_demo_people_ui.gd:88)
         [3] test_the_inspector_shows_skills_as_meters_and_keeps_details_optional (res://test/test_demo_people_ui.gd:209)
         [4] _run_test (res://test/run_tests.gd:194)
         [5] _run_suite (res://test/run_tests.gd:168)
         [6] _run_suite (/home/runner/work/redwall-rts/redwall-rts/tools/ci_test_shard_runner.gd:30)
         [7] _run_worker (res://test/run_tests.gd:121)
         [8] _initialize (res://test/run_tests.gd:108)
EXPECTED WARNING: demo cast: badger_quarryman has no loadable body; using a placeholder
     at: push_warning (core/variant/variant_utility.cpp:1033)
     GDScript backtrace (most recent call first):
         [0] setup_creature (res://demo/cast/demo_actor.gd:211)
         [1] build (res://demo/cast/demo_cast.gd:159)
         [2] _rig (res://test/test_demo_people_ui.gd:88)
         [3] test_the_inspector_shows_skills_as_meters_and_keeps_details_optional (res://test/test_demo_people_ui.gd:209)
         [4] _run_test (res://test/run_tests.gd:194)
         [5] _run_suite (res://test/run_tests.gd:168)
         [6] _run_suite (/home/runner/work/redwall-rts/redwall-rts/tools/ci_test_shard_runner.gd:30)
         [7] _run_worker (res://test/run_tests.gd:121)
         [8] _initialize (res://test/run_tests.gd:108)
EXPECTED WARNING: demo cast: beaver_bridgewright has no loadable body; using a placeholder
     at: push_warning (core/variant/variant_utility.cpp:1033)
     GDScript backtrace (most recent call first):
         [0] setup_creature (res://demo/cast/demo_actor.gd:211)
         [1] build (res://demo/cast/demo_cast.gd:159)
         [2] _rig (res://test/test_demo_people_ui.gd:88)
         [3] test_the_inspector_shows_skills_as_meters_and_keeps_details_optional (res://test/test_demo_people_ui.gd:209)
         [4] _run_test (res://test/run_tests.gd:194)
         [5] _run_suite (res://test/run_tests.gd:168)
         [6] _run_suite (/home/runner/work/redwall-rts/redwall-rts/tools/ci_test_shard_runner.gd:30)
         [7] _run_worker (res://test/run_tests.gd:121)
         [8] _initialize (res://test/run_tests.gd:108)
  PASS  test_the_inspector_shows_skills_as_meters_and_keeps_details_optional
EXPECTED WARNING: demo cast: mouse_keeper has no loadable body; using a placeholder
     at: push_warning (core/variant/variant_utility.cpp:1033)
     GDScript backtrace (most recent call first):
         [0] setup_creature (res://demo/cast/demo_actor.gd:211)
         [1] build (res://demo/cast/demo_cast.gd:159)
         [2] _rig (res://test/test_demo_people_ui.gd:88)
         [3] test_moments_go_to_their_place_and_person (res://test/test_demo_people_ui.gd:238)
         [4] _run_test (res://test/run_tests.gd:194)
         [5] _run_suite (res://test/run_tests.gd:168)
         [6] _run_suite (/home/runner/work/redwall-rts/redwall-rts/tools/ci_test_shard_runner.gd:30)
         [7] _run_worker (res://test/run_tests.gd:121)
         [8] _initialize (res://test/run_tests.gd:108)
EXPECTED WARNING: demo cast: mouse_fieldworker has no loadable body; using a placeholder
     at: push_warning (core/variant/variant_utility.cpp:1033)
     GDScript backtrace (most recent call first):
         [0] setup_creature (res://demo/cast/demo_actor.gd:211)
         [1] build (res://demo/cast/demo_cast.gd:159)
         [2] _rig (res://test/test_demo_people_ui.gd:88)
         [3] test_moments_go_to_their_place_and_person (res://test/test_demo_people_ui.gd:238)
         [4] _run_test (res://test/run_tests.gd:194)
         [5] _run_suite (res://test/run_tests.gd:168)
         [6] _run_suite (/home/runner/work/redwall-rts/redwall-rts/tools/ci_test_shard_runner.gd:30)
         [7] _run_worker (res://test/run_tests.gd:121)
         [8] _initialize (res://test/run_tests.gd:108)
EXPECTED WARNING: demo cast: squirrel_gatherer has no loadable body; using a placeholder
     at: push_warning (core/variant/variant_utility.cpp:1033)
     GDScript backtrace (most recent call first):
         [0] setup_creature (res://demo/cast/demo_actor.gd:211)
         [1] build (res://demo/cast/demo_cast.gd:159)
         [2] _rig (res://test/test_demo_people_ui.gd:88)
         [3] test_moments_go_to_their_place_and_person (res://test/test_demo_people_ui.gd:238)
         [4] _run_test (res://test/run_tests.gd:194)
         [5] _run_suite (res://test/run_tests.gd:168)
         [6] _run_suite (/home/runner/work/redwall-rts/redwall-rts/tools/ci_test_shard_runner.gd:30)
         [7] _run_worker (res://test/run_tests.gd:121)
         [8] _initialize (res://test/run_tests.gd:108)
EXPECTED WARNING: demo cast: squirrel_forester has no loadable body; using a placeholder
     at: push_warning (core/variant/variant_utility.cpp:1033)
     GDScript backtrace (most recent call first):
         [0] setup_creature (res://demo/cast/demo_actor.gd:211)
         [1] build (res://demo/cast/demo_cast.gd:159)
         [2] _rig (res://test/test_demo_people_ui.gd:88)
         [3] test_moments_go_to_their_place_and_person (res://test/test_demo_people_ui.gd:238)
         [4] _run_test (res://test/run_tests.gd:194)
         [5] _run_suite (res://test/run_tests.gd:168)
         [6] _run_suite (/home/runner/work/redwall-rts/redwall-rts/tools/ci_test_shard_runner.gd:30)
         [7] _run_worker (res://test/run_tests.gd:121)
         [8] _initialize (res://test/run_tests.gd:108)
EXPECTED WARNING: demo cast: otter_boatwright has no loadable body; using a placeholder
     at: push_warning (core/variant/variant_utility.cpp:1033)
     GDScript backtrace (most recent call first):
         [0] setup_creature (res://demo/cast/demo_actor.gd:211)
         [1] build (res://demo/cast/demo_cast.gd:159)
         [2] _rig (res://test/test_demo_people_ui.gd:88)
         [3] test_moments_go_to_their_place_and_person (res://test/test_demo_people_ui.gd:238)
         [4] _run_test (res://test/run_tests.gd:194)
         [5] _run_suite (res://test/run_tests.gd:168)
         [6] _run_suite (/home/runner/work/redwall-rts/redwall-rts/tools/ci_test_shard_runner.gd:30)
         [7] _run_worker (res://test/run_tests.gd:121)
         [8] _initialize (res://test/run_tests.gd:108)
EXPECTED WARNING: demo cast: otter_fisher has no loadable body; using a placeholder
     at: push_warning (core/variant/variant_utility.cpp:1033)
     GDScript backtrace (most recent call first):
         [0] setup_creature (res://demo/cast/demo_actor.gd:211)
         [1] build (res://demo/cast/demo_cast.gd:159)
         [2] _rig (res://test/test_demo_people_ui.gd:88)
         [3] test_moments_go_to_their_place_and_person (res://test/test_demo_people_ui.gd:238)
         [4] _run_test (res://test/run_tests.gd:194)
         [5] _run_suite (res://test/run_tests.gd:168)
         [6] _run_suite (/home/runner/work/redwall-rts/redwall-rts/tools/ci_test_shard_runner.gd:30)
         [7] _run_worker (res://test/run_tests.gd:121)
         [8] _initialize (res://test/run_tests.gd:108)
EXPECTED WARNING: demo cast: mole_digger has no loadable body; using a placeholder
     at: push_warning (core/variant/variant_utility.cpp:1033)
     GDScript backtrace (most recent call first):
         [0] setup_creature (res://demo/cast/demo_actor.gd:211)
         [1] build (res://demo/cast/demo_cast.gd:159)
         [2] _rig (res://test/test_demo_people_ui.gd:88)
         [3] test_moments_go_to_their_place_and_person (res://test/test_demo_people_ui.gd:238)
         [4] _run_test (res://test/run_tests.gd:194)
         [5] _run_suite (res://test/run_tests.gd:168)
         [6] _run_suite (/home/runner/work/redwall-rts/redwall-rts/tools/ci_test_shard_runner.gd:30)
         [7] _run_worker (res://test/run_tests.gd:121)
         [8] _initialize (res://test/run_tests.gd:108)
EXPECTED WARNING: demo cast: badger_quarryman has no loadable body; using a placeholder
     at: push_warning (core/variant/variant_utility.cpp:1033)
     GDScript backtrace (most recent call first):
         [0] setup_creature (res://demo/cast/demo_actor.gd:211)
         [1] build (res://demo/cast/demo_cast.gd:159)
         [2] _rig (res://test/test_demo_people_ui.gd:88)
         [3] test_moments_go_to_their_place_and_person (res://test/test_demo_people_ui.gd:238)
         [4] _run_test (res://test/run_tests.gd:194)
         [5] _run_suite (res://test/run_tests.gd:168)
         [6] _run_suite (/home/runner/work/redwall-rts/redwall-rts/tools/ci_test_shard_runner.gd:30)
         [7] _run_worker (res://test/run_tests.gd:121)
         [8] _initialize (res://test/run_tests.gd:108)
EXPECTED WARNING: demo cast: beaver_bridgewright has no loadable body; using a placeholder
     at: push_warning (core/variant/variant_utility.cpp:1033)
     GDScript backtrace (most recent call first):
         [0] setup_creature (res://demo/cast/demo_actor.gd:211)
         [1] build (res://demo/cast/demo_cast.gd:159)
         [2] _rig (res://test/test_demo_people_ui.gd:88)
         [3] test_moments_go_to_their_place_and_person (res://test/test_demo_people_ui.gd:238)
         [4] _run_test (res://test/run_tests.gd:194)
         [5] _run_suite (res://test/run_tests.gd:168)
         [6] _run_suite (/home/runner/work/redwall-rts/redwall-rts/tools/ci_test_shard_runner.gd:30)
         [7] _run_worker (res://test/run_tests.gd:121)
         [8] _initialize (res://test/run_tests.gd:108)
  PASS  test_moments_go_to_their_place_and_person
EXPECTED WARNING: demo cast: mouse_keeper has no loadable body; using a placeholder
     at: push_warning (core/variant/variant_utility.cpp:1033)
     GDScript backtrace (most recent call first):
         [0] setup_creature (res://demo/cast/demo_actor.gd:211)
         [1] build (res://demo/cast/demo_cast.gd:159)
         [2] _rig (res://test/test_demo_people_ui.gd:88)
         [3] test_the_notable_pin_in_the_inspector (res://test/test_demo_people_ui.gd:277)
         [4] _run_test (res://test/run_tests.gd:194)
         [5] _run_suite (res://test/run_tests.gd:168)
         [6] _run_suite (/home/runner/work/redwall-rts/redwall-rts/tools/ci_test_shard_runner.gd:30)
         [7] _run_worker (res://test/run_tests.gd:121)
         [8] _initialize (res://test/run_tests.gd:108)
EXPECTED WARNING: demo cast: mouse_fieldworker has no loadable body; using a placeholder
     at: push_warning (core/variant/variant_utility.cpp:1033)
     GDScript backtrace (most recent call first):
         [0] setup_creature (res://demo/cast/demo_actor.gd:211)
         [1] build (res://demo/cast/demo_cast.gd:159)
         [2] _rig (res://test/test_demo_people_ui.gd:88)
         [3] test_the_notable_pin_in_the_inspector (res://test/test_demo_people_ui.gd:277)
         [4] _run_test (res://test/run_tests.gd:194)
         [5] _run_suite (res://test/run_tests.gd:168)
         [6] _run_suite (/home/runner/work/redwall-rts/redwall-rts/tools/ci_test_shard_runner.gd:30)
         [7] _run_worker (res://test/run_tests.gd:121)
         [8] _initialize (res://test/run_tests.gd:108)
EXPECTED WARNING: demo cast: squirrel_gatherer has no loadable body; using a placeholder
     at: push_warning (core/variant/variant_utility.cpp:1033)
     GDScript backtrace (most recent call first):
         [0] setup_creature (res://demo/cast/demo_actor.gd:211)
         [1] build (res://demo/cast/demo_cast.gd:159)
         [2] _rig (res://test/test_demo_people_ui.gd:88)
         [3] test_the_notable_pin_in_the_inspector (res://test/test_demo_people_ui.gd:277)
         [4] _run_test (res://test/run_tests.gd:194)
         [5] _run_suite (res://test/run_tests.gd:168)
         [6] _run_suite (/home/runner/work/redwall-rts/redwall-rts/tools/ci_test_shard_runner.gd:30)
         [7] _run_worker (res://test/run_tests.gd:121)
         [8] _initialize (res://test/run_tests.gd:108)
EXPECTED WARNING: demo cast: squirrel_forester has no loadable body; using a placeholder
     at: push_warning (core/variant/variant_utility.cpp:1033)
     GDScript backtrace (most recent call first):
         [0] setup_creature (res://demo/cast/demo_actor.gd:211)
         [1] build (res://demo/cast/demo_cast.gd:159)
         [2] _rig (res://test/test_demo_people_ui.gd:88)
         [3] test_the_notable_pin_in_the_inspector (res://test/test_demo_people_ui.gd:277)
         [4] _run_test (res://test/run_tests.gd:194)
         [5] _run_suite (res://test/run_tests.gd:168)
         [6] _run_suite (/home/runner/work/redwall-rts/redwall-rts/tools/ci_test_shard_runner.gd:30)
         [7] _run_worker (res://test/run_tests.gd:121)
         [8] _initialize (res://test/run_tests.gd:108)
EXPECTED WARNING: demo cast: otter_boatwright has no loadable body; using a placeholder
     at: push_warning (core/variant/variant_utility.cpp:1033)
     GDScript backtrace (most recent call first):
         [0] setup_creature (res://demo/cast/demo_actor.gd:211)
         [1] build (res://demo/cast/demo_cast.gd:159)
         [2] _rig (res://test/test_demo_people_ui.gd:88)
         [3] test_the_notable_pin_in_the_inspector (res://test/test_demo_people_ui.gd:277)
         [4] _run_test (res://test/run_tests.gd:194)
         [5] _run_suite (res://test/run_tests.gd:168)
         [6] _run_suite (/home/runner/work/redwall-rts/redwall-rts/tools/ci_test_shard_runner.gd:30)
         [7] _run_worker (res://test/run_tests.gd:121)
         [8] _initialize (res://test/run_tests.gd:108)
EXPECTED WARNING: demo cast: otter_fisher has no loadable body; using a placeholder
     at: push_warning (core/variant/variant_utility.cpp:1033)
     GDScript backtrace (most recent call first):
         [0] setup_creature (res://demo/cast/demo_actor.gd:211)
         [1] build (res://demo/cast/demo_cast.gd:159)
         [2] _rig (res://test/test_demo_people_ui.gd:88)
         [3] test_the_notable_pin_in_the_inspector (res://test/test_demo_people_ui.gd:277)
         [4] _run_test (res://test/run_tests.gd:194)
         [5] _run_suite (res://test/run_tests.gd:168)
         [6] _run_suite (/home/runner/work/redwall-rts/redwall-rts/tools/ci_test_shard_runner.gd:30)
         [7] _run_worker (res://test/run_tests.gd:121)
         [8] _initialize (res://test/run_tests.gd:108)
EXPECTED WARNING: demo cast: mole_digger has no loadable body; using a placeholder
     at: push_warning (core/variant/variant_utility.cpp:1033)
     GDScript backtrace (most recent call first):
         [0] setup_creature (res://demo/cast/demo_actor.gd:211)
         [1] build (res://demo/cast/demo_cast.gd:159)
         [2] _rig (res://test/test_demo_people_ui.gd:88)
         [3] test_the_notable_pin_in_the_inspector (res://test/test_demo_people_ui.gd:277)
         [4] _run_test (res://test/run_tests.gd:194)
         [5] _run_suite (res://test/run_tests.gd:168)
         [6] _run_suite (/home/runner/work/redwall-rts/redwall-rts/tools/ci_test_shard_runner.gd:30)
         [7] _run_worker (res://test/run_tests.gd:121)
         [8] _initialize (res://test/run_tests.gd:108)
EXPECTED WARNING: demo cast: badger_quarryman has no loadable body; using a placeholder
     at: push_warning (core/variant/variant_utility.cpp:1033)
     GDScript backtrace (most recent call first):
         [0] setup_creature (res://demo/cast/demo_actor.gd:211)
         [1] build (res://demo/cast/demo_cast.gd:159)
         [2] _rig (res://test/test_demo_people_ui.gd:88)
         [3] test_the_notable_pin_in_the_inspector (res://test/test_demo_people_ui.gd:277)
         [4] _run_test (res://test/run_tests.gd:194)
         [5] _run_suite (res://test/run_tests.gd:168)
         [6] _run_suite (/home/runner/work/redwall-rts/redwall-rts/tools/ci_test_shard_runner.gd:30)
         [7] _run_worker (res://test/run_tests.gd:121)
         [8] _initialize (res://test/run_tests.gd:108)
EXPECTED WARNING: demo cast: beaver_bridgewright has no loadable body; using a placeholder
     at: push_warning (core/variant/variant_utility.cpp:1033)
     GDScript backtrace (most recent call first):
         [0] setup_creature (res://demo/cast/demo_actor.gd:211)
         [1] build (res://demo/cast/demo_cast.gd:159)
         [2] _rig (res://test/test_demo_people_ui.gd:88)
         [3] test_the_notable_pin_in_the_inspector (res://test/test_demo_people_ui.gd:277)
         [4] _run_test (res://test/run_tests.gd:194)
         [5] _run_suite (res://test/run_tests.gd:168)
         [6] _run_suite (/home/runner/work/redwall-rts/redwall-rts/tools/ci_test_shard_runner.gd:30)
         [7] _run_worker (res://test/run_tests.gd:121)
         [8] _initialize (res://test/run_tests.gd:108)
  PASS  test_the_notable_pin_in_the_inspector
EXPECTED WARNING: demo cast: mouse_keeper has no loadable body; using a placeholder
     at: push_warning (core/variant/variant_utility.cpp:1033)
     GDScript backtrace (most recent call first):
         [0] setup_creature (res://demo/cast/demo_actor.gd:211)
         [1] build (res://demo/cast/demo_cast.gd:159)
         [2] _rig (res://test/test_demo_people_ui.gd:88)
         [3] test_why_names_the_owner_that_has_the_resident (res://test/test_demo_people_ui.gd:295)
         [4] _run_test (res://test/run_tests.gd:194)
         [5] _run_suite (res://test/run_tests.gd:168)
         [6] _run_suite (/home/runner/work/redwall-rts/redwall-rts/tools/ci_test_shard_runner.gd:30)
         [7] _run_worker (res://test/run_tests.gd:121)
         [8] _initialize (res://test/run_tests.gd:108)
EXPECTED WARNING: demo cast: mouse_fieldworker has no loadable body; using a placeholder
     at: push_warning (core/variant/variant_utility.cpp:1033)
     GDScript backtrace (most recent call first):
         [0] setup_creature (res://demo/cast/demo_actor.gd:211)
         [1] build (res://demo/cast/demo_cast.gd:159)
         [2] _rig (res://test/test_demo_people_ui.gd:88)
         [3] test_why_names_the_owner_that_has_the_resident (res://test/test_demo_people_ui.gd:295)
         [4] _run_test (res://test/run_tests.gd:194)
         [5] _run_suite (res://test/run_tests.gd:168)
         [6] _run_suite (/home/runner/work/redwall-rts/redwall-rts/tools/ci_test_shard_runner.gd:30)
         [7] _run_worker (res://test/run_tests.gd:121)
         [8] _initialize (res://test/run_tests.gd:108)
EXPECTED WARNING: demo cast: squirrel_gatherer has no loadable body; using a placeholder
     at: push_warning (core/variant/variant_utility.cpp:1033)
     GDScript backtrace (most recent call first):
         [0] setup_creature (res://demo/cast/demo_actor.gd:211)
         [1] build (res://demo/cast/demo_cast.gd:159)
         [2] _rig (res://test/test_demo_people_ui.gd:88)
         [3] test_why_names_the_owner_that_has_the_resident (res://test/test_demo_people_ui.gd:295)
         [4] _run_test (res://test/run_tests.gd:194)
         [5] _run_suite (res://test/run_tests.gd:168)
         [6] _run_suite (/home/runner/work/redwall-rts/redwall-rts/tools/ci_test_shard_runner.gd:30)
         [7] _run_worker (res://test/run_tests.gd:121)
         [8] _initialize (res://test/run_tests.gd:108)
EXPECTED WARNING: demo cast: squirrel_forester has no loadable body; using a placeholder
     at: push_warning (core/variant/variant_utility.cpp:1033)
     GDScript backtrace (most recent call first):
         [0] setup_creature (res://demo/cast/demo_actor.gd:211)
         [1] build (res://demo/cast/demo_cast.gd:159)
         [2] _rig (res://test/test_demo_people_ui.gd:88)
         [3] test_why_names_the_owner_that_has_the_resident (res://test/test_demo_people_ui.gd:295)
         [4] _run_test (res://test/run_tests.gd:194)
         [5] _run_suite (res://test/run_tests.gd:168)
         [6] _run_suite (/home/runner/work/redwall-rts/redwall-rts/tools/ci_test_shard_runner.gd:30)
         [7] _run_worker (res://test/run_tests.gd:121)
         [8] _initialize (res://test/run_tests.gd:108)
EXPECTED WARNING: demo cast: otter_boatwright has no loadable body; using a placeholder
     at: push_warning (core/variant/variant_utility.cpp:1033)
     GDScript backtrace (most recent call first):
         [0] setup_creature (res://demo/cast/demo_actor.gd:211)
         [1] build (res://demo/cast/demo_cast.gd:159)
         [2] _rig (res://test/test_demo_people_ui.gd:88)
         [3] test_why_names_the_owner_that_has_the_resident (res://test/test_demo_people_ui.gd:295)
         [4] _run_test (res://test/run_tests.gd:194)
         [5] _run_suite (res://test/run_tests.gd:168)
         [6] _run_suite (/home/runner/work/redwall-rts/redwall-rts/tools/ci_test_shard_runner.gd:30)
         [7] _run_worker (res://test/run_tests.gd:121)
         [8] _initialize (res://test/run_tests.gd:108)
EXPECTED WARNING: demo cast: otter_fisher has no loadable body; using a placeholder
     at: push_warning (core/variant/variant_utility.cpp:1033)
     GDScript backtrace (most recent call first):
         [0] setup_creature (res://demo/cast/demo_actor.gd:211)
         [1] build (res://demo/cast/demo_cast.gd:159)
         [2] _rig (res://test/test_demo_people_ui.gd:88)
         [3] test_why_names_the_owner_that_has_the_resident (res://test/test_demo_people_ui.gd:295)
         [4] _run_test (res://test/run_tests.gd:194)
         [5] _run_suite (res://test/run_tests.gd:168)
         [6] _run_suite (/home/runner/work/redwall-rts/redwall-rts/tools/ci_test_shard_runner.gd:30)
         [7] _run_worker (res://test/run_tests.gd:121)
         [8] _initialize (res://test/run_tests.gd:108)
EXPECTED WARNING: demo cast: mole_digger has no loadable body; using a placeholder
     at: push_warning (core/variant/variant_utility.cpp:1033)
     GDScript backtrace (most recent call first):
         [0] setup_creature (res://demo/cast/demo_actor.gd:211)
         [1] build (res://demo/cast/demo_cast.gd:159)
         [2] _rig (res://test/test_demo_people_ui.gd:88)
         [3] test_why_names_the_owner_that_has_the_resident (res://test/test_demo_people_ui.gd:295)
         [4] _run_test (res://test/run_tests.gd:194)
         [5] _run_suite (res://test/run_tests.gd:168)
         [6] _run_suite (/home/runner/work/redwall-rts/redwall-rts/tools/ci_test_shard_runner.gd:30)
         [7] _run_worker (res://test/run_tests.gd:121)
         [8] _initialize (res://test/run_tests.gd:108)
EXPECTED WARNING: demo cast: badger_quarryman has no loadable body; using a placeholder
     at: push_warning (core/variant/variant_utility.cpp:1033)
     GDScript backtrace (most recent call first):
         [0] setup_creature (res://demo/cast/demo_actor.gd:211)
         [1] build (res://demo/cast/demo_cast.gd:159)
         [2] _rig (res://test/test_demo_people_ui.gd:88)
         [3] test_why_names_the_owner_that_has_the_resident (res://test/test_demo_people_ui.gd:295)
         [4] _run_test (res://test/run_tests.gd:194)
         [5] _run_suite (res://test/run_tests.gd:168)
         [6] _run_suite (/home/runner/work/redwall-rts/redwall-rts/tools/ci_test_shard_runner.gd:30)
         [7] _run_worker (res://test/run_tests.gd:121)
         [8] _initialize (res://test/run_tests.gd:108)
EXPECTED WARNING: demo cast: beaver_bridgewright has no loadable body; using a placeholder
     at: push_warning (core/variant/variant_utility.cpp:1033)
     GDScript backtrace (most recent call first):
         [0] setup_creature (res://demo/cast/demo_actor.gd:211)
         [1] build (res://demo/cast/demo_cast.gd:159)
         [2] _rig (res://test/test_demo_people_ui.gd:88)
         [3] test_why_names_the_owner_that_has_the_resident (res://test/test_demo_people_ui.gd:295)
         [4] _run_test (res://test/run_tests.gd:194)
         [5] _run_suite (res://test/run_tests.gd:168)
         [6] _run_suite (/home/runner/work/redwall-rts/redwall-rts/tools/ci_test_shard_runner.gd:30)
         [7] _run_worker (res://test/run_tests.gd:121)
         [8] _initialize (res://test/run_tests.gd:108)
  PASS  test_why_names_the_owner_that_has_the_resident
EXPECTED WARNING: demo cast: mouse_keeper has no loadable body; using a placeholder
     at: push_warning (core/variant/variant_utility.cpp:1033)
     GDScript backtrace (most recent call first):
         [0] setup_creature (res://demo/cast/demo_actor.gd:211)
         [1] build (res://demo/cast/demo_cast.gd:159)
         [2] _rig (res://test/test_demo_people_ui.gd:88)
         [3] test_a_distinctive_deed_offers_a_spotlight_once_and_pinning_changes_nothing_else (res://test/test_demo_people_ui.gd:322)
         [4] _run_test (res://test/run_tests.gd:194)
         [5] _run_suite (res://test/run_tests.gd:168)
         [6] _run_suite (/home/runner/work/redwall-rts/redwall-rts/tools/ci_test_shard_runner.gd:30)
         [7] _run_worker (res://test/run_tests.gd:121)
         [8] _initialize (res://test/run_tests.gd:108)
EXPECTED WARNING: demo cast: mouse_fieldworker has no loadable body; using a placeholder
     at: push_warning (core/variant/variant_utility.cpp:1033)
     GDScript backtrace (most recent call first):
         [0] setup_creature (res://demo/cast/demo_actor.gd:211)
         [1] build (res://demo/cast/demo_cast.gd:159)
         [2] _rig (res://test/test_demo_people_ui.gd:88)
         [3] test_a_distinctive_deed_offers_a_spotlight_once_and_pinning_changes_nothing_else (res://test/test_demo_people_ui.gd:322)
         [4] _run_test (res://test/run_tests.gd:194)
         [5] _run_suite (res://test/run_tests.gd:168)
         [6] _run_suite (/home/runner/work/redwall-rts/redwall-rts/tools/ci_test_shard_runner.gd:30)
         [7] _run_worker (res://test/run_tests.gd:121)
         [8] _initialize (res://test/run_tests.gd:108)
EXPECTED WARNING: demo cast: squirrel_gatherer has no loadable body; using a placeholder
     at: push_warning (core/variant/variant_utility.cpp:1033)
     GDScript backtrace (most recent call first):
         [0] setup_creature (res://demo/cast/demo_actor.gd:211)
         [1] build (res://demo/cast/demo_cast.gd:159)
         [2] _rig (res://test/test_demo_people_ui.gd:88)
         [3] test_a_distinctive_deed_offers_a_spotlight_once_and_pinning_changes_nothing_else (res://test/test_demo_people_ui.gd:322)
         [4] _run_test (res://test/run_tests.gd:194)
         [5] _run_suite (res://test/run_tests.gd:168)
         [6] _run_suite (/home/runner/work/redwall-rts/redwall-rts/tools/ci_test_shard_runner.gd:30)
         [7] _run_worker (res://test/run_tests.gd:121)
         [8] _initialize (res://test/run_tests.gd:108)
EXPECTED WARNING: demo cast: squirrel_forester has no loadable body; using a placeholder
     at: push_warning (core/variant/variant_utility.cpp:1033)
     GDScript backtrace (most recent call first):
         [0] setup_creature (res://demo/cast/demo_actor.gd:211)
         [1] build (res://demo/cast/demo_cast.gd:159)
         [2] _rig (res://test/test_demo_people_ui.gd:88)
         [3] test_a_distinctive_deed_offers_a_spotlight_once_and_pinning_changes_nothing_else (res://test/test_demo_people_ui.gd:322)
         [4] _run_test (res://test/run_tests.gd:194)
         [5] _run_suite (res://test/run_tests.gd:168)
         [6] _run_suite (/home/runner/work/redwall-rts/redwall-rts/tools/ci_test_shard_runner.gd:30)
         [7] _run_worker (res://test/run_tests.gd:121)
         [8] _initialize (res://test/run_tests.gd:108)
EXPECTED WARNING: demo cast: otter_boatwright has no loadable body; using a placeholder
     at: push_warning (core/variant/variant_utility.cpp:1033)
     GDScript backtrace (most recent call first):
         [0] setup_creature (res://demo/cast/demo_actor.gd:211)
         [1] build (res://demo/cast/demo_cast.gd:159)
         [2] _rig (res://test/test_demo_people_ui.gd:88)
         [3] test_a_distinctive_deed_offers_a_spotlight_once_and_pinning_changes_nothing_else (res://test/test_demo_people_ui.gd:322)
         [4] _run_test (res://test/run_tests.gd:194)
         [5] _run_suite (res://test/run_tests.gd:168)
         [6] _run_suite (/home/runner/work/redwall-rts/redwall-rts/tools/ci_test_shard_runner.gd:30)
         [7] _run_worker (res://test/run_tests.gd:121)
         [8] _initialize (res://test/run_tests.gd:108)
EXPECTED WARNING: demo cast: otter_fisher has no loadable body; using a placeholder
     at: push_warning (core/variant/variant_utility.cpp:1033)
     GDScript backtrace (most recent call first):
         [0] setup_creature (res://demo/cast/demo_actor.gd:211)
         [1] build (res://demo/cast/demo_cast.gd:159)
         [2] _rig (res://test/test_demo_people_ui.gd:88)
         [3] test_a_distinctive_deed_offers_a_spotlight_once_and_pinning_changes_nothing_else (res://test/test_demo_people_ui.gd:322)
         [4] _run_test (res://test/run_tests.gd:194)
         [5] _run_suite (res://test/run_tests.gd:168)
         [6] _run_suite (/home/runner/work/redwall-rts/redwall-rts/tools/ci_test_shard_runner.gd:30)
         [7] _run_worker (res://test/run_tests.gd:121)
         [8] _initialize (res://test/run_tests.gd:108)
EXPECTED WARNING: demo cast: mole_digger has no loadable body; using a placeholder
     at: push_warning (core/variant/variant_utility.cpp:1033)
     GDScript backtrace (most recent call first):
         [0] setup_creature (res://demo/cast/demo_actor.gd:211)
         [1] build (res://demo/cast/demo_cast.gd:159)
         [2] _rig (res://test/test_demo_people_ui.gd:88)
         [3] test_a_distinctive_deed_offers_a_spotlight_once_and_pinning_changes_nothing_else (res://test/test_demo_people_ui.gd:322)
         [4] _run_test (res://test/run_tests.gd:194)
         [5] _run_suite (res://test/run_tests.gd:168)
         [6] _run_suite (/home/runner/work/redwall-rts/redwall-rts/tools/ci_test_shard_runner.gd:30)
         [7] _run_worker (res://test/run_tests.gd:121)
         [8] _initialize (res://test/run_tests.gd:108)
EXPECTED WARNING: demo cast: badger_quarryman has no loadable body; using a placeholder
     at: push_warning (core/variant/variant_utility.cpp:1033)
     GDScript backtrace (most recent call first):
         [0] setup_creature (res://demo/cast/demo_actor.gd:211)
         [1] build (res://demo/cast/demo_cast.gd:159)
         [2] _rig (res://test/test_demo_people_ui.gd:88)
         [3] test_a_distinctive_deed_offers_a_spotlight_once_and_pinning_changes_nothing_else (res://test/test_demo_people_ui.gd:322)
         [4] _run_test (res://test/run_tests.gd:194)
         [5] _run_suite (res://test/run_tests.gd:168)
         [6] _run_suite (/home/runner/work/redwall-rts/redwall-rts/tools/ci_test_shard_runner.gd:30)
         [7] _run_worker (res://test/run_tests.gd:121)
         [8] _initialize (res://test/run_tests.gd:108)
EXPECTED WARNING: demo cast: beaver_bridgewright has no loadable body; using a placeholder
     at: push_warning (core/variant/variant_utility.cpp:1033)
     GDScript backtrace (most recent call first):
         [0] setup_creature (res://demo/cast/demo_actor.gd:211)
         [1] build (res://demo/cast/demo_cast.gd:159)
         [2] _rig (res://test/test_demo_people_ui.gd:88)
         [3] test_a_distinctive_deed_offers_a_spotlight_once_and_pinning_changes_nothing_else (res://test/test_demo_people_ui.gd:322)
         [4] _run_test (res://test/run_tests.gd:194)
         [5] _run_suite (res://test/run_tests.gd:168)
         [6] _run_suite (/home/runner/work/redwall-rts/redwall-rts/tools/ci_test_shard_runner.gd:30)
         [7] _run_worker (res://test/run_tests.gd:121)
         [8] _initialize (res://test/run_tests.gd:108)
  PASS  test_a_distinctive_deed_offers_a_spotlight_once_and_pinning_changes_nothing_else
EXPECTED WARNING: demo cast: mouse_keeper has no loadable body; using a placeholder
     at: push_warning (core/variant/variant_utility.cpp:1033)
     GDScript backtrace (most recent call first):
         [0] setup_creature (res://demo/cast/demo_actor.gd:211)
         [1] build (res://demo/cast/demo_cast.gd:159)
         [2] _rig (res://test/test_demo_people_ui.gd:88)
         [3] test_offers_queue_and_yield_to_the_incident_card (res://test/test_demo_people_ui.gd:354)
         [4] _run_test (res://test/run_tests.gd:194)
         [5] _run_suite (res://test/run_tests.gd:168)
         [6] _run_suite (/home/runner/work/redwall-rts/redwall-rts/tools/ci_test_shard_runner.gd:30)
         [7] _run_worker (res://test/run_tests.gd:121)
         [8] _initialize (res://test/run_tests.gd:108)
EXPECTED WARNING: demo cast: mouse_fieldworker has no loadable body; using a placeholder
     at: push_warning (core/variant/variant_utility.cpp:1033)
     GDScript backtrace (most recent call first):
         [0] setup_creature (res://demo/cast/demo_actor.gd:211)
         [1] build (res://demo/cast/demo_cast.gd:159)
         [2] _rig (res://test/test_demo_people_ui.gd:88)
         [3] test_offers_queue_and_yield_to_the_incident_card (res://test/test_demo_people_ui.gd:354)
         [4] _run_test (res://test/run_tests.gd:194)
         [5] _run_suite (res://test/run_tests.gd:168)
         [6] _run_suite (/home/runner/work/redwall-rts/redwall-rts/tools/ci_test_shard_runner.gd:30)
         [7] _run_worker (res://test/run_tests.gd:121)
         [8] _initialize (res://test/run_tests.gd:108)
EXPECTED WARNING: demo cast: squirrel_gatherer has no loadable body; using a placeholder
     at: push_warning (core/variant/variant_utility.cpp:1033)
     GDScript backtrace (most recent call first):
         [0] setup_creature (res://demo/cast/demo_actor.gd:211)
         [1] build (res://demo/cast/demo_cast.gd:159)
         [2] _rig (res://test/test_demo_people_ui.gd:88)
         [3] test_offers_queue_and_yield_to_the_incident_card (res://test/test_demo_people_ui.gd:354)
         [4] _run_test (res://test/run_tests.gd:194)
         [5] _run_suite (res://test/run_tests.gd:168)
         [6] _run_suite (/home/runner/work/redwall-rts/redwall-rts/tools/ci_test_shard_runner.gd:30)
         [7] _run_worker (res://test/run_tests.gd:121)
         [8] _initialize (res://test/run_tests.gd:108)
EXPECTED WARNING: demo cast: squirrel_forester has no loadable body; using a placeholder
     at: push_warning (core/variant/variant_utility.cpp:1033)
     GDScript backtrace (most recent call first):
         [0] setup_creature (res://demo/cast/demo_actor.gd:211)
         [1] build (res://demo/cast/demo_cast.gd:159)
         [2] _rig (res://test/test_demo_people_ui.gd:88)
         [3] test_offers_queue_and_yield_to_the_incident_card (res://test/test_demo_people_ui.gd:354)
         [4] _run_test (res://test/run_tests.gd:194)
         [5] _run_suite (res://test/run_tests.gd:168)
         [6] _run_suite (/home/runner/work/redwall-rts/redwall-rts/tools/ci_test_shard_runner.gd:30)
         [7] _run_worker (res://test/run_tests.gd:121)
         [8] _initialize (res://test/run_tests.gd:108)
EXPECTED WARNING: demo cast: otter_boatwright has no loadable body; using a placeholder
     at: push_warning (core/variant/variant_utility.cpp:1033)
     GDScript backtrace (most recent call first):
         [0] setup_creature (res://demo/cast/demo_actor.gd:211)
         [1] build (res://demo/cast/demo_cast.gd:159)
         [2] _rig (res://test/test_demo_people_ui.gd:88)
         [3] test_offers_queue_and_yield_to_the_incident_card (res://test/test_demo_people_ui.gd:354)
         [4] _run_test (res://test/run_tests.gd:194)
         [5] _run_suite (res://test/run_tests.gd:168)
         [6] _run_suite (/home/runner/work/redwall-rts/redwall-rts/tools/ci_test_shard_runner.gd:30)
         [7] _run_worker (res://test/run_tests.gd:121)
         [8] _initialize (res://test/run_tests.gd:108)
EXPECTED WARNING: demo cast: otter_fisher has no loadable body; using a placeholder
     at: push_warning (core/variant/variant_utility.cpp:1033)
     GDScript backtrace (most recent call first):
         [0] setup_creature (res://demo/cast/demo_actor.gd:211)
         [1] build (res://demo/cast/demo_cast.gd:159)
         [2] _rig (res://test/test_demo_people_ui.gd:88)
         [3] test_offers_queue_and_yield_to_the_incident_card (res://test/test_demo_people_ui.gd:354)
         [4] _run_test (res://test/run_tests.gd:194)
         [5] _run_suite (res://test/run_tests.gd:168)
         [6] _run_suite (/home/runner/work/redwall-rts/redwall-rts/tools/ci_test_shard_runner.gd:30)
         [7] _run_worker (res://test/run_tests.gd:121)
         [8] _initialize (res://test/run_tests.gd:108)
EXPECTED WARNING: demo cast: mole_digger has no loadable body; using a placeholder
     at: push_warning (core/variant/variant_utility.cpp:1033)
     GDScript backtrace (most recent call first):
         [0] setup_creature (res://demo/cast/demo_actor.gd:211)
         [1] build (res://demo/cast/demo_cast.gd:159)
         [2] _rig (res://test/test_demo_people_ui.gd:88)
         [3] test_offers_queue_and_yield_to_the_incident_card (res://test/test_demo_people_ui.gd:354)
         [4] _run_test (res://test/run_tests.gd:194)
         [5] _run_suite (res://test/run_tests.gd:168)
         [6] _run_suite (/home/runner/work/redwall-rts/redwall-rts/tools/ci_test_shard_runner.gd:30)
         [7] _run_worker (res://test/run_tests.gd:121)
         [8] _initialize (res://test/run_tests.gd:108)
EXPECTED WARNING: demo cast: badger_quarryman has no loadable body; using a placeholder
     at: push_warning (core/variant/variant_utility.cpp:1033)
     GDScript backtrace (most recent call first):
         [0] setup_creature (res://demo/cast/demo_actor.gd:211)
         [1] build (res://demo/cast/demo_cast.gd:159)
         [2] _rig (res://test/test_demo_people_ui.gd:88)
         [3] test_offers_queue_and_yield_to_the_incident_card (res://test/test_demo_people_ui.gd:354)
         [4] _run_test (res://test/run_tests.gd:194)
         [5] _run_suite (res://test/run_tests.gd:168)
         [6] _run_suite (/home/runner/work/redwall-rts/redwall-rts/tools/ci_test_shard_runner.gd:30)
         [7] _run_worker (res://test/run_tests.gd:121)
         [8] _initialize (res://test/run_tests.gd:108)
EXPECTED WARNING: demo cast: beaver_bridgewright has no loadable body; using a placeholder
     at: push_warning (core/variant/variant_utility.cpp:1033)
     GDScript backtrace (most recent call first):
         [0] setup_creature (res://demo/cast/demo_actor.gd:211)
         [1] build (res://demo/cast/demo_cast.gd:159)
         [2] _rig (res://test/test_demo_people_ui.gd:88)
         [3] test_offers_queue_and_yield_to_the_incident_card (res://test/test_demo_people_ui.gd:354)
         [4] _run_test (res://test/run_tests.gd:194)
         [5] _run_suite (res://test/run_tests.gd:168)
         [6] _run_suite (/home/runner/work/redwall-rts/redwall-rts/tools/ci_test_shard_runner.gd:30)
         [7] _run_worker (res://test/run_tests.gd:121)
         [8] _initialize (res://test/run_tests.gd:108)
  PASS  test_offers_queue_and_yield_to_the_incident_card
EXPECTED WARNING: demo cast: mouse_keeper has no loadable body; using a placeholder
     at: push_warning (core/variant/variant_utility.cpp:1033)
     GDScript backtrace (most recent call first):
         [0] setup_creature (res://demo/cast/demo_actor.gd:211)
         [1] build (res://demo/cast/demo_cast.gd:159)
         [2] _rig (res://test/test_demo_people_ui.gd:88)
         [3] test_a_season_s_end_offers_its_moments_to_pin_keep_or_dismiss (res://test/test_demo_people_ui.gd:375)
         [4] _run_test (res://test/run_tests.gd:194)
         [5] _run_suite (res://test/run_tests.gd:168)
         [6] _run_suite (/home/runner/work/redwall-rts/redwall-rts/tools/ci_test_shard_runner.gd:30)
         [7] _run_worker (res://test/run_tests.gd:121)
         [8] _initialize (res://test/run_tests.gd:108)
EXPECTED WARNING: demo cast: mouse_fieldworker has no loadable body; using a placeholder
     at: push_warning (core/variant/variant_utility.cpp:1033)
     GDScript backtrace (most recent call first):
         [0] setup_creature (res://demo/cast/demo_actor.gd:211)
         [1] build (res://demo/cast/demo_cast.gd:159)
         [2] _rig (res://test/test_demo_people_ui.gd:88)
         [3] test_a_season_s_end_offers_its_moments_to_pin_keep_or_dismiss (res://test/test_demo_people_ui.gd:375)
         [4] _run_test (res://test/run_tests.gd:194)
         [5] _run_suite (res://test/run_tests.gd:168)
         [6] _run_suite (/home/runner/work/redwall-rts/redwall-rts/tools/ci_test_shard_runner.gd:30)
         [7] _run_worker (res://test/run_tests.gd:121)
         [8] _initialize (res://test/run_tests.gd:108)
EXPECTED WARNING: demo cast: squirrel_gatherer has no loadable body; using a placeholder
     at: push_warning (core/variant/variant_utility.cpp:1033)
     GDScript backtrace (most recent call first):
         [0] setup_creature (res://demo/cast/demo_actor.gd:211)
         [1] build (res://demo/cast/demo_cast.gd:159)
         [2] _rig (res://test/test_demo_people_ui.gd:88)
         [3] test_a_season_s_end_offers_its_moments_to_pin_keep_or_dismiss (res://test/test_demo_people_ui.gd:375)
         [4] _run_test (res://test/run_tests.gd:194)
         [5] _run_suite (res://test/run_tests.gd:168)
         [6] _run_suite (/home/runner/work/redwall-rts/redwall-rts/tools/ci_test_shard_runner.gd:30)
         [7] _run_worker (res://test/run_tests.gd:121)
         [8] _initialize (res://test/run_tests.gd:108)
EXPECTED WARNING: demo cast: squirrel_forester has no loadable body; using a placeholder
     at: push_warning (core/variant/variant_utility.cpp:1033)
     GDScript backtrace (most recent call first):
         [0] setup_creature (res://demo/cast/demo_actor.gd:211)
         [1] build (res://demo/cast/demo_cast.gd:159)
         [2] _rig (res://test/test_demo_people_ui.gd:88)
         [3] test_a_season_s_end_offers_its_moments_to_pin_keep_or_dismiss (res://test/test_demo_people_ui.gd:375)
         [4] _run_test (res://test/run_tests.gd:194)
         [5] _run_suite (res://test/run_tests.gd:168)
         [6] _run_suite (/home/runner/work/redwall-rts/redwall-rts/tools/ci_test_shard_runner.gd:30)
         [7] _run_worker (res://test/run_tests.gd:121)
         [8] _initialize (res://test/run_tests.gd:108)
EXPECTED WARNING: demo cast: otter_boatwright has no loadable body; using a placeholder
     at: push_warning (core/variant/variant_utility.cpp:1033)
     GDScript backtrace (most recent call first):
         [0] setup_creature (res://demo/cast/demo_actor.gd:211)
         [1] build (res://demo/cast/demo_cast.gd:159)
         [2] _rig (res://test/test_demo_people_ui.gd:88)
         [3] test_a_season_s_end_offers_its_moments_to_pin_keep_or_dismiss (res://test/test_demo_people_ui.gd:375)
         [4] _run_test (res://test/run_tests.gd:194)
         [5] _run_suite (res://test/run_tests.gd:168)
         [6] _run_suite (/home/runner/work/redwall-rts/redwall-rts/tools/ci_test_shard_runner.gd:30)
         [7] _run_worker (res://test/run_tests.gd:121)
         [8] _initialize (res://test/run_tests.gd:108)
EXPECTED WARNING: demo cast: otter_fisher has no loadable body; using a placeholder
     at: push_warning (core/variant/variant_utility.cpp:1033)
     GDScript backtrace (most recent call first):
         [0] setup_creature (res://demo/cast/demo_actor.gd:211)
         [1] build (res://demo/cast/demo_cast.gd:159)
         [2] _rig (res://test/test_demo_people_ui.gd:88)
         [3] test_a_season_s_end_offers_its_moments_to_pin_keep_or_dismiss (res://test/test_demo_people_ui.gd:375)
         [4] _run_test (res://test/run_tests.gd:194)
         [5] _run_suite (res://test/run_tests.gd:168)
         [6] _run_suite (/home/runner/work/redwall-rts/redwall-rts/tools/ci_test_shard_runner.gd:30)
         [7] _run_worker (res://test/run_tests.gd:121)
         [8] _initialize (res://test/run_tests.gd:108)
EXPECTED WARNING: demo cast: mole_digger has no loadable body; using a placeholder
     at: push_warning (core/variant/variant_utility.cpp:1033)
     GDScript backtrace (most recent call first):
         [0] setup_creature (res://demo/cast/demo_actor.gd:211)
         [1] build (res://demo/cast/demo_cast.gd:159)
         [2] _rig (res://test/test_demo_people_ui.gd:88)
         [3] test_a_season_s_end_offers_its_moments_to_pin_keep_or_dismiss (res://test/test_demo_people_ui.gd:375)
         [4] _run_test (res://test/run_tests.gd:194)
         [5] _run_suite (res://test/run_tests.gd:168)
         [6] _run_suite (/home/runner/work/redwall-rts/redwall-rts/tools/ci_test_shard_runner.gd:30)
         [7] _run_worker (res://test/run_tests.gd:121)
         [8] _initialize (res://test/run_tests.gd:108)
EXPECTED WARNING: demo cast: badger_quarryman has no loadable body; using a placeholder
     at: push_warning (core/variant/variant_utility.cpp:1033)
     GDScript backtrace (most recent call first):
         [0] setup_creature (res://demo/cast/demo_actor.gd:211)
         [1] build (res://demo/cast/demo_cast.gd:159)
         [2] _rig (res://test/test_demo_people_ui.gd:88)
         [3] test_a_season_s_end_offers_its_moments_to_pin_keep_or_dismiss (res://test/test_demo_people_ui.gd:375)
         [4] _run_test (res://test/run_tests.gd:194)
         [5] _run_suite (res://test/run_tests.gd:168)
         [6] _run_suite (/home/runner/work/redwall-rts/redwall-rts/tools/ci_test_shard_runner.gd:30)
         [7] _run_worker (res://test/run_tests.gd:121)
         [8] _initialize (res://test/run_tests.gd:108)
EXPECTED WARNING: demo cast: beaver_bridgewright has no loadable body; using a placeholder
     at: push_warning (core/variant/variant_utility.cpp:1033)
     GDScript backtrace (most recent call first):
         [0] setup_creature (res://demo/cast/demo_actor.gd:211)
         [1] build (res://demo/cast/demo_cast.gd:159)
         [2] _rig (res://test/test_demo_people_ui.gd:88)
         [3] test_a_season_s_end_offers_its_moments_to_pin_keep_or_dismiss (res://test/test_demo_people_ui.gd:375)
         [4] _run_test (res://test/run_tests.gd:194)
         [5] _run_suite (res://test/run_tests.gd:168)
         [6] _run_suite (/home/runner/work/redwall-rts/redwall-rts/tools/ci_test_shard_runner.gd:30)
         [7] _run_worker (res://test/run_tests.gd:121)
         [8] _initialize (res://test/run_tests.gd:108)
  PASS  test_a_season_s_end_offers_its_moments_to_pin_keep_or_dismiss
EXPECTED WARNING: demo cast: mouse_keeper has no loadable body; using a placeholder
     at: push_warning (core/variant/variant_utility.cpp:1033)
     GDScript backtrace (most recent call first):
         [0] setup_creature (res://demo/cast/demo_actor.gd:211)
         [1] build (res://demo/cast/demo_cast.gd:159)
         [2] _rig (res://test/test_demo_people_ui.gd:88)
         [3] test_later_leaves_the_moments_uncurated (res://test/test_demo_people_ui.gd:410)
         [4] _run_test (res://test/run_tests.gd:194)
         [5] _run_suite (res://test/run_tests.gd:168)
         [6] _run_suite (/home/runner/work/redwall-rts/redwall-rts/tools/ci_test_shard_runner.gd:30)
         [7] _run_worker (res://test/run_tests.gd:121)
         [8] _initialize (res://test/run_tests.gd:108)
EXPECTED WARNING: demo cast: mouse_fieldworker has no loadable body; using a placeholder
     at: push_warning (core/variant/variant_utility.cpp:1033)
     GDScript backtrace (most recent call first):
         [0] setup_creature (res://demo/cast/demo_actor.gd:211)
         [1] build (res://demo/cast/demo_cast.gd:159)
         [2] _rig (res://test/test_demo_people_ui.gd:88)
         [3] test_later_leaves_the_moments_uncurated (res://test/test_demo_people_ui.gd:410)
         [4] _run_test (res://test/run_tests.gd:194)
         [5] _run_suite (res://test/run_tests.gd:168)
         [6] _run_suite (/home/runner/work/redwall-rts/redwall-rts/tools/ci_test_shard_runner.gd:30)
         [7] _run_worker (res://test/run_tests.gd:121)
         [8] _initialize (res://test/run_tests.gd:108)
EXPECTED WARNING: demo cast: squirrel_gatherer has no loadable body; using a placeholder
     at: push_warning (core/variant/variant_utility.cpp:1033)
     GDScript backtrace (most recent call first):
         [0] setup_creature (res://demo/cast/demo_actor.gd:211)
         [1] build (res://demo/cast/demo_cast.gd:159)
         [2] _rig (res://test/test_demo_people_ui.gd:88)
         [3] test_later_leaves_the_moments_uncurated (res://test/test_demo_people_ui.gd:410)
         [4] _run_test (res://test/run_tests.gd:194)
         [5] _run_suite (res://test/run_tests.gd:168)
         [6] _run_suite (/home/runner/work/redwall-rts/redwall-rts/tools/ci_test_shard_runner.gd:30)
         [7] _run_worker (res://test/run_tests.gd:121)
         [8] _initialize (res://test/run_tests.gd:108)
EXPECTED WARNING: demo cast: squirrel_forester has no loadable body; using a placeholder
     at: push_warning (core/variant/variant_utility.cpp:1033)
     GDScript backtrace (most recent call first):
         [0] setup_creature (res://demo/cast/demo_actor.gd:211)
         [1] build (res://demo/cast/demo_cast.gd:159)
         [2] _rig (res://test/test_demo_people_ui.gd:88)
         [3] test_later_leaves_the_moments_uncurated (res://test/test_demo_people_ui.gd:410)
         [4] _run_test (res://test/run_tests.gd:194)
         [5] _run_suite (res://test/run_tests.gd:168)
         [6] _run_suite (/home/runner/work/redwall-rts/redwall-rts/tools/ci_test_shard_runner.gd:30)
         [7] _run_worker (res://test/run_tests.gd:121)
         [8] _initialize (res://test/run_tests.gd:108)
EXPECTED WARNING: demo cast: otter_boatwright has no loadable body; using a placeholder
     at: push_warning (core/variant/variant_utility.cpp:1033)
     GDScript backtrace (most recent call first):
         [0] setup_creature (res://demo/cast/demo_actor.gd:211)
         [1] build (res://demo/cast/demo_cast.gd:159)
         [2] _rig (res://test/test_demo_people_ui.gd:88)
         [3] test_later_leaves_the_moments_uncurated (res://test/test_demo_people_ui.gd:410)
         [4] _run_test (res://test/run_tests.gd:194)
         [5] _run_suite (res://test/run_tests.gd:168)
         [6] _run_suite (/home/runner/work/redwall-rts/redwall-rts/tools/ci_test_shard_runner.gd:30)
         [7] _run_worker (res://test/run_tests.gd:121)
         [8] _initialize (res://test/run_tests.gd:108)
EXPECTED WARNING: demo cast: otter_fisher has no loadable body; using a placeholder
     at: push_warning (core/variant/variant_utility.cpp:1033)
     GDScript backtrace (most recent call first):
         [0] setup_creature (res://demo/cast/demo_actor.gd:211)
         [1] build (res://demo/cast/demo_cast.gd:159)
         [2] _rig (res://test/test_demo_people_ui.gd:88)
         [3] test_later_leaves_the_moments_uncurated (res://test/test_demo_people_ui.gd:410)
         [4] _run_test (res://test/run_tests.gd:194)
         [5] _run_suite (res://test/run_tests.gd:168)
         [6] _run_suite (/home/runner/work/redwall-rts/redwall-rts/tools/ci_test_shard_runner.gd:30)
         [7] _run_worker (res://test/run_tests.gd:121)
         [8] _initialize (res://test/run_tests.gd:108)
EXPECTED WARNING: demo cast: mole_digger has no loadable body; using a placeholder
     at: push_warning (core/variant/variant_utility.cpp:1033)
     GDScript backtrace (most recent call first):
         [0] setup_creature (res://demo/cast/demo_actor.gd:211)
         [1] build (res://demo/cast/demo_cast.gd:159)
         [2] _rig (res://test/test_demo_people_ui.gd:88)
         [3] test_later_leaves_the_moments_uncurated (res://test/test_demo_people_ui.gd:410)
         [4] _run_test (res://test/run_tests.gd:194)
         [5] _run_suite (res://test/run_tests.gd:168)
         [6] _run_suite (/home/runner/work/redwall-rts/redwall-rts/tools/ci_test_shard_runner.gd:30)
         [7] _run_worker (res://test/run_tests.gd:121)
         [8] _initialize (res://test/run_tests.gd:108)
EXPECTED WARNING: demo cast: badger_quarryman has no loadable body; using a placeholder
     at: push_warning (core/variant/variant_utility.cpp:1033)
     GDScript backtrace (most recent call first):
         [0] setup_creature (res://demo/cast/demo_actor.gd:211)
         [1] build (res://demo/cast/demo_cast.gd:159)
         [2] _rig (res://test/test_demo_people_ui.gd:88)
         [3] test_later_leaves_the_moments_uncurated (res://test/test_demo_people_ui.gd:410)
         [4] _run_test (res://test/run_tests.gd:194)
         [5] _run_suite (res://test/run_tests.gd:168)
         [6] _run_suite (/home/runner/work/redwall-rts/redwall-rts/tools/ci_test_shard_runner.gd:30)
         [7] _run_worker (res://test/run_tests.gd:121)
         [8] _initialize (res://test/run_tests.gd:108)
EXPECTED WARNING: demo cast: beaver_bridgewright has no loadable body; using a placeholder
     at: push_warning (core/variant/variant_utility.cpp:1033)
     GDScript backtrace (most recent call first):
         [0] setup_creature (res://demo/cast/demo_actor.gd:211)
         [1] build (res://demo/cast/demo_cast.gd:159)
         [2] _rig (res://test/test_demo_people_ui.gd:88)
         [3] test_later_leaves_the_moments_uncurated (res://test/test_demo_people_ui.gd:410)
         [4] _run_test (res://test/run_tests.gd:194)
         [5] _run_suite (res://test/run_tests.gd:168)
         [6] _run_suite (/home/runner/work/redwall-rts/redwall-rts/tools/ci_test_shard_runner.gd:30)
         [7] _run_worker (res://test/run_tests.gd:121)
         [8] _initialize (res://test/run_tests.gd:108)
  PASS  test_later_leaves_the_moments_uncurated
EXPECTED WARNING: demo cast: mouse_keeper has no loadable body; using a placeholder
     at: push_warning (core/variant/variant_utility.cpp:1033)
     GDScript backtrace (most recent call first):
         [0] setup_creature (res://demo/cast/demo_actor.gd:211)
         [1] build (res://demo/cast/demo_cast.gd:159)
         [2] _rig (res://test/test_demo_people_ui.gd:88)
         [3] test_one_evening_line_a_day_from_a_free_resident (res://test/test_demo_people_ui.gd:430)
         [4] _run_test (res://test/run_tests.gd:194)
         [5] _run_suite (res://test/run_tests.gd:168)
         [6] _run_suite (/home/runner/work/redwall-rts/redwall-rts/tools/ci_test_shard_runner.gd:30)
         [7] _run_worker (res://test/run_tests.gd:121)
         [8] _initialize (res://test/run_tests.gd:108)
EXPECTED WARNING: demo cast: mouse_fieldworker has no loadable body; using a placeholder
     at: push_warning (core/variant/variant_utility.cpp:1033)
     GDScript backtrace (most recent call first):
         [0] setup_creature (res://demo/cast/demo_actor.gd:211)
         [1] build (res://demo/cast/demo_cast.gd:159)
         [2] _rig (res://test/test_demo_people_ui.gd:88)
         [3] test_one_evening_line_a_day_from_a_free_resident (res://test/test_demo_people_ui.gd:430)
         [4] _run_test (res://test/run_tests.gd:194)
         [5] _run_suite (res://test/run_tests.gd:168)
         [6] _run_suite (/home/runner/work/redwall-rts/redwall-rts/tools/ci_test_shard_runner.gd:30)
         [7] _run_worker (res://test/run_tests.gd:121)
         [8] _initialize (res://test/run_tests.gd:108)
EXPECTED WARNING: demo cast: squirrel_gatherer has no loadable body; using a placeholder
     at: push_warning (core/variant/variant_utility.cpp:1033)
     GDScript backtrace (most recent call first):
         [0] setup_creature (res://demo/cast/demo_actor.gd:211)
         [1] build (res://demo/cast/demo_cast.gd:159)
         [2] _rig (res://test/test_demo_people_ui.gd:88)
         [3] test_one_evening_line_a_day_from_a_free_resident (res://test/test_demo_people_ui.gd:430)
         [4] _run_test (res://test/run_tests.gd:194)
         [5] _run_suite (res://test/run_tests.gd:168)
         [6] _run_suite (/home/runner/work/redwall-rts/redwall-rts/tools/ci_test_shard_runner.gd:30)
         [7] _run_worker (res://test/run_tests.gd:121)
         [8] _initialize (res://test/run_tests.gd:108)
EXPECTED WARNING: demo cast: squirrel_forester has no loadable body; using a placeholder
     at: push_warning (core/variant/variant_utility.cpp:1033)
     GDScript backtrace (most recent call first):
         [0] setup_creature (res://demo/cast/demo_actor.gd:211)
         [1] build (res://demo/cast/demo_cast.gd:159)
         [2] _rig (res://test/test_demo_people_ui.gd:88)
         [3] test_one_evening_line_a_day_from_a_free_resident (res://test/test_demo_people_ui.gd:430)
         [4] _run_test (res://test/run_tests.gd:194)
         [5] _run_suite (res://test/run_tests.gd:168)
         [6] _run_suite (/home/runner/work/redwall-rts/redwall-rts/tools/ci_test_shard_runner.gd:30)
         [7] _run_worker (res://test/run_tests.gd:121)
         [8] _initialize (res://test/run_tests.gd:108)
EXPECTED WARNING: demo cast: otter_boatwright has no loadable body; using a placeholder
     at: push_warning (core/variant/variant_utility.cpp:1033)
     GDScript backtrace (most recent call first):
         [0] setup_creature (res://demo/cast/demo_actor.gd:211)
         [1] build (res://demo/cast/demo_cast.gd:159)
         [2] _rig (res://test/test_demo_people_ui.gd:88)
         [3] test_one_evening_line_a_day_from_a_free_resident (res://test/test_demo_people_ui.gd:430)
         [4] _run_test (res://test/run_tests.gd:194)
         [5] _run_suite (res://test/run_tests.gd:168)
         [6] _run_suite (/home/runner/work/redwall-rts/redwall-rts/tools/ci_test_shard_runner.gd:30)
         [7] _run_worker (res://test/run_tests.gd:121)
         [8] _initialize (res://test/run_tests.gd:108)
EXPECTED WARNING: demo cast: otter_fisher has no loadable body; using a placeholder
     at: push_warning (core/variant/variant_utility.cpp:1033)
     GDScript backtrace (most recent call first):
         [0] setup_creature (res://demo/cast/demo_actor.gd:211)
         [1] build (res://demo/cast/demo_cast.gd:159)
         [2] _rig (res://test/test_demo_people_ui.gd:88)
         [3] test_one_evening_line_a_day_from_a_free_resident (res://test/test_demo_people_ui.gd:430)
         [4] _run_test (res://test/run_tests.gd:194)
         [5] _run_suite (res://test/run_tests.gd:168)
         [6] _run_suite (/home/runner/work/redwall-rts/redwall-rts/tools/ci_test_shard_runner.gd:30)
         [7] _run_worker (res://test/run_tests.gd:121)
         [8] _initialize (res://test/run_tests.gd:108)
EXPECTED WARNING: demo cast: mole_digger has no loadable body; using a placeholder
     at: push_warning (core/variant/variant_utility.cpp:1033)
     GDScript backtrace (most recent call first):
         [0] setup_creature (res://demo/cast/demo_actor.gd:211)
         [1] build (res://demo/cast/demo_cast.gd:159)
         [2] _rig (res://test/test_demo_people_ui.gd:88)
         [3] test_one_evening_line_a_day_from_a_free_resident (res://test/test_demo_people_ui.gd:430)
         [4] _run_test (res://test/run_tests.gd:194)
         [5] _run_suite (res://test/run_tests.gd:168)
         [6] _run_suite (/home/runner/work/redwall-rts/redwall-rts/tools/ci_test_shard_runner.gd:30)
         [7] _run_worker (res://test/run_tests.gd:121)
         [8] _initialize (res://test/run_tests.gd:108)
EXPECTED WARNING: demo cast: badger_quarryman has no loadable body; using a placeholder
     at: push_warning (core/variant/variant_utility.cpp:1033)
     GDScript backtrace (most recent call first):
         [0] setup_creature (res://demo/cast/demo_actor.gd:211)
         [1] build (res://demo/cast/demo_cast.gd:159)
         [2] _rig (res://test/test_demo_people_ui.gd:88)
         [3] test_one_evening_line_a_day_from_a_free_resident (res://test/test_demo_people_ui.gd:430)
         [4] _run_test (res://test/run_tests.gd:194)
         [5] _run_suite (res://test/run_tests.gd:168)
         [6] _run_suite (/home/runner/work/redwall-rts/redwall-rts/tools/ci_test_shard_runner.gd:30)
         [7] _run_worker (res://test/run_tests.gd:121)
         [8] _initialize (res://test/run_tests.gd:108)
EXPECTED WARNING: demo cast: beaver_bridgewright has no loadable body; using a placeholder
     at: push_warning (core/variant/variant_utility.cpp:1033)
     GDScript backtrace (most recent call first):
         [0] setup_creature (res://demo/cast/demo_actor.gd:211)
         [1] build (res://demo/cast/demo_cast.gd:159)
         [2] _rig (res://test/test_demo_people_ui.gd:88)
         [3] test_one_evening_line_a_day_from_a_free_resident (res://test/test_demo_people_ui.gd:430)
         [4] _run_test (res://test/run_tests.gd:194)
         [5] _run_suite (res://test/run_tests.gd:168)
         [6] _run_suite (/home/runner/work/redwall-rts/redwall-rts/tools/ci_test_shard_runner.gd:30)
         [7] _run_worker (res://test/run_tests.gd:121)
         [8] _initialize (res://test/run_tests.gd:108)
  PASS  test_one_evening_line_a_day_from_a_free_resident
EXPECTED WARNING: demo cast: mouse_keeper has no loadable body; using a placeholder
     at: push_warning (core/variant/variant_utility.cpp:1033)
     GDScript backtrace (most recent call first):
         [0] setup_creature (res://demo/cast/demo_actor.gd:211)
         [1] build (res://demo/cast/demo_cast.gd:159)
         [2] _rig (res://test/test_demo_people_ui.gd:88)
         [3] test_a_pleased_line_follows_only_a_deed_of_that_day (res://test/test_demo_people_ui.gd:450)
         [4] _run_test (res://test/run_tests.gd:194)
         [5] _run_suite (res://test/run_tests.gd:168)
         [6] _run_suite (/home/runner/work/redwall-rts/redwall-rts/tools/ci_test_shard_runner.gd:30)
         [7] _run_worker (res://test/run_tests.gd:121)
         [8] _initialize (res://test/run_tests.gd:108)
EXPECTED WARNING: demo cast: mouse_fieldworker has no loadable body; using a placeholder
     at: push_warning (core/variant/variant_utility.cpp:1033)
     GDScript backtrace (most recent call first):
         [0] setup_creature (res://demo/cast/demo_actor.gd:211)
         [1] build (res://demo/cast/demo_cast.gd:159)
         [2] _rig (res://test/test_demo_people_ui.gd:88)
         [3] test_a_pleased_line_follows_only_a_deed_of_that_day (res://test/test_demo_people_ui.gd:450)
         [4] _run_test (res://test/run_tests.gd:194)
         [5] _run_suite (res://test/run_tests.gd:168)
         [6] _run_suite (/home/runner/work/redwall-rts/redwall-rts/tools/ci_test_shard_runner.gd:30)
         [7] _run_worker (res://test/run_tests.gd:121)
         [8] _initialize (res://test/run_tests.gd:108)
EXPECTED WARNING: demo cast: squirrel_gatherer has no loadable body; using a placeholder
     at: push_warning (core/variant/variant_utility.cpp:1033)
     GDScript backtrace (most recent call first):
         [0] setup_creature (res://demo/cast/demo_actor.gd:211)
         [1] build (res://demo/cast/demo_cast.gd:159)
         [2] _rig (res://test/test_demo_people_ui.gd:88)
         [3] test_a_pleased_line_follows_only_a_deed_of_that_day (res://test/test_demo_people_ui.gd:450)
         [4] _run_test (res://test/run_tests.gd:194)
         [5] _run_suite (res://test/run_tests.gd:168)
         [6] _run_suite (/home/runner/work/redwall-rts/redwall-rts/tools/ci_test_shard_runner.gd:30)
         [7] _run_worker (res://test/run_tests.gd:121)
         [8] _initialize (res://test/run_tests.gd:108)
EXPECTED WARNING: demo cast: squirrel_forester has no loadable body; using a placeholder
     at: push_warning (core/variant/variant_utility.cpp:1033)
     GDScript backtrace (most recent call first):
         [0] setup_creature (res://demo/cast/demo_actor.gd:211)
         [1] build (res://demo/cast/demo_cast.gd:159)
         [2] _rig (res://test/test_demo_people_ui.gd:88)
         [3] test_a_pleased_line_follows_only_a_deed_of_that_day (res://test/test_demo_people_ui.gd:450)
         [4] _run_test (res://test/run_tests.gd:194)
         [5] _run_suite (res://test/run_tests.gd:168)
         [6] _run_suite (/home/runner/work/redwall-rts/redwall-rts/tools/ci_test_shard_runner.gd:30)
         [7] _run_worker (res://test/run_tests.gd:121)
         [8] _initialize (res://test/run_tests.gd:108)
EXPECTED WARNING: demo cast: otter_boatwright has no loadable body; using a placeholder
     at: push_warning (core/variant/variant_utility.cpp:1033)
     GDScript backtrace (most recent call first):
         [0] setup_creature (res://demo/cast/demo_actor.gd:211)
         [1] build (res://demo/cast/demo_cast.gd:159)
         [2] _rig (res://test/test_demo_people_ui.gd:88)
         [3] test_a_pleased_line_follows_only_a_deed_of_that_day (res://test/test_demo_people_ui.gd:450)
         [4] _run_test (res://test/run_tests.gd:194)
         [5] _run_suite (res://test/run_tests.gd:168)
         [6] _run_suite (/home/runner/work/redwall-rts/redwall-rts/tools/ci_test_shard_runner.gd:30)
         [7] _run_worker (res://test/run_tests.gd:121)
         [8] _initialize (res://test/run_tests.gd:108)
EXPECTED WARNING: demo cast: otter_fisher has no loadable body; using a placeholder
     at: push_warning (core/variant/variant_utility.cpp:1033)
     GDScript backtrace (most recent call first):
         [0] setup_creature (res://demo/cast/demo_actor.gd:211)
         [1] build (res://demo/cast/demo_cast.gd:159)
         [2] _rig (res://test/test_demo_people_ui.gd:88)
         [3] test_a_pleased_line_follows_only_a_deed_of_that_day (res://test/test_demo_people_ui.gd:450)
         [4] _run_test (res://test/run_tests.gd:194)
         [5] _run_suite (res://test/run_tests.gd:168)
         [6] _run_suite (/home/runner/work/redwall-rts/redwall-rts/tools/ci_test_shard_runner.gd:30)
         [7] _run_worker (res://test/run_tests.gd:121)
         [8] _initialize (res://test/run_tests.gd:108)
EXPECTED WARNING: demo cast: mole_digger has no loadable body; using a placeholder
     at: push_warning (core/variant/variant_utility.cpp:1033)
     GDScript backtrace (most recent call first):
         [0] setup_creature (res://demo/cast/demo_actor.gd:211)
         [1] build (res://demo/cast/demo_cast.gd:159)
         [2] _rig (res://test/test_demo_people_ui.gd:88)
         [3] test_a_pleased_line_follows_only_a_deed_of_that_day (res://test/test_demo_people_ui.gd:450)
         [4] _run_test (res://test/run_tests.gd:194)
         [5] _run_suite (res://test/run_tests.gd:168)
         [6] _run_suite (/home/runner/work/redwall-rts/redwall-rts/tools/ci_test_shard_runner.gd:30)
         [7] _run_worker (res://test/run_tests.gd:121)
         [8] _initialize (res://test/run_tests.gd:108)
EXPECTED WARNING: demo cast: badger_quarryman has no loadable body; using a placeholder
     at: push_warning (core/variant/variant_utility.cpp:1033)
     GDScript backtrace (most recent call first):
         [0] setup_creature (res://demo/cast/demo_actor.gd:211)
         [1] build (res://demo/cast/demo_cast.gd:159)
         [2] _rig (res://test/test_demo_people_ui.gd:88)
         [3] test_a_pleased_line_follows_only_a_deed_of_that_day (res://test/test_demo_people_ui.gd:450)
         [4] _run_test (res://test/run_tests.gd:194)
         [5] _run_suite (res://test/run_tests.gd:168)
         [6] _run_suite (/home/runner/work/redwall-rts/redwall-rts/tools/ci_test_shard_runner.gd:30)
         [7] _run_worker (res://test/run_tests.gd:121)
         [8] _initialize (res://test/run_tests.gd:108)
EXPECTED WARNING: demo cast: beaver_bridgewright has no loadable body; using a placeholder
     at: push_warning (core/variant/variant_utility.cpp:1033)
     GDScript backtrace (most recent call first):
         [0] setup_creature (res://demo/cast/demo_actor.gd:211)
         [1] build (res://demo/cast/demo_cast.gd:159)
         [2] _rig (res://test/test_demo_people_ui.gd:88)
         [3] test_a_pleased_line_follows_only_a_deed_of_that_day (res://test/test_demo_people_ui.gd:450)
         [4] _run_test (res://test/run_tests.gd:194)
         [5] _run_suite (res://test/run_tests.gd:168)
         [6] _run_suite (/home/runner/work/redwall-rts/redwall-rts/tools/ci_test_shard_runner.gd:30)
         [7] _run_worker (res://test/run_tests.gd:121)
         [8] _initialize (res://test/run_tests.gd:108)
  PASS  test_a_pleased_line_follows_only_a_deed_of_that_day
EXPECTED WARNING: demo cast: mouse_keeper has no loadable body; using a placeholder
     at: push_warning (core/variant/variant_utility.cpp:1033)
     GDScript backtrace (most recent call first):
         [0] setup_creature (res://demo/cast/demo_actor.gd:211)
         [1] build (res://demo/cast/demo_cast.gd:159)
         [2] _rig (res://test/test_demo_people_ui.gd:88)
         [3] test_dialect_only_in_tuppen_s_own_lines_never_in_functional_text (res://test/test_demo_people_ui.gd:467)
         [4] _run_test (res://test/run_tests.gd:194)
         [5] _run_suite (res://test/run_tests.gd:168)
         [6] _run_suite (/home/runner/work/redwall-rts/redwall-rts/tools/ci_test_shard_runner.gd:30)
         [7] _run_worker (res://test/run_tests.gd:121)
         [8] _initialize (res://test/run_tests.gd:108)
EXPECTED WARNING: demo cast: mouse_fieldworker has no loadable body; using a placeholder
     at: push_warning (core/variant/variant_utility.cpp:1033)
     GDScript backtrace (most recent call first):
         [0] setup_creature (res://demo/cast/demo_actor.gd:211)
         [1] build (res://demo/cast/demo_cast.gd:159)
         [2] _rig (res://test/test_demo_people_ui.gd:88)
         [3] test_dialect_only_in_tuppen_s_own_lines_never_in_functional_text (res://test/test_demo_people_ui.gd:467)
         [4] _run_test (res://test/run_tests.gd:194)
         [5] _run_suite (res://test/run_tests.gd:168)
         [6] _run_suite (/home/runner/work/redwall-rts/redwall-rts/tools/ci_test_shard_runner.gd:30)
         [7] _run_worker (res://test/run_tests.gd:121)
         [8] _initialize (res://test/run_tests.gd:108)
EXPECTED WARNING: demo cast: squirrel_gatherer has no loadable body; using a placeholder
     at: push_warning (core/variant/variant_utility.cpp:1033)
     GDScript backtrace (most recent call first):
         [0] setup_creature (res://demo/cast/demo_actor.gd:211)
         [1] build (res://demo/cast/demo_cast.gd:159)
         [2] _rig (res://test/test_demo_people_ui.gd:88)
         [3] test_dialect_only_in_tuppen_s_own_lines_never_in_functional_text (res://test/test_demo_people_ui.gd:467)
         [4] _run_test (res://test/run_tests.gd:194)
         [5] _run_suite (res://test/run_tests.gd:168)
         [6] _run_suite (/home/runner/work/redwall-rts/redwall-rts/tools/ci_test_shard_runner.gd:30)
         [7] _run_worker (res://test/run_tests.gd:121)
         [8] _initialize (res://test/run_tests.gd:108)
EXPECTED WARNING: demo cast: squirrel_forester has no loadable body; using a placeholder
     at: push_warning (core/variant/variant_utility.cpp:1033)
     GDScript backtrace (most recent call first):
         [0] setup_creature (res://demo/cast/demo_actor.gd:211)
         [1] build (res://demo/cast/demo_cast.gd:159)
         [2] _rig (res://test/test_demo_people_ui.gd:88)
         [3] test_dialect_only_in_tuppen_s_own_lines_never_in_functional_text (res://test/test_demo_people_ui.gd:467)
         [4] _run_test (res://test/run_tests.gd:194)
         [5] _run_suite (res://test/run_tests.gd:168)
         [6] _run_suite (/home/runner/work/redwall-rts/redwall-rts/tools/ci_test_shard_runner.gd:30)
         [7] _run_worker (res://test/run_tests.gd:121)
         [8] _initialize (res://test/run_tests.gd:108)
EXPECTED WARNING: demo cast: otter_boatwright has no loadable body; using a placeholder
     at: push_warning (core/variant/variant_utility.cpp:1033)
     GDScript backtrace (most recent call first):
         [0] setup_creature (res://demo/cast/demo_actor.gd:211)
         [1] build (res://demo/cast/demo_cast.gd:159)
         [2] _rig (res://test/test_demo_people_ui.gd:88)
         [3] test_dialect_only_in_tuppen_s_own_lines_never_in_functional_text (res://test/test_demo_people_ui.gd:467)
         [4] _run_test (res://test/run_tests.gd:194)
         [5] _run_suite (res://test/run_tests.gd:168)
         [6] _run_suite (/home/runner/work/redwall-rts/redwall-rts/tools/ci_test_shard_runner.gd:30)
         [7] _run_worker (res://test/run_tests.gd:121)
         [8] _initialize (res://test/run_tests.gd:108)
EXPECTED WARNING: demo cast: otter_fisher has no loadable body; using a placeholder
     at: push_warning (core/variant/variant_utility.cpp:1033)
     GDScript backtrace (most recent call first):
         [0] setup_creature (res://demo/cast/demo_actor.gd:211)
         [1] build (res://demo/cast/demo_cast.gd:159)
         [2] _rig (res://test/test_demo_people_ui.gd:88)
         [3] test_dialect_only_in_tuppen_s_own_lines_never_in_functional_text (res://test/test_demo_people_ui.gd:467)
         [4] _run_test (res://test/run_tests.gd:194)
         [5] _run_suite (res://test/run_tests.gd:168)
         [6] _run_suite (/home/runner/work/redwall-rts/redwall-rts/tools/ci_test_shard_runner.gd:30)
         [7] _run_worker (res://test/run_tests.gd:121)
         [8] _initialize (res://test/run_tests.gd:108)
EXPECTED WARNING: demo cast: mole_digger has no loadable body; using a placeholder
     at: push_warning (core/variant/variant_utility.cpp:1033)
     GDScript backtrace (most recent call first):
         [0] setup_creature (res://demo/cast/demo_actor.gd:211)
         [1] build (res://demo/cast/demo_cast.gd:159)
         [2] _rig (res://test/test_demo_people_ui.gd:88)
         [3] test_dialect_only_in_tuppen_s_own_lines_never_in_functional_text (res://test/test_demo_people_ui.gd:467)
         [4] _run_test (res://test/run_tests.gd:194)
         [5] _run_suite (res://test/run_tests.gd:168)
         [6] _run_suite (/home/runner/work/redwall-rts/redwall-rts/tools/ci_test_shard_runner.gd:30)
         [7] _run_worker (res://test/run_tests.gd:121)
         [8] _initialize (res://test/run_tests.gd:108)
EXPECTED WARNING: demo cast: badger_quarryman has no loadable body; using a placeholder
     at: push_warning (core/variant/variant_utility.cpp:1033)
     GDScript backtrace (most recent call first):
         [0] setup_creature (res://demo/cast/demo_actor.gd:211)
         [1] build (res://demo/cast/demo_cast.gd:159)
         [2] _rig (res://test/test_demo_people_ui.gd:88)
         [3] test_dialect_only_in_tuppen_s_own_lines_never_in_functional_text (res://test/test_demo_people_ui.gd:467)
         [4] _run_test (res://test/run_tests.gd:194)
         [5] _run_suite (res://test/run_tests.gd:168)
         [6] _run_suite (/home/runner/work/redwall-rts/redwall-rts/tools/ci_test_shard_runner.gd:30)
         [7] _run_worker (res://test/run_tests.gd:121)
         [8] _initialize (res://test/run_tests.gd:108)
EXPECTED WARNING: demo cast: beaver_bridgewright has no loadable body; using a placeholder
     at: push_warning (core/variant/variant_utility.cpp:1033)
     GDScript backtrace (most recent call first):
         [0] setup_creature (res://demo/cast/demo_actor.gd:211)
         [1] build (res://demo/cast/demo_cast.gd:159)
         [2] _rig (res://test/test_demo_people_ui.gd:88)
         [3] test_dialect_only_in_tuppen_s_own_lines_never_in_functional_text (res://test/test_demo_people_ui.gd:467)
         [4] _run_test (res://test/run_tests.gd:194)
         [5] _run_suite (res://test/run_tests.gd:168)
         [6] _run_suite (/home/runner/work/redwall-rts/redwall-rts/tools/ci_test_shard_runner.gd:30)
         [7] _run_worker (res://test/run_tests.gd:121)
         [8] _initialize (res://test/run_tests.gd:108)
  PASS  test_dialect_only_in_tuppen_s_own_lines_never_in_functional_text
EXPECTED WARNING: demo cast: mouse_keeper has no loadable body; using a placeholder
     at: push_warning (core/variant/variant_utility.cpp:1033)
     GDScript backtrace (most recent call first):
         [0] setup_creature (res://demo/cast/demo_actor.gd:211)
         [1] build (res://demo/cast/demo_cast.gd:159)
         [2] _rig (res://test/test_demo_people_ui.gd:88)
         [3] test_the_dig_lead_speaks_through_the_works (res://test/test_demo_people_ui.gd:498)
         [4] _run_test (res://test/run_tests.gd:194)
         [5] _run_suite (res://test/run_tests.gd:168)
         [6] _run_suite (/home/runner/work/redwall-rts/redwall-rts/tools/ci_test_shard_runner.gd:30)
         [7] _run_worker (res://test/run_tests.gd:121)
         [8] _initialize (res://test/run_tests.gd:108)
EXPECTED WARNING: demo cast: mouse_fieldworker has no loadable body; using a placeholder
     at: push_warning (core/variant/variant_utility.cpp:1033)
     GDScript backtrace (most recent call first):
         [0] setup_creature (res://demo/cast/demo_actor.gd:211)
         [1] build (res://demo/cast/demo_cast.gd:159)
         [2] _rig (res://test/test_demo_people_ui.gd:88)
         [3] test_the_dig_lead_speaks_through_the_works (res://test/test_demo_people_ui.gd:498)
         [4] _run_test (res://test/run_tests.gd:194)
         [5] _run_suite (res://test/run_tests.gd:168)
         [6] _run_suite (/home/runner/work/redwall-rts/redwall-rts/tools/ci_test_shard_runner.gd:30)
         [7] _run_worker (res://test/run_tests.gd:121)
         [8] _initialize (res://test/run_tests.gd:108)
EXPECTED WARNING: demo cast: squirrel_gatherer has no loadable body; using a placeholder
     at: push_warning (core/variant/variant_utility.cpp:1033)
     GDScript backtrace (most recent call first):
         [0] setup_creature (res://demo/cast/demo_actor.gd:211)
         [1] build (res://demo/cast/demo_cast.gd:159)
         [2] _rig (res://test/test_demo_people_ui.gd:88)
         [3] test_the_dig_lead_speaks_through_the_works (res://test/test_demo_people_ui.gd:498)
         [4] _run_test (res://test/run_tests.gd:194)
         [5] _run_suite (res://test/run_tests.gd:168)
         [6] _run_suite (/home/runner/work/redwall-rts/redwall-rts/tools/ci_test_shard_runner.gd:30)
         [7] _run_worker (res://test/run_tests.gd:121)
         [8] _initialize (res://test/run_tests.gd:108)
EXPECTED WARNING: demo cast: squirrel_forester has no loadable body; using a placeholder
     at: push_warning (core/variant/variant_utility.cpp:1033)
     GDScript backtrace (most recent call first):
         [0] setup_creature (res://demo/cast/demo_actor.gd:211)
         [1] build (res://demo/cast/demo_cast.gd:159)
         [2] _rig (res://test/test_demo_people_ui.gd:88)
         [3] test_the_dig_lead_speaks_through_the_works (res://test/test_demo_people_ui.gd:498)
         [4] _run_test (res://test/run_tests.gd:194)
         [5] _run_suite (res://test/run_tests.gd:168)
         [6] _run_suite (/home/runner/work/redwall-rts/redwall-rts/tools/ci_test_shard_runner.gd:30)
         [7] _run_worker (res://test/run_tests.gd:121)
         [8] _initialize (res://test/run_tests.gd:108)
EXPECTED WARNING: demo cast: otter_boatwright has no loadable body; using a placeholder
     at: push_warning (core/variant/variant_utility.cpp:1033)
     GDScript backtrace (most recent call first):
         [0] setup_creature (res://demo/cast/demo_actor.gd:211)
         [1] build (res://demo/cast/demo_cast.gd:159)
         [2] _rig (res://test/test_demo_people_ui.gd:88)
         [3] test_the_dig_lead_speaks_through_the_works (res://test/test_demo_people_ui.gd:498)
         [4] _run_test (res://test/run_tests.gd:194)
         [5] _run_suite (res://test/run_tests.gd:168)
         [6] _run_suite (/home/runner/work/redwall-rts/redwall-rts/tools/ci_test_shard_runner.gd:30)
         [7] _run_worker (res://test/run_tests.gd:121)
         [8] _initialize (res://test/run_tests.gd:108)
EXPECTED WARNING: demo cast: otter_fisher has no loadable body; using a placeholder
     at: push_warning (core/variant/variant_utility.cpp:1033)
     GDScript backtrace (most recent call first):
         [0] setup_creature (res://demo/cast/demo_actor.gd:211)
         [1] build (res://demo/cast/demo_cast.gd:159)
         [2] _rig (res://test/test_demo_people_ui.gd:88)
         [3] test_the_dig_lead_speaks_through_the_works (res://test/test_demo_people_ui.gd:498)
         [4] _run_test (res://test/run_tests.gd:194)
         [5] _run_suite (res://test/run_tests.gd:168)
         [6] _run_suite (/home/runner/work/redwall-rts/redwall-rts/tools/ci_test_shard_runner.gd:30)
         [7] _run_worker (res://test/run_tests.gd:121)
         [8] _initialize (res://test/run_tests.gd:108)
EXPECTED WARNING: demo cast: mole_digger has no loadable body; using a placeholder
     at: push_warning (core/variant/variant_utility.cpp:1033)
     GDScript backtrace (most recent call first):
         [0] setup_creature (res://demo/cast/demo_actor.gd:211)
         [1] build (res://demo/cast/demo_cast.gd:159)
         [2] _rig (res://test/test_demo_people_ui.gd:88)
         [3] test_the_dig_lead_speaks_through_the_works (res://test/test_demo_people_ui.gd:498)
         [4] _run_test (res://test/run_tests.gd:194)
         [5] _run_suite (res://test/run_tests.gd:168)
         [6] _run_suite (/home/runner/work/redwall-rts/redwall-rts/tools/ci_test_shard_runner.gd:30)
         [7] _run_worker (res://test/run_tests.gd:121)
         [8] _initialize (res://test/run_tests.gd:108)
EXPECTED WARNING: demo cast: badger_quarryman has no loadable body; using a placeholder
     at: push_warning (core/variant/variant_utility.cpp:1033)
     GDScript backtrace (most recent call first):
         [0] setup_creature (res://demo/cast/demo_actor.gd:211)
         [1] build (res://demo/cast/demo_cast.gd:159)
         [2] _rig (res://test/test_demo_people_ui.gd:88)
         [3] test_the_dig_lead_speaks_through_the_works (res://test/test_demo_people_ui.gd:498)
         [4] _run_test (res://test/run_tests.gd:194)
         [5] _run_suite (res://test/run_tests.gd:168)
         [6] _run_suite (/home/runner/work/redwall-rts/redwall-rts/tools/ci_test_shard_runner.gd:30)
         [7] _run_worker (res://test/run_tests.gd:121)
         [8] _initialize (res://test/run_tests.gd:108)
EXPECTED WARNING: demo cast: beaver_bridgewright has no loadable body; using a placeholder
     at: push_warning (core/variant/variant_utility.cpp:1033)
     GDScript backtrace (most recent call first):
         [0] setup_creature (res://demo/cast/demo_actor.gd:211)
         [1] build (res://demo/cast/demo_cast.gd:159)
         [2] _rig (res://test/test_demo_people_ui.gd:88)
         [3] test_the_dig_lead_speaks_through_the_works (res://test/test_demo_people_ui.gd:498)
         [4] _run_test (res://test/run_tests.gd:194)
         [5] _run_suite (res://test/run_tests.gd:168)
         [6] _run_suite (/home/runner/work/redwall-rts/redwall-rts/tools/ci_test_shard_runner.gd:30)
         [7] _run_worker (res://test/run_tests.gd:121)
         [8] _initialize (res://test/run_tests.gd:108)
  PASS  test_the_dig_lead_speaks_through_the_works
EXPECTED WARNING: demo cast: mouse_keeper has no loadable body; using a placeholder
     at: push_warning (core/variant/variant_utility.cpp:1033)
     GDScript backtrace (most recent call first):
         [0] setup_creature (res://demo/cast/demo_actor.gd:211)
         [1] build (res://demo/cast/demo_cast.gd:159)
         [2] _rig (res://test/test_demo_people_ui.gd:88)
         [3] test_one_resident_s_skills_are_meters_not_words_and_a_group_keeps_its_short_forms (res://test/test_demo_people_ui.gd:511)
         [4] _run_test (res://test/run_tests.gd:194)
         [5] _run_suite (res://test/run_tests.gd:168)
         [6] _run_suite (/home/runner/work/redwall-rts/redwall-rts/tools/ci_test_shard_runner.gd:30)
         [7] _run_worker (res://test/run_tests.gd:121)
         [8] _initialize (res://test/run_tests.gd:108)
EXPECTED WARNING: demo cast: mouse_fieldworker has no loadable body; using a placeholder
     at: push_warning (core/variant/variant_utility.cpp:1033)
     GDScript backtrace (most recent call first):
         [0] setup_creature (res://demo/cast/demo_actor.gd:211)
         [1] build (res://demo/cast/demo_cast.gd:159)
         [2] _rig (res://test/test_demo_people_ui.gd:88)
         [3] test_one_resident_s_skills_are_meters_not_words_and_a_group_keeps_its_short_forms (res://test/test_demo_people_ui.gd:511)
         [4] _run_test (res://test/run_tests.gd:194)
         [5] _run_suite (res://test/run_tests.gd:168)
         [6] _run_suite (/home/runner/work/redwall-rts/redwall-rts/tools/ci_test_shard_runner.gd:30)
         [7] _run_worker (res://test/run_tests.gd:121)
         [8] _initialize (res://test/run_tests.gd:108)
EXPECTED WARNING: demo cast: squirrel_gatherer has no loadable body; using a placeholder
     at: push_warning (core/variant/variant_utility.cpp:1033)
     GDScript backtrace (most recent call first):
         [0] setup_creature (res://demo/cast/demo_actor.gd:211)
         [1] build (res://demo/cast/demo_cast.gd:159)
         [2] _rig (res://test/test_demo_people_ui.gd:88)
         [3] test_one_resident_s_skills_are_meters_not_words_and_a_group_keeps_its_short_forms (res://test/test_demo_people_ui.gd:511)
         [4] _run_test (res://test/run_tests.gd:194)
         [5] _run_suite (res://test/run_tests.gd:168)
         [6] _run_suite (/home/runner/work/redwall-rts/redwall-rts/tools/ci_test_shard_runner.gd:30)
         [7] _run_worker (res://test/run_tests.gd:121)
         [8] _initialize (res://test/run_tests.gd:108)
EXPECTED WARNING: demo cast: squirrel_forester has no loadable body; using a placeholder
     at: push_warning (core/variant/variant_utility.cpp:1033)
     GDScript backtrace (most recent call first):
         [0] setup_creature (res://demo/cast/demo_actor.gd:211)
         [1] build (res://demo/cast/demo_cast.gd:159)
         [2] _rig (res://test/test_demo_people_ui.gd:88)
         [3] test_one_resident_s_skills_are_meters_not_words_and_a_group_keeps_its_short_forms (res://test/test_demo_people_ui.gd:511)
         [4] _run_test (res://test/run_tests.gd:194)
         [5] _run_suite (res://test/run_tests.gd:168)
         [6] _run_suite (/home/runner/work/redwall-rts/redwall-rts/tools/ci_test_shard_runner.gd:30)
         [7] _run_worker (res://test/run_tests.gd:121)
         [8] _initialize (res://test/run_tests.gd:108)
EXPECTED WARNING: demo cast: otter_boatwright has no loadable body; using a placeholder
     at: push_warning (core/variant/variant_utility.cpp:1033)
     GDScript backtrace (most recent call first):
         [0] setup_creature (res://demo/cast/demo_actor.gd:211)
         [1] build (res://demo/cast/demo_cast.gd:159)
         [2] _rig (res://test/test_demo_people_ui.gd:88)
         [3] test_one_resident_s_skills_are_meters_not_words_and_a_group_keeps_its_short_forms (res://test/test_demo_people_ui.gd:511)
         [4] _run_test (res://test/run_tests.gd:194)
         [5] _run_suite (res://test/run_tests.gd:168)
         [6] _run_suite (/home/runner/work/redwall-rts/redwall-rts/tools/ci_test_shard_runner.gd:30)
         [7] _run_worker (res://test/run_tests.gd:121)
         [8] _initialize (res://test/run_tests.gd:108)
EXPECTED WARNING: demo cast: otter_fisher has no loadable body; using a placeholder
     at: push_warning (core/variant/variant_utility.cpp:1033)
     GDScript backtrace (most recent call first):
         [0] setup_creature (res://demo/cast/demo_actor.gd:211)
         [1] build (res://demo/cast/demo_cast.gd:159)
         [2] _rig (res://test/test_demo_people_ui.gd:88)
         [3] test_one_resident_s_skills_are_meters_not_words_and_a_group_keeps_its_short_forms (res://test/test_demo_people_ui.gd:511)
         [4] _run_test (res://test/run_tests.gd:194)
         [5] _run_suite (res://test/run_tests.gd:168)
         [6] _run_suite (/home/runner/work/redwall-rts/redwall-rts/tools/ci_test_shard_runner.gd:30)
         [7] _run_worker (res://test/run_tests.gd:121)
         [8] _initialize (res://test/run_tests.gd:108)
EXPECTED WARNING: demo cast: mole_digger has no loadable body; using a placeholder
     at: push_warning (core/variant/variant_utility.cpp:1033)
     GDScript backtrace (most recent call first):
         [0] setup_creature (res://demo/cast/demo_actor.gd:211)
         [1] build (res://demo/cast/demo_cast.gd:159)
         [2] _rig (res://test/test_demo_people_ui.gd:88)
         [3] test_one_resident_s_skills_are_meters_not_words_and_a_group_keeps_its_short_forms (res://test/test_demo_people_ui.gd:511)
         [4] _run_test (res://test/run_tests.gd:194)
         [5] _run_suite (res://test/run_tests.gd:168)
         [6] _run_suite (/home/runner/work/redwall-rts/redwall-rts/tools/ci_test_shard_runner.gd:30)
         [7] _run_worker (res://test/run_tests.gd:121)
         [8] _initialize (res://test/run_tests.gd:108)
EXPECTED WARNING: demo cast: badger_quarryman has no loadable body; using a placeholder
     at: push_warning (core/variant/variant_utility.cpp:1033)
     GDScript backtrace (most recent call first):
         [0] setup_creature (res://demo/cast/demo_actor.gd:211)
         [1] build (res://demo/cast/demo_cast.gd:159)
         [2] _rig (res://test/test_demo_people_ui.gd:88)
         [3] test_one_resident_s_skills_are_meters_not_words_and_a_group_keeps_its_short_forms (res://test/test_demo_people_ui.gd:511)
         [4] _run_test (res://test/run_tests.gd:194)
         [5] _run_suite (res://test/run_tests.gd:168)
         [6] _run_suite (/home/runner/work/redwall-rts/redwall-rts/tools/ci_test_shard_runner.gd:30)
         [7] _run_worker (res://test/run_tests.gd:121)
         [8] _initialize (res://test/run_tests.gd:108)
EXPECTED WARNING: demo cast: beaver_bridgewright has no loadable body; using a placeholder
     at: push_warning (core/variant/variant_utility.cpp:1033)
     GDScript backtrace (most recent call first):
         [0] setup_creature (res://demo/cast/demo_actor.gd:211)
         [1] build (res://demo/cast/demo_cast.gd:159)
         [2] _rig (res://test/test_demo_people_ui.gd:88)
         [3] test_one_resident_s_skills_are_meters_not_words_and_a_group_keeps_its_short_forms (res://test/test_demo_people_ui.gd:511)
         [4] _run_test (res://test/run_tests.gd:194)
         [5] _run_suite (res://test/run_tests.gd:168)
         [6] _run_suite (/home/runner/work/redwall-rts/redwall-rts/tools/ci_test_shard_runner.gd:30)
         [7] _run_worker (res://test/run_tests.gd:121)
         [8] _initialize (res://test/run_tests.gd:108)
  PASS  test_one_resident_s_skills_are_meters_not_words_and_a_group_keeps_its_short_forms
  PASS  test_the_water_s_words_split_into_bridging_and_swimming
  PASS  test_a_dug_through_tunnel_is_said_by_its_own_lead
EXPECTED WARNING: demo cast: mouse_keeper has no loadable body; using a placeholder
     at: push_warning (core/variant/variant_utility.cpp:1033)
     GDScript backtrace (most recent call first):
         [0] setup_creature (res://demo/cast/demo_actor.gd:211)
         [1] build (res://demo/cast/demo_cast.gd:159)
         [2] _rig (res://test/test_demo_people_ui.gd:88)
         [3] test_the_water_registers_bridging_as_skill_only (res://test/test_demo_people_ui.gd:568)
         [4] _run_test (res://test/run_tests.gd:194)
         [5] _run_suite (res://test/run_tests.gd:168)
         [6] _run_suite (/home/runner/work/redwall-rts/redwall-rts/tools/ci_test_shard_runner.gd:30)
         [7] _run_worker (res://test/run_tests.gd:121)
         [8] _initialize (res://test/run_tests.gd:108)
EXPECTED WARNING: demo cast: mouse_fieldworker has no loadable body; using a placeholder
     at: push_warning (core/variant/variant_utility.cpp:1033)
     GDScript backtrace (most recent call first):
         [0] setup_creature (res://demo/cast/demo_actor.gd:211)
         [1] build (res://demo/cast/demo_cast.gd:159)
         [2] _rig (res://test/test_demo_people_ui.gd:88)
         [3] test_the_water_registers_bridging_as_skill_only (res://test/test_demo_people_ui.gd:568)
         [4] _run_test (res://test/run_tests.gd:194)
         [5] _run_suite (res://test/run_tests.gd:168)
         [6] _run_suite (/home/runner/work/redwall-rts/redwall-rts/tools/ci_test_shard_runner.gd:30)
         [7] _run_worker (res://test/run_tests.gd:121)
         [8] _initialize (res://test/run_tests.gd:108)
EXPECTED WARNING: demo cast: squirrel_gatherer has no loadable body; using a placeholder
     at: push_warning (core/variant/variant_utility.cpp:1033)
     GDScript backtrace (most recent call first):
         [0] setup_creature (res://demo/cast/demo_actor.gd:211)
         [1] build (res://demo/cast/demo_cast.gd:159)
         [2] _rig (res://test/test_demo_people_ui.gd:88)
         [3] test_the_water_registers_bridging_as_skill_only (res://test/test_demo_people_ui.gd:568)
         [4] _run_test (res://test/run_tests.gd:194)
         [5] _run_suite (res://test/run_tests.gd:168)
         [6] _run_suite (/home/runner/work/redwall-rts/redwall-rts/tools/ci_test_shard_runner.gd:30)
         [7] _run_worker (res://test/run_tests.gd:121)
         [8] _initialize (res://test/run_tests.gd:108)
EXPECTED WARNING: demo cast: squirrel_forester has no loadable body; using a placeholder
     at: push_warning (core/variant/variant_utility.cpp:1033)
     GDScript backtrace (most recent call first):
         [0] setup_creature (res://demo/cast/demo_actor.gd:211)
         [1] build (res://demo/cast/demo_cast.gd:159)
         [2] _rig (res://test/test_demo_people_ui.gd:88)
         [3] test_the_water_registers_bridging_as_skill_only (res://test/test_demo_people_ui.gd:568)
         [4] _run_test (res://test/run_tests.gd:194)
         [5] _run_suite (res://test/run_tests.gd:168)
         [6] _run_suite (/home/runner/work/redwall-rts/redwall-rts/tools/ci_test_shard_runner.gd:30)
         [7] _run_worker (res://test/run_tests.gd:121)
         [8] _initialize (res://test/run_tests.gd:108)
EXPECTED WARNING: demo cast: otter_boatwright has no loadable body; using a placeholder
     at: push_warning (core/variant/variant_utility.cpp:1033)
     GDScript backtrace (most recent call first):
         [0] setup_creature (res://demo/cast/demo_actor.gd:211)
         [1] build (res://demo/cast/demo_cast.gd:159)
         [2] _rig (res://test/test_demo_people_ui.gd:88)
         [3] test_the_water_registers_bridging_as_skill_only (res://test/test_demo_people_ui.gd:568)
         [4] _run_test (res://test/run_tests.gd:194)
         [5] _run_suite (res://test/run_tests.gd:168)
         [6] _run_suite (/home/runner/work/redwall-rts/redwall-rts/tools/ci_test_shard_runner.gd:30)
         [7] _run_worker (res://test/run_tests.gd:121)
         [8] _initialize (res://test/run_tests.gd:108)
EXPECTED WARNING: demo cast: otter_fisher has no loadable body; using a placeholder
     at: push_warning (core/variant/variant_utility.cpp:1033)
     GDScript backtrace (most recent call first):
         [0] setup_creature (res://demo/cast/demo_actor.gd:211)
         [1] build (res://demo/cast/demo_cast.gd:159)
         [2] _rig (res://test/test_demo_people_ui.gd:88)
         [3] test_the_water_registers_bridging_as_skill_only (res://test/test_demo_people_ui.gd:568)
         [4] _run_test (res://test/run_tests.gd:194)
         [5] _run_suite (res://test/run_tests.gd:168)
         [6] _run_suite (/home/runner/work/redwall-rts/redwall-rts/tools/ci_test_shard_runner.gd:30)
         [7] _run_worker (res://test/run_tests.gd:121)
         [8] _initialize (res://test/run_tests.gd:108)
EXPECTED WARNING: demo cast: mole_digger has no loadable body; using a placeholder
     at: push_warning (core/variant/variant_utility.cpp:1033)
     GDScript backtrace (most recent call first):
         [0] setup_creature (res://demo/cast/demo_actor.gd:211)
         [1] build (res://demo/cast/demo_cast.gd:159)
         [2] _rig (res://test/test_demo_people_ui.gd:88)
         [3] test_the_water_registers_bridging_as_skill_only (res://test/test_demo_people_ui.gd:568)
         [4] _run_test (res://test/run_tests.gd:194)
         [5] _run_suite (res://test/run_tests.gd:168)
         [6] _run_suite (/home/runner/work/redwall-rts/redwall-rts/tools/ci_test_shard_runner.gd:30)
         [7] _run_worker (res://test/run_tests.gd:121)
         [8] _initialize (res://test/run_tests.gd:108)
EXPECTED WARNING: demo cast: badger_quarryman has no loadable body; using a placeholder
     at: push_warning (core/variant/variant_utility.cpp:1033)
     GDScript backtrace (most recent call first):
         [0] setup_creature (res://demo/cast/demo_actor.gd:211)
         [1] build (res://demo/cast/demo_cast.gd:159)
         [2] _rig (res://test/test_demo_people_ui.gd:88)
         [3] test_the_water_registers_bridging_as_skill_only (res://test/test_demo_people_ui.gd:568)
         [4] _run_test (res://test/run_tests.gd:194)
         [5] _run_suite (res://test/run_tests.gd:168)
         [6] _run_suite (/home/runner/work/redwall-rts/redwall-rts/tools/ci_test_shard_runner.gd:30)
         [7] _run_worker (res://test/run_tests.gd:121)
         [8] _initialize (res://test/run_tests.gd:108)
EXPECTED WARNING: demo cast: beaver_bridgewright has no loadable body; using a placeholder
     at: push_warning (core/variant/variant_utility.cpp:1033)
     GDScript backtrace (most recent call first):
         [0] setup_creature (res://demo/cast/demo_actor.gd:211)
         [1] build (res://demo/cast/demo_cast.gd:159)
         [2] _rig (res://test/test_demo_people_ui.gd:88)
         [3] test_the_water_registers_bridging_as_skill_only (res://test/test_demo_people_ui.gd:568)
         [4] _run_test (res://test/run_tests.gd:194)
         [5] _run_suite (res://test/run_tests.gd:168)
         [6] _run_suite (/home/runner/work/redwall-rts/redwall-rts/tools/ci_test_shard_runner.gd:30)
         [7] _run_worker (res://test/run_tests.gd:121)
         [8] _initialize (res://test/run_tests.gd:108)
  PASS  test_the_water_registers_bridging_as_skill_only
EXPECTED WARNING: demo cast: mouse_keeper has no loadable body; using a placeholder
     at: push_warning (core/variant/variant_utility.cpp:1033)
     GDScript backtrace (most recent call first):
         [0] setup_creature (res://demo/cast/demo_actor.gd:211)
         [1] build (res://demo/cast/demo_cast.gd:159)
         [2] _rig (res://test/test_demo_people_ui.gd:88)
         [3] test_a_notable_resident_is_not_offered_and_unpinning_keeps_offers (res://test/test_demo_people_ui.gd:587)
         [4] _run_test (res://test/run_tests.gd:194)
         [5] _run_suite (res://test/run_tests.gd:168)
         [6] _run_suite (/home/runner/work/redwall-rts/redwall-rts/tools/ci_test_shard_runner.gd:30)
         [7] _run_worker (res://test/run_tests.gd:121)
         [8] _initialize (res://test/run_tests.gd:108)
EXPECTED WARNING: demo cast: mouse_fieldworker has no loadable body; using a placeholder
     at: push_warning (core/variant/variant_utility.cpp:1033)
     GDScript backtrace (most recent call first):
         [0] setup_creature (res://demo/cast/demo_actor.gd:211)
         [1] build (res://demo/cast/demo_cast.gd:159)
         [2] _rig (res://test/test_demo_people_ui.gd:88)
         [3] test_a_notable_resident_is_not_offered_and_unpinning_keeps_offers (res://test/test_demo_people_ui.gd:587)
         [4] _run_test (res://test/run_tests.gd:194)
         [5] _run_suite (res://test/run_tests.gd:168)
         [6] _run_suite (/home/runner/work/redwall-rts/redwall-rts/tools/ci_test_shard_runner.gd:30)
         [7] _run_worker (res://test/run_tests.gd:121)
         [8] _initialize (res://test/run_tests.gd:108)
EXPECTED WARNING: demo cast: squirrel_gatherer has no loadable body; using a placeholder
     at: push_warning (core/variant/variant_utility.cpp:1033)
     GDScript backtrace (most recent call first):
         [0] setup_creature (res://demo/cast/demo_actor.gd:211)
         [1] build (res://demo/cast/demo_cast.gd:159)
         [2] _rig (res://test/test_demo_people_ui.gd:88)
         [3] test_a_notable_resident_is_not_offered_and_unpinning_keeps_offers (res://test/test_demo_people_ui.gd:587)
         [4] _run_test (res://test/run_tests.gd:194)
         [5] _run_suite (res://test/run_tests.gd:168)
         [6] _run_suite (/home/runner/work/redwall-rts/redwall-rts/tools/ci_test_shard_runner.gd:30)
         [7] _run_worker (res://test/run_tests.gd:121)
         [8] _initialize (res://test/run_tests.gd:108)
EXPECTED WARNING: demo cast: squirrel_forester has no loadable body; using a placeholder
     at: push_warning (core/variant/variant_utility.cpp:1033)
     GDScript backtrace (most recent call first):
         [0] setup_creature (res://demo/cast/demo_actor.gd:211)
         [1] build (res://demo/cast/demo_cast.gd:159)
         [2] _rig (res://test/test_demo_people_ui.gd:88)
         [3] test_a_notable_resident_is_not_offered_and_unpinning_keeps_offers (res://test/test_demo_people_ui.gd:587)
         [4] _run_test (res://test/run_tests.gd:194)
         [5] _run_suite (res://test/run_tests.gd:168)
         [6] _run_suite (/home/runner/work/redwall-rts/redwall-rts/tools/ci_test_shard_runner.gd:30)
         [7] _run_worker (res://test/run_tests.gd:121)
         [8] _initialize (res://test/run_tests.gd:108)
EXPECTED WARNING: demo cast: otter_boatwright has no loadable body; using a placeholder
     at: push_warning (core/variant/variant_utility.cpp:1033)
     GDScript backtrace (most recent call first):
         [0] setup_creature (res://demo/cast/demo_actor.gd:211)
         [1] build (res://demo/cast/demo_cast.gd:159)
         [2] _rig (res://test/test_demo_people_ui.gd:88)
         [3] test_a_notable_resident_is_not_offered_and_unpinning_keeps_offers (res://test/test_demo_people_ui.gd:587)
         [4] _run_test (res://test/run_tests.gd:194)
         [5] _run_suite (res://test/run_tests.gd:168)
         [6] _run_suite (/home/runner/work/redwall-rts/redwall-rts/tools/ci_test_shard_runner.gd:30)
         [7] _run_worker (res://test/run_tests.gd:121)
         [8] _initialize (res://test/run_tests.gd:108)
EXPECTED WARNING: demo cast: otter_fisher has no loadable body; using a placeholder
     at: push_warning (core/variant/variant_utility.cpp:1033)
     GDScript backtrace (most recent call first):
         [0] setup_creature (res://demo/cast/demo_actor.gd:211)
         [1] build (res://demo/cast/demo_cast.gd:159)
         [2] _rig (res://test/test_demo_people_ui.gd:88)
         [3] test_a_notable_resident_is_not_offered_and_unpinning_keeps_offers (res://test/test_demo_people_ui.gd:587)
         [4] _run_test (res://test/run_tests.gd:194)
         [5] _run_suite (res://test/run_tests.gd:168)
         [6] _run_suite (/home/runner/work/redwall-rts/redwall-rts/tools/ci_test_shard_runner.gd:30)
         [7] _run_worker (res://test/run_tests.gd:121)
         [8] _initialize (res://test/run_tests.gd:108)
EXPECTED WARNING: demo cast: mole_digger has no loadable body; using a placeholder
     at: push_warning (core/variant/variant_utility.cpp:1033)
     GDScript backtrace (most recent call first):
         [0] setup_creature (res://demo/cast/demo_actor.gd:211)
         [1] build (res://demo/cast/demo_cast.gd:159)
         [2] _rig (res://test/test_demo_people_ui.gd:88)
         [3] test_a_notable_resident_is_not_offered_and_unpinning_keeps_offers (res://test/test_demo_people_ui.gd:587)
         [4] _run_test (res://test/run_tests.gd:194)
         [5] _run_suite (res://test/run_tests.gd:168)
         [6] _run_suite (/home/runner/work/redwall-rts/redwall-rts/tools/ci_test_shard_runner.gd:30)
         [7] _run_worker (res://test/run_tests.gd:121)
         [8] _initialize (res://test/run_tests.gd:108)
EXPECTED WARNING: demo cast: badger_quarryman has no loadable body; using a placeholder
     at: push_warning (core/variant/variant_utility.cpp:1033)
     GDScript backtrace (most recent call first):
         [0] setup_creature (res://demo/cast/demo_actor.gd:211)
         [1] build (res://demo/cast/demo_cast.gd:159)
         [2] _rig (res://test/test_demo_people_ui.gd:88)
         [3] test_a_notable_resident_is_not_offered_and_unpinning_keeps_offers (res://test/test_demo_people_ui.gd:587)
         [4] _run_test (res://test/run_tests.gd:194)
         [5] _run_suite (res://test/run_tests.gd:168)
         [6] _run_suite (/home/runner/work/redwall-rts/redwall-rts/tools/ci_test_shard_runner.gd:30)
         [7] _run_worker (res://test/run_tests.gd:121)
         [8] _initialize (res://test/run_tests.gd:108)
EXPECTED WARNING: demo cast: beaver_bridgewright has no loadable body; using a placeholder
     at: push_warning (core/variant/variant_utility.cpp:1033)
     GDScript backtrace (most recent call first):
         [0] setup_creature (res://demo/cast/demo_actor.gd:211)
         [1] build (res://demo/cast/demo_cast.gd:159)
         [2] _rig (res://test/test_demo_people_ui.gd:88)
         [3] test_a_notable_resident_is_not_offered_and_unpinning_keeps_offers (res://test/test_demo_people_ui.gd:587)
         [4] _run_test (res://test/run_tests.gd:194)
         [5] _run_suite (res://test/run_tests.gd:168)
         [6] _run_suite (/home/runner/work/redwall-rts/redwall-rts/tools/ci_test_shard_runner.gd:30)
         [7] _run_worker (res://test/run_tests.gd:121)
         [8] _initialize (res://test/run_tests.gd:108)
  PASS  test_a_notable_resident_is_not_offered_and_unpinning_keeps_offers
EXPECTED WARNING: demo cast: mouse_keeper has no loadable body; using a placeholder
     at: push_warning (core/variant/variant_utility.cpp:1033)
     GDScript backtrace (most recent call first):
         [0] setup_creature (res://demo/cast/demo_actor.gd:211)
         [1] build (res://demo/cast/demo_cast.gd:159)
         [2] _rig (res://test/test_demo_people_ui.gd:88)
         [3] test_only_a_resident_on_its_own_time_on_the_surface_is_free (res://test/test_demo_people_ui.gd:600)
         [4] _run_test (res://test/run_tests.gd:194)
         [5] _run_suite (res://test/run_tests.gd:168)
         [6] _run_suite (/home/runner/work/redwall-rts/redwall-rts/tools/ci_test_shard_runner.gd:30)
         [7] _run_worker (res://test/run_tests.gd:121)
         [8] _initialize (res://test/run_tests.gd:108)
EXPECTED WARNING: demo cast: mouse_fieldworker has no loadable body; using a placeholder
     at: push_warning (core/variant/variant_utility.cpp:1033)
     GDScript backtrace (most recent call first):
         [0] setup_creature (res://demo/cast/demo_actor.gd:211)
         [1] build (res://demo/cast/demo_cast.gd:159)
         [2] _rig (res://test/test_demo_people_ui.gd:88)
         [3] test_only_a_resident_on_its_own_time_on_the_surface_is_free (res://test/test_demo_people_ui.gd:600)
         [4] _run_test (res://test/run_tests.gd:194)
         [5] _run_suite (res://test/run_tests.gd:168)
         [6] _run_suite (/home/runner/work/redwall-rts/redwall-rts/tools/ci_test_shard_runner.gd:30)
         [7] _run_worker (res://test/run_tests.gd:121)
         [8] _initialize (res://test/run_tests.gd:108)
EXPECTED WARNING: demo cast: squirrel_gatherer has no loadable body; using a placeholder
     at: push_warning (core/variant/variant_utility.cpp:1033)
     GDScript backtrace (most recent call first):
         [0] setup_creature (res://demo/cast/demo_actor.gd:211)
         [1] build (res://demo/cast/demo_cast.gd:159)
         [2] _rig (res://test/test_demo_people_ui.gd:88)
         [3] test_only_a_resident_on_its_own_time_on_the_surface_is_free (res://test/test_demo_people_ui.gd:600)
         [4] _run_test (res://test/run_tests.gd:194)
         [5] _run_suite (res://test/run_tests.gd:168)
         [6] _run_suite (/home/runner/work/redwall-rts/redwall-rts/tools/ci_test_shard_runner.gd:30)
         [7] _run_worker (res://test/run_tests.gd:121)
         [8] _initialize (res://test/run_tests.gd:108)
EXPECTED WARNING: demo cast: squirrel_forester has no loadable body; using a placeholder
     at: push_warning (core/variant/variant_utility.cpp:1033)
     GDScript backtrace (most recent call first):
         [0] setup_creature (res://demo/cast/demo_actor.gd:211)
         [1] build (res://demo/cast/demo_cast.gd:159)
         [2] _rig (res://test/test_demo_people_ui.gd:88)
         [3] test_only_a_resident_on_its_own_time_on_the_surface_is_free (res://test/test_demo_people_ui.gd:600)
         [4] _run_test (res://test/run_tests.gd:194)
         [5] _run_suite (res://test/run_tests.gd:168)
         [6] _run_suite (/home/runner/work/redwall-rts/redwall-rts/tools/ci_test_shard_runner.gd:30)
         [7] _run_worker (res://test/run_tests.gd:121)
         [8] _initialize (res://test/run_tests.gd:108)
EXPECTED WARNING: demo cast: otter_boatwright has no loadable body; using a placeholder
     at: push_warning (core/variant/variant_utility.cpp:1033)
     GDScript backtrace (most recent call first):
         [0] setup_creature (res://demo/cast/demo_actor.gd:211)
         [1] build (res://demo/cast/demo_cast.gd:159)
         [2] _rig (res://test/test_demo_people_ui.gd:88)
         [3] test_only_a_resident_on_its_own_time_on_the_surface_is_free (res://test/test_demo_people_ui.gd:600)
         [4] _run_test (res://test/run_tests.gd:194)
         [5] _run_suite (res://test/run_tests.gd:168)
         [6] _run_suite (/home/runner/work/redwall-rts/redwall-rts/tools/ci_test_shard_runner.gd:30)
         [7] _run_worker (res://test/run_tests.gd:121)
         [8] _initialize (res://test/run_tests.gd:108)
EXPECTED WARNING: demo cast: otter_fisher has no loadable body; using a placeholder
     at: push_warning (core/variant/variant_utility.cpp:1033)
     GDScript backtrace (most recent call first):
         [0] setup_creature (res://demo/cast/demo_actor.gd:211)
         [1] build (res://demo/cast/demo_cast.gd:159)
         [2] _rig (res://test/test_demo_people_ui.gd:88)
         [3] test_only_a_resident_on_its_own_time_on_the_surface_is_free (res://test/test_demo_people_ui.gd:600)
         [4] _run_test (res://test/run_tests.gd:194)
         [5] _run_suite (res://test/run_tests.gd:168)
         [6] _run_suite (/home/runner/work/redwall-rts/redwall-rts/tools/ci_test_shard_runner.gd:30)
         [7] _run_worker (res://test/run_tests.gd:121)
         [8] _initialize (res://test/run_tests.gd:108)
EXPECTED WARNING: demo cast: mole_digger has no loadable body; using a placeholder
     at: push_warning (core/variant/variant_utility.cpp:1033)
     GDScript backtrace (most recent call first):
         [0] setup_creature (res://demo/cast/demo_actor.gd:211)
         [1] build (res://demo/cast/demo_cast.gd:159)
         [2] _rig (res://test/test_demo_people_ui.gd:88)
         [3] test_only_a_resident_on_its_own_time_on_the_surface_is_free (res://test/test_demo_people_ui.gd:600)
         [4] _run_test (res://test/run_tests.gd:194)
         [5] _run_suite (res://test/run_tests.gd:168)
         [6] _run_suite (/home/runner/work/redwall-rts/redwall-rts/tools/ci_test_shard_runner.gd:30)
         [7] _run_worker (res://test/run_tests.gd:121)
         [8] _initialize (res://test/run_tests.gd:108)
EXPECTED WARNING: demo cast: badger_quarryman has no loadable body; using a placeholder
     at: push_warning (core/variant/variant_utility.cpp:1033)
     GDScript backtrace (most recent call first):
         [0] setup_creature (res://demo/cast/demo_actor.gd:211)
         [1] build (res://demo/cast/demo_cast.gd:159)
         [2] _rig (res://test/test_demo_people_ui.gd:88)
         [3] test_only_a_resident_on_its_own_time_on_the_surface_is_free (res://test/test_demo_people_ui.gd:600)
         [4] _run_test (res://test/run_tests.gd:194)
         [5] _run_suite (res://test/run_tests.gd:168)
         [6] _run_suite (/home/runner/work/redwall-rts/redwall-rts/tools/ci_test_shard_runner.gd:30)
         [7] _run_worker (res://test/run_tests.gd:121)
         [8] _initialize (res://test/run_tests.gd:108)
EXPECTED WARNING: demo cast: beaver_bridgewright has no loadable body; using a placeholder
     at: push_warning (core/variant/variant_utility.cpp:1033)
     GDScript backtrace (most recent call first):
         [0] setup_creature (res://demo/cast/demo_actor.gd:211)
         [1] build (res://demo/cast/demo_cast.gd:159)
         [2] _rig (res://test/test_demo_people_ui.gd:88)
         [3] test_only_a_resident_on_its_own_time_on_the_surface_is_free (res://test/test_demo_people_ui.gd:600)
         [4] _run_test (res://test/run_tests.gd:194)
         [5] _run_suite (res://test/run_tests.gd:168)
         [6] _run_suite (/home/runner/work/redwall-rts/redwall-rts/tools/ci_test_shard_runner.gd:30)
         [7] _run_worker (res://test/run_tests.gd:121)
         [8] _initialize (res://test/run_tests.gd:108)
  PASS  test_only_a_resident_on_its_own_time_on_the_surface_is_free
EXPECTED WARNING: demo cast: mouse_keeper has no loadable body; using a placeholder
     at: push_warning (core/variant/variant_utility.cpp:1033)
     GDScript backtrace (most recent call first):
         [0] setup_creature (res://demo/cast/demo_actor.gd:211)
         [1] build (res://demo/cast/demo_cast.gd:159)
         [2] _rig (res://test/test_demo_people_ui.gd:88)
         [3] test_the_kitchen_says_why (res://test/test_demo_people_ui.gd:617)
         [4] _run_test (res://test/run_tests.gd:194)
         [5] _run_suite (res://test/run_tests.gd:168)
         [6] _run_suite (/home/runner/work/redwall-rts/redwall-rts/tools/ci_test_shard_runner.gd:30)
         [7] _run_worker (res://test/run_tests.gd:121)
         [8] _initialize (res://test/run_tests.gd:108)
EXPECTED WARNING: demo cast: mouse_fieldworker has no loadable body; using a placeholder
     at: push_warning (core/variant/variant_utility.cpp:1033)
     GDScript backtrace (most recent call first):
         [0] setup_creature (res://demo/cast/demo_actor.gd:211)
         [1] build (res://demo/cast/demo_cast.gd:159)
         [2] _rig (res://test/test_demo_people_ui.gd:88)
         [3] test_the_kitchen_says_why (res://test/test_demo_people_ui.gd:617)
         [4] _run_test (res://test/run_tests.gd:194)
         [5] _run_suite (res://test/run_tests.gd:168)
         [6] _run_suite (/home/runner/work/redwall-rts/redwall-rts/tools/ci_test_shard_runner.gd:30)
         [7] _run_worker (res://test/run_tests.gd:121)
         [8] _initialize (res://test/run_tests.gd:108)
EXPECTED WARNING: demo cast: squirrel_gatherer has no loadable body; using a placeholder
     at: push_warning (core/variant/variant_utility.cpp:1033)
     GDScript backtrace (most recent call first):
         [0] setup_creature (res://demo/cast/demo_actor.gd:211)
         [1] build (res://demo/cast/demo_cast.gd:159)
         [2] _rig (res://test/test_demo_people_ui.gd:88)
         [3] test_the_kitchen_says_why (res://test/test_demo_people_ui.gd:617)
         [4] _run_test (res://test/run_tests.gd:194)
         [5] _run_suite (res://test/run_tests.gd:168)
         [6] _run_suite (/home/runner/work/redwall-rts/redwall-rts/tools/ci_test_shard_runner.gd:30)
         [7] _run_worker (res://test/run_tests.gd:121)
         [8] _initialize (res://test/run_tests.gd:108)
EXPECTED WARNING: demo cast: squirrel_forester has no loadable body; using a placeholder
     at: push_warning (core/variant/variant_utility.cpp:1033)
     GDScript backtrace (most recent call first):
         [0] setup_creature (res://demo/cast/demo_actor.gd:211)
         [1] build (res://demo/cast/demo_cast.gd:159)
         [2] _rig (res://test/test_demo_people_ui.gd:88)
         [3] test_the_kitchen_says_why (res://test/test_demo_people_ui.gd:617)
         [4] _run_test (res://test/run_tests.gd:194)
         [5] _run_suite (res://test/run_tests.gd:168)
         [6] _run_suite (/home/runner/work/redwall-rts/redwall-rts/tools/ci_test_shard_runner.gd:30)
         [7] _run_worker (res://test/run_tests.gd:121)
         [8] _initialize (res://test/run_tests.gd:108)
EXPECTED WARNING: demo cast: otter_boatwright has no loadable body; using a placeholder
     at: push_warning (core/variant/variant_utility.cpp:1033)
     GDScript backtrace (most recent call first):
         [0] setup_creature (res://demo/cast/demo_actor.gd:211)
         [1] build (res://demo/cast/demo_cast.gd:159)
         [2] _rig (res://test/test_demo_people_ui.gd:88)
         [3] test_the_kitchen_says_why (res://test/test_demo_people_ui.gd:617)
         [4] _run_test (res://test/run_tests.gd:194)
         [5] _run_suite (res://test/run_tests.gd:168)
         [6] _run_suite (/home/runner/work/redwall-rts/redwall-rts/tools/ci_test_shard_runner.gd:30)
         [7] _run_worker (res://test/run_tests.gd:121)
         [8] _initialize (res://test/run_tests.gd:108)
EXPECTED WARNING: demo cast: otter_fisher has no loadable body; using a placeholder
     at: push_warning (core/variant/variant_utility.cpp:1033)
     GDScript backtrace (most recent call first):
         [0] setup_creature (res://demo/cast/demo_actor.gd:211)
         [1] build (res://demo/cast/demo_cast.gd:159)
         [2] _rig (res://test/test_demo_people_ui.gd:88)
         [3] test_the_kitchen_says_why (res://test/test_demo_people_ui.gd:617)
         [4] _run_test (res://test/run_tests.gd:194)
         [5] _run_suite (res://test/run_tests.gd:168)
         [6] _run_suite (/home/runner/work/redwall-rts/redwall-rts/tools/ci_test_shard_runner.gd:30)
         [7] _run_worker (res://test/run_tests.gd:121)
         [8] _initialize (res://test/run_tests.gd:108)
EXPECTED WARNING: demo cast: mole_digger has no loadable body; using a placeholder
     at: push_warning (core/variant/variant_utility.cpp:1033)
     GDScript backtrace (most recent call first):
         [0] setup_creature (res://demo/cast/demo_actor.gd:211)
         [1] build (res://demo/cast/demo_cast.gd:159)
         [2] _rig (res://test/test_demo_people_ui.gd:88)
         [3] test_the_kitchen_says_why (res://test/test_demo_people_ui.gd:617)
         [4] _run_test (res://test/run_tests.gd:194)
         [5] _run_suite (res://test/run_tests.gd:168)
         [6] _run_suite (/home/runner/work/redwall-rts/redwall-rts/tools/ci_test_shard_runner.gd:30)
         [7] _run_worker (res://test/run_tests.gd:121)
         [8] _initialize (res://test/run_tests.gd:108)
EXPECTED WARNING: demo cast: badger_quarryman has no loadable body; using a placeholder
     at: push_warning (core/variant/variant_utility.cpp:1033)
     GDScript backtrace (most recent call first):
         [0] setup_creature (res://demo/cast/demo_actor.gd:211)
         [1] build (res://demo/cast/demo_cast.gd:159)
         [2] _rig (res://test/test_demo_people_ui.gd:88)
         [3] test_the_kitchen_says_why (res://test/test_demo_people_ui.gd:617)
         [4] _run_test (res://test/run_tests.gd:194)
         [5] _run_suite (res://test/run_tests.gd:168)
         [6] _run_suite (/home/runner/work/redwall-rts/redwall-rts/tools/ci_test_shard_runner.gd:30)
         [7] _run_worker (res://test/run_tests.gd:121)
         [8] _initialize (res://test/run_tests.gd:108)
EXPECTED WARNING: demo cast: beaver_bridgewright has no loadable body; using a placeholder
     at: push_warning (core/variant/variant_utility.cpp:1033)
     GDScript backtrace (most recent call first):
         [0] setup_creature (res://demo/cast/demo_actor.gd:211)
         [1] build (res://demo/cast/demo_cast.gd:159)
         [2] _rig (res://test/test_demo_people_ui.gd:88)
         [3] test_the_kitchen_says_why (res://test/test_demo_people_ui.gd:617)
         [4] _run_test (res://test/run_tests.gd:194)
         [5] _run_suite (res://test/run_tests.gd:168)
         [6] _run_suite (/home/runner/work/redwall-rts/redwall-rts/tools/ci_test_shard_runner.gd:30)
         [7] _run_worker (res://test/run_tests.gd:121)
         [8] _initialize (res://test/run_tests.gd:108)
  PASS  test_the_kitchen_says_why
EXPECTED WARNING: demo cast: mouse_keeper has no loadable body; using a placeholder
     at: push_warning (core/variant/variant_utility.cpp:1033)
     GDScript backtrace (most recent call first):
         [0] setup_creature (res://demo/cast/demo_actor.gd:211)
         [1] build (res://demo/cast/demo_cast.gd:159)
         [2] _rig (res://test/test_demo_people_ui.gd:88)
         [3] test_moments_are_capped_and_an_empty_season_changes_nothing (res://test/test_demo_people_ui.gd:633)
         [4] _run_test (res://test/run_tests.gd:194)
         [5] _run_suite (res://test/run_tests.gd:168)
         [6] _run_suite (/home/runner/work/redwall-rts/redwall-rts/tools/ci_test_shard_runner.gd:30)
         [7] _run_worker (res://test/run_tests.gd:121)
         [8] _initialize (res://test/run_tests.gd:108)
EXPECTED WARNING: demo cast: mouse_fieldworker has no loadable body; using a placeholder
     at: push_warning (core/variant/variant_utility.cpp:1033)
     GDScript backtrace (most recent call first):
         [0] setup_creature (res://demo/cast/demo_actor.gd:211)
         [1] build (res://demo/cast/demo_cast.gd:159)
         [2] _rig (res://test/test_demo_people_ui.gd:88)
         [3] test_moments_are_capped_and_an_empty_season_changes_nothing (res://test/test_demo_people_ui.gd:633)
         [4] _run_test (res://test/run_tests.gd:194)
         [5] _run_suite (res://test/run_tests.gd:168)
         [6] _run_suite (/home/runner/work/redwall-rts/redwall-rts/tools/ci_test_shard_runner.gd:30)
         [7] _run_worker (res://test/run_tests.gd:121)
         [8] _initialize (res://test/run_tests.gd:108)
EXPECTED WARNING: demo cast: squirrel_gatherer has no loadable body; using a placeholder
     at: push_warning (core/variant/variant_utility.cpp:1033)
     GDScript backtrace (most recent call first):
         [0] setup_creature (res://demo/cast/demo_actor.gd:211)
         [1] build (res://demo/cast/demo_cast.gd:159)
         [2] _rig (res://test/test_demo_people_ui.gd:88)
         [3] test_moments_are_capped_and_an_empty_season_changes_nothing (res://test/test_demo_people_ui.gd:633)
         [4] _run_test (res://test/run_tests.gd:194)
         [5] _run_suite (res://test/run_tests.gd:168)
         [6] _run_suite (/home/runner/work/redwall-rts/redwall-rts/tools/ci_test_shard_runner.gd:30)
         [7] _run_worker (res://test/run_tests.gd:121)
         [8] _initialize (res://test/run_tests.gd:108)
EXPECTED WARNING: demo cast: squirrel_forester has no loadable body; using a placeholder
     at: push_warning (core/variant/variant_utility.cpp:1033)
     GDScript backtrace (most recent call first):
         [0] setup_creature (res://demo/cast/demo_actor.gd:211)
         [1] build (res://demo/cast/demo_cast.gd:159)
         [2] _rig (res://test/test_demo_people_ui.gd:88)
         [3] test_moments_are_capped_and_an_empty_season_changes_nothing (res://test/test_demo_people_ui.gd:633)
         [4] _run_test (res://test/run_tests.gd:194)
         [5] _run_suite (res://test/run_tests.gd:168)
         [6] _run_suite (/home/runner/work/redwall-rts/redwall-rts/tools/ci_test_shard_runner.gd:30)
         [7] _run_worker (res://test/run_tests.gd:121)
         [8] _initialize (res://test/run_tests.gd:108)
EXPECTED WARNING: demo cast: otter_boatwright has no loadable body; using a placeholder
     at: push_warning (core/variant/variant_utility.cpp:1033)
     GDScript backtrace (most recent call first):
         [0] setup_creature (res://demo/cast/demo_actor.gd:211)
         [1] build (res://demo/cast/demo_cast.gd:159)
         [2] _rig (res://test/test_demo_people_ui.gd:88)
         [3] test_moments_are_capped_and_an_empty_season_changes_nothing (res://test/test_demo_people_ui.gd:633)
         [4] _run_test (res://test/run_tests.gd:194)
         [5] _run_suite (res://test/run_tests.gd:168)
         [6] _run_suite (/home/runner/work/redwall-rts/redwall-rts/tools/ci_test_shard_runner.gd:30)
         [7] _run_worker (res://test/run_tests.gd:121)
         [8] _initialize (res://test/run_tests.gd:108)
EXPECTED WARNING: demo cast: otter_fisher has no loadable body; using a placeholder
     at: push_warning (core/variant/variant_utility.cpp:1033)
     GDScript backtrace (most recent call first):
         [0] setup_creature (res://demo/cast/demo_actor.gd:211)
         [1] build (res://demo/cast/demo_cast.gd:159)
         [2] _rig (res://test/test_demo_people_ui.gd:88)
         [3] test_moments_are_capped_and_an_empty_season_changes_nothing (res://test/test_demo_people_ui.gd:633)
         [4] _run_test (res://test/run_tests.gd:194)
         [5] _run_suite (res://test/run_tests.gd:168)
         [6] _run_suite (/home/runner/work/redwall-rts/redwall-rts/tools/ci_test_shard_runner.gd:30)
         [7] _run_worker (res://test/run_tests.gd:121)
         [8] _initialize (res://test/run_tests.gd:108)
EXPECTED WARNING: demo cast: mole_digger has no loadable body; using a placeholder
     at: push_warning (core/variant/variant_utility.cpp:1033)
     GDScript backtrace (most recent call first):
         [0] setup_creature (res://demo/cast/demo_actor.gd:211)
         [1] build (res://demo/cast/demo_cast.gd:159)
         [2] _rig (res://test/test_demo_people_ui.gd:88)
         [3] test_moments_are_capped_and_an_empty_season_changes_nothing (res://test/test_demo_people_ui.gd:633)
         [4] _run_test (res://test/run_tests.gd:194)
         [5] _run_suite (res://test/run_tests.gd:168)
         [6] _run_suite (/home/runner/work/redwall-rts/redwall-rts/tools/ci_test_shard_runner.gd:30)
         [7] _run_worker (res://test/run_tests.gd:121)
         [8] _initialize (res://test/run_tests.gd:108)
EXPECTED WARNING: demo cast: badger_quarryman has no loadable body; using a placeholder
     at: push_warning (core/variant/variant_utility.cpp:1033)
     GDScript backtrace (most recent call first):
         [0] setup_creature (res://demo/cast/demo_actor.gd:211)
         [1] build (res://demo/cast/demo_cast.gd:159)
         [2] _rig (res://test/test_demo_people_ui.gd:88)
         [3] test_moments_are_capped_and_an_empty_season_changes_nothing (res://test/test_demo_people_ui.gd:633)
         [4] _run_test (res://test/run_tests.gd:194)
         [5] _run_suite (res://test/run_tests.gd:168)
         [6] _run_suite (/home/runner/work/redwall-rts/redwall-rts/tools/ci_test_shard_runner.gd:30)
         [7] _run_worker (res://test/run_tests.gd:121)
         [8] _initialize (res://test/run_tests.gd:108)
EXPECTED WARNING: demo cast: beaver_bridgewright has no loadable body; using a placeholder
     at: push_warning (core/variant/variant_utility.cpp:1033)
     GDScript backtrace (most recent call first):
         [0] setup_creature (res://demo/cast/demo_actor.gd:211)
         [1] build (res://demo/cast/demo_cast.gd:159)
         [2] _rig (res://test/test_demo_people_ui.gd:88)
         [3] test_moments_are_capped_and_an_empty_season_changes_nothing (res://test/test_demo_people_ui.gd:633)
         [4] _run_test (res://test/run_tests.gd:194)
         [5] _run_suite (res://test/run_tests.gd:168)
         [6] _run_suite (/home/runner/work/redwall-rts/redwall-rts/tools/ci_test_shard_runner.gd:30)
         [7] _run_worker (res://test/run_tests.gd:121)
         [8] _initialize (res://test/run_tests.gd:108)
EXPECTED WARNING: demo cast: mouse_keeper has no loadable body; using a placeholder
     at: push_warning (core/variant/variant_utility.cpp:1033)
     GDScript backtrace (most recent call first):
         [0] setup_creature (res://demo/cast/demo_actor.gd:211)
         [1] build (res://demo/cast/demo_cast.gd:159)
         [2] _rig (res://test/test_demo_people_ui.gd:88)
         [3] test_moments_are_capped_and_an_empty_season_changes_nothing (res://test/test_demo_people_ui.gd:637)
         [4] _run_test (res://test/run_tests.gd:194)
         [5] _run_suite (res://test/run_tests.gd:168)
         [6] _run_suite (/home/runner/work/redwall-rts/redwall-rts/tools/ci_test_shard_runner.gd:30)
         [7] _run_worker (res://test/run_tests.gd:121)
         [8] _initialize (res://test/run_tests.gd:108)
EXPECTED WARNING: demo cast: mouse_fieldworker has no loadable body; using a placeholder
     at: push_warning (core/variant/variant_utility.cpp:1033)
     GDScript backtrace (most recent call first):
         [0] setup_creature (res://demo/cast/demo_actor.gd:211)
         [1] build (res://demo/cast/demo_cast.gd:159)
         [2] _rig (res://test/test_demo_people_ui.gd:88)
         [3] test_moments_are_capped_and_an_empty_season_changes_nothing (res://test/test_demo_people_ui.gd:637)
         [4] _run_test (res://test/run_tests.gd:194)
         [5] _run_suite (res://test/run_tests.gd:168)
         [6] _run_suite (/home/runner/work/redwall-rts/redwall-rts/tools/ci_test_shard_runner.gd:30)
         [7] _run_worker (res://test/run_tests.gd:121)
         [8] _initialize (res://test/run_tests.gd:108)
EXPECTED WARNING: demo cast: squirrel_gatherer has no loadable body; using a placeholder
     at: push_warning (core/variant/variant_utility.cpp:1033)
     GDScript backtrace (most recent call first):
         [0] setup_creature (res://demo/cast/demo_actor.gd:211)
         [1] build (res://demo/cast/demo_cast.gd:159)
         [2] _rig (res://test/test_demo_people_ui.gd:88)
         [3] test_moments_are_capped_and_an_empty_season_changes_nothing (res://test/test_demo_people_ui.gd:637)
         [4] _run_test (res://test/run_tests.gd:194)
         [5] _run_suite (res://test/run_tests.gd:168)
         [6] _run_suite (/home/runner/work/redwall-rts/redwall-rts/tools/ci_test_shard_runner.gd:30)
         [7] _run_worker (res://test/run_tests.gd:121)
         [8] _initialize (res://test/run_tests.gd:108)
EXPECTED WARNING: demo cast: squirrel_forester has no loadable body; using a placeholder
     at: push_warning (core/variant/variant_utility.cpp:1033)
     GDScript backtrace (most recent call first):
         [0] setup_creature (res://demo/cast/demo_actor.gd:211)
         [1] build (res://demo/cast/demo_cast.gd:159)
         [2] _rig (res://test/test_demo_people_ui.gd:88)
         [3] test_moments_are_capped_and_an_empty_season_changes_nothing (res://test/test_demo_people_ui.gd:637)
         [4] _run_test (res://test/run_tests.gd:194)
         [5] _run_suite (res://test/run_tests.gd:168)
         [6] _run_suite (/home/runner/work/redwall-rts/redwall-rts/tools/ci_test_shard_runner.gd:30)
         [7] _run_worker (res://test/run_tests.gd:121)
         [8] _initialize (res://test/run_tests.gd:108)
EXPECTED WARNING: demo cast: otter_boatwright has no loadable body; using a placeholder
     at: push_warning (core/variant/variant_utility.cpp:1033)
     GDScript backtrace (most recent call first):
         [0] setup_creature (res://demo/cast/demo_actor.gd:211)
         [1] build (res://demo/cast/demo_cast.gd:159)
         [2] _rig (res://test/test_demo_people_ui.gd:88)
         [3] test_moments_are_capped_and_an_empty_season_changes_nothing (res://test/test_demo_people_ui.gd:637)
         [4] _run_test (res://test/run_tests.gd:194)
         [5] _run_suite (res://test/run_tests.gd:168)
         [6] _run_suite (/home/runner/work/redwall-rts/redwall-rts/tools/ci_test_shard_runner.gd:30)
         [7] _run_worker (res://test/run_tests.gd:121)
         [8] _initialize (res://test/run_tests.gd:108)
EXPECTED WARNING: demo cast: otter_fisher has no loadable body; using a placeholder
     at: push_warning (core/variant/variant_utility.cpp:1033)
     GDScript backtrace (most recent call first):
         [0] setup_creature (res://demo/cast/demo_actor.gd:211)
         [1] build (res://demo/cast/demo_cast.gd:159)
         [2] _rig (res://test/test_demo_people_ui.gd:88)
         [3] test_moments_are_capped_and_an_empty_season_changes_nothing (res://test/test_demo_people_ui.gd:637)
         [4] _run_test (res://test/run_tests.gd:194)
         [5] _run_suite (res://test/run_tests.gd:168)
         [6] _run_suite (/home/runner/work/redwall-rts/redwall-rts/tools/ci_test_shard_runner.gd:30)
         [7] _run_worker (res://test/run_tests.gd:121)
         [8] _initialize (res://test/run_tests.gd:108)
EXPECTED WARNING: demo cast: mole_digger has no loadable body; using a placeholder
     at: push_warning (core/variant/variant_utility.cpp:1033)
     GDScript backtrace (most recent call first):
         [0] setup_creature (res://demo/cast/demo_actor.gd:211)
         [1] build (res://demo/cast/demo_cast.gd:159)
         [2] _rig (res://test/test_demo_people_ui.gd:88)
         [3] test_moments_are_capped_and_an_empty_season_changes_nothing (res://test/test_demo_people_ui.gd:637)
         [4] _run_test (res://test/run_tests.gd:194)
         [5] _run_suite (res://test/run_tests.gd:168)
         [6] _run_suite (/home/runner/work/redwall-rts/redwall-rts/tools/ci_test_shard_runner.gd:30)
         [7] _run_worker (res://test/run_tests.gd:121)
         [8] _initialize (res://test/run_tests.gd:108)
EXPECTED WARNING: demo cast: badger_quarryman has no loadable body; using a placeholder
     at: push_warning (core/variant/variant_utility.cpp:1033)
     GDScript backtrace (most recent call first):
         [0] setup_creature (res://demo/cast/demo_actor.gd:211)
         [1] build (res://demo/cast/demo_cast.gd:159)
         [2] _rig (res://test/test_demo_people_ui.gd:88)
         [3] test_moments_are_capped_and_an_empty_season_changes_nothing (res://test/test_demo_people_ui.gd:637)
         [4] _run_test (res://test/run_tests.gd:194)
         [5] _run_suite (res://test/run_tests.gd:168)
         [6] _run_suite (/home/runner/work/redwall-rts/redwall-rts/tools/ci_test_shard_runner.gd:30)
         [7] _run_worker (res://test/run_tests.gd:121)
         [8] _initialize (res://test/run_tests.gd:108)
EXPECTED WARNING: demo cast: beaver_bridgewright has no loadable body; using a placeholder
     at: push_warning (core/variant/variant_utility.cpp:1033)
     GDScript backtrace (most recent call first):
         [0] setup_creature (res://demo/cast/demo_actor.gd:211)
         [1] build (res://demo/cast/demo_cast.gd:159)
         [2] _rig (res://test/test_demo_people_ui.gd:88)
         [3] test_moments_are_capped_and_an_empty_season_changes_nothing (res://test/test_demo_people_ui.gd:637)
         [4] _run_test (res://test/run_tests.gd:194)
         [5] _run_suite (res://test/run_tests.gd:168)
         [6] _run_suite (/home/runner/work/redwall-rts/redwall-rts/tools/ci_test_shard_runner.gd:30)
         [7] _run_worker (res://test/run_tests.gd:121)
         [8] _initialize (res://test/run_tests.gd:108)
  PASS  test_moments_are_capped_and_an_empty_season_changes_nothing
EXPECTED WARNING: demo cast: mouse_keeper has no loadable body; using a placeholder
     at: push_warning (core/variant/variant_utility.cpp:1033)
     GDScript backtrace (most recent call first):
         [0] setup_creature (res://demo/cast/demo_actor.gd:211)
         [1] build (res://demo/cast/demo_cast.gd:159)
         [2] _rig (res://test/test_demo_people_ui.gd:88)
         [3] test_a_group_carries_no_person_and_the_panel_shows_none (res://test/test_demo_people_ui.gd:653)
         [4] _run_test (res://test/run_tests.gd:194)
         [5] _run_suite (res://test/run_tests.gd:168)
         [6] _run_suite (/home/runner/work/redwall-rts/redwall-rts/tools/ci_test_shard_runner.gd:30)
         [7] _run_worker (res://test/run_tests.gd:121)
         [8] _initialize (res://test/run_tests.gd:108)
EXPECTED WARNING: demo cast: mouse_fieldworker has no loadable body; using a placeholder
     at: push_warning (core/variant/variant_utility.cpp:1033)
     GDScript backtrace (most recent call first):
         [0] setup_creature (res://demo/cast/demo_actor.gd:211)
         [1] build (res://demo/cast/demo_cast.gd:159)
         [2] _rig (res://test/test_demo_people_ui.gd:88)
         [3] test_a_group_carries_no_person_and_the_panel_shows_none (res://test/test_demo_people_ui.gd:653)
         [4] _run_test (res://test/run_tests.gd:194)
         [5] _run_suite (res://test/run_tests.gd:168)
         [6] _run_suite (/home/runner/work/redwall-rts/redwall-rts/tools/ci_test_shard_runner.gd:30)
         [7] _run_worker (res://test/run_tests.gd:121)
         [8] _initialize (res://test/run_tests.gd:108)
EXPECTED WARNING: demo cast: squirrel_gatherer has no loadable body; using a placeholder
     at: push_warning (core/variant/variant_utility.cpp:1033)
     GDScript backtrace (most recent call first):
         [0] setup_creature (res://demo/cast/demo_actor.gd:211)
         [1] build (res://demo/cast/demo_cast.gd:159)
         [2] _rig (res://test/test_demo_people_ui.gd:88)
         [3] test_a_group_carries_no_person_and_the_panel_shows_none (res://test/test_demo_people_ui.gd:653)
         [4] _run_test (res://test/run_tests.gd:194)
         [5] _run_suite (res://test/run_tests.gd:168)
         [6] _run_suite (/home/runner/work/redwall-rts/redwall-rts/tools/ci_test_shard_runner.gd:30)
         [7] _run_worker (res://test/run_tests.gd:121)
         [8] _initialize (res://test/run_tests.gd:108)
EXPECTED WARNING: demo cast: squirrel_forester has no loadable body; using a placeholder
     at: push_warning (core/variant/variant_utility.cpp:1033)
     GDScript backtrace (most recent call first):
         [0] setup_creature (res://demo/cast/demo_actor.gd:211)
         [1] build (res://demo/cast/demo_cast.gd:159)
         [2] _rig (res://test/test_demo_people_ui.gd:88)
         [3] test_a_group_carries_no_person_and_the_panel_shows_none (res://test/test_demo_people_ui.gd:653)
         [4] _run_test (res://test/run_tests.gd:194)
         [5] _run_suite (res://test/run_tests.gd:168)
         [6] _run_suite (/home/runner/work/redwall-rts/redwall-rts/tools/ci_test_shard_runner.gd:30)
         [7] _run_worker (res://test/run_tests.gd:121)
         [8] _initialize (res://test/run_tests.gd:108)
EXPECTED WARNING: demo cast: otter_boatwright has no loadable body; using a placeholder
     at: push_warning (core/variant/variant_utility.cpp:1033)
     GDScript backtrace (most recent call first):
         [0] setup_creature (res://demo/cast/demo_actor.gd:211)
         [1] build (res://demo/cast/demo_cast.gd:159)
         [2] _rig (res://test/test_demo_people_ui.gd:88)
         [3] test_a_group_carries_no_person_and_the_panel_shows_none (res://test/test_demo_people_ui.gd:653)
         [4] _run_test (res://test/run_tests.gd:194)
         [5] _run_suite (res://test/run_tests.gd:168)
         [6] _run_suite (/home/runner/work/redwall-rts/redwall-rts/tools/ci_test_shard_runner.gd:30)
         [7] _run_worker (res://test/run_tests.gd:121)
         [8] _initialize (res://test/run_tests.gd:108)
EXPECTED WARNING: demo cast: otter_fisher has no loadable body; using a placeholder
     at: push_warning (core/variant/variant_utility.cpp:1033)
     GDScript backtrace (most recent call first):
         [0] setup_creature (res://demo/cast/demo_actor.gd:211)
         [1] build (res://demo/cast/demo_cast.gd:159)
         [2] _rig (res://test/test_demo_people_ui.gd:88)
         [3] test_a_group_carries_no_person_and_the_panel_shows_none (res://test/test_demo_people_ui.gd:653)
         [4] _run_test (res://test/run_tests.gd:194)
         [5] _run_suite (res://test/run_tests.gd:168)
         [6] _run_suite (/home/runner/work/redwall-rts/redwall-rts/tools/ci_test_shard_runner.gd:30)
         [7] _run_worker (res://test/run_tests.gd:121)
         [8] _initialize (res://test/run_tests.gd:108)
EXPECTED WARNING: demo cast: mole_digger has no loadable body; using a placeholder
     at: push_warning (core/variant/variant_utility.cpp:1033)
     GDScript backtrace (most recent call first):
         [0] setup_creature (res://demo/cast/demo_actor.gd:211)
         [1] build (res://demo/cast/demo_cast.gd:159)
         [2] _rig (res://test/test_demo_people_ui.gd:88)
         [3] test_a_group_carries_no_person_and_the_panel_shows_none (res://test/test_demo_people_ui.gd:653)
         [4] _run_test (res://test/run_tests.gd:194)
         [5] _run_suite (res://test/run_tests.gd:168)
         [6] _run_suite (/home/runner/work/redwall-rts/redwall-rts/tools/ci_test_shard_runner.gd:30)
         [7] _run_worker (res://test/run_tests.gd:121)
         [8] _initialize (res://test/run_tests.gd:108)
EXPECTED WARNING: demo cast: badger_quarryman has no loadable body; using a placeholder
     at: push_warning (core/variant/variant_utility.cpp:1033)
     GDScript backtrace (most recent call first):
         [0] setup_creature (res://demo/cast/demo_actor.gd:211)
         [1] build (res://demo/cast/demo_cast.gd:159)
         [2] _rig (res://test/test_demo_people_ui.gd:88)
         [3] test_a_group_carries_no_person_and_the_panel_shows_none (res://test/test_demo_people_ui.gd:653)
         [4] _run_test (res://test/run_tests.gd:194)
         [5] _run_suite (res://test/run_tests.gd:168)
         [6] _run_suite (/home/runner/work/redwall-rts/redwall-rts/tools/ci_test_shard_runner.gd:30)
         [7] _run_worker (res://test/run_tests.gd:121)
         [8] _initialize (res://test/run_tests.gd:108)
EXPECTED WARNING: demo cast: beaver_bridgewright has no loadable body; using a placeholder
     at: push_warning (core/variant/variant_utility.cpp:1033)
     GDScript backtrace (most recent call first):
         [0] setup_creature (res://demo/cast/demo_actor.gd:211)
         [1] build (res://demo/cast/demo_cast.gd:159)
         [2] _rig (res://test/test_demo_people_ui.gd:88)
         [3] test_a_group_carries_no_person_and_the_panel_shows_none (res://test/test_demo_people_ui.gd:653)
         [4] _run_test (res://test/run_tests.gd:194)
         [5] _run_suite (res://test/run_tests.gd:168)
         [6] _run_suite (/home/runner/work/redwall-rts/redwall-rts/tools/ci_test_shard_runner.gd:30)
         [7] _run_worker (res://test/run_tests.gd:121)
         [8] _initialize (res://test/run_tests.gd:108)
  PASS  test_a_group_carries_no_person_and_the_panel_shows_none
  PASS  test_with_no_portrait_staged_the_person_has_no_header
  PASS  test_a_staged_portrait_heads_the_person_with_its_name_and_role
  PASS  test_the_portrait_is_looked_up_once_a_resident_and_drawn_when_given_late
CI_SUITE_TIME {"assertions":314,"failures":0,"suite":"test_demo_people_ui.gd","tests":27,"usec":10463996}
test_demo_work_arrival.gd
  PASS  test_a_harvester_walled_off_from_its_spot_cuts_nothing_from_afar
  PASS  test_a_walk_given_up_at_the_spot_is_not_arrival
  PASS  test_a_harvester_pushed_off_its_spot_stops_cutting_and_walks_back
  PASS  test_a_carrier_pushed_off_the_store_spot_stores_nothing_from_there
  PASS  test_a_feller_pushed_off_its_spot_fells_nothing_from_there
  PASS  test_a_woods_walk_given_up_at_the_spot_is_not_arrival
  PASS  test_a_feller_walled_off_from_the_tree_fells_nothing_from_afar
CI_SUITE_TIME {"assertions":24,"failures":0,"suite":"test_demo_work_arrival.gd","tests":7,"usec":4032484}
test_demo_work_screen.gd
  PASS  test_an_empty_board_says_so_and_how_to_make_work
  PASS  test_each_row_says_target_action_worker_state_work_left_and_resume_intent
  PASS  test_blocked_tasks_come_first_with_their_reason_in_words
  PASS  test_pause_and_resume_from_the_row
  PASS  test_a_carried_load_disables_pause_and_reassign_with_the_reason
  PASS  test_reassign_through_the_picker_shows_each_residents_eligibility
  PASS  test_an_open_picker_stays_with_its_task_when_the_list_re_sorts
  PASS  test_priority_and_urgent_from_the_row
  PASS  test_go_to_jumps_to_the_target_and_closes
  PASS  test_a_row_whose_task_changed_under_it_does_nothing
  PASS  test_cancel_all_shows_its_scope_then_cancels_what_it_said
  PASS  test_the_projects_view_groups_tasks_by_source
  PASS  test_the_residents_view_lists_each_crew_and_moves_a_member
  PASS  test_an_order_list_is_shown_and_edited_from_the_residents_view
  PASS  test_presets_preview_then_apply_from_the_residents_view
  PASS  test_a_paused_tunnel_job_is_claimed_by_one_who_fits_its_bore
  PASS  test_a_tunnel_job_paused_reassigned_and_cancelled
  PASS  test_a_paused_tunnel_job_is_not_taken_back_by_its_old_worker
  PASS  test_a_tunnel_job_posted_again_is_a_new_job
  PASS  test_a_widening_needs_one_who_can_dig
  PASS  test_a_tunnel_job_that_cannot_be_worked_says_why_and_waits
  PASS  test_a_mixed_group_on_a_tunnel_job_previews_each_member
  PASS  test_spoil_rows_are_listed_with_their_phase_and_say_how_to_stop_them
  PASS  test_a_waiting_fixture_is_listed_and_handed_to_a_resident
  PASS  test_a_queued_woods_order_goes_to_the_nearest_selected_resident
CI_SUITE_TIME {"assertions":152,"failures":0,"suite":"test_demo_work_screen.gd","tests":25,"usec":5405295}
test_event_schedule.gd
  PASS  test_the_declared_owner_identity_matches_the_registry
  PASS  test_the_declared_field_keys_keep_the_registry_order_and_ordinals
  PASS  test_the_declared_field_types_match_the_registry_type_codes
  PASS  test_the_record_layout_is_save_r09_005s_thirty_two_byte_stride
  PASS  test_a_new_schedule_is_empty_with_the_allocator_at_one
  PASS  test_sequences_are_issued_from_one_and_never_repeat
  PASS  test_rows_are_held_sorted_by_due_tick_then_sequence
  PASS  test_every_stored_field_reads_back_unchanged
  PASS  test_a_refused_past_due_tick_leaves_the_store_byte_identical
  PASS  test_a_refused_non_int32_argument_leaves_the_store_byte_identical
  PASS  test_a_refused_insertion_into_a_full_schedule_consumes_no_sequence
  PASS  test_an_exhausted_allocator_refuses_every_insertion
  PASS  test_the_allocator_exhausts_rather_than_wrapping_to_one
  PASS  test_a_cancelled_row_leaves_no_stale_tail
  PASS  test_a_popped_row_leaves_no_stale_tail
  PASS  test_cancelling_an_unknown_sequence_refuses_and_changes_nothing
  PASS  test_a_due_row_never_expires_on_its_own
  PASS  test_popping_with_nothing_due_returns_a_cleared_event
  PASS  test_reading_outside_the_live_rows_refuses_and_clears
  PASS  test_find_sequence_refuses_instead_of_returning_a_sentinel
  PASS  test_the_next_day_boundary_after_tick_zero_is_the_first_midnight
  PASS  test_the_next_day_boundary_is_strictly_after_the_given_tick
  PASS  test_every_computed_boundary_satisfies_the_offset_formula
  PASS  test_the_due_day_index_uses_the_offset_calendar
  PASS  test_scheduling_at_the_next_day_boundary_lands_on_midnight
  PASS  test_restore_installs_a_valid_schedule
  PASS  test_restore_refuses_every_invariant_violation_atomically
  PASS  test_restore_refuses_more_rows_than_the_declared_maximum
  PASS  test_restore_refuses_ragged_columns
  PASS  test_restore_accepts_an_exhausted_allocator_with_live_rows
  PASS  test_clear_returns_the_store_to_its_initial_image
CI_SUITE_TIME {"assertions":309,"failures":0,"suite":"test_event_schedule.gd","tests":31,"usec":26526}
test_forest_young_tree.gd
  PASS  test_young_transform_scales_the_tree_and_its_sink_about_its_foot
  PASS  test_the_stump_swaps_to_a_young_tree_at_equal_height
  PASS  test_at_the_swap_the_stump_goes_and_the_young_tree_stands_at_the_centre
  PASS  test_the_young_tree_grows_to_full_size_and_matures_seamlessly
  PASS  test_an_occupied_spot_keeps_its_shoot
  PASS  test_the_drawn_growth_is_the_calendar_hours_whatever_the_speed
  PASS  test_a_sapling_becomes_the_mature_model_on_its_ramp
  PASS  test_the_mound_scale_follows_what_is_drawn
CI_SUITE_TIME {"assertions":54,"failures":0,"suite":"test_forest_young_tree.gd","tests":8,"usec":498208}
test_haul_carry.gd
  PASS  test_binding_reader_rejects_each_foreign_store_and_null_without_mutation
  PASS  test_a_satchel_is_minted_only_by_its_own_door
  PASS  test_the_satchel_door_refuses_a_bad_owner_or_carry
  PASS  test_a_satchel_cannot_be_placed_and_only_a_satchel_is_destroyed_as_one
  PASS  test_a_saved_satchel_on_a_tile_is_refused_on_restore
  PASS  test_the_audit_refuses_a_satchel_on_a_tile
  PASS  test_the_anchored_cursor_walks_placed_containers_in_slot_order
  PASS  test_loading_mints_a_satchel_at_the_species_carry_limit
  PASS  test_a_partial_load_splits_exactly_and_carries_the_claim
  PASS  test_a_whole_lot_load_moves_the_lot_itself
  PASS  test_a_load_over_the_carry_limit_refuses_and_changes_nothing
  PASS  test_a_hauler_already_carrying_cannot_load_a_second_satchel
  PASS  test_a_load_refuses_without_a_claim_a_hauler_or_with_a_transaction_open
  PASS  test_a_load_refused_inside_its_transaction_leaves_no_satchel
  PASS  test_unloading_into_a_store_delivers_releases_and_destroys_the_satchel
  PASS  test_an_unload_refuses_without_a_satchel_or_a_claim
  PASS  test_a_pair_naming_someone_elses_satchel_is_stale
  PASS  test_an_unload_the_store_cannot_take_refuses_and_keeps_the_goods_carried
  PASS  test_unloading_into_piles_moves_the_goods_and_frees_the_satchel
  PASS  test_a_pile_unload_with_nowhere_to_go_refuses_and_keeps_the_claim
  PASS  test_a_dying_haulers_satchel_drops_onto_a_pile_at_its_tile
  PASS  test_a_drop_inside_a_footprint_starts_at_that_buildings_ring
  PASS  test_a_hauler_carrying_nothing_drops_nothing
  PASS  test_a_reposted_haul_loads_by_re_keying_the_goods_already_carried
  PASS  test_only_the_satchels_owner_hauls_its_goods
  PASS  test_a_drop_with_nowhere_to_go_refuses_and_keeps_every_claim
  PASS  test_dropping_an_empty_satchel_just_destroys_it
  PASS  test_a_second_claim_on_the_satchel_lot_rolls_the_unload_back
  PASS  test_a_pile_unload_reports_the_claimed_quantity
CI_SUITE_TIME {"assertions":173,"failures":0,"suite":"test_haul_carry.gd","tests":29,"usec":1661730}
test_inventory_capacity_reduction.gd
  PASS  test_a_reduction_lowers_the_capacity_and_reports_it
  PASS  test_contents_plus_reservations_must_still_fit
  PASS  test_bad_inputs_refuse_by_name_writing_nothing
  PASS  test_a_ground_pile_keeps_its_fixed_capacity
  PASS  test_an_aborted_transaction_restores_the_capacity
CI_SUITE_TIME {"assertions":34,"failures":0,"suite":"test_inventory_capacity_reduction.gd","tests":5,"usec":30972}
test_inventory_stock_counts.gd
  PASS  test_empty_record_sizes_and_payload
  PASS  test_multiple_stores_reservations_and_owner_read_only
  PASS  test_shape_and_busy_refusals_have_defined_precedence
  PASS  test_real_open_and_poisoned_transactions_are_untouched
  PASS  test_malformed_live_rows_refuse_without_partial_output
  PASS  test_structural_equipment_counts_do_not_claim_cross_owner_validation
  PASS  test_checked_sum_boundary_overflow_and_row_precedence
  PASS  test_retired_reused_rows_and_different_allocation_orders
  PASS  test_reused_and_aliased_outputs_publish_independent_new_snapshots
  PASS  test_actual_attestation_reentry_refuses_without_lowering_guard
  PASS  test_real_gear_equip_destroy_empty_store_and_unequip
CI_SUITE_TIME {"assertions":1400,"failures":0,"suite":"test_inventory_stock_counts.gd","tests":11,"usec":171042}
test_modular_draft.gd
  PASS  test_stroke_is_preview_until_released_and_snapshot_is_isolated
  PASS  test_cancel_is_one_layer_and_preserves_earlier_paint
  PASS  test_disconnected_draft_can_be_repaired_before_confirmation
  PASS  test_out_of_bounds_stroke_is_not_partially_kept
  PASS  test_undo_redo_and_new_edit_keep_consistent_geometry
  PASS  test_topology_is_cached_and_not_recomputed_for_pointer_motion
  PASS  test_preview_has_its_own_revision_for_cached_world_renderers
  PASS  test_organic_tools_and_bent_tunnel_share_one_retained_plan
  PASS  test_holes_are_explicit_and_erasing_everything_never_confirms
  PASS  test_reconfigure_cannot_relabel_retained_room_or_level
  PASS  test_bad_grid_bounds_tool_and_capacity_fail_closed
CI_SUITE_TIME {"assertions":201,"failures":0,"suite":"test_modular_draft.gd","tests":11,"usec":33517}
test_mole_grip_source.gd
  PASS  test_null_or_wrong_rig_has_no_partial_mesh_or_fit
  PASS  test_exact_native_transform_transcript_keeps_small_axis_residuals
  PASS  test_foreign_hand_mapping_or_pose_refuses_before_geometry
  PASS  test_nearby_fit_and_synthetic_body_do_not_inherit_actual_source_permission
  PASS  test_synthetic_derivative_preserves_original_and_unaffected_attributes
  PASS  test_derivative_is_deterministic_and_shading_stays_finite
  PASS  test_nonfinite_or_missing_shading_inputs_refuse
CI_SUITE_TIME {"assertions":50,"failures":0,"suite":"test_mole_grip_source.gd","tests":7,"usec":182127}
test_orchard_hive.gd
  PASS  test_first_and_last_farm_and_orchard_link_rows_do_not_collide
  PASS  test_the_link_table_is_ruling_three_s_stated_capacity_and_payload
  PASS  test_consecutive_recipients_are_exactly_six_rows_apart
  PASS  test_link_row_refuses_an_index_outside_the_six_entry_slice
  PASS  test_a_farm_refresh_cannot_write_into_the_first_orchard_slice
  PASS  test_six_links_never_spill_into_the_neighbouring_slices
  PASS  test_the_last_farm_slice_does_not_spill_into_the_first_orchard_slice
  PASS  test_the_footprint_centre_is_the_tile_centre_for_a_single_tile
  PASS  test_an_even_dimension_footprint_centres_without_rounding
  PASS  test_exactly_twelve_metres_qualifies_and_one_unit_beyond_does_not
  PASS  test_a_hive_exactly_twelve_metres_away_is_linked_and_thirteen_is_not
  PASS  test_the_squared_distance_reader_is_symmetric_and_uses_both_axes
  PASS  test_links_are_ordered_by_ascending_squared_distance
  PASS  test_zero_one_two_and_seven_healthy_hives_give_the_stated_factors
  PASS  test_the_factor_table_ignores_every_hive_past_the_second
  PASS  test_an_unpollinated_crop_stays_at_one_thousand_beside_six_hives
  PASS  test_ties_are_broken_by_the_lower_persistent_hive_id
  PASS  test_the_tiebreak_is_the_persistent_id_and_not_the_directory_slot
  PASS  test_unused_link_entries_are_null_filled
  PASS  test_a_shrinking_selection_rewrites_the_tail_instead_of_keeping_stale_entries
  PASS  test_strength_crossing_4999_and_5000_changes_eligibility
  PASS  test_six_unhealthy_neighbours_do_not_hide_a_qualifying_seventh_hive
  PASS  test_removing_a_cached_hive_discovers_the_previously_seventh_candidate
  PASS  test_an_out_of_range_hive_is_never_linked_however_healthy
  PASS  test_a_stale_link_refuses_the_yield_read_rather_than_repairing_it
  PASS  test_an_ineligible_linked_hive_refuses_the_read_until_the_slice_is_refreshed
  PASS  test_a_duplicated_link_fails_validation
  PASS  test_a_hole_before_a_link_fails_validation
  PASS  test_a_cleared_farm_recipient_cannot_inherit_links
  PASS  test_a_reused_orchard_row_cannot_inherit_links
  PASS  test_a_stale_orchard_reference_reaches_no_row
  PASS  test_the_orchard_table_is_transcribed_exactly
  PASS  test_the_orchard_costs_and_care_figures_are_transcribed_exactly
  PASS  test_the_named_item_keys_exist_in_the_compiled_catalog
  PASS  test_an_unknown_species_is_refused_rather_than_defaulted
  PASS  test_the_preview_states_the_first_apple_harvest_of_a_day_one_planting
  PASS  test_the_preview_states_the_first_pear_harvest_of_a_day_one_planting
  PASS  test_a_tree_maturing_inside_its_window_harvests_that_same_year
  PASS  test_a_tree_maturing_on_the_window_s_last_day_harvests_that_day
  PASS  test_a_tree_maturing_after_its_window_waits_for_the_next_year
  PASS  test_the_preview_refuses_exactly_what_the_planting_would_refuse
  PASS  test_a_block_that_only_touches_another_is_allowed
  PASS  test_an_immature_tree_yields_nothing_and_cannot_be_harvested
  PASS  test_a_mature_tree_pays_one_year_of_fruit_and_sets_the_harvested_flag
  PASS  test_a_tree_left_unharvested_for_years_still_pays_one_year_of_fruit
  PASS  test_a_harvest_outside_the_window_is_refused
  PASS  test_the_harvested_year_flag_clears_at_the_start_of_the_next_year
  PASS  test_untended_spring_and_summer_days_remove_a_hundred_health
  PASS  test_a_tended_day_restores_fifty_health_and_clamps_at_ten_thousand
  PASS  test_the_age_advances_every_day_including_winter
  PASS  test_the_chill_counter_counts_winter_days_at_or_below_five_degrees
  PASS  test_a_poorly_chilled_tree_yields_three_quarters
  PASS  test_the_orchard_yield_multiplies_health_pollination_and_chill_once
  PASS  test_one_hive_raises_the_orchard_yield_to_the_stated_multiplier
  PASS  test_the_orchard_block_centre_uses_the_whole_four_by_four_block
  PASS  test_the_block_centre_is_the_distance_origin_at_the_range_boundary
  PASS  test_a_new_hive_starts_at_the_stated_strength_and_footprint
  PASS  test_a_hive_needs_a_live_building_reference_it_never_dereferences
  PASS  test_a_hive_footprint_must_be_an_on_grid_rectangle
  PASS  test_a_serviced_spring_day_produces_honey_and_wax_and_restores_strength
  PASS  test_a_serviced_summer_day_produces_but_does_not_restore_strength
  PASS  test_a_missed_service_day_removes_two_hundred_strength_and_produces_nothing
  PASS  test_a_winter_day_eats_stocked_feed_and_produces_nothing
  PASS  test_a_missing_winter_feed_removes_five_hundred_strength_and_eats_nothing
  PASS  test_exactly_one_day_of_winter_feed_is_enough
  PASS  test_strength_is_clamped_to_the_ten_thousand_scale
  PASS  test_deficits_are_readable_before_the_hive_is_abandoned
  PASS  test_an_abandoned_hive_refuses_service_and_recolonises_only_in_spring
  PASS  test_the_hive_service_and_recolonisation_figures_are_transcribed_exactly
  PASS  test_collecting_honey_and_wax_empties_the_hive_store
  PASS  test_an_eligibility_crossing_refreshes_the_orchard_slices_synchronously
  PASS  test_creating_and_moving_a_hive_refreshes_every_orchard_slice
  PASS  test_the_link_image_round_trips_in_process
  PASS  test_a_load_recomputes_a_slice_that_disagrees_with_the_canonical_selection
  PASS  test_a_farm_slice_is_revalidated_against_its_own_tile_on_load
  PASS  test_a_malformed_link_image_refuses_whole
  PASS  test_clear_returns_every_column_and_the_directory_to_empty
  PASS  test_removing_a_block_returns_wood_and_frees_its_tiles
CI_SUITE_TIME {"assertions":754,"failures":0,"suite":"test_orchard_hive.gd","tests":78,"usec":1852177}
test_proportion_comparison.gd
  PASS  test_the_scene_holds_every_species_in_every_pose
  PASS  test_the_beaver_is_absent_because_it_has_no_landmarks
  PASS  test_every_standing_blockout_measures_its_candidate_height
  PASS  test_every_blockout_stands_on_the_ground_plane
  PASS  test_the_tail_is_excluded_from_height
  PASS  test_the_ear_crowned_species_are_taller_than_their_skulls
  PASS  test_crouching_lowers_the_crown_and_standing_walking_carrying_do_not
  PASS  test_the_landmark_columns_are_ordered_and_complete
  PASS  test_the_landmarks_are_still_review_inputs_although_the_heights_are_approved
  PASS  test_the_doorway_carries_the_rulings_opening_to_the_millimetre
  PASS  test_the_door_panel_head_fits_the_workbench_envelope_exactly
  PASS  test_the_work_surface_top_is_the_rulings_640_unit_candidate
  PASS  test_the_shelter_reference_stands_at_the_workbench_envelope
  PASS  test_every_pose_meets_a_named_station
  PASS  test_every_species_meets_the_same_prop_in_its_own_bay
  PASS  test_the_bays_read_first_species_first_in_the_front_elevation
  PASS  test_props_sit_behind_or_ahead_according_to_minus_z_forward
  PASS  test_the_scale_rule_is_graduated_in_whole_bands_to_its_top
  PASS  test_the_written_manifest_agrees_with_the_module_it_was_built_from
  PASS  test_the_manifest_records_the_camera_contract_and_its_captures
  PASS  test_the_manifest_records_the_proportion_approval_and_still_denies_generation
  PASS  test_the_packed_scene_on_disk_reopens_with_its_hierarchy_intact
CI_SUITE_TIME {"assertions":195,"failures":0,"suite":"test_proportion_comparison.gd","tests":22,"usec":107833}
test_resource_claim_lifecycle.gd
  PASS  test_claim_order_key_uses_the_owning_job_despite_different_directory_slot
  PASS  test_destroying_basin_releases_other_designations_claims_first
  PASS  test_destroying_designation_releases_its_claim_without_resetting_basin_usage
  PASS  test_rebinding_designation_releases_old_claim_and_retains_old_basin
  PASS  test_claimed_basin_cannot_be_rebound_away_from_its_patch
  PASS  test_cancelled_job_claim_waits_for_normal_release_pipeline
  PASS  test_claim_owner_can_become_member_after_admission
CI_SUITE_TIME {"assertions":95,"failures":0,"suite":"test_resource_claim_lifecycle.gd","tests":7,"usec":384161}
test_save_owner_field_policy.gd
  PASS  test_canonical_layout_and_clear_defaults
  PASS  test_frozen_state_history_request_and_projection_witnesses
  PASS  test_null_shapes_and_bucket_cardinalities_precede_values
  PASS  test_every_physical_address_has_domain_checks
  PASS  test_open_ledger_filters_and_multiple_fields
  PASS  test_full_plot_capacity_and_counter_boundary
  PASS  test_accepted_scalar_endpoints_do_not_normalize_history
  PASS  test_closed_reason_gate_has_an_independent_abandoned_shape_witness
CI_SUITE_TIME {"assertions":42353,"failures":0,"suite":"test_save_owner_field_policy.gd","tests":8,"usec":6870741}
test_save_owner_schedule.gd
  PASS  test_exact_field_layout_and_nonzero_empty_defaults
  PASS  test_six_independent_mapping_witnesses
  PASS  test_every_hourly_byte_and_each_i32_row_is_checked
  PASS  test_all_local_template_and_activity_values_and_signed_extrema
  PASS  test_unresolved_and_latched_state_implications
  PASS  test_free_rows_require_exact_anything_defaults_at_both_ends
  PASS  test_refusal_precedence_is_global_across_distinct_rows
  PASS  test_all512_present_rows_remain_valid
  PASS  test_public_edits_reassignment_and_failed_resolution_preserve_history
  PASS  test_shared_inactive_reader_preserves_address_and_presence_guards
  PASS  test_every_extent_is_checked_before_domains
  PASS  test_null_wrong_owner_and_typed_bucket_shapes
CI_SUITE_TIME {"assertions":17060,"failures":0,"suite":"test_save_owner_schedule.gd","tests":12,"usec":2182391}
test_save_replay_checkpoint.gd
  PASS  test_format2_header_has_an_independent_full_byte_vector
  PASS  test_full_checkpoint_domain_round_trips_without_signed_combination
  PASS  test_invalid_tuple_writer_and_semantic_validator_agree_atomically
  PASS  test_reserved_word_is_carried_and_rejected_without_normalization
  PASS  test_hostile_high_u64_and_terminal_low_refuse_without_copying
  PASS  test_preamble_precedence_distinguishes_old_future_foreign_and_truncated
  PASS  test_old_header_metadata_has_no_public_writer
  PASS  test_binding_mismatch_is_visible_even_when_body_digest_is_unchanged
  PASS  test_binding_rejects_invalid_inputs_before_reporting_mismatch
  PASS  test_actual_exhausted_queue_binds_to_decoded_header_in_both_states
CI_SUITE_TIME {"assertions":279,"failures":0,"suite":"test_save_replay_checkpoint.gd","tests":10,"usec":114854}
test_scale_stress.gd
  PASS  test_expand_keeps_the_originals_first_and_clones_by_index
  PASS  test_expand_off_cut_and_capped
  PASS  test_requested_count_and_placeholders
  PASS  test_generated_names_are_distinct_up_to_the_cap
  PASS  test_the_probe_sums_sections_and_clears
  PASS  test_scripts_are_booked_to_their_systems
  PASS  test_the_record_keeps_rows_and_ranks_percentiles
  PASS  test_the_desk_tallies_plans_per_resident_only_when_asked
  PASS  test_a_phase_keeps_only_the_frames_run_at_its_speed
  PASS  test_the_kitchen_books_check_finds_each_imbalance
  PASS  test_twenty_five_residents_run_headless_with_their_invariants
  PASS  test_one_extra_retained_resource_fails_the_exit_check
  PASS  test_the_exit_check_allows_no_count
  PASS  test_the_subprocess_fails_an_unnamed_warning
CI_SUITE_TIME {"assertions":62,"failures":0,"suite":"test_scale_stress.gd","tests":14,"usec":27047363}
test_settlement_system.gd
  PASS  test_a_fresh_settlement_is_empty
  PASS  test_creation_spawns_the_gdd_cohort_with_every_component
  PASS  test_the_reservation_pool_is_owned_and_empty
  PASS  test_a_second_creation_is_refused_and_changes_nothing
  PASS  test_reset_empties_every_store_and_the_directory
  PASS  test_a_settlement_can_be_created_again_after_a_reset
  PASS  test_a_tick_integrates_needs_by_the_exact_gdd_remainder_rule
  PASS  test_needs_do_not_move_without_a_tick
  PASS  test_a_negative_tick_index_is_refused_and_runs_no_stage
  PASS  test_the_activity_is_resolved_on_the_residents_own_staggered_tick
  PASS  test_the_resolved_activity_follows_the_schedule_template_hour
  PASS  test_the_job_queue_is_empty_and_nobody_is_assigned
  PASS  test_a_queued_job_is_selected_on_the_residents_staggered_tick
  PASS  test_a_forbidden_job_kind_is_never_assigned
  PASS  test_a_tick_advances_a_job_in_the_work_state
  PASS  test_a_job_not_in_the_work_state_takes_no_work
  PASS  test_productive_work_credits_xp_at_ten_per_completed_work_unit
  PASS  test_the_accepted_total_is_per_tick_and_not_cumulative
  PASS  test_a_party_advances_its_shared_row_once_at_the_combined_rate
  PASS  test_a_winter_day_boundary_applies_the_hunger_multiplier
  PASS  test_a_non_winter_day_boundary_releases_the_multiplier
  PASS  test_an_out_of_range_day_boundary_is_refused
  PASS  test_the_settlement_registers_its_item_catalog_into_its_own_inventory
  PASS  test_stock_age_runs_on_the_hour_crossing_and_not_on_any_other_tick
  PASS  test_the_midnight_leg_logs_aging_without_running_a_second_age_pass
  PASS  test_a_day_boundary_with_no_tick_path_behind_it_runs_the_aging_leg_itself
  PASS  test_reset_empties_the_stock_layer_and_restores_its_catalog
  PASS  test_the_boundary_runs_aging_then_the_handover_then_ecology_then_crops
  PASS  test_the_boundary_advances_the_settlements_own_ecology
  PASS  test_a_season_that_does_not_belong_to_that_day_is_refused
  PASS  test_day_one_raises_no_boundary_because_it_opens_at_six_in_the_morning
  PASS  test_a_replayed_day_boundary_is_refused_rather_than_applied_twice
  PASS  test_reset_drops_the_ecology_stores_and_the_leg_log
  PASS  test_the_ecology_shares_the_settlements_one_entity_directory
  PASS  test_creating_the_settlement_opens_day_ones_weather
  PASS  test_the_hourly_crop_leg_runs_on_hour_crossings_and_not_only_at_midnight
  PASS  test_the_hourly_crop_leg_reports_the_hour_it_integrated
  PASS  test_the_crop_stage_advances_this_settlements_own_stores
  PASS  test_the_crop_stage_shares_the_settlements_directory_ecology_and_stream_set
  PASS  test_an_unseeded_settlement_refuses_its_second_seasons_weather_draw
  PASS  test_a_hive_eligibility_crossing_reaches_the_farm_side_of_the_boundary
  PASS  test_reset_drops_the_crop_and_weather_stores_and_the_world_seed
  PASS  test_the_clock_runs_exactly_one_settlement_tick_per_completed_tick
  PASS  test_a_faster_speed_runs_more_of_the_same_tick
  PASS  test_a_paused_clock_runs_no_settlement_tick
  PASS  test_the_first_midnight_reaches_the_settlement_day_boundary
  PASS  test_a_sublethal_health_event_lowers_health_and_keeps_the_resident_living
  PASS  test_a_lethal_health_event_records_a_death_and_keeps_the_row
  PASS  test_health_is_floored_at_zero_by_an_overkill_event
  PASS  test_treatment_stops_at_the_health_maximum
  PASS  test_a_dead_resident_refuses_treatment_and_is_skipped_by_the_tick
  PASS  test_an_out_of_range_resident_row_is_refused_rather_than_answered
  PASS  test_a_row_inside_capacity_but_outside_the_cohort_is_not_present
  PASS  test_a_resident_reference_taken_before_a_reset_is_no_longer_valid
[measure] settlement tick at 12 residents over 300 ticks: mean 268 us, max 476 us
  PASS  test_a_settlement_tick_at_the_starting_cohort_is_measured
  PASS  test_the_settlement_runs_the_command_commit_stage_every_tick
  PASS  test_an_unsupported_command_refuses_in_the_running_settlement
  PASS  test_the_ecology_kinds_no_longer_refuse_store_not_bound
  PASS  test_an_unbound_dispatch_still_refuses_store_not_bound
  PASS  test_the_command_stage_runs_before_the_selection_stage
  PASS  test_the_command_stage_commits_before_the_selection_stage_can_take_the_job
  PASS  test_the_command_queue_follows_the_clock_the_game_is_running_on
  PASS  test_a_reset_settlement_keeps_no_pending_command
  PASS  test_a_paused_zone_edit_resumes_into_one_intent_one_job_and_cancels
  PASS  test_the_published_harvest_is_never_advanced_to_job_state_work
  PASS  test_a_replayed_command_in_the_running_loop_produces_no_second_job
  PASS  test_a_set_policy_edit_reaches_the_forage_store_in_this_composition
  PASS  test_repeating_a_policy_edit_creates_no_second_job
  PASS  test_world_generation_alone_creates_no_job_and_no_intent
  PASS  test_the_planner_is_composed_over_this_settlements_own_stores
  PASS  test_the_measured_stage_list_matches_what_actually_runs
  PASS  test_every_stage_is_measured_on_every_tick
  PASS  test_the_presentation_extract_captures_every_tick
  PASS  test_hiding_a_presentation_layer_changes_no_authoritative_value
  PASS  test_the_planner_day_boundary_is_not_a_req_set_007_leg
  PASS  test_every_stage_closes_its_window_exactly_once_per_tick
  PASS  test_the_planner_midnight_is_counted_rather_than_assumed
  PASS  test_a_repeated_tick_index_is_counted_as_a_refused_extract
  PASS  test_a_refused_interval_sweep_still_extracts_the_tick
  PASS  test_a_command_due_at_tick_one_is_not_committed_by_tick_zero
  PASS  test_generating_a_settlement_produces_the_world_and_the_cohort_together
  PASS  test_an_ungenerated_settlement_has_neither_world_nor_population
  PASS  test_the_generated_cohort_is_gdd_5_1s_species_mix
  PASS  test_the_generated_cohort_starts_at_gdd_5_1s_needs_and_health
  PASS  test_the_generated_cohort_carries_gdd_5_1s_skills_and_the_reserved_zero
  PASS  test_only_the_warden_is_named_in_the_generated_cohort
  PASS  test_every_generated_resident_is_attached_and_ticks
  PASS  test_generation_seeds_the_rng_the_settlement_could_not_seed_itself
  PASS  test_generating_resets_the_job_and_command_state_it_was_composed_over
  PASS  test_generating_resets_the_farm_plots_it_was_composed_over
  PASS  test_generating_resets_the_hives_it_was_composed_over
  PASS  test_the_generated_cohort_holds_gdd_5_1s_persistent_ids_one_to_twelve
  PASS  test_the_world_entities_continue_the_same_counter_from_thirteen
  PASS  test_every_live_persistent_id_is_unique_across_kinds
  PASS  test_no_destroyed_persistent_id_is_reissued
[R-INIT-ID-001] ids consumed by initialization: 1768; next id: 1769
  PASS  test_the_next_persistent_id_is_derived_from_every_allocation_event
  PASS  test_the_same_seed_initializes_identically_under_the_new_order
  PASS  test_generation_refuses_a_settlement_that_already_holds_residents
  PASS  test_an_unloaded_item_catalog_refuses_and_leaves_the_settlement_empty
  PASS  test_a_refusal_before_the_transaction_retains_the_previous_valid_world
  PASS  test_a_cohort_that_refuses_leaves_no_half_settlement_standing
  PASS  test_a_refused_cohort_preflight_never_enters_the_transaction
  PASS  test_the_cohort_is_allocated_seeded_and_before_the_world_is_published
  PASS  test_an_abandoned_transaction_does_not_leave_a_plan_that_can_publish_later
  PASS  test_a_refused_generation_reports_it_and_spawns_no_cohort
  PASS  test_resetting_a_generated_settlement_discards_the_world_with_the_cohort
  PASS  test_a_new_world_restarts_the_id_space_at_rowan
  PASS  test_the_building_store_is_composed_over_this_settlements_one_directory
  PASS  test_an_empty_settlement_holds_no_building_room_or_furniture
  PASS  test_a_placed_building_allocates_a_row_in_the_settlements_directory
  PASS  test_the_bed_counter_reads_live_furniture_rows_and_falls_when_one_is_removed
  PASS  test_a_bed_takes_a_resident_of_this_settlement_as_its_user
  PASS  test_a_bed_refuses_a_directory_row_that_is_not_a_resident
  PASS  test_resetting_the_settlement_empties_the_building_store_and_its_directory_rows
  PASS  test_a_generated_settlement_materialises_the_starter_colony
  PASS  test_a_building_placed_after_generation_takes_the_next_persistent_id
  PASS  test_the_building_store_adds_no_stage_to_the_tick
  PASS  test_the_construction_store_shares_this_settlements_building_store
  PASS  test_a_project_opened_through_the_settlement_names_a_real_building
  PASS  test_a_generated_settlement_still_holds_no_construction_project
  PASS  test_resetting_the_settlement_releases_every_project_row
  PASS  test_the_construction_store_adds_no_stage_to_the_tick
  PASS  test_a_ledger_failure_in_the_hourly_sweep_raises_the_existing_critical_pause
  PASS  test_the_faulted_hour_is_retried_exactly_once_and_recovers_the_same_hour
  PASS  test_a_recovered_retry_clears_the_pause_and_the_fault_together
EXPECTED ERROR: SettlementSystem: stock integrity fault 'INVENTORY_TRANSACTION_OPEN' at hour tick 750 is unrecovered (retries attempted: 1); the simulation is halted until the settlement is reset.
   at: push_error (core/variant/variant_utility.cpp:1023)
   GDScript backtrace (most recent call first):
       [0] _halt_stock_integrity (res://scripts/systems/settlement_system.gd:2184)
       [1] _retry_stock_hour (res://scripts/systems/settlement_system.gd:2105)
       [2] _age_stock_hour (res://scripts/systems/settlement_system.gd:2075)
       [3] _age_stocks (res://scripts/systems/settlement_system.gd:2062)
       [4] _run_stages (res://scripts/systems/settlement_system.gd:1940)
       [5] run_tick (res://scripts/systems/settlement_system.gd:1905)
       [6] test_a_retry_that_also_fails_halts_the_simulation_and_is_never_retried_again (res://test/test_settlement_system.gd:2761)
       [7] _run_test (res://test/run_tests.gd:194)
       [8] _run_suite (res://test/run_tests.gd:168)
       [9] _run_suite (/home/runner/work/redwall-rts/redwall-rts/tools/ci_test_shard_runner.gd:30)
       [10] _run_worker (res://test/run_tests.gd:121)
       [11] _initialize (res://test/run_tests.gd:108)
  PASS  test_a_retry_that_also_fails_halts_the_simulation_and_is_never_retried_again
EXPECTED ERROR: SettlementSystem: stock integrity fault 'INVENTORY_TRANSACTION_OPEN' at hour tick 750 is unrecovered (retries attempted: 1); the simulation is halted until the settlement is reset.
   at: push_error (core/variant/variant_utility.cpp:1023)
   GDScript backtrace (most recent call first):
       [0] _halt_stock_integrity (res://scripts/systems/settlement_system.gd:2184)
       [1] _retry_stock_hour (res://scripts/systems/settlement_system.gd:2105)
       [2] _age_stock_hour (res://scripts/systems/settlement_system.gd:2075)
       [3] _age_stocks (res://scripts/systems/settlement_system.gd:2062)
       [4] _run_stages (res://scripts/systems/settlement_system.gd:1940)
       [5] run_tick (res://scripts/systems/settlement_system.gd:1905)
       [6] test_a_halted_tick_runs_no_stage_and_re_asserts_the_shared_critical_bit (res://test/test_settlement_system.gd:2785)
       [7] _run_test (res://test/run_tests.gd:194)
       [8] _run_suite (res://test/run_tests.gd:168)
       [9] _run_suite (/home/runner/work/redwall-rts/redwall-rts/tools/ci_test_shard_runner.gd:30)
       [10] _run_worker (res://test/run_tests.gd:121)
       [11] _initialize (res://test/run_tests.gd:108)
  PASS  test_a_halted_tick_runs_no_stage_and_re_asserts_the_shared_critical_bit
EXPECTED ERROR: SettlementSystem: stock integrity fault 'INVENTORY_TRANSACTION_OPEN' at hour tick 750 is unrecovered (retries attempted: 1); the simulation is halted until the settlement is reset.
   at: push_error (core/variant/variant_utility.cpp:1023)
   GDScript backtrace (most recent call first):
       [0] _halt_stock_integrity (res://scripts/systems/settlement_system.gd:2184)
       [1] _retry_stock_hour (res://scripts/systems/settlement_system.gd:2105)
       [2] _age_stock_hour (res://scripts/systems/settlement_system.gd:2075)
       [3] _age_stocks (res://scripts/systems/settlement_system.gd:2062)
       [4] _run_stages (res://scripts/systems/settlement_system.gd:1940)
       [5] run_tick (res://scripts/systems/settlement_system.gd:1905)
       [6] test_only_a_reset_leaves_a_halted_settlement (res://test/test_settlement_system.gd:2804)
       [7] _run_test (res://test/run_tests.gd:194)
       [8] _run_suite (res://test/run_tests.gd:168)
       [9] _run_suite (/home/runner/work/redwall-rts/redwall-rts/tools/ci_test_shard_runner.gd:30)
       [10] _run_worker (res://test/run_tests.gd:121)
       [11] _initialize (res://test/run_tests.gd:108)
  PASS  test_only_a_reset_leaves_a_halted_settlement
  PASS  test_a_later_hours_fault_earns_its_own_single_retry
  PASS  test_a_cadence_refusal_is_not_an_integrity_fault_and_pauses_nothing
EXPECTED ERROR: SettlementSystem: stock integrity fault 'OVERFLOW' at hour tick 750 is unrecovered (retries attempted: 0); the simulation is halted until the settlement is reset.
   at: push_error (core/variant/variant_utility.cpp:1023)
   GDScript backtrace (most recent call first):
       [0] _halt_stock_integrity (res://scripts/systems/settlement_system.gd:2184)
       [1] _raise_stock_integrity_fault (res://scripts/systems/settlement_system.gd:2160)
       [2] _note_stock_hour_result (res://scripts/systems/settlement_system.gd:2134)
       [3] _age_stock_hour (res://scripts/systems/settlement_system.gd:2082)
       [4] _age_stocks (res://scripts/systems/settlement_system.gd:2062)
       [5] _run_stages (res://scripts/systems/settlement_system.gd:1940)
       [6] run_tick (res://scripts/systems/settlement_system.gd:1905)
       [7] test_a_per_lot_arithmetic_failure_pauses_and_halts_without_a_retry (res://test/test_settlement_system.gd:2882)
       [8] _run_test (res://test/run_tests.gd:194)
       [9] _run_suite (res://test/run_tests.gd:168)
       [10] _run_suite (/home/runner/work/redwall-rts/redwall-rts/tools/ci_test_shard_runner.gd:30)
       [11] _run_worker (res://test/run_tests.gd:121)
       [12] _initialize (res://test/run_tests.gd:108)
  PASS  test_a_per_lot_arithmetic_failure_pauses_and_halts_without_a_retry
  PASS  test_the_daily_aging_leg_raises_and_retries_the_same_fault_as_the_tick_path
EXPECTED ERROR: SettlementSystem: stock integrity fault 'INVENTORY_TRANSACTION_OPEN' at hour tick 750 is unrecovered (retries attempted: 1); the simulation is halted until the settlement is reset.
   at: push_error (core/variant/variant_utility.cpp:1023)
   GDScript backtrace (most recent call first):
       [0] _halt_stock_integrity (res://scripts/systems/settlement_system.gd:2184)
       [1] _retry_stock_hour (res://scripts/systems/settlement_system.gd:2105)
       [2] _age_stock_hour (res://scripts/systems/settlement_system.gd:2075)
       [3] _age_stocks (res://scripts/systems/settlement_system.gd:2062)
       [4] _run_stages (res://scripts/systems/settlement_system.gd:1940)
       [5] run_tick (res://scripts/systems/settlement_system.gd:1905)
       [6] test_a_halted_settlement_refuses_the_daily_boundary_before_aging_anything (res://test/test_settlement_system.gd:2928)
       [7] _run_test (res://test/run_tests.gd:194)
       [8] _run_suite (res://test/run_tests.gd:168)
       [9] _run_suite (/home/runner/work/redwall-rts/redwall-rts/tools/ci_test_shard_runner.gd:30)
       [10] _run_worker (res://test/run_tests.gd:121)
       [11] _initialize (res://test/run_tests.gd:108)
  PASS  test_a_halted_settlement_refuses_the_daily_boundary_before_aging_anything
  PASS  test_the_retry_runs_inside_the_existing_stock_age_stage_and_adds_no_ninth
  PASS  test_the_integrity_refusal_class_is_read_from_stock_ages_own_constants
  PASS  test_the_settlement_binds_its_own_aging_stage_as_the_seed_expiry_authority
  PASS  test_exact_expiry_is_refused_at_reserve_and_one_milli_hour_short_is_not
  PASS  test_an_existing_claim_is_revalidated_at_commit_and_refused
  PASS  test_the_guard_still_lets_the_hourly_pass_convert_the_seed_it_refuses
  PASS  test_the_wiring_survives_a_settlement_reset
  PASS  test_the_seed_guard_survives_a_critical_pause_and_its_retry_recovery
  PASS  test_the_settlement_owns_one_transform_store_bound_to_its_own_directory
  PASS  test_the_generated_cohort_stands_on_the_authored_assembly_row
  PASS  test_the_twelve_assembly_tiles_are_distinct_and_are_the_authored_indices
  PASS  test_the_generated_map_reserves_the_assembly_row_before_resource_placement
  PASS  test_nothing_static_or_generated_occupies_the_assembly_row
  PASS  test_the_assembly_row_grants_no_home_bed_or_building
  PASS  test_placement_happens_against_the_prepared_world_not_a_published_one
  PASS  test_the_cohort_only_fixture_places_nobody
  PASS  test_assignment_follows_the_persistent_id_and_not_the_resident_row
  PASS  test_the_resolver_refuses_a_cohort_that_is_not_exactly_ids_one_to_twelve
  PASS  test_the_resolver_refuses_an_undersized_output_column_rather_than_resizing_it
  PASS  test_a_refused_generation_over_a_published_world_leaves_the_poses_byte_identical
  PASS  test_a_cohort_refusal_inside_the_transaction_leaves_no_pose_standing
  PASS  test_a_new_world_reset_leaks_no_pose_into_the_world_that_follows_it
  PASS  test_repeated_presentation_reads_change_no_authoritative_pose_byte
  PASS  test_the_apron_exclusion_covers_exactly_the_twelve_authored_tiles
  PASS  test_a_plan_that_puts_a_resource_node_on_the_apron_refuses_the_placement
  PASS  test_a_plan_clear_of_the_apron_passes_the_exclusion
  PASS  test_an_unreadable_plan_refuses_rather_than_being_treated_as_empty
  PASS  test_a_pose_store_that_leaves_a_previous_pose_behind_refuses_the_whole_world
  PASS  test_a_candidate_row_that_is_already_placed_refuses_before_anything_is_written
  PASS  test_a_spotless_building_passes_the_preview_and_admit_then_needs_output_capacity
  PASS  test_the_gate_refuses_a_stale_inactive_or_already_demolishing_building
  PASS  test_the_gate_reports_the_exact_stranded_lots_of_a_building_owned_store
  PASS  test_a_reserved_lot_is_counted_once_and_not_twice
  PASS  test_reserved_container_mass_is_an_outstanding_claim_and_never_an_invented_lot
  PASS  test_goods_under_a_room_or_a_furniture_owner_are_not_missed
  PASS  test_a_projects_material_container_is_scanned_through_its_inventory_handle
  PASS  test_a_material_container_reached_twice_is_counted_once
  PASS  test_an_unprovable_material_container_binding_refuses_as_a_missing_contract
  PASS  test_a_delivered_project_with_no_container_binding_refuses_as_a_missing_contract
  PASS  test_the_endpoint_proof_runs_before_the_occupant_recheck
  PASS  test_stranded_goods_refuse_before_the_occupant_recheck
  PASS  test_the_resident_half_still_refuses_after_a_proved_empty_goods_scan
  PASS  test_a_haul_that_clears_the_store_lets_the_preview_pass
  PASS  test_no_demolition_request_changes_one_byte_of_any_store
  PASS  test_a_spotless_request_changes_nothing_either
  PASS  test_the_gate_scans_every_container_an_owner_holds_rather_than_a_buffers_worth
CI_SUITE_TIME {"assertions":6044,"failures":0,"suite":"test_settlement_system.gd","tests":179,"usec":59925603}
test_spatial_world.gd
  PASS  test_grid_is_512_squared_half_metre_cells
  PASS  test_cell_index_is_z_times_512_plus_x
  PASS  test_cell_index_refuses_off_grid_coordinates
  PASS  test_cell_centres_and_position_lookup_round_trip
  PASS  test_position_lookup_refuses_outside_the_map
  PASS  test_macro_cells_are_16_by_16_and_tile_the_grid
  PASS  test_walkability_follows_world_init_terrain_tile_for_tile
  PASS  test_the_ford_is_walkable_river
  PASS  test_the_ford_is_not_a_fishing_work_tile
  PASS  test_the_river_blocks_everywhere_except_the_ford
  PASS  test_heights_are_the_three_authored_surfaces
  PASS  test_readers_refuse_an_out_of_range_cell
  PASS  test_clearance_is_the_largest_open_square_at_the_cell
  PASS  test_clearance_class_is_a_caller_input_not_a_published_profile
  PASS  test_clearance_shrinks_beside_a_blocked_cell
  PASS  test_macro_anchor_is_the_lowest_passable_cell_of_the_macro
  PASS  test_the_macro_anchor_skips_cells_that_fail_the_clearance_class
  PASS  test_a_ground_location_carries_domain_layer_revision_and_owner
  PASS  test_a_location_requires_a_generation_safe_owner
  PASS  test_same_x_and_z_does_not_identify_a_destination_across_domains
  PASS  test_uncontracted_domains_and_layers_refuse_by_name
  PASS  test_a_location_minted_before_an_edit_is_no_longer_current
  PASS  test_revisions_start_positive_and_are_bounded_not_wrapped
  PASS  test_legality_override_refuses_an_out_of_range_cell
  PASS  test_legality_override_updates_walkability_and_the_walkable_count
  PASS  test_a_contact_separates_its_work_point_from_the_cell_a_body_stands_on
  PASS  test_a_contact_with_no_destination_revision_is_not_a_valid_target
  PASS  test_a_contact_refuses_an_approach_cell_a_body_cannot_stand_on
  PASS  test_a_contact_accepts_an_unwalkable_work_point_reached_from_a_walkable_approach
  PASS  test_a_contact_refuses_off_grid_cells_and_a_null_owner
  PASS  test_no_adjacency_rule_is_imposed_between_a_work_point_and_its_approach
  PASS  test_a_contact_minted_before_an_edit_is_no_longer_current
  PASS  test_an_unbound_contact_is_never_current
  PASS  test_clearing_a_contact_releases_both_endpoints_and_its_revision
CI_SUITE_TIME {"assertions":16755,"failures":0,"suite":"test_spatial_world.gd","tests":34,"usec":781648}
test_starter_colony.gd
  PASS  test_the_seven_buildings_stand_active_at_their_authored_tiles
  PASS  test_the_hall_holds_four_rooms_over_its_eighty_interior_tiles
  PASS  test_thirty_one_floor_furniture_stand_on_the_diagram_and_no_edge_piece_is_placed
  PASS  test_the_applied_colony_matches_its_plan_and_a_changed_row_does_not
  PASS  test_room_and_furniture_drift_are_caught
  PASS  test_the_apply_is_deterministic_over_a_fresh_store
  PASS  test_interior_tiles_map_to_the_exterior_grid
  PASS  test_an_occupied_footprint_refuses_before_anything_is_placed
  PASS  test_a_locked_mask_and_missing_inputs_refuse_without_writing
  PASS  test_a_full_building_directory_refuses_by_capacity_before_placing
  PASS  test_a_footprint_over_a_live_ground_pile_refuses_through_the_placement_authority
  PASS  test_the_binding_names_the_hall_and_the_four_stockpiles_at_their_origins
  PASS  test_no_binding_without_the_colony_standing
  PASS  test_an_impostor_at_a_planned_origin_does_not_bind
  PASS  test_a_building_of_another_type_on_a_planned_origin_is_caught
  PASS  test_a_piece_of_another_type_or_rotation_on_a_planned_tile_is_caught
  PASS  test_a_plan_naming_a_fifth_stockpile_does_not_bind
  PASS  test_a_room_whose_tiles_run_in_another_order_is_caught
  PASS  test_a_stockpile_covering_a_planned_origin_from_elsewhere_does_not_bind
  PASS  test_a_building_covering_its_planned_origin_from_elsewhere_is_caught
CI_SUITE_TIME {"assertions":1278,"failures":0,"suite":"test_starter_colony.gd","tests":20,"usec":1128736}
test_stock_authority_lifetime.gd
  PASS  test_the_bound_pair_is_released_once_external_references_are_dropped
  PASS  test_a_live_binding_is_still_consulted_on_every_admission
  PASS  test_a_live_binding_that_re_enters_the_store_is_still_refused
  PASS  test_clear_preserves_a_live_binding
  PASS  test_an_explicit_unbind_enforces_nothing
  PASS  test_an_expired_binding_refuses_instead_of_admitting
  PASS  test_an_expired_binding_is_distinguishable_from_an_explicit_unbind
  PASS  test_rebinding_a_live_authority_restores_enforcement
CI_SUITE_TIME {"assertions":49,"failures":0,"suite":"test_stock_authority_lifetime.gd","tests":8,"usec":10912}
test_ui_notices.gd
  PASS  test_every_authored_summary_fits_the_narrow_card
  PASS  test_the_widest_summary_is_the_one_the_fit_test_would_catch
  PASS  test_the_generation_failure_is_the_severity_and_title_the_ruling_names
  PASS  test_no_two_categories_share_a_title_and_none_is_generic
  PASS  test_every_severity_carries_a_word_an_icon_and_a_colour
  PASS  test_the_count_suffix_appears_only_when_other_notices_are_active
  PASS  test_the_three_line_generation_refusal_is_retained_byte_for_byte
  PASS  test_the_expanded_disclosure_carries_message_source_code_and_recovery
  PASS  test_an_absent_recovery_is_stated_rather_than_invented
  PASS  test_the_accessible_text_exposes_severity_the_full_message_and_the_action
  PASS  test_twenty_notices_are_all_retained
  PASS  test_a_repeat_of_the_same_code_and_source_counts_rather_than_adding_a_row
  PASS  test_two_different_sources_of_one_code_stay_two_notices
  PASS  test_two_uncoded_messages_never_overwrite_each_other
  PASS  test_the_top_card_is_the_highest_severity_then_the_earliest
  PASS  test_resolving_a_condition_keeps_it_in_the_history
  PASS  test_resolved_notices_sort_below_active_ones
  PASS  test_an_unknown_category_is_refused_by_name
  PASS  test_an_empty_message_is_refused_rather_than_stored_as_a_blank_notice
  PASS  test_reading_a_row_that_does_not_exist_is_refused_and_leaves_no_stale_notice
  PASS  test_an_empty_record_refuses_a_top_card_instead_of_answering_zero
  PASS  test_a_full_record_of_live_conditions_refuses_rather_than_evicting_by_an_unstated_rule
  PASS  test_the_oldest_resolved_info_is_evicted_before_a_resolved_warning
  PASS  test_every_authored_summary_fits_the_card_height_it_is_drawn_in
  PASS  test_the_narrow_summary_padding_is_what_makes_its_forty_four_fit
CI_SUITE_TIME {"assertions":1210,"failures":0,"suite":"test_ui_notices.gd","tests":25,"usec":174110}
test_ui_registry.gd
  PASS  test_the_registry_holds_every_one_of_section_fours_103_elements
  PASS  test_ids_outside_the_range_are_refused_rather_than_wrapped
  PASS  test_every_element_has_a_unique_non_empty_name
  PASS  test_element_keys_are_the_specifications_own_zero_padded_ids
  PASS  test_quoted_rows_match_the_specification_exactly
  PASS  test_every_zone_profile_and_gate_value_is_a_defined_one
  PASS  test_every_fixed_size_has_a_maximum_no_smaller_than_its_minimum
  PASS  test_runtime_sized_rows_refuse_a_rectangle_instead_of_inventing_one
  PASS  test_each_runtime_sized_row_states_which_runtime_shape_it_is
  PASS  test_every_interactive_row_meets_the_32_pixel_minimum_hitbox
  PASS  test_the_scrollbar_is_the_only_element_below_the_minimum_width
  PASS  test_interactivity_follows_the_profile_rather_than_the_element_name
  PASS  test_the_residents_command_opens_the_roster_and_not_the_world_access_list
  PASS  test_no_element_opens_the_world_access_list_because_f6_does
  PASS  test_every_quoted_opening_matches_the_specification
  PASS  test_a_row_that_opens_nothing_refuses_rather_than_answering_zero
  PASS  test_the_centre_frame_has_exactly_the_two_variants_section_four_names
  PASS  test_a_tool_or_expansion_opener_is_refused_a_centre_frame
  PASS  test_no_selection_gated_row_opens_a_centre_workspace
  PASS  test_the_overflow_policies_are_only_grow_and_scroll
  PASS  test_panels_and_modals_scroll_while_rows_and_readouts_grow
  PASS  test_a_thirty_two_character_name_grows_its_row_without_reaching_the_maximum
  PASS  test_growing_refuses_a_font_below_the_fourteen_pixel_floor
  PASS  test_a_scrolling_container_refuses_to_grow_a_row
  PASS  test_a_modal_body_leaves_the_sixty_pixel_confirmation_footer_uncovered
  PASS  test_a_long_refusal_scrolls_its_panel_rather_than_being_clipped
  PASS  test_larger_text_scrolls_instead_of_shrinking_the_font
  PASS  test_the_grown_height_never_falls_below_the_row_minimum_at_any_scale
  PASS  test_scroll_is_refused_for_a_measurement_the_specification_forbids
CI_SUITE_TIME {"assertions":1446,"failures":0,"suite":"test_ui_registry.gd","tests":29,"usec":18268}
test_underground_actor_content.gd
  PASS  test_streamed_source_is_immutable_and_has_explicit_full_peak_admission
  PASS  test_refused_corrupt_candidate_keeps_no_partial_palette_or_identity
  PASS  test_hash_and_last_byte_of_presentation_reserve_are_mandatory
  PASS  test_fixed_presentation_phase_preserves_loop_clamp_and_ping_pong_source_modes
  PASS  test_short_final_source_interval_reaches_the_actual_finite_endpoint
  PASS  test_provenance_readers_preserve_failed_outputs_and_do_not_bless_unbound_profiles
  PASS  test_borrowed_mesh_geometry_and_skin_must_match_every_source_byte
  PASS  test_actor_configuration_refuses_before_native_allocation_when_source_or_tree_is_missing
CI_SUITE_TIME {"assertions":109,"failures":0,"suite":"test_underground_actor_content.gd","tests":8,"usec":24316}
test_underground_connector_placements.gd
  PASS  test_actual_source_registration_copies_full_identity_without_building_geometry
  PASS  test_frame_reader_copies_exact_existing_tuple_without_observers_or_aliases
  PASS  test_frame_reader_preserves_output_for_shape_generation_and_actual_source_drift
  PASS  test_stream_capture_restore_is_bounded_and_authority_is_mandatory
  PASS  test_registration_replaced_lease_preserves_new_lease_and_empty_state
  PASS  test_retirement_requires_cleanup_and_reuses_full_generation
  PASS  test_actual_paid_completion_commits_all_companions_once_without_postpayment_observers
  PASS  test_final_observer_replaced_budget_refuses_before_funding_and_preserves_replacement
  PASS  test_final_actual_building_drift_refuses_without_spending_then_retries
  PASS  test_prepaid_observer_cannot_use_generic_or_static_paid_publication
  PASS  test_postpayment_tail_uses_no_source_endpoint_or_binding_observers
  PASS  test_final_reentry_poison_preserves_payment_and_permits_new_retry
  PASS  test_constructor_and_opening_exhaustion_refuse_without_growing_any_bank
  PASS  test_streamed_hostile_transform_and_generation_preserve_live_state
  PASS  test_refund_clears_only_project_and_never_installs_or_erases_geometry
  PASS  test_mutated_installation_packet_cannot_substitute_original_project_or_token
  PASS  test_replaced_location_candidate_survives_failed_original_publication
  PASS  test_source_lease_replacement_precedes_location_bank_copy
  PASS  test_source_lease_replacement_precedes_route_bank_copy
  PASS  test_final_leaf_precharges_capacity_scans_before_reading_sources
  PASS  test_admit_requires_revision_for_both_identity_attach_and_terminal_transition
  PASS  test_all_mutations_preserve_active_order_terminal_revision_reservation
  PASS  test_streamed_active_exhaustion_and_false_active_count_preserve_live_project
  PASS  test_refund_preflight_refuses_exhaustion_before_actual_inventory_settlement
  PASS  test_foreign_actual_catalog_group_recipe_cannot_bind_existing_route_provider
  PASS  test_late_route_catalog_rewire_refuses_before_payment_and_geometry
  PASS  test_completion_never_normalizes_an_unrelated_stale_placement_source
  PASS  test_completion_never_normalizes_an_unrelated_stale_opening_source
  PASS  test_completion_preserves_retained_section_level_before_payment
CI_SUITE_TIME {"assertions":4004,"failures":0,"suite":"test_underground_connector_placements.gd","tests":29,"usec":15431977}
test_underground_entry_orders.gd
  PASS  test_nonflat_entry_allocates_one_corridor_and_only_unique_solid_sites
  PASS  test_section_is_metadata_and_exact_claim_boxes_keep_all_heights
  PASS  test_request_shape_refuses_before_cold_admission
  PASS  test_stale_world_or_space_revision_never_borrows_another_namespace
  PASS  test_default_entry_binding_refuses_without_fallback_to_flat_geometry
  PASS  test_cold_denial_and_callback_growth_precede_any_copied_claims
  PASS  test_every_source_and_placement_pin_is_rechecked_after_preparation
  PASS  test_private_packet_and_future_candidate_mutation_refuse_without_spending_identity
  PASS  test_unqualified_or_changed_frontier_publishes_nothing
  PASS  test_reentry_and_direct_future_room_creation_cannot_steal_the_entry_stage
  PASS  test_replaced_original_lease_is_not_released_or_used_for_publication
  PASS  test_final_pure_guard_catches_mutation_after_sites_preparation
  PASS  test_future_and_consumed_claim_batches_cannot_publish_twice
  PASS  test_entry_publication_never_reenters_authority_after_identity
  PASS  test_entry_final_guard_and_receipt_use_concrete_facts_without_observer_dispatch
  PASS  test_final_companion_refusal_and_mutation_leave_prepared_sites_unpublished
  PASS  test_out_of_domain_claim_or_metadata_refuses_atomically
  PASS  test_another_confirmed_room_cannot_capture_reserved_entry_volume
  PASS  test_entry_packet_copies_all_fields_without_aliasing_packed_inputs
CI_SUITE_TIME {"assertions":797,"failures":0,"suite":"test_underground_entry_orders.gd","tests":19,"usec":8770591}
test_underground_entry_placements.gd
  PASS  test_actual_confirmation_publishes_future_placement_and_refreshes_old_paths
  PASS  test_unbound_or_refused_companion_preserves_all_live_owners
  PASS  test_first_frontier_bind_is_exact_and_remains_bound_after_retirement_to_empty
  PASS  test_late_frontier_tuple_and_original_request_changes_refuse_atomically
  PASS  test_first_frontier_pin_cannot_change_both_observed_request_images
  PASS  test_original_lease_replacement_after_sites_never_publishes_or_releases_replacement
  PASS  test_final_candidate_and_prepared_payload_changes_refuse_before_identity
  PASS  test_original_context_reentry_and_early_publication_cannot_commit
  PASS  test_second_admission_preserves_prior_self_target_and_rejects_other_source_tuple
  PASS  test_late_actual_retained_room_drift_never_gets_refreshed_into_a_new_placement
  PASS  test_missing_refresh_stale_anchor_and_mixed_opening_tuple_refuse_without_identity
  PASS  test_request_growth_in_last_location_scope_refuses_before_actual_bank_copy
  PASS  test_replaced_location_candidate_cannot_be_inherited_or_destroyed_by_original_cleanup
CI_SUITE_TIME {"assertions":466,"failures":0,"suite":"test_underground_entry_placements.gd","tests":13,"usec":7489141}
test_underground_level_catalog.gd
  PASS  test_actual_pack_derives_six_levels_with_complete_local_bands
  PASS  test_surface_entry_has_no_invented_roof_or_completed_floor
  PASS  test_sections_keep_roof_fixed_and_require_matching_authored_short_rise
  PASS  test_stale_world_or_foreign_domain_cannot_keep_valid_looking_heights
  PASS  test_failed_binding_does_not_partially_publish_identity
  PASS  test_unbound_or_extreme_lookup_never_narrows_before_refusal
  PASS  test_offset_footing_outside_a_shallower_domain_is_not_silently_clipped
  PASS  test_hash_schema_truncation_and_capacity_refuse_before_publication
  PASS  test_nonquantized_spacing_or_overflowing_domain_never_creates_implicit_levels
  PASS  test_content_hash_uses_exact_scratch_and_does_not_alias_storage
CI_SUITE_TIME {"assertions":179,"failures":0,"suite":"test_underground_level_catalog.gd","tests":10,"usec":258222}
test_underground_locations.gd
  PASS  test_unique_surface_lookup_requires_original_lease_and_finite_work_before_reads
  PASS  test_unique_surface_lookup_is_exact_role_point_and_world_floor_scope
  PASS  test_unique_lookup_refuses_duplicate_live_selectors_and_preserves_retirement_generations
  PASS  test_unique_surface_lookup_rechecks_world_source_namespace_and_output_shape
  PASS  test_unique_lookup_refuses_preparation_and_stale_geometry_without_refreshing_it
  PASS  test_unique_room_lookup_requires_full_actual_room_source_and_surface_is_not_wildcard
  PASS  test_exact_real_binding_and_full_local_refs
  PASS  test_actual_shared_budget_blocks_capture_overlap_and_foreign_tokens
  PASS  test_prepared_endpoint_reader_requires_seal_and_preserves_bank_isolation
  PASS  test_arena_and_cold_admission_refuse_before_allocation
  PASS  test_reads_do_not_alias_packed_geometry
  PASS  test_negative_cells_and_stacked_sections_do_not_alias
  PASS  test_support_hole_refuses_despite_supported_corners
  PASS  test_water_unfinished_obstacle_and_boundary_refuse
  PASS  test_stale_geometry_requires_explicit_refresh_without_payload_change
  PASS  test_actual_inventory_promotion_and_retirement_guard
  PASS  test_abort_and_stale_seal_do_not_publish_locations
  PASS  test_exhaustion_reuse_and_wire_round_trip
  PASS  test_malformed_image_and_foreign_floor_preserve_live_bytes
  PASS  test_unqualified_transit_role_never_grants_storage
  PASS  test_load_cannot_repoint_a_live_immutable_handle
  PASS  test_load_requires_canonical_generation_exhaustion
  PASS  test_future_location_requires_actual_sites_binding
  PASS  test_post_seal_inventory_retention_prevents_location_retirement
  PASS  test_graph_retention_preserves_live_endpoints_at_all_publication_boundaries
  PASS  test_graph_retention_refuses_load_that_removes_or_recycles_a_live_location
  PASS  test_expired_foreign_and_reentrant_graph_observers_fail_closed
  PASS  test_actual_endpoint_capacity_reader_never_infers_a_smaller_namespace
  PASS  test_later_retention_callback_cannot_strand_earlier_actual_inventory_endpoint
  PASS  test_observer_released_cold_lease_refuses_final_publication
  PASS  test_restore_rechecks_actual_inventory_and_lease_after_observer_callbacks
  PASS  test_transit_doorway_spans_adjacent_rooms_but_placement_keeps_whole_section_rule
  PASS  test_transit_without_actual_site_or_with_changed_paid_domain_refuses
  PASS  test_transit_doorway_retains_actual_walls_unfinished_and_support_holes
  PASS  test_transit_pending_neighbour_claim_does_not_create_clear_volume
  PASS  test_location_receipt_requires_exact_success_and_load_never_restores_it
  PASS  test_room_confirmation_refreshes_existing_contacts_in_actual_callback_order
  PASS  test_room_companion_requires_every_existing_endpoint_refresh_before_identity
  PASS  test_room_companion_late_refusal_and_request_drift_preserve_live_state
  PASS  test_room_companion_reentry_and_replaced_lease_cannot_publish
  PASS  test_room_companion_rechecks_complete_support_in_sealed_future
  PASS  test_room_endpoint_binding_refuses_unbound_foreign_and_active_owners
  PASS  test_world_scope_requires_exact_once_bound_quiescent_actual_owner
  PASS  test_world_prepare_checks_original_lease_and_seal_before_observers_or_bank_copy
  PASS  test_world_anchor_publishes_after_exact_space_receipt_without_post_swap_observers
  PASS  test_world_context_preserves_all_existing_payloads_and_requires_complete_refresh
  PASS  test_world_context_requires_world_rows_and_complete_physical_coverage
  PASS  test_world_scope_observer_replacement_and_reentry_preserve_candidate_ownership
  PASS  test_world_publication_refuses_other_space_transaction_at_same_revision
  PASS  test_world_publish_rechecks_original_lease_and_preserved_rows_purely
  PASS  test_world_source_callback_replaces_lease_before_actual_snapshot_allocation
  PASS  test_world_source_callback_cannot_abort_or_mutate_caller_record
  PASS  test_world_transit_anchor_preserves_actual_room_claim_blockers
  PASS  test_live_selector_needs_no_lease_and_keeps_exact_finite_source_and_uniqueness_rules
  PASS  test_live_selector_rejects_prepared_context_and_current_room_source_drift
  PASS  test_live_source_hint_rechecks_revision_full_identity_and_room_facts
  PASS  test_source_hint_rejects_actual_retirement_and_reused_full_generation
CI_SUITE_TIME {"assertions":1731,"failures":0,"suite":"test_underground_locations.gd","tests":57,"usec":3911868}
test_underground_room_admission.gd
  PASS  test_clear_actual_dirt_reaches_missing_entry_without_publishing_a_free_room
  PASS  test_oversize_and_busy_refuse_before_domain_plan_or_snapshot_copy
  PASS  test_level_label_height_and_floor_must_match_actual_catalog
  PASS  test_full_paid_cube_rejects_wall_outside_fine_shape_and_other_depth_stays_separate
  PASS  test_existing_room_claims_and_actual_pending_items_remain_blockers
  PASS  test_protected_above_and_required_footing_use_actual_xyz_bands
  PASS  test_hole_occupancy_is_not_filled_by_metadata_or_room_bounds
  PASS  test_retained_physical_history_cannot_be_reclassified_as_virgin_by_a_new_plan
  PASS  test_snapshot_callback_lease_replacement_clears_owned_scratch_and_preserves_foreign_lease
  PASS  test_source_callback_reentry_refuses_before_any_nested_cold_acquisition
  PASS  test_unscoped_direct_begin_and_refused_rebinding_have_no_permission
  PASS  test_callback_grown_input_refuses_before_any_owned_copy
  PASS  test_snapshot_callback_cannot_change_the_exact_copied_shape
  PASS  test_equal_numbered_foreign_level_binding_and_expired_catalog_refuse
  PASS  test_actual_sites_survives_callback_outer_release_until_scope_cleanup
  PASS  test_full_existing_cell_ceiling_reaches_entry_refusal_under_one_actual_lease
  PASS  test_fine_duplicate_cells_fit_exact_remaining_physical_history_capacity
  PASS  test_actual_history_capacity_refuses_complete_room_without_partial_claims
  PASS  test_final_source_callback_cannot_add_history_after_the_unique_cut_survey
  PASS  test_long_run_is_exactly_windowed_instead_of_inheriting_local_terrain_capacity
  PASS  test_large_hole_keeps_retained_occupancy_outside_exact_room_runs
  PASS  test_window_callback_losing_lease_stops_before_next_read_and_preserves_replacement
  PASS  test_wide_and_deep_cell_checks_all_actual_eight_by_eight_tile_windows
  PASS  test_later_terrain_window_observes_actual_river_instead_of_accepting_first_dry_window
CI_SUITE_TIME {"assertions":821,"failures":0,"suite":"test_underground_room_admission.gd","tests":24,"usec":15252387}
test_underground_surface_anchor.gd
  PASS  test_shared_surface_metadata_keeps_the_future_cut_unprotected
  PASS  test_surface_section_shape_refusals_leave_actual_owners_unchanged
  PASS  test_shared_section_requires_the_exact_live_datum_and_extent
  PASS  test_shared_section_still_requires_local_natural_footing
  PASS  test_caller_metadata_mutation_cannot_change_prepared_surface
  PASS  test_nested_shared_section_request_poison_preserves_existing_contacts
  PASS  test_real_natural_ground_publishes_complete_endpoint_without_construction_or_room
  PASS  test_anchor_cannot_create_air_in_dirt_or_footing_above_ground
  PASS  test_interior_support_gap_and_root_plane_mismatch_refuse
  PASS  test_actual_building_and_resource_footprints_refuse_without_sparse_registration
  PASS  test_removed_matter_cannot_be_republished_as_natural_footing
  PASS  test_late_building_after_final_locations_observer_refuses_before_both_swaps
  PASS  test_expired_original_lease_never_consumes_a_replacement_or_publishes_either_bank
  PASS  test_reentrant_creation_poisons_outer_observation_and_allows_clean_retry
  PASS  test_existing_endpoint_keeps_full_identity_and_payload_after_new_anchor
  PASS  test_location_capacity_refusal_leaves_existing_space_and_endpoint_unchanged
  PASS  test_binding_is_once_only_and_foreign_budget_does_not_alias_owner
  PASS  test_busy_cold_owner_refuses_before_any_geometry_transaction
  PASS  test_late_endpoint_inventory_replacement_refuses_both_swaps
  PASS  test_late_endpoint_transforms_replacement_refuses_both_swaps
  PASS  test_late_routes_residents_replacement_refuses_both_swaps
  PASS  test_late_routes_jobs_replacement_refuses_both_swaps
  PASS  test_late_profile_inventory_replacement_refuses_both_swaps
  PASS  test_late_construction_owner_replacement_refuses_both_swaps
  PASS  test_initial_binding_observer_cannot_enter_uninitialized_create
  PASS  test_low_operation_budget_refuses_before_terrain_observer
  PASS  test_repeated_scope_checks_share_one_budget_across_existing_endpoints
  PASS  test_last_locations_observer_abort_refuses_before_space_publication
  PASS  test_aborted_world_endpoint_cannot_rebegin_in_original_scope
  PASS  test_last_observer_independent_candidates_and_lease_survive_outer_cleanup
  PASS  test_last_observer_changed_new_payload_refuses_before_both_swaps
CI_SUITE_TIME {"assertions":329,"failures":0,"suite":"test_underground_surface_anchor.gd","tests":31,"usec":14372839}
test_underground_world_structure.gd
  PASS  test_actual_structure_query_remains_separate_from_full_work_qualification
  PASS  test_real_paid_brace_cut_finish_use_the_actual_world_structural_delegates
  PASS  test_reentrant_delegate_cannot_hide_behind_outer_success
  PASS  test_delegate_replacing_phase_lease_preserves_foreign_token
  PASS  test_bind_holds_actual_owner_until_all_reciprocal_callbacks_finish
  PASS  test_structural_callbacks_cannot_overlap_other_world_scratch
CI_SUITE_TIME {"assertions":64,"failures":0,"suite":"test_underground_world_structure.gd","tests":6,"usec":3141283}
test_work.gd
  PASS  test_base_rate_tick_produces_eighty_milli_wu
  PASS  test_work_factor_is_the_one_needs_publishes
  PASS  test_default_mood_worker_uses_the_1100_band
  PASS  test_factor_reader_scratch_preserves_mood_and_health_boundaries
  PASS  test_first_fractional_tick_carries_its_remainder
  PASS  test_carried_remainder_releases_an_extra_milli_wu
  PASS  test_long_run_matches_closed_form_arithmetic
  PASS  test_carry_survives_a_job_switch
  PASS  test_fractional_contribution_credits_no_xp
  PASS  test_xp_lands_on_the_tick_the_threshold_is_crossed
  PASS  test_xp_totals_ten_per_whole_wu_over_a_long_run
  PASS  test_xp_progress_is_retained_per_skill
  PASS  test_xp_is_credited_only_from_accepted_work
  PASS  test_a_travelling_job_produces_nothing
  PASS  test_a_collapsed_worker_produces_nothing
  PASS  test_a_dead_worker_produces_nothing
  PASS  test_a_job_without_a_worker_produces_nothing
  PASS  test_a_finished_job_refuses_further_work
  PASS  test_decision_0017_acceptance_example
  PASS  test_party_output_is_not_multiplied_by_crew_size
  PASS  test_party_progress_accumulates_only_on_the_coordinator
  PASS  test_party_of_one_advances_at_one_worker_rate
  PASS  test_leftover_goes_to_the_largest_fractional_remainder
  PASS  test_leftover_ties_break_by_ascending_persistent_id
  PASS  test_finishing_tick_allocates_exactly_the_accepted_total
  PASS  test_only_the_coordinator_records_completion
  PASS  test_a_completed_party_produces_no_second_completion
  PASS  test_worker_departure_preserves_shared_progress
  PASS  test_a_party_with_no_contributing_worker_produces_nothing
  PASS  test_tick_solo_refuses_a_coordinator_and_a_member
  PASS  test_tick_party_refuses_an_ordinary_job
  PASS  test_memory_total_moves_the_work_factor
  PASS  test_the_factor_call_site_still_reports_the_unfused_chains_number
  PASS  test_the_factor_call_site_maps_a_missing_needs_row_to_the_same_code_as_before
  PASS  test_the_factor_call_site_refuses_an_unspawned_row_at_the_skills_read
  PASS  test_reserved_skill_index_is_refused
  PASS  test_out_of_range_addresses_refuse_rather_than_return_a_number
  PASS  test_clear_returns_every_carry_to_zero
  PASS  test_an_ordinary_solo_tick_reads_no_persistent_id
  PASS  test_an_ordinary_party_tick_reads_no_persistent_id
  PASS  test_a_finishing_tick_with_no_leftover_reads_no_persistent_id
  PASS  test_a_leftover_tick_reads_each_frozen_identity_exactly_once
  PASS  test_reversed_member_order_gives_the_tie_to_the_same_worker
  PASS  test_reversed_member_order_keeps_the_largest_fraction_winner
  PASS  test_an_identity_refusal_leaves_shared_progress_and_xp_untouched
  PASS  test_a_refused_tick_leaves_the_activity_finishable
  PASS  test_a_departure_on_the_completion_tick_freezes_the_contributor_set
  PASS  test_leftover_allocation_reloads_identities_after_a_scratch_reset
  PASS  test_tick_solo_into_produces_the_same_outcome_as_the_wrapper
  PASS  test_tick_party_into_produces_the_same_outcome_as_the_wrapper
  PASS  test_a_solo_refusal_overwrites_every_field_of_a_reused_result
  PASS  test_a_refusal_after_a_completing_tick_clears_the_completion_flag
  PASS  test_a_party_refusal_overwrites_every_field_of_a_reused_result
  PASS  test_a_later_unfinished_tick_clears_a_previous_completion
  PASS  test_a_success_clears_a_previous_refusal_code
  PASS  test_the_into_forms_refuse_a_null_result_without_ticking
  PASS  test_the_allocating_wrappers_hand_back_a_fresh_result_each_call
  PASS  test_tool_wear_is_charged_to_the_contributor_who_earned_it
  PASS  test_a_party_wears_every_tool_once_and_never_one_tool_three_times
  PASS  test_the_first_durability_point_falls_at_exactly_ten_completed_wu
  PASS  test_one_job_keeps_settling_point_after_point_without_retaking_the_tool
  PASS  test_the_wear_carry_survives_releasing_the_claim_and_changing_job
  PASS  test_a_tool_claim_left_on_another_job_refuses_the_tick_and_moves_nothing
  PASS  test_a_broken_tool_stops_the_contributor_rather_than_working_for_free
  PASS  test_a_broken_tool_stops_one_builder_without_stopping_the_crew
  PASS  test_a_settlement_that_cannot_be_charged_refuses_before_consuming_the_work
  PASS  test_a_completed_job_spends_no_further_work_xp_or_durability_on_retry
  PASS  test_a_worker_with_no_tool_binding_is_charged_no_wear_at_all
  PASS  test_a_tool_can_only_be_claimed_by_the_resident_who_owns_and_wears_it
  PASS  test_a_tool_claim_needs_a_live_job_a_bound_store_and_a_real_resident
  PASS  test_releasing_a_claim_returns_the_gear_and_refuses_a_second_release
  PASS  test_binding_a_gear_store_refuses_null_and_refuses_a_swap_under_a_live_claim
  PASS  test_the_settlement_columns_are_one_row_per_resident_and_sized_once
  PASS  test_tip_work_rounds_up_and_matches_the_amendment_worked_examples
  PASS  test_splitting_a_tip_order_can_only_ever_cost_more_work
  PASS  test_tip_work_refuses_a_nonpositive_quantity_instead_of_answering_zero
CI_SUITE_TIME {"assertions":9234,"failures":0,"suite":"test_work.gd","tests":76,"usec":3636031}
test_world_owner_columns.gd
  PASS  test_the_resource_tile_map_captures_and_cross_checks_against_the_live_nodes
  PASS  test_a_tile_naming_a_row_that_is_not_present_is_refused
  PASS  test_a_live_node_with_no_inverse_entry_is_refused
  PASS  test_a_row_outside_the_node_capacity_is_refused_by_the_local_domain
  PASS  test_a_present_but_exhausted_node_is_not_rejected
  PASS  test_a_refused_restore_leaves_the_live_tile_map_untouched
  PASS  test_a_real_rotated_footprint_cross_checks_tile_by_tile
  PASS  test_dropping_one_footprint_tile_is_caught_and_the_origin_alone_is_not_enough
  PASS  test_a_stray_occupied_tile_no_live_row_claims_is_caught
  PASS  test_each_of_the_three_grids_is_bounded_by_its_own_capacity
  PASS  test_a_room_tile_run_and_its_furniture_cross_check_together
  PASS  test_the_farming_orchard_bound_mirrors_the_orchard_stores_own_capacity
  PASS  test_a_tile_with_no_live_plot_keeps_its_ripe_tick_and_tending
  PASS  test_a_family_without_its_streak_is_refused_by_the_stores_own_predicate
  PASS  test_each_tile_history_domain_is_bounded_where_the_ruling_says
  PASS  test_a_negative_ripe_tick_below_the_null_is_refused_but_minus_one_is_not
  PASS  test_the_plot_inverse_and_its_mirrors_cross_check_in_both_directions
  PASS  test_a_live_plot_with_no_tile_entry_is_caught_by_the_reverse_walk
  PASS  test_the_head_column_captures_and_the_two_chain_directions_agree
  PASS  test_two_tiles_of_one_zone_share_a_chain_the_walk_follows
  PASS  test_a_head_pointing_at_a_freed_link_is_refused_not_walked
  PASS  test_a_head_naming_a_link_never_handed_out_is_refused
  PASS  test_a_head_outside_the_arena_is_refused_by_the_local_domain
  PASS  test_saved_head_order_survives_a_restore_unchanged
  PASS  test_a_legality_override_survives_the_round_trip_and_is_not_rebuilt_away
  PASS  test_a_restore_rebuilds_the_walkable_count_and_the_clearance_column
  PASS  test_the_spatial_domains_are_the_baselines_and_the_revision_stays_i32
  PASS  test_every_cell_including_the_blocked_ones_is_represented
  PASS  test_the_temperature_and_rain_bounds_are_derived_and_equal_the_rulings
  PASS  test_every_present_event_tuple_must_be_the_compiled_one
  PASS  test_an_absent_tuple_is_exactly_minus_one_zero_zero
  PASS  test_a_present_event_needs_its_identity_and_that_season_must_admit_it
  PASS  test_an_expired_event_keeps_its_scheduled_identity_and_its_forecast
  PASS  test_a_restore_consumes_no_weather_draw
  PASS  test_the_cleared_fixture_is_reported_and_not_promoted
  PASS  test_the_owner_wrapper_version_is_not_the_stores_snapshot_version
  PASS  test_an_unpublished_map_must_be_the_sources_exact_reset_state
  PASS  test_the_two_sentinels_are_255_and_not_a_signed_minus_one
  PASS  test_a_published_map_binds_seven_live_basins_of_the_right_kinds
  PASS  test_two_basins_naming_one_directory_slot_are_refused
  PASS  test_a_half_null_basin_reference_is_refused_and_not_coerced_to_null
  PASS  test_a_published_map_may_not_leave_any_basin_unbound
  PASS  test_the_danger_band_domain_is_zero_to_three
CI_SUITE_TIME {"assertions":200,"failures":0,"suite":"test_world_owner_columns.gd","tests":43,"usec":8645572}
[EntityManager] ready
[GameManager] ready
[SettlementSystem] ready
[EconomySystem] ready
[UIManager] ready


1139 test(s), 115781 assertion(s), 0 failure(s)
diagnostics: 0 unexpected error(s), 0 unexpected warning(s), 215 expected, 0 tolerated; leaked at exit: 0 object(s), 0 resource(s)
[EntityManager] ready
[GameManager] ready
[SettlementSystem] ready
[EconomySystem] ready
[UIManager] ready
log: 0 unexpected error(s), 0 unexpected warning(s); leaked at exit: 0 object(s), 0 resource(s).
ok: 1139 tests, 115781 assertions, 0 failures.
