Godot gates (analyzer)	Set up job	﻿2026-10-04T03:52:44.5051055Z Current runner version: '2.337.0'
Godot gates (analyzer)	Set up job	2026-10-04T03:52:44.5076091Z ##[group]Runner Image Provisioner
Godot gates (analyzer)	Set up job	2026-10-04T03:52:44.5076993Z Hosted Compute Agent
Godot gates (analyzer)	Set up job	2026-10-04T03:52:44.5077605Z Version: 20260901.588
Godot gates (analyzer)	Set up job	2026-10-04T03:52:44.5078629Z Commit: f88ec8081b781fac6c440065ac7ff9e710ce3d0b
Godot gates (analyzer)	Set up job	2026-10-04T03:52:44.5079442Z Build Date: 2026-09-01T19:56:44Z
Godot gates (analyzer)	Set up job	2026-10-04T03:52:44.5080145Z Worker ID: {62496865-cc71-4c5f-9dff-aaf683278bcf}
Godot gates (analyzer)	Set up job	2026-10-04T03:52:44.5080983Z Azure Region: westcentralus
Godot gates (analyzer)	Set up job	2026-10-04T03:52:44.5081635Z ##[endgroup]
Godot gates (analyzer)	Set up job	2026-10-04T03:52:44.5083448Z ##[group]Operating System
Godot gates (analyzer)	Set up job	2026-10-04T03:52:44.5084218Z Ubuntu
Godot gates (analyzer)	Set up job	2026-10-04T03:52:44.5084740Z 24.04.5
Godot gates (analyzer)	Set up job	2026-10-04T03:52:44.5085373Z LTS
Godot gates (analyzer)	Set up job	2026-10-04T03:52:44.5085906Z ##[endgroup]
Godot gates (analyzer)	Set up job	2026-10-04T03:52:44.5086527Z ##[group]Runner Image
Godot gates (analyzer)	Set up job	2026-10-04T03:52:44.5087199Z Image: ubuntu-24.04
Godot gates (analyzer)	Set up job	2026-10-04T03:52:44.5087781Z Version: 20260927.320.1
Godot gates (analyzer)	Set up job	2026-10-04T03:52:44.5088938Z Included Software: https://github.com/actions/runner-images/blob/ubuntu24/20260927.320/images/ubuntu/Ubuntu2404-Readme.md
Godot gates (analyzer)	Set up job	2026-10-04T03:52:44.5090725Z Image Release: https://github.com/actions/runner-images/releases/tag/ubuntu24%2F20260927.320
Godot gates (analyzer)	Set up job	2026-10-04T03:52:44.5091757Z ##[endgroup]
Godot gates (analyzer)	Set up job	2026-10-04T03:52:44.5093358Z ##[group]GITHUB_TOKEN Permissions
Godot gates (analyzer)	Set up job	2026-10-04T03:52:44.5095585Z Contents: read
Godot gates (analyzer)	Set up job	2026-10-04T03:52:44.5096228Z Metadata: read
Godot gates (analyzer)	Set up job	2026-10-04T03:52:44.5096930Z ##[endgroup]
Godot gates (analyzer)	Set up job	2026-10-04T03:52:44.5099365Z Secret source: Actions
Godot gates (analyzer)	Set up job	2026-10-04T03:52:44.5100576Z Cache mode: write
Godot gates (analyzer)	Set up job	2026-10-04T03:52:44.5101567Z Prepare workflow directory
Godot gates (analyzer)	Set up job	2026-10-04T03:52:44.5494236Z Prepare all required actions
Godot gates (analyzer)	Set up job	2026-10-04T03:52:44.5541800Z Getting action download info
Godot gates (analyzer)	Set up job	2026-10-04T03:52:44.8797092Z Download action repository 'actions/checkout@v4' (SHA:11d5960a326750d5838078e36cf38b85af677262)
Godot gates (analyzer)	Set up job	2026-10-04T03:52:44.9815033Z Download action repository 'actions/cache@v4' (SHA:0057852bfaa89a56745cba8c7296529d2fc39830)
Godot gates (analyzer)	Set up job	2026-10-04T03:52:45.1778335Z Complete job name: Godot gates (analyzer)
Godot gates (analyzer)	Check out the repository	﻿2026-10-04T03:52:45.2641239Z ##[group]Run actions/checkout@v4
Godot gates (analyzer)	Check out the repository	2026-10-04T03:52:45.2642144Z with:
Godot gates (analyzer)	Check out the repository	2026-10-04T03:52:45.2642578Z   lfs: true
Godot gates (analyzer)	Check out the repository	2026-10-04T03:52:45.2643240Z   repository: gradybre/redwall-rts
Godot gates (analyzer)	Check out the repository	2026-10-04T03:52:45.2647168Z   token: ***
Godot gates (analyzer)	Check out the repository	2026-10-04T03:52:45.2647613Z   ssh-strict: true
Godot gates (analyzer)	Check out the repository	2026-10-04T03:52:45.2648072Z   ssh-user: git
Godot gates (analyzer)	Check out the repository	2026-10-04T03:52:45.2648535Z   persist-credentials: true
Godot gates (analyzer)	Check out the repository	2026-10-04T03:52:45.2649028Z   clean: true
Godot gates (analyzer)	Check out the repository	2026-10-04T03:52:45.2649481Z   sparse-checkout-cone-mode: true
Godot gates (analyzer)	Check out the repository	2026-10-04T03:52:45.2650011Z   fetch-depth: 1
Godot gates (analyzer)	Check out the repository	2026-10-04T03:52:45.2650460Z   fetch-tags: false
Godot gates (analyzer)	Check out the repository	2026-10-04T03:52:45.2650915Z   show-progress: true
Godot gates (analyzer)	Check out the repository	2026-10-04T03:52:45.2651374Z   submodules: false
Godot gates (analyzer)	Check out the repository	2026-10-04T03:52:45.2651830Z   set-safe-directory: true
Godot gates (analyzer)	Check out the repository	2026-10-04T03:52:45.2652348Z   allow-unsafe-pr-checkout: false
Godot gates (analyzer)	Check out the repository	2026-10-04T03:52:45.2653290Z env:
Godot gates (analyzer)	Check out the repository	2026-10-04T03:52:45.2653748Z   GODOT_VERSION: 4.7.2
Godot gates (analyzer)	Check out the repository	2026-10-04T03:52:45.2654216Z ##[endgroup]
Godot gates (analyzer)	Check out the repository	2026-10-04T03:52:45.3729132Z Syncing repository: gradybre/redwall-rts
Godot gates (analyzer)	Check out the repository	2026-10-04T03:52:45.3731422Z ##[group]Getting Git version info
Godot gates (analyzer)	Check out the repository	2026-10-04T03:52:45.3732329Z Working directory is '/home/runner/work/redwall-rts/redwall-rts'
Godot gates (analyzer)	Check out the repository	2026-10-04T03:52:45.3734123Z [command]/usr/bin/git version
Godot gates (analyzer)	Check out the repository	2026-10-04T03:52:45.3791783Z git version 2.55.0
Godot gates (analyzer)	Check out the repository	2026-10-04T03:52:45.3836602Z [command]/usr/bin/git lfs version
Godot gates (analyzer)	Check out the repository	2026-10-04T03:52:45.4804299Z git-lfs/3.8.0 (GitHub; linux amd64; go 1.27.0)
Godot gates (analyzer)	Check out the repository	2026-10-04T03:52:45.4818129Z ##[endgroup]
Godot gates (analyzer)	Check out the repository	2026-10-04T03:52:45.4836227Z Temporarily overriding HOME='/home/runner/work/_temp/a6181b10-9736-44cb-becf-09a56b06660a' before making global git config changes
Godot gates (analyzer)	Check out the repository	2026-10-04T03:52:45.4838654Z Adding repository directory to the temporary git global config as a safe directory
Godot gates (analyzer)	Check out the repository	2026-10-04T03:52:45.4844548Z [command]/usr/bin/git config --global --add safe.directory /home/runner/work/redwall-rts/redwall-rts
Godot gates (analyzer)	Check out the repository	2026-10-04T03:52:45.4898395Z Deleting the contents of '/home/runner/work/redwall-rts/redwall-rts'
Godot gates (analyzer)	Check out the repository	2026-10-04T03:52:45.4902750Z ##[group]Initializing the repository
Godot gates (analyzer)	Check out the repository	2026-10-04T03:52:45.4908351Z [command]/usr/bin/git init /home/runner/work/redwall-rts/redwall-rts
Godot gates (analyzer)	Check out the repository	2026-10-04T03:52:45.5033286Z hint: Using 'master' as the name for the initial branch. This default branch name
Godot gates (analyzer)	Check out the repository	2026-10-04T03:52:45.5035094Z hint: will change to "main" in Git 3.0. To configure the initial branch name
Godot gates (analyzer)	Check out the repository	2026-10-04T03:52:45.5037197Z hint: to use in all of your new repositories, which will suppress this warning,
Godot gates (analyzer)	Check out the repository	2026-10-04T03:52:45.5038790Z hint: call:
Godot gates (analyzer)	Check out the repository	2026-10-04T03:52:45.5039805Z hint:
Godot gates (analyzer)	Check out the repository	2026-10-04T03:52:45.5040838Z hint: 	git config --global init.defaultBranch <name>
Godot gates (analyzer)	Check out the repository	2026-10-04T03:52:45.5042118Z hint:
Godot gates (analyzer)	Check out the repository	2026-10-04T03:52:45.5043542Z hint: Names commonly chosen instead of 'master' are 'main', 'trunk' and
Godot gates (analyzer)	Check out the repository	2026-10-04T03:52:45.5045307Z hint: 'development'. The just-created branch can be renamed via this command:
Godot gates (analyzer)	Check out the repository	2026-10-04T03:52:45.5046650Z hint:
Godot gates (analyzer)	Check out the repository	2026-10-04T03:52:45.5047388Z hint: 	git branch -m <name>
Godot gates (analyzer)	Check out the repository	2026-10-04T03:52:45.5048319Z hint:
Godot gates (analyzer)	Check out the repository	2026-10-04T03:52:45.5049581Z hint: Disable this message with "git config set advice.defaultBranchName false"
Godot gates (analyzer)	Check out the repository	2026-10-04T03:52:45.5051552Z Initialized empty Git repository in /home/runner/work/redwall-rts/redwall-rts/.git/
Godot gates (analyzer)	Check out the repository	2026-10-04T03:52:45.5054698Z [command]/usr/bin/git remote add origin https://github.com/gradybre/redwall-rts
Godot gates (analyzer)	Check out the repository	2026-10-04T03:52:45.5107884Z ##[endgroup]
Godot gates (analyzer)	Check out the repository	2026-10-04T03:52:45.5109249Z ##[group]Disabling automatic garbage collection
Godot gates (analyzer)	Check out the repository	2026-10-04T03:52:45.5112281Z [command]/usr/bin/git config --local gc.auto 0
Godot gates (analyzer)	Check out the repository	2026-10-04T03:52:45.5143931Z ##[endgroup]
Godot gates (analyzer)	Check out the repository	2026-10-04T03:52:45.5144787Z ##[group]Setting up auth
Godot gates (analyzer)	Check out the repository	2026-10-04T03:52:45.5151502Z [command]/usr/bin/git config --local --name-only --get-regexp core\.sshCommand
Godot gates (analyzer)	Check out the repository	2026-10-04T03:52:45.5218788Z [command]/usr/bin/git submodule foreach --recursive sh -c "git config --local --name-only --get-regexp 'core\.sshCommand' && git config --local --unset-all 'core.sshCommand' || :"
Godot gates (analyzer)	Check out the repository	2026-10-04T03:52:45.5519373Z [command]/usr/bin/git config --local --name-only --get-regexp http\.https\:\/\/github\.com\/\.extraheader
Godot gates (analyzer)	Check out the repository	2026-10-04T03:52:45.5564078Z [command]/usr/bin/git submodule foreach --recursive sh -c "git config --local --name-only --get-regexp 'http\.https\:\/\/github\.com\/\.extraheader' && git config --local --unset-all 'http.https://github.com/.extraheader' || :"
Godot gates (analyzer)	Check out the repository	2026-10-04T03:52:45.5816913Z [command]/usr/bin/git config --local --name-only --get-regexp ^includeIf\.gitdir:
Godot gates (analyzer)	Check out the repository	2026-10-04T03:52:45.5860852Z [command]/usr/bin/git submodule foreach --recursive git config --local --show-origin --name-only --get-regexp remote.origin.url
Godot gates (analyzer)	Check out the repository	2026-10-04T03:52:45.6089206Z [command]/usr/bin/git config --local http.https://github.com/.extraheader AUTHORIZATION: basic ***
Godot gates (analyzer)	Check out the repository	2026-10-04T03:52:45.6128777Z ##[endgroup]
Godot gates (analyzer)	Check out the repository	2026-10-04T03:52:45.6133005Z [command]/usr/bin/git lfs install --local
Godot gates (analyzer)	Check out the repository	2026-10-04T03:52:45.6535431Z Updated Git hooks.
Godot gates (analyzer)	Check out the repository	2026-10-04T03:52:45.6536311Z Git LFS initialized.
Godot gates (analyzer)	Check out the repository	2026-10-04T03:52:45.6551649Z ##[group]Fetching the repository
Godot gates (analyzer)	Check out the repository	2026-10-04T03:52:45.6561298Z [command]/usr/bin/git -c protocol.version=2 fetch --no-tags --prune --no-recurse-submodules --depth=1 origin +9e1a1a585df9ec3d848cb36db00ef6e219b51ad8:refs/remotes/pull/230/merge
Godot gates (analyzer)	Check out the repository	2026-10-04T03:52:49.8495457Z From https://github.com/gradybre/redwall-rts
Godot gates (analyzer)	Check out the repository	2026-10-04T03:52:49.8496894Z  * [new ref]         9e1a1a585df9ec3d848cb36db00ef6e219b51ad8 -> pull/230/merge
Godot gates (analyzer)	Check out the repository	2026-10-04T03:52:49.8500952Z ##[endgroup]
Godot gates (analyzer)	Check out the repository	2026-10-04T03:52:49.8502132Z ##[group]Determining the checkout info
Godot gates (analyzer)	Check out the repository	2026-10-04T03:52:49.8503925Z ##[endgroup]
Godot gates (analyzer)	Check out the repository	2026-10-04T03:52:49.8505466Z ##[group]Fetching LFS objects
Godot gates (analyzer)	Check out the repository	2026-10-04T03:52:49.8512269Z [command]/usr/bin/git lfs fetch origin refs/remotes/pull/230/merge
Godot gates (analyzer)	Check out the repository	2026-10-04T03:52:49.8755368Z Fetching reference refs/remotes/pull/230/merge
Godot gates (analyzer)	Check out the repository	2026-10-04T03:53:11.9483869Z ##[endgroup]
Godot gates (analyzer)	Check out the repository	2026-10-04T03:53:11.9488942Z [command]/usr/bin/git sparse-checkout disable
Godot gates (analyzer)	Check out the repository	2026-10-04T03:53:11.9592004Z [command]/usr/bin/git config --local --unset-all extensions.worktreeConfig
Godot gates (analyzer)	Check out the repository	2026-10-04T03:53:11.9624066Z ##[group]Checking out the ref
Godot gates (analyzer)	Check out the repository	2026-10-04T03:53:11.9628433Z [command]/usr/bin/git checkout --progress --force refs/remotes/pull/230/merge
Godot gates (analyzer)	Check out the repository	2026-10-04T03:53:12.9964008Z Updating files:  29% (4532/15503)
Godot gates (analyzer)	Check out the repository	2026-10-04T03:53:13.0240608Z Updating files:  30% (4651/15503)
Godot gates (analyzer)	Check out the repository	2026-10-04T03:53:13.0452473Z Updating files:  31% (4806/15503)
Godot gates (analyzer)	Check out the repository	2026-10-04T03:53:13.0738129Z Updating files:  32% (4961/15503)
Godot gates (analyzer)	Check out the repository	2026-10-04T03:53:13.0922073Z Updating files:  33% (5116/15503)
Godot gates (analyzer)	Check out the repository	2026-10-04T03:53:13.1018514Z Updating files:  34% (5272/15503)
Godot gates (analyzer)	Check out the repository	2026-10-04T03:53:13.1105245Z Updating files:  35% (5427/15503)
Godot gates (analyzer)	Check out the repository	2026-10-04T03:53:13.1191305Z Updating files:  36% (5582/15503)
Godot gates (analyzer)	Check out the repository	2026-10-04T03:53:13.1272237Z Updating files:  37% (5737/15503)
Godot gates (analyzer)	Check out the repository	2026-10-04T03:53:13.1344432Z Updating files:  38% (5892/15503)
Godot gates (analyzer)	Check out the repository	2026-10-04T03:53:13.1428596Z Updating files:  39% (6047/15503)
Godot gates (analyzer)	Check out the repository	2026-10-04T03:53:13.1497420Z Updating files:  40% (6202/15503)
Godot gates (analyzer)	Check out the repository	2026-10-04T03:53:13.1574828Z Updating files:  41% (6357/15503)
Godot gates (analyzer)	Check out the repository	2026-10-04T03:53:13.1638924Z Updating files:  42% (6512/15503)
Godot gates (analyzer)	Check out the repository	2026-10-04T03:53:13.1708901Z Updating files:  43% (6667/15503)
Godot gates (analyzer)	Check out the repository	2026-10-04T03:53:13.1784692Z Updating files:  44% (6822/15503)
Godot gates (analyzer)	Check out the repository	2026-10-04T03:53:13.1841103Z Updating files:  45% (6977/15503)
Godot gates (analyzer)	Check out the repository	2026-10-04T03:53:13.1908561Z Updating files:  46% (7132/15503)
Godot gates (analyzer)	Check out the repository	2026-10-04T03:53:13.2705004Z Updating files:  47% (7287/15503)
Godot gates (analyzer)	Check out the repository	2026-10-04T03:53:13.2783310Z Updating files:  48% (7442/15503)
Godot gates (analyzer)	Check out the repository	2026-10-04T03:53:13.2859101Z Updating files:  49% (7597/15503)
Godot gates (analyzer)	Check out the repository	2026-10-04T03:53:13.2950370Z Updating files:  50% (7752/15503)
Godot gates (analyzer)	Check out the repository	2026-10-04T03:53:13.3020726Z Updating files:  51% (7907/15503)
Godot gates (analyzer)	Check out the repository	2026-10-04T03:53:13.3093900Z Updating files:  52% (8062/15503)
Godot gates (analyzer)	Check out the repository	2026-10-04T03:53:13.3168612Z Updating files:  53% (8217/15503)
Godot gates (analyzer)	Check out the repository	2026-10-04T03:53:13.3238911Z Updating files:  54% (8372/15503)
Godot gates (analyzer)	Check out the repository	2026-10-04T03:53:13.3319339Z Updating files:  55% (8527/15503)
Godot gates (analyzer)	Check out the repository	2026-10-04T03:53:13.3595742Z Updating files:  56% (8682/15503)
Godot gates (analyzer)	Check out the repository	2026-10-04T03:53:13.3786382Z Updating files:  57% (8837/15503)
Godot gates (analyzer)	Check out the repository	2026-10-04T03:53:13.4208953Z Updating files:  58% (8992/15503)
Godot gates (analyzer)	Check out the repository	2026-10-04T03:53:13.4591798Z Updating files:  59% (9147/15503)
Godot gates (analyzer)	Check out the repository	2026-10-04T03:53:13.4975936Z Updating files:  60% (9302/15503)
Godot gates (analyzer)	Check out the repository	2026-10-04T03:53:13.5123327Z Updating files:  61% (9457/15503)
Godot gates (analyzer)	Check out the repository	2026-10-04T03:53:13.5268403Z Updating files:  62% (9612/15503)
Godot gates (analyzer)	Check out the repository	2026-10-04T03:53:13.5768761Z Updating files:  63% (9767/15503)
Godot gates (analyzer)	Check out the repository	2026-10-04T03:53:13.6187257Z Updating files:  64% (9922/15503)
Godot gates (analyzer)	Check out the repository	2026-10-04T03:53:13.6653338Z Updating files:  65% (10077/15503)
Godot gates (analyzer)	Check out the repository	2026-10-04T03:53:13.7121756Z Updating files:  66% (10232/15503)
Godot gates (analyzer)	Check out the repository	2026-10-04T03:53:13.7619088Z Updating files:  67% (10388/15503)
Godot gates (analyzer)	Check out the repository	2026-10-04T03:53:13.8105078Z Updating files:  68% (10543/15503)
Godot gates (analyzer)	Check out the repository	2026-10-04T03:53:13.8500570Z Updating files:  69% (10698/15503)
Godot gates (analyzer)	Check out the repository	2026-10-04T03:53:13.8861099Z Updating files:  70% (10853/15503)
Godot gates (analyzer)	Check out the repository	2026-10-04T03:53:13.9185697Z Updating files:  71% (11008/15503)
Godot gates (analyzer)	Check out the repository	2026-10-04T03:53:13.9490360Z Updating files:  72% (11163/15503)
Godot gates (analyzer)	Check out the repository	2026-10-04T03:53:13.9788290Z Updating files:  73% (11318/15503)
Godot gates (analyzer)	Check out the repository	2026-10-04T03:53:13.9859000Z Updating files:  73% (11449/15503)
Godot gates (analyzer)	Check out the repository	2026-10-04T03:53:14.0025661Z Updating files:  74% (11473/15503)
Godot gates (analyzer)	Check out the repository	2026-10-04T03:53:14.0147182Z Updating files:  75% (11628/15503)
Godot gates (analyzer)	Check out the repository	2026-10-04T03:53:14.0245803Z Updating files:  76% (11783/15503)
Godot gates (analyzer)	Check out the repository	2026-10-04T03:53:14.0608904Z Updating files:  77% (11938/15503)
Godot gates (analyzer)	Check out the repository	2026-10-04T03:53:14.1208175Z Updating files:  78% (12093/15503)
Godot gates (analyzer)	Check out the repository	2026-10-04T03:53:14.1754573Z Updating files:  79% (12248/15503)
Godot gates (analyzer)	Check out the repository	2026-10-04T03:53:14.2258385Z Updating files:  80% (12403/15503)
Godot gates (analyzer)	Check out the repository	2026-10-04T03:53:14.2352280Z Updating files:  81% (12558/15503)
Godot gates (analyzer)	Check out the repository	2026-10-04T03:53:14.2453762Z Updating files:  82% (12713/15503)
Godot gates (analyzer)	Check out the repository	2026-10-04T03:53:14.2541561Z Updating files:  83% (12868/15503)
Godot gates (analyzer)	Check out the repository	2026-10-04T03:53:14.2629226Z Updating files:  84% (13023/15503)
Godot gates (analyzer)	Check out the repository	2026-10-04T03:53:14.2718489Z Updating files:  85% (13178/15503)
Godot gates (analyzer)	Check out the repository	2026-10-04T03:53:14.2853177Z Updating files:  86% (13333/15503)
Godot gates (analyzer)	Check out the repository	2026-10-04T03:53:14.2947109Z Updating files:  87% (13488/15503)
Godot gates (analyzer)	Check out the repository	2026-10-04T03:53:14.3130136Z Updating files:  88% (13643/15503)
Godot gates (analyzer)	Check out the repository	2026-10-04T03:53:14.3289662Z Updating files:  89% (13798/15503)
Godot gates (analyzer)	Check out the repository	2026-10-04T03:53:14.3372016Z Updating files:  90% (13953/15503)
Godot gates (analyzer)	Check out the repository	2026-10-04T03:53:14.3518388Z Updating files:  91% (14108/15503)
Godot gates (analyzer)	Check out the repository	2026-10-04T03:53:14.3654795Z Updating files:  92% (14263/15503)
Godot gates (analyzer)	Check out the repository	2026-10-04T03:53:14.3801603Z Updating files:  93% (14418/15503)
Godot gates (analyzer)	Check out the repository	2026-10-04T03:53:14.3940487Z Updating files:  94% (14573/15503)
Godot gates (analyzer)	Check out the repository	2026-10-04T03:53:14.4075153Z Updating files:  95% (14728/15503)
Godot gates (analyzer)	Check out the repository	2026-10-04T03:53:14.4247132Z Updating files:  96% (14883/15503)
Godot gates (analyzer)	Check out the repository	2026-10-04T03:53:14.4478322Z Updating files:  97% (15038/15503)
Godot gates (analyzer)	Check out the repository	2026-10-04T03:53:14.4639916Z Updating files:  98% (15193/15503)
Godot gates (analyzer)	Check out the repository	2026-10-04T03:53:14.4906595Z Updating files:  99% (15348/15503)
Godot gates (analyzer)	Check out the repository	2026-10-04T03:53:14.4907136Z Updating files: 100% (15503/15503)
Godot gates (analyzer)	Check out the repository	2026-10-04T03:53:14.4907498Z Updating files: 100% (15503/15503), done.
Godot gates (analyzer)	Check out the repository	2026-10-04T03:53:14.5060603Z Note: switching to 'refs/remotes/pull/230/merge'.
Godot gates (analyzer)	Check out the repository	2026-10-04T03:53:14.5061116Z 
Godot gates (analyzer)	Check out the repository	2026-10-04T03:53:14.5061544Z You are in 'detached HEAD' state. You can look around, make experimental
Godot gates (analyzer)	Check out the repository	2026-10-04T03:53:14.5062425Z changes and commit them, and you can discard any commits you make in this
Godot gates (analyzer)	Check out the repository	2026-10-04T03:53:14.5063649Z state without impacting any branches by switching back to a branch.
Godot gates (analyzer)	Check out the repository	2026-10-04T03:53:14.5064163Z 
Godot gates (analyzer)	Check out the repository	2026-10-04T03:53:14.5064853Z If you want to create a new branch to retain commits you create, you may
Godot gates (analyzer)	Check out the repository	2026-10-04T03:53:14.5065888Z do so (now or later) by using -c with the switch command. Example:
Godot gates (analyzer)	Check out the repository	2026-10-04T03:53:14.5066528Z 
Godot gates (analyzer)	Check out the repository	2026-10-04T03:53:14.5066772Z   git switch -c <new-branch-name>
Godot gates (analyzer)	Check out the repository	2026-10-04T03:53:14.5067211Z 
Godot gates (analyzer)	Check out the repository	2026-10-04T03:53:14.5067423Z Or undo this operation with:
Godot gates (analyzer)	Check out the repository	2026-10-04T03:53:14.5067802Z 
Godot gates (analyzer)	Check out the repository	2026-10-04T03:53:14.5068037Z   git switch -
Godot gates (analyzer)	Check out the repository	2026-10-04T03:53:14.5068284Z 
Godot gates (analyzer)	Check out the repository	2026-10-04T03:53:14.5068665Z Turn off this advice by setting config variable advice.detachedHead to false
Godot gates (analyzer)	Check out the repository	2026-10-04T03:53:14.5069234Z 
Godot gates (analyzer)	Check out the repository	2026-10-04T03:53:14.5069832Z HEAD is now at 9e1a1a5 Merge b65456478ff8fb6e9cc297384a747e58de7ff465 into 82d60ba86dcecf6e7c6184eeaf77a389e8b2b5c2
Godot gates (analyzer)	Check out the repository	2026-10-04T03:53:14.5779579Z ##[endgroup]
Godot gates (analyzer)	Check out the repository	2026-10-04T03:53:14.5826051Z [command]/usr/bin/git log -1 --format=%H
Godot gates (analyzer)	Check out the repository	2026-10-04T03:53:14.5851998Z 9e1a1a585df9ec3d848cb36db00ef6e219b51ad8
Godot gates (analyzer)	Cache the Godot binary	﻿2026-10-04T03:53:14.6100614Z ##[group]Run actions/cache@v4
Godot gates (analyzer)	Cache the Godot binary	2026-10-04T03:53:14.6100886Z with:
Godot gates (analyzer)	Cache the Godot binary	2026-10-04T03:53:14.6101072Z   path: ~/godot-bin
Godot gates (analyzer)	Cache the Godot binary	2026-10-04T03:53:14.6101307Z   key: godot-4.7.2-linux-x86_64
Godot gates (analyzer)	Cache the Godot binary	2026-10-04T03:53:14.6101557Z   enableCrossOsArchive: false
Godot gates (analyzer)	Cache the Godot binary	2026-10-04T03:53:14.6101800Z   fail-on-cache-miss: false
Godot gates (analyzer)	Cache the Godot binary	2026-10-04T03:53:14.6102023Z   lookup-only: false
Godot gates (analyzer)	Cache the Godot binary	2026-10-04T03:53:14.6102225Z   save-always: false
Godot gates (analyzer)	Cache the Godot binary	2026-10-04T03:53:14.6102411Z env:
Godot gates (analyzer)	Cache the Godot binary	2026-10-04T03:53:14.6102585Z   GODOT_VERSION: 4.7.2
Godot gates (analyzer)	Cache the Godot binary	2026-10-04T03:53:14.6103046Z ##[endgroup]
Godot gates (analyzer)	Cache the Godot binary	2026-10-04T03:53:14.7167613Z (node:2499) [DEP0040] DeprecationWarning: The `punycode` module is deprecated. Please use a userland alternative instead.
Godot gates (analyzer)	Cache the Godot binary	2026-10-04T03:53:14.7168647Z (Use `node --trace-deprecation ...` to show where the warning was created)
Godot gates (analyzer)	Cache the Godot binary	2026-10-04T03:53:14.8816452Z Cache hit for: godot-4.7.2-linux-x86_64
Godot gates (analyzer)	Cache the Godot binary	2026-10-04T03:53:14.8926328Z (node:2499) [DEP0169] DeprecationWarning: `url.parse()` behavior is not standardized and prone to errors that have security implications. Use the WHATWG URL API instead. CVEs are not issued for `url.parse()` vulnerabilities.
Godot gates (analyzer)	Cache the Godot binary	2026-10-04T03:53:16.0573958Z Received 59026604 of 75803820 (77.9%), 56.3 MBs/sec
Godot gates (analyzer)	Cache the Godot binary	2026-10-04T03:53:16.1471390Z Received 75803820 of 75803820 (100.0%), 66.3 MBs/sec
Godot gates (analyzer)	Cache the Godot binary	2026-10-04T03:53:16.1474339Z Cache Size: ~72 MB (75803820 B)
Godot gates (analyzer)	Cache the Godot binary	2026-10-04T03:53:16.1582288Z [command]/usr/bin/tar -xf /home/runner/work/_temp/0518046c-0879-4b71-af71-ac66cfbf68b0/cache.tzst -P -C /home/runner/work/redwall-rts/redwall-rts --use-compress-program unzstd
Godot gates (analyzer)	Cache the Godot binary	2026-10-04T03:53:16.3729345Z Cache restored successfully
Godot gates (analyzer)	Cache the Godot binary	2026-10-04T03:53:16.3845247Z Cache restored from key: godot-4.7.2-linux-x86_64
Godot gates (analyzer)	Put Godot on PATH	﻿2026-10-04T03:53:16.4033132Z ##[group]Run echo "$HOME/godot-bin" >> "$GITHUB_PATH"
Godot gates (analyzer)	Put Godot on PATH	2026-10-04T03:53:16.4033621Z ^[[36;1mecho "$HOME/godot-bin" >> "$GITHUB_PATH"^[[0m
Godot gates (analyzer)	Put Godot on PATH	2026-10-04T03:53:16.4341644Z shell: /usr/bin/bash -e {0}
Godot gates (analyzer)	Put Godot on PATH	2026-10-04T03:53:16.4342008Z env:
Godot gates (analyzer)	Put Godot on PATH	2026-10-04T03:53:16.4342262Z   GODOT_VERSION: 4.7.2
Godot gates (analyzer)	Put Godot on PATH	2026-10-04T03:53:16.4342550Z ##[endgroup]
Godot gates (analyzer)	Report the engine version	﻿2026-10-04T03:53:16.4481958Z ##[group]Run godot --version
Godot gates (analyzer)	Report the engine version	2026-10-04T03:53:16.4482304Z ^[[36;1mgodot --version^[[0m
Godot gates (analyzer)	Report the engine version	2026-10-04T03:53:16.4543016Z shell: /usr/bin/bash -e {0}
Godot gates (analyzer)	Report the engine version	2026-10-04T03:53:16.4543504Z env:
Godot gates (analyzer)	Report the engine version	2026-10-04T03:53:16.4543709Z   GODOT_VERSION: 4.7.2
Godot gates (analyzer)	Report the engine version	2026-10-04T03:53:16.4543931Z ##[endgroup]
Godot gates (analyzer)	Report the engine version	2026-10-04T03:53:16.5166232Z 4.7.2.stable.official.ed1daf0bf
Godot gates (analyzer)	Import the project	﻿2026-10-04T03:53:16.5240860Z ##[group]Run godot --headless --path godot --editor --quit
Godot gates (analyzer)	Import the project	2026-10-04T03:53:16.5241335Z ^[[36;1mgodot --headless --path godot --editor --quit^[[0m
Godot gates (analyzer)	Import the project	2026-10-04T03:53:16.5302200Z shell: /usr/bin/bash -e {0}
Godot gates (analyzer)	Import the project	2026-10-04T03:53:16.5302458Z env:
Godot gates (analyzer)	Import the project	2026-10-04T03:53:16.5302659Z   GODOT_VERSION: 4.7.2
Godot gates (analyzer)	Import the project	2026-10-04T03:53:16.5303116Z ##[endgroup]
Godot gates (analyzer)	Import the project	2026-10-04T03:53:16.5605251Z Godot Engine v4.7.2.stable.official.ed1daf0bf - https://godotengine.org
Godot gates (analyzer)	Import the project	2026-10-04T03:53:16.6183370Z 
Godot gates (analyzer)	Import the project	2026-10-04T03:53:22.2664030Z [   0% ] ^[[90m^[[1mfirst_scan_filesystem^[[22m | Started Project initialization (5 steps)^[[39m^[[0m
Godot gates (analyzer)	Import the project	2026-10-04T03:53:22.2665478Z [   0% ] ^[[90m^[[1mfirst_scan_filesystem^[[22m | Scanning file structure...^[[39m^[[0m
Godot gates (analyzer)	Import the project	2026-10-04T03:53:22.2889700Z [  16% ] ^[[90m^[[1mfirst_scan_filesystem^[[22m | Loading global class names...^[[39m^[[0m
Godot gates (analyzer)	Import the project	2026-10-04T03:53:22.6333976Z [  33% ] ^[[90m^[[1mfirst_scan_filesystem^[[22m | Verifying GDExtensions...^[[39m^[[0m
Godot gates (analyzer)	Import the project	2026-10-04T03:53:22.6335146Z [  50% ] ^[[90m^[[1mfirst_scan_filesystem^[[22m | Creating autoload scripts...^[[39m^[[0m
Godot gates (analyzer)	Import the project	2026-10-04T03:53:25.0638469Z [  66% ] ^[[90m^[[1mfirst_scan_filesystem^[[22m | Initializing plugins...^[[39m^[[0m
Godot gates (analyzer)	Import the project	2026-10-04T03:53:25.0642170Z [  83% ] ^[[90m^[[1mfirst_scan_filesystem^[[22m | Starting file scan...^[[39m^[[0m
Godot gates (analyzer)	Import the project	2026-10-04T03:53:25.0649442Z ^[[92m[ DONE ]^[[39m ^[[1mfirst_scan_filesystem^[[22m
Godot gates (analyzer)	Import the project	2026-10-04T03:53:25.0649961Z ^[[0m
Godot gates (analyzer)	Import the project	2026-10-04T03:53:29.1422490Z [   0% ] ^[[90m^[[1mupdate_scripts_classes^[[22m | Started Registering global classes... (1179 steps)^[[39m^[[0m
Godot gates (analyzer)	Import the project	2026-10-04T03:53:29.1424267Z [   0% ] ^[[90m^[[1mupdate_scripts_classes^[[22m | ^[[39m^[[0m
Godot gates (analyzer)	Import the project	2026-10-04T03:53:29.1424972Z [   0% ] ^[[90m^[[1mupdate_scripts_classes^[[22m | ^[[39m^[[0m
Godot gates (analyzer)	Import the project	2026-10-04T03:53:29.1425995Z [   0% ] ^[[90m^[[1mupdate_scripts_classes^[[22m | ^[[39m^[[0m
Godot gates (analyzer)	Import the project	2026-10-04T03:53:29.1427092Z [   0% ] ^[[90m^[[1mupdate_scripts_classes^[[22m | ^[[39m^[[0m
Godot gates (analyzer)	Import the project	2026-10-04T03:53:29.1427912Z [   0% ] ^[[90m^[[1mupdate_scripts_classes^[[22m | ^[[39m^[[0m
Godot gates (analyzer)	Import the project	2026-10-04T03:53:29.1428614Z [   0% ] ^[[90m^[[1mupdate_scripts_classes^[[22m | ^[[39m^[[0m
Godot gates (analyzer)	Import the project	2026-10-04T03:53:29.1429327Z [   0% ] ^[[90m^[[1mupdate_scripts_classes^[[22m | ^[[39m^[[0m
Godot gates (analyzer)	Import the project	2026-10-04T03:53:29.1430008Z [   0% ] ^[[90m^[[1mupdate_scripts_classes^[[22m | ^[[39m^[[0m
Godot gates (analyzer)	Import the project	2026-10-04T03:53:29.1430692Z [   0% ] ^[[90m^[[1mupdate_scripts_classes^[[22m | ^[[39m^[[0m
Godot gates (analyzer)	Import the project	2026-10-04T03:53:29.1431379Z [   0% ] ^[[90m^[[1mupdate_scripts_classes^[[22m | ^[[39m^[[0m
Godot gates (analyzer)	Import the project	2026-10-04T03:53:29.1432066Z [   0% ] ^[[90m^[[1mupdate_scripts_classes^[[22m | ^[[39m^[[0m
Godot gates (analyzer)	Import the project	2026-10-04T03:53:29.1432755Z [   0% ] ^[[90m^[[1mupdate_scripts_classes^[[22m | ^[[39m^[[0m
Godot gates (analyzer)	Import the project	2026-10-04T03:53:29.1433679Z [   1% ] ^[[90m^[[1mupdate_scripts_classes^[[22m | ^[[39m^[[0m
Godot gates (analyzer)	Import the project	2026-10-04T03:53:29.1434303Z [   1% ] ^[[90m^[[1mupdate_scripts_classes^[[22m | ^[[39m^[[0m
Godot gates (analyzer)	Import the project	2026-10-04T03:53:29.1434980Z [   1% ] ^[[90m^[[1mupdate_scripts_classes^[[22m | ^[[39m^[[0m
Godot gates (analyzer)	Import the project	2026-10-04T03:53:29.1435666Z [   1% ] ^[[90m^[[1mupdate_scripts_classes^[[22m | ^[[39m^[[0m
Godot gates (analyzer)	Import the project	2026-10-04T03:53:29.1436345Z [   1% ] ^[[90m^[[1mupdate_scripts_classes^[[22m | ^[[39m^[[0m
Godot gates (analyzer)	Import the project	2026-10-04T03:53:29.1437017Z [   1% ] ^[[90m^[[1mupdate_scripts_classes^[[22m | ^[[39m^[[0m
Godot gates (analyzer)	Import the project	2026-10-04T03:53:29.1437700Z [   1% ] ^[[90m^[[1mupdate_scripts_classes^[[22m | ^[[39m^[[0m
Godot gates (analyzer)	Import the project	2026-10-04T03:53:29.1438370Z [   1% ] ^[[90m^[[1mupdate_scripts_classes^[[22m | ^[[39m^[[0m
Godot gates (analyzer)	Import the project	2026-10-04T03:53:29.1439061Z [   1% ] ^[[90m^[[1mupdate_scripts_classes^[[22m | ^[[39m^[[0m
Godot gates (analyzer)	Import the project	2026-10-04T03:53:29.1439733Z [   1% ] ^[[90m^[[1mupdate_scripts_classes^[[22m | ^[[39m^[[0m
Godot gates (analyzer)	Import the project	2026-10-04T03:53:29.1440410Z [   1% ] ^[[90m^[[1mupdate_scripts_classes^[[22m | ^[[39m^[[0m
Godot gates (analyzer)	Import the project	2026-10-04T03:53:29.1441153Z [   1% ] ^[[90m^[[1mupdate_scripts_classes^[[22m | ^[[39m^[[0m
Godot gates (analyzer)	Import the project	2026-10-04T03:53:29.1441866Z [   2% ] ^[[90m^[[1mupdate_scripts_classes^[[22m | ^[[39m^[[0m
Godot gates (analyzer)	Import the project	2026-10-04T03:53:29.1442542Z [   2% ] ^[[90m^[[1mupdate_scripts_classes^[[22m | ^[[39m^[[0m
Godot gates (analyzer)	Import the project	2026-10-04T03:53:29.1443827Z [   2% ] ^[[90m^[[1mupdate_scripts_classes^[[22m | ^[[39m^[[0m
Godot gates (analyzer)	Import the project	2026-10-04T03:53:29.1444942Z [   2% ] ^[[90m^[[1mupdate_scripts_classes^[[22m | ^[[39m^[[0m
Godot gates (analyzer)	Import the project	2026-10-04T03:53:29.1445562Z [   2% ] ^[[90m^[[1mupdate_scripts_classes^[[22m | ^[[39m^[[0m
Godot gates (analyzer)	Import the project	2026-10-04T03:53:29.1446255Z [   2% ] ^[[90m^[[1mupdate_scripts_classes^[[22m | ^[[39m^[[0m
Godot gates (analyzer)	Import the project	2026-10-04T03:53:29.1447421Z [   2% ] ^[[90m^[[1mupdate_scripts_classes^[[22m | ^[[39m^[[0m
Godot gates (analyzer)	Import the project	2026-10-04T03:53:29.1448127Z [   2% ] ^[[90m^[[1mupdate_scripts_classes^[[22m | ^[[39m^[[0m
Godot gates (analyzer)	Import the project	2026-10-04T03:53:29.1448811Z [   2% ] ^[[90m^[[1mupdate_scripts_classes^[[22m | ^[[39m^[[0m
Godot gates (analyzer)	Import the project	2026-10-04T03:53:29.1449487Z [   2% ] ^[[90m^[[1mupdate_scripts_classes^[[22m | ^[[39m^[[0m
Godot gates (analyzer)	Import the project	2026-10-04T03:53:29.1450173Z [   2% ] ^[[90m^[[1mupdate_scripts_classes^[[22m | ^[[39m^[[0m
Godot gates (analyzer)	Import the project	2026-10-04T03:53:29.1450859Z [   2% ] ^[[90m^[[1mupdate_scripts_classes^[[22m | ^[[39m^[[0m
Godot gates (analyzer)	Import the project	2026-10-04T03:53:29.1451528Z [   3% ] ^[[90m^[[1mupdate_scripts_classes^[[22m | ^[[39m^[[0m
Godot gates (analyzer)	Import the project	2026-10-04T03:53:29.1452196Z [   3% ] ^[[90m^[[1mupdate_scripts_classes^[[22m | ^[[39m^[[0m
Godot gates (analyzer)	Import the project	2026-10-04T03:53:29.1453214Z [   3% ] ^[[90m^[[1mupdate_scripts_classes^[[22m | ^[[39m^[[0m
Godot gates (analyzer)	Import the project	2026-10-04T03:53:29.1453937Z [   3% ] ^[[90m^[[1mupdate_scripts_classes^[[22m | ^[[39m^[[0m
Godot gates (analyzer)	Import the project	2026-10-04T03:53:29.1454617Z [   3% ] ^[[90m^[[1mupdate_scripts_classes^[[22m | ^[[39m^[[0m
Godot gates (analyzer)	Import the project	2026-10-04T03:53:29.1455302Z [   3% ] ^[[90m^[[1mupdate_scripts_classes^[[22m | ^[[39m^[[0m
Godot gates (analyzer)	Import the project	2026-10-04T03:53:29.1456002Z [   3% ] ^[[90m^[[1mupdate_scripts_classes^[[22m | ^[[39m^[[0m
Godot gates (analyzer)	Import the project	2026-10-04T03:53:29.1456701Z [   3% ] ^[[90m^[[1mupdate_scripts_classes^[[22m | ^[[39m^[[0m
Godot gates (analyzer)	Import the project	2026-10-04T03:53:29.1457391Z [   3% ] ^[[90m^[[1mupdate_scripts_classes^[[22m | ^[[39m^[[0m
Godot gates (analyzer)	Import the project	2026-10-04T03:53:29.1458063Z [   3% ] ^[[90m^[[1mupdate_scripts_classes^[[22m | ^[[39m^[[0m
Godot gates (analyzer)	Import the project	2026-10-04T03:53:29.1458752Z [   3% ] ^[[90m^[[1mupdate_scripts_classes^[[22m | ^[[39m^[[0m
Godot gates (analyzer)	Import the project	2026-10-04T03:53:29.1459439Z [   3% ] ^[[90m^[[1mupdate_scripts_classes^[[22m | ^[[39m^[[0m
Godot gates (analyzer)	Import the project	2026-10-04T03:53:29.1460190Z [   4% ] ^[[90m^[[1mupdate_scripts_classes^[[22m | ^[[39m^[[0m
Godot gates (analyzer)	Import the project	2026-10-04T03:53:29.1460750Z [   4% ] ^[[90m^[[1mupdate_scripts_classes^[[22m | ^[[39m^[[0m
Godot gates (analyzer)	Import the project	2026-10-04T03:53:29.1461450Z [   4% ] ^[[90m^[[1mupdate_scripts_classes^[[22m | ^[[39m^[[0m
Godot gates (analyzer)	Import the project	2026-10-04T03:53:29.1462163Z [   4% ] ^[[90m^[[1mupdate_scripts_classes^[[22m | ^[[39m^[[0m
Godot gates (analyzer)	Import the project	2026-10-04T03:53:29.1463059Z [   4% ] ^[[90m^[[1mupdate_scripts_classes^[[22m | ^[[39m^[[0m
Godot gates (analyzer)	Import the project	2026-10-04T03:53:29.1463800Z [   4% ] ^[[90m^[[1mupdate_scripts_classes^[[22m | ^[[39m^[[0m
Godot gates (analyzer)	Import the project	2026-10-04T03:53:29.1464485Z [   4% ] ^[[90m^[[1mupdate_scripts_classes^[[22m | ^[[39m^[[0m
Godot gates (analyzer)	Import the project	2026-10-04T03:53:29.1465175Z [   4% ] ^[[90m^[[1mupdate_scripts_classes^[[22m | ^[[39m^[[0m
Godot gates (analyzer)	Import the project	2026-10-04T03:53:29.1465858Z [   4% ] ^[[90m^[[1mupdate_scripts_classes^[[22m | ^[[39m^[[0m
Godot gates (analyzer)	Import the project	2026-10-04T03:53:29.1466534Z [   4% ] ^[[90m^[[1mupdate_scripts_classes^[[22m | ^[[39m^[[0m
Godot gates (analyzer)	Import the project	2026-10-04T03:53:29.1467231Z [   4% ] ^[[90m^[[1mupdate_scripts_classes^[[22m | ^[[39m^[[0m
Godot gates (analyzer)	Import the project	2026-10-04T03:53:29.1467924Z [   5% ] ^[[90m^[[1mupdate_scripts_classes^[[22m | ^[[39m^[[0m
Godot gates (analyzer)	Import the project	2026-10-04T03:53:29.1468601Z [   5% ] ^[[90m^[[1mupdate_scripts_classes^[[22m | ^[[39m^[[0m
Godot gates (analyzer)	Import the project	2026-10-04T03:53:29.1469277Z [   5% ] ^[[90m^[[1mupdate_scripts_classes^[[22m | ^[[39m^[[0m
Godot gates (analyzer)	Import the project	2026-10-04T03:53:29.1469962Z [   5% ] ^[[90m^[[1mupdate_scripts_classes^[[22m | ^[[39m^[[0m
Godot gates (analyzer)	Import the project	2026-10-04T03:53:29.1470643Z [   5% ] ^[[90m^[[1mupdate_scripts_classes^[[22m | ^[[39m^[[0m
Godot gates (analyzer)	Import the project	2026-10-04T03:53:29.1471333Z [   5% ] ^[[90m^[[1mupdate_scripts_classes^[[22m | ^[[39m^[[0m
Godot gates (analyzer)	Import the project	2026-10-04T03:53:29.1472139Z [   5% ] ^[[90m^[[1mupdate_scripts_classes^[[22m | ^[[39m^[[0m
Godot gates (analyzer)	Import the project	2026-10-04T03:53:29.1473050Z [   5% ] ^[[90m^[[1mupdate_scripts_classes^[[22m | ^[[39m^[[0m
Godot gates (analyzer)	Import the project	2026-10-04T03:53:29.1473756Z [   5% ] ^[[90m^[[1mupdate_scripts_classes^[[22m | ^[[39m^[[0m
Godot gates (analyzer)	Import the project	2026-10-04T03:53:29.1474444Z [   5% ] ^[[90m^[[1mupdate_scripts_classes^[[22m | ^[[39m^[[0m
Godot gates (analyzer)	Import the project	2026-10-04T03:53:29.1475114Z [   5% ] ^[[90m^[[1mupdate_scripts_classes^[[22m | ^[[39m^[[0m
Godot gates (analyzer)	Import the project	2026-10-04T03:53:29.1475801Z [   5% ] ^[[90m^[[1mupdate_scripts_classes^[[22m | ^[[39m^[[0m
Godot gates (analyzer)	Import the project	2026-10-04T03:53:29.1476479Z [   6% ] ^[[90m^[[1mupdate_scripts_classes^[[22m | ^[[39m^[[0m
Godot gates (analyzer)	Import the project	2026-10-04T03:53:29.1477174Z [   6% ] ^[[90m^[[1mupdate_scripts_classes^[[22m | ^[[39m^[[0m
Godot gates (analyzer)	Import the project	2026-10-04T03:53:29.1477888Z [   6% ] ^[[90m^[[1mupdate_scripts_classes^[[22m | ^[[39m^[[0m
Godot gates (analyzer)	Import the project	2026-10-04T03:53:29.1478823Z [   6% ] ^[[90m^[[1mupdate_scripts_classes^[[22m | ^[[39m^[[0m
Godot gates (analyzer)	Import the project	2026-10-04T03:53:29.1479526Z [   6% ] ^[[90m^[[1mupdate_scripts_classes^[[22m | ^[[39m^[[0m
Godot gates (analyzer)	Import the project	2026-10-04T03:53:29.1480204Z [   6% ] ^[[90m^[[1mupdate_scripts_classes^[[22m | ^[[39m^[[0m
Godot gates (analyzer)	Import the project	2026-10-04T03:53:29.1481146Z [   6% ] ^[[90m^[[1mupdate_scripts_classes^[[22m | ^[[39m^[[0m
Godot gates (analyzer)	Import the project	2026-10-04T03:53:29.1481832Z [   6% ] ^[[90m^[[1mupdate_scripts_classes^[[22m | ^[[39m^[[0m
Godot gates (analyzer)	Import the project	2026-10-04T03:53:29.1482632Z [   6% ] ^[[90m^[[1mupdate_scripts_classes^[[22m | ^[[39m^[[0m
Godot gates (analyzer)	Import the project	2026-10-04T03:53:29.1483670Z [   6% ] ^[[90m^[[1mupdate_scripts_classes^[[22m | ^[[39m^[[0m
Godot gates (analyzer)	Import the project	2026-10-04T03:53:29.1484371Z [   6% ] ^[[90m^[[1mupdate_scripts_classes^[[22m | ^[[39m^[[0m
Godot gates (analyzer)	Import the project	2026-10-04T03:53:29.1485056Z [   6% ] ^[[90m^[[1mupdate_scripts_classes^[[22m | ^[[39m^[[0m
Godot gates (analyzer)	Import the project	2026-10-04T03:53:29.1485724Z [   7% ] ^[[90m^[[1mupdate_scripts_classes^[[22m | ^[[39m^[[0m
Godot gates (analyzer)	Import the project	2026-10-04T03:53:29.1486409Z [   7% ] ^[[90m^[[1mupdate_scripts_classes^[[22m | ^[[39m^[[0m
Godot gates (analyzer)	Import the project	2026-10-04T03:53:29.1487078Z [   7% ] ^[[90m^[[1mupdate_scripts_classes^[[22m | ^[[39m^[[0m
Godot gates (analyzer)	Import the project	2026-10-04T03:53:29.1487769Z [   7% ] ^[[90m^[[1mupdate_scripts_classes^[[22m | ^[[39m^[[0m
Godot gates (analyzer)	Import the project	2026-10-04T03:53:29.1488453Z [   7% ] ^[[90m^[[1mupdate_scripts_classes^[[22m | ^[[39m^[[0m
Godot gates (analyzer)	Import the project	2026-10-04T03:53:29.1489133Z [   7% ] ^[[90m^[[1mupdate_scripts_classes^[[22m | ^[[39m^[[0m
Godot gates (analyzer)	Import the project	2026-10-04T03:53:29.1489814Z [   7% ] ^[[90m^[[1mupdate_scripts_classes^[[22m | ^[[39m^[[0m
Godot gates (analyzer)	Import the project	2026-10-04T03:53:29.1490508Z [   7% ] ^[[90m^[[1mupdate_scripts_classes^[[22m | ^[[39m^[[0m
Godot gates (analyzer)	Import the project	2026-10-04T03:53:29.1491217Z [   7% ] ^[[90m^[[1mupdate_scripts_classes^[[22m | ^[[39m^[[0m
Godot gates (analyzer)	Import the project	2026-10-04T03:53:29.1491897Z [   7% ] ^[[90m^[[1mupdate_scripts_classes^[[22m | ^[[39m^[[0m
Godot gates (analyzer)	Import the project	2026-10-04T03:53:29.1492582Z [   7% ] ^[[90m^[[1mupdate_scripts_classes^[[22m | ^[[39m^[[0m
Godot gates (analyzer)	Import the project	2026-10-04T03:53:29.1493568Z [   7% ] ^[[90m^[[1mupdate_scripts_classes^[[22m | ^[[39m^[[0m
Godot gates (analyzer)	Import the project	2026-10-04T03:53:29.1494272Z [   8% ] ^[[90m^[[1mupdate_scripts_classes^[[22m | ^[[39m^[[0m
Godot gates (analyzer)	Import the project	2026-10-04T03:53:29.1494962Z [   8% ] ^[[90m^[[1mupdate_scripts_classes^[[22m | ^[[39m^[[0m
Godot gates (analyzer)	Import the project	2026-10-04T03:53:29.1495725Z [   8% ] ^[[90m^[[1mupdate_scripts_classes^[[22m | ^[[39m^[[0m
Godot gates (analyzer)	Import the project	2026-10-04T03:53:29.1496427Z [   8% ] ^[[90m^[[1mupdate_scripts_classes^[[22m | ^[[39m^[[0m
Godot gates (analyzer)	Import the project	2026-10-04T03:53:29.1497127Z [   8% ] ^[[90m^[[1mupdate_scripts_classes^[[22m | ^[[39m^[[0m
Godot gates (analyzer)	Import the project	2026-10-04T03:53:29.1497818Z [   8% ] ^[[90m^[[1mupdate_scripts_classes^[[22m | ^[[39m^[[0m
Godot gates (analyzer)	Import the project	2026-10-04T03:53:29.1498519Z [   8% ] ^[[90m^[[1mupdate_scripts_classes^[[22m | ^[[39m^[[0m
Godot gates (analyzer)	Import the project	2026-10-04T03:53:29.1499202Z [   8% ] ^[[90m^[[1mupdate_scripts_classes^[[22m | ^[[39m^[[0m
Godot gates (analyzer)	Import the project	2026-10-04T03:53:29.1499896Z [   8% ] ^[[90m^[[1mupdate_scripts_classes^[[22m | ^[[39m^[[0m
Godot gates (analyzer)	Import the project	2026-10-04T03:53:29.1500574Z [   8% ] ^[[90m^[[1mupdate_scripts_classes^[[22m | ^[[39m^[[0m
Godot gates (analyzer)	Import the project	2026-10-04T03:53:29.1501263Z [   8% ] ^[[90m^[[1mupdate_scripts_classes^[[22m | ^[[39m^[[0m
Godot gates (analyzer)	Import the project	2026-10-04T03:53:29.1501948Z [   8% ] ^[[90m^[[1mupdate_scripts_classes^[[22m | ^[[39m^[[0m
Godot gates (analyzer)	Import the project	2026-10-04T03:53:29.1502634Z [   9% ] ^[[90m^[[1mupdate_scripts_classes^[[22m | ^[[39m^[[0m
Godot gates (analyzer)	Import the project	2026-10-04T03:53:29.1503559Z [   9% ] ^[[90m^[[1mupdate_scripts_classes^[[22m | ^[[39m^[[0m
Godot gates (analyzer)	Import the project	2026-10-04T03:53:29.1504247Z [   9% ] ^[[90m^[[1mupdate_scripts_classes^[[22m | ^[[39m^[[0m
Godot gates (analyzer)	Import the project	2026-10-04T03:53:29.1504946Z [   9% ] ^[[90m^[[1mupdate_scripts_classes^[[22m | ^[[39m^[[0m
Godot gates (analyzer)	Import the project	2026-10-04T03:53:29.1505637Z [   9% ] ^[[90m^[[1mupdate_scripts_classes^[[22m | ^[[39m^[[0m
Godot gates (analyzer)	Import the project	2026-10-04T03:53:29.1506329Z [   9% ] ^[[90m^[[1mupdate_scripts_classes^[[22m | ^[[39m^[[0m
Godot gates (analyzer)	Import the project	2026-10-04T03:53:29.1507025Z [   9% ] ^[[90m^[[1mupdate_scripts_classes^[[22m | ^[[39m^[[0m
Godot gates (analyzer)	Import the project	2026-10-04T03:53:29.1507710Z [   9% ] ^[[90m^[[1mupdate_scripts_classes^[[22m | ^[[39m^[[0m
Godot gates (analyzer)	Import the project	2026-10-04T03:53:29.1508409Z [   9% ] ^[[90m^[[1mupdate_scripts_classes^[[22m | ^[[39m^[[0m
Godot gates (analyzer)	Import the project	2026-10-04T03:53:29.1509089Z [   9% ] ^[[90m^[[1mupdate_scripts_classes^[[22m | ^[[39m^[[0m
Godot gates (analyzer)	Import the project	2026-10-04T03:53:29.1509762Z [   9% ] ^[[90m^[[1mupdate_scripts_classes^[[22m | ^[[39m^[[0m
Godot gates (analyzer)	Import the project	2026-10-04T03:53:29.1510436Z [  10% ] ^[[90m^[[1mupdate_scripts_classes^[[22m | ^[[39m^[[0m
Godot gates (analyzer)	Import the project	2026-10-04T03:53:29.1511129Z [  10% ] ^[[90m^[[1mupdate_scripts_classes^[[22m | ^[[39m^[[0m
Godot gates (analyzer)	Import the project	2026-10-04T03:53:29.1511814Z [  10% ] ^[[90m^[[1mupdate_scripts_classes^[[22m | ^[[39m^[[0m
Godot gates (analyzer)	Import the project	2026-10-04T03:53:29.1512782Z [  10% ] ^[[90m^[[1mupdate_scripts_classes^[[22m | ^[[39m^[[0m
Godot gates (analyzer)	Import the project	2026-10-04T03:53:29.1513853Z [  10% ] ^[[90m^[[1mupdate_scripts_classes^[[22m | ^[[39m^[[0m
Godot gates (analyzer)	Import the project	2026-10-04T03:53:29.1514566Z [  10% ] ^[[90m^[[1mupdate_scripts_classes^[[22m | ^[[39m^[[0m
Godot gates (analyzer)	Import the project	2026-10-04T03:53:29.1515479Z [  10% ] ^[[90m^[[1mupdate_scripts_classes^[[22m | ^[[39m^[[0m
Godot gates (analyzer)	Import the project	2026-10-04T03:53:29.1516173Z [  10% ] ^[[90m^[[1mupdate_scripts_classes^[[22m | ^[[39m^[[0m
Godot gates (analyzer)	Import the project	2026-10-04T03:53:29.1516857Z [  10% ] ^[[90m^[[1mupdate_scripts_classes^[[22m | ^[[39m^[[0m
Godot gates (analyzer)	Import the project	2026-10-04T03:53:29.1517541Z [  10% ] ^[[90m^[[1mupdate_scripts_classes^[[22m | ^[[39m^[[0m
Godot gates (analyzer)	Import the project	2026-10-04T03:53:29.1518181Z [  10% ] ^[[90m^[[1mupdate_scripts_classes^[[22m | ^[[39m^[[0m
Godot gates (analyzer)	Import the project	2026-10-04T03:53:29.1518856Z [  10% ] ^[[90m^[[1mupdate_scripts_classes^[[22m | ^[[39m^[[0m
Godot gates (analyzer)	Import the project	2026-10-04T03:53:29.1519584Z [  11% ] ^[[90m^[[1mupdate_scripts_classes^[[22m | ^[[39m^[[0m
Godot gates (analyzer)	Import the project	2026-10-04T03:53:29.1520269Z [  11% ] ^[[90m^[[1mupdate_scripts_classes^[[22m | ^[[39m^[[0m
Godot gates (analyzer)	Import the project	2026-10-04T03:53:29.1520952Z [  11% ] ^[[90m^[[1mupdate_scripts_classes^[[22m | ^[[39m^[[0m
Godot gates (analyzer)	Import the project	2026-10-04T03:53:29.1521636Z [  11% ] ^[[90m^[[1mupdate_scripts_classes^[[22m | ^[[39m^[[0m
Godot gates (analyzer)	Import the project	2026-10-04T03:53:29.1522361Z [  11% ] ^[[90m^[[1mupdate_scripts_classes^[[22m | ^[[39m^[[0m
Godot gates (analyzer)	Import the project	2026-10-04T03:53:29.1523281Z [  11% ] ^[[90m^[[1mupdate_scripts_classes^[[22m | ^[[39m^[[0m
Godot gates (analyzer)	Import the project	2026-10-04T03:53:29.1524053Z [  11% ] ^[[90m^[[1mupdate_scripts_classes^[[22m | ^[[39m^[[0m
Godot gates (analyzer)	Import the project	2026-10-04T03:53:29.1524863Z [  11% ] ^[[90m^[[1mupdate_scripts_classes^[[22m | ^[[39m^[[0m
Godot gates (analyzer)	Import the project	2026-10-04T03:53:29.1525560Z [  11% ] ^[[90m^[[1mupdate_scripts_classes^[[22m | ^[[39m^[[0m
Godot gates (analyzer)	Import the project	2026-10-04T03:53:29.1526241Z [  11% ] ^[[90m^[[1mupdate_scripts_classes^[[22m | ^[[39m^[[0m
Godot gates (analyzer)	Import the project	2026-10-04T03:53:29.1526910Z [  11% ] ^[[90m^[[1mupdate_scripts_classes^[[22m | ^[[39m^[[0m
Godot gates (analyzer)	Import the project	2026-10-04T03:53:29.1527587Z [  11% ] ^[[90m^[[1mupdate_scripts_classes^[[22m | ^[[39m^[[0m
Godot gates (analyzer)	Import the project	2026-10-04T03:53:29.1528281Z [  12% ] ^[[90m^[[1mupdate_scripts_classes^[[22m | ^[[39m^[[0m
Godot gates (analyzer)	Import the project	2026-10-04T03:53:29.1528959Z [  12% ] ^[[90m^[[1mupdate_scripts_classes^[[22m | ^[[39m^[[0m
Godot gates (analyzer)	Import the project	2026-10-04T03:53:29.1529648Z [  12% ] ^[[90m^[[1mupdate_scripts_classes^[[22m | ^[[39m^[[0m
Godot gates (analyzer)	Import the project	2026-10-04T03:53:29.1530334Z [  12% ] ^[[90m^[[1mupdate_scripts_classes^[[22m | ^[[39m^[[0m
Godot gates (analyzer)	Import the project	2026-10-04T03:53:29.1531029Z [  12% ] ^[[90m^[[1mupdate_scripts_classes^[[22m | ^[[39m^[[0m
Godot gates (analyzer)	Import the project	2026-10-04T03:53:29.1531704Z [  12% ] ^[[90m^[[1mupdate_scripts_classes^[[22m | ^[[39m^[[0m
Godot gates (analyzer)	Import the project	2026-10-04T03:53:29.1532404Z [  12% ] ^[[90m^[[1mupdate_scripts_classes^[[22m | ^[[39m^[[0m
Godot gates (analyzer)	Import the project	2026-10-04T03:53:29.1533322Z [  12% ] ^[[90m^[[1mupdate_scripts_classes^[[22m | ^[[39m^[[0m
Godot gates (analyzer)	Import the project	2026-10-04T03:53:29.1534029Z [  12% ] ^[[90m^[[1mupdate_scripts_classes^[[22m | ^[[39m^[[0m
Godot gates (analyzer)	Import the project	2026-10-04T03:53:29.1534793Z [  12% ] ^[[90m^[[1mupdate_scripts_classes^[[22m | ^[[39m^[[0m
Godot gates (analyzer)	Import the project	2026-10-04T03:53:29.1535475Z [  12% ] ^[[90m^[[1mupdate_scripts_classes^[[22m | ^[[39m^[[0m
Godot gates (analyzer)	Import the project	2026-10-04T03:53:29.1536160Z [  12% ] ^[[90m^[[1mupdate_scripts_classes^[[22m | ^[[39m^[[0m
Godot gates (analyzer)	Import the project	2026-10-04T03:53:29.1536849Z [  13% ] ^[[90m^[[1mupdate_scripts_classes^[[22m | ^[[39m^[[0m
Godot gates (analyzer)	Import the project	2026-10-04T03:53:29.1537535Z [  13% ] ^[[90m^[[1mupdate_scripts_classes^[[22m | ^[[39m^[[0m
Godot gates (analyzer)	Import the project	2026-10-04T03:53:29.1538214Z [  13% ] ^[[90m^[[1mupdate_scripts_classes^[[22m | ^[[39m^[[0m
Godot gates (analyzer)	Import the project	2026-10-04T03:53:29.1538908Z [  13% ] ^[[90m^[[1mupdate_scripts_classes^[[22m | ^[[39m^[[0m
Godot gates (analyzer)	Import the project	2026-10-04T03:53:29.1539611Z [  13% ] ^[[90m^[[1mupdate_scripts_classes^[[22m | ^[[39m^[[0m
Godot gates (analyzer)	Import the project	2026-10-04T03:53:29.1540313Z [  13% ] ^[[90m^[[1mupdate_scripts_classes^[[22m | ^[[39m^[[0m
Godot gates (analyzer)	Import the project	2026-10-04T03:53:29.1541036Z [  13% ] ^[[90m^[[1mupdate_scripts_classes^[[22m | ^[[39m^[[0m
Godot gates (analyzer)	Import the project	2026-10-04T03:53:29.1541733Z [  13% ] ^[[90m^[[1mupdate_scripts_classes^[[22m | ^[[39m^[[0m
Godot gates (analyzer)	Import the project	2026-10-04T03:53:29.1542427Z [  13% ] ^[[90m^[[1mupdate_scripts_classes^[[22m | ^[[39m^[[0m
Godot gates (analyzer)	Import the project	2026-10-04T03:53:29.1543365Z [  13% ] ^[[90m^[[1mupdate_scripts_classes^[[22m | ^[[39m^[[0m
Godot gates (analyzer)	Import the project	2026-10-04T03:53:29.1544067Z [  13% ] ^[[90m^[[1mupdate_scripts_classes^[[22m | ^[[39m^[[0m
Godot gates (analyzer)	Import the project	2026-10-04T03:53:29.1544761Z [  13% ] ^[[90m^[[1mupdate_scripts_classes^[[22m | ^[[39m^[[0m
Godot gates (analyzer)	Import the project	2026-10-04T03:53:29.1545459Z [  14% ] ^[[90m^[[1mupdate_scripts_classes^[[22m | ^[[39m^[[0m
Godot gates (analyzer)	Import the project	2026-10-04T03:53:29.1546149Z [  14% ] ^[[90m^[[1mupdate_scripts_classes^[[22m | ^[[39m^[[0m
Godot gates (analyzer)	Import the project	2026-10-04T03:53:29.1547073Z [  14% ] ^[[90m^[[1mupdate_scripts_classes^[[22m | ^[[39m^[[0m
Godot gates (analyzer)	Import the project	2026-10-04T03:53:29.1547761Z [  14% ] ^[[90m^[[1mupdate_scripts_classes^[[22m | ^[[39m^[[0m
Godot gates (analyzer)	Import the project	2026-10-04T03:53:29.1548462Z [  14% ] ^[[90m^[[1mupdate_scripts_classes^[[22m | ^[[39m^[[0m
Godot gates (analyzer)	Import the project	2026-10-04T03:53:29.1549458Z [  14% ] ^[[90m^[[1mupdate_scripts_classes^[[22m | ^[[39m^[[0m
Godot gates (analyzer)	Import the project	2026-10-04T03:53:29.1550155Z [  14% ] ^[[90m^[[1mupdate_scripts_classes^[[22m | ^[[39m^[[0m
Godot gates (analyzer)	Import the project	2026-10-04T03:53:29.1550841Z [  14% ] ^[[90m^[[1mupdate_scripts_classes^[[22m | ^[[39m^[[0m
Godot gates (analyzer)	Import the project	2026-10-04T03:53:29.1551622Z [  14% ] ^[[90m^[[1mupdate_scripts_classes^[[22m | ^[[39m^[[0m
Godot gates (analyzer)	Import the project	2026-10-04T03:53:29.1552319Z [  14% ] ^[[90m^[[1mupdate_scripts_classes^[[22m | ^[[39m^[[0m
Godot gates (analyzer)	Import the project	2026-10-04T03:53:29.1553224Z [  14% ] ^[[90m^[[1mupdate_scripts_classes^[[22m | ^[[39m^[[0m
Godot gates (analyzer)	Import the project	2026-10-04T03:53:29.1553993Z [  15% ] ^[[90m^[[1mupdate_scripts_classes^[[22m | ^[[39m^[[0m
Godot gates (analyzer)	Import the project	2026-10-04T03:53:29.1554689Z [  15% ] ^[[90m^[[1mupdate_scripts_classes^[[22m | ^[[39m^[[0m
Godot gates (analyzer)	Import the project	2026-10-04T03:53:29.1555375Z [  15% ] ^[[90m^[[1mupdate_scripts_classes^[[22m | ^[[39m^[[0m
Godot gates (analyzer)	Import the project	2026-10-04T03:53:29.1556084Z [  15% ] ^[[90m^[[1mupdate_scripts_classes^[[22m | ^[[39m^[[0m
Godot gates (analyzer)	Import the project	2026-10-04T03:53:29.1556773Z [  15% ] ^[[90m^[[1mupdate_scripts_classes^[[22m | ^[[39m^[[0m
Godot gates (analyzer)	Import the project	2026-10-04T03:53:29.1557459Z [  15% ] ^[[90m^[[1mupdate_scripts_classes^[[22m | ^[[39m^[[0m
Godot gates (analyzer)	Import the project	2026-10-04T03:53:29.1558166Z [  15% ] ^[[90m^[[1mupdate_scripts_classes^[[22m | ^[[39m^[[0m
Godot gates (analyzer)	Import the project	2026-10-04T03:53:29.1558868Z [  15% ] ^[[90m^[[1mupdate_scripts_classes^[[22m | ^[[39m^[[0m
Godot gates (analyzer)	Import the project	2026-10-04T03:53:29.1559556Z [  15% ] ^[[90m^[[1mupdate_scripts_classes^[[22m | ^[[39m^[[0m
Godot gates (analyzer)	Import the project	2026-10-04T03:53:29.1560242Z [  15% ] ^[[90m^[[1mupdate_scripts_classes^[[22m | ^[[39m^[[0m
Godot gates (analyzer)	Import the project	2026-10-04T03:53:29.1560926Z [  15% ] ^[[90m^[[1mupdate_scripts_classes^[[22m | ^[[39m^[[0m
Godot gates (analyzer)	Import the project	2026-10-04T03:53:29.1561621Z [  15% ] ^[[90m^[[1mupdate_scripts_classes^[[22m | ^[[39m^[[0m
Godot gates (analyzer)	Import the project	2026-10-04T03:53:29.1562357Z [  16% ] ^[[90m^[[1mupdate_scripts_classes^[[22m | ^[[39m^[[0m
Godot gates (analyzer)	Import the project	2026-10-04T03:53:29.1563327Z [  16% ] ^[[90m^[[1mupdate_scripts_classes^[[22m | ^[[39m^[[0m
Godot gates (analyzer)	Import the project	2026-10-04T03:53:29.1564008Z [  16% ] ^[[90m^[[1mupdate_scripts_classes^[[22m | ^[[39m^[[0m
Godot gates (analyzer)	Import the project	2026-10-04T03:53:29.1564715Z [  16% ] ^[[90m^[[1mupdate_scripts_classes^[[22m | ^[[39m^[[0m
Godot gates (analyzer)	Import the project	2026-10-04T03:53:29.1565381Z [  16% ] ^[[90m^[[1mupdate_scripts_classes^[[22m | ^[[39m^[[0m
Godot gates (analyzer)	Import the project	2026-10-04T03:53:29.1566054Z [  16% ] ^[[90m^[[1mupdate_scripts_classes^[[22m | ^[[39m^[[0m
Godot gates (analyzer)	Import the project	2026-10-04T03:53:29.1566656Z [  16% ] ^[[90m^[[1mupdate_scripts_classes^[[22m | ^[[39m^[[0m
Godot gates (analyzer)	Import the project	2026-10-04T03:53:29.1567324Z [  16% ] ^[[90m^[[1mupdate_scripts_classes^[[22m | ^[[39m^[[0m
Godot gates (analyzer)	Import the project	2026-10-04T03:53:29.1567996Z [  16% ] ^[[90m^[[1mupdate_scripts_classes^[[22m | ^[[39m^[[0m
Godot gates (analyzer)	Import the project	2026-10-04T03:53:29.1568668Z [  16% ] ^[[90m^[[1mupdate_scripts_classes^[[22m | ^[[39m^[[0m
Godot gates (analyzer)	Import the project	2026-10-04T03:53:29.1569338Z [  16% ] ^[[90m^[[1mupdate_scripts_classes^[[22m | ^[[39m^[[0m
Godot gates (analyzer)	Import the project	2026-10-04T03:53:29.1570007Z [  16% ] ^[[90m^[[1mupdate_scripts_classes^[[22m | ^[[39m^[[0m
Godot gates (analyzer)	Import the project	2026-10-04T03:53:29.1570670Z [  17% ] ^[[90m^[[1mupdate_scripts_classes^[[22m | ^[[39m^[[0m
Godot gates (analyzer)	Import the project	2026-10-04T03:53:29.1571353Z [  17% ] ^[[90m^[[1mupdate_scripts_classes^[[22m | ^[[39m^[[0m
Godot gates (analyzer)	Import the project	2026-10-04T03:53:29.1572009Z [  17% ] ^[[90m^[[1mupdate_scripts_classes^[[22m | ^[[39m^[[0m
Godot gates (analyzer)	Import the project	2026-10-04T03:53:29.1572682Z [  17% ] ^[[90m^[[1mupdate_scripts_classes^[[22m | ^[[39m^[[0m
Godot gates (analyzer)	Import the project	2026-10-04T03:53:29.1573582Z [  17% ] ^[[90m^[[1mupdate_scripts_classes^[[22m | ^[[39m^[[0m
Godot gates (analyzer)	Import the project	2026-10-04T03:53:29.1574309Z [  17% ] ^[[90m^[[1mupdate_scripts_classes^[[22m | ^[[39m^[[0m
Godot gates (analyzer)	Import the project	2026-10-04T03:53:29.1575013Z [  17% ] ^[[90m^[[1mupdate_scripts_classes^[[22m | ^[[39m^[[0m
Godot gates (analyzer)	Import the project	2026-10-04T03:53:29.1575693Z [  17% ] ^[[90m^[[1mupdate_scripts_classes^[[22m | ^[[39m^[[0m
Godot gates (analyzer)	Import the project	2026-10-04T03:53:29.1576383Z [  17% ] ^[[90m^[[1mupdate_scripts_classes^[[22m | ^[[39m^[[0m
Godot gates (analyzer)	Import the project	2026-10-04T03:53:29.1577075Z [  17% ] ^[[90m^[[1mupdate_scripts_classes^[[22m | ^[[39m^[[0m
Godot gates (analyzer)	Import the project	2026-10-04T03:53:29.1577763Z [  17% ] ^[[90m^[[1mupdate_scripts_classes^[[22m | ^[[39m^[[0m
Godot gates (analyzer)	Import the project	2026-10-04T03:53:29.1578446Z [  17% ] ^[[90m^[[1mupdate_scripts_classes^[[22m | ^[[39m^[[0m
Godot gates (analyzer)	Import the project	2026-10-04T03:53:29.1579130Z [  18% ] ^[[90m^[[1mupdate_scripts_classes^[[22m | ^[[39m^[[0m
Godot gates (analyzer)	Import the project	2026-10-04T03:53:29.1579821Z [  18% ] ^[[90m^[[1mupdate_scripts_classes^[[22m | ^[[39m^[[0m
Godot gates (analyzer)	Import the project	2026-10-04T03:53:29.1580751Z [  18% ] ^[[90m^[[1mupdate_scripts_classes^[[22m | ^[[39m^[[0m
Godot gates (analyzer)	Import the project	2026-10-04T03:53:29.1581524Z [  18% ] ^[[90m^[[1mupdate_scripts_classes^[[22m | ^[[39m^[[0m
Godot gates (analyzer)	Import the project	2026-10-04T03:53:29.1582224Z [  18% ] ^[[90m^[[1mupdate_scripts_classes^[[22m | ^[[39m^[[0m
Godot gates (analyzer)	Import the project	2026-10-04T03:53:29.1583468Z [  18% ] ^[[90m^[[1mupdate_scripts_classes^[[22m | ^[[39m^[[0m
Godot gates (analyzer)	Import the project	2026-10-04T03:53:29.1584189Z [  18% ] ^[[90m^[[1mupdate_scripts_classes^[[22m | ^[[39m^[[0m
Godot gates (analyzer)	Import the project	2026-10-04T03:53:29.1584907Z [  18% ] ^[[90m^[[1mupdate_scripts_classes^[[22m | ^[[39m^[[0m
Godot gates (analyzer)	Import the project	2026-10-04T03:53:29.1585628Z [  18% ] ^[[90m^[[1mupdate_scripts_classes^[[22m | ^[[39m^[[0m
Godot gates (analyzer)	Import the project	2026-10-04T03:53:29.1586325Z [  18% ] ^[[90m^[[1mupdate_scripts_classes^[[22m | ^[[39m^[[0m
Godot gates (analyzer)	Import the project	2026-10-04T03:53:29.1587026Z [  18% ] ^[[90m^[[1mupdate_scripts_classes^[[22m | ^[[39m^[[0m
Godot gates (analyzer)	Import the project	2026-10-04T03:53:29.1587752Z [  18% ] ^[[90m^[[1mupdate_scripts_classes^[[22m | ^[[39m^[[0m
Godot gates (analyzer)	Import the project	2026-10-04T03:53:29.1588465Z [  19% ] ^[[90m^[[1mupdate_scripts_classes^[[22m | ^[[39m^[[0m
Godot gates (analyzer)	Import the project	2026-10-04T03:53:29.1589156Z [  19% ] ^[[90m^[[1mupdate_scripts_classes^[[22m | ^[[39m^[[0m
Godot gates (analyzer)	Import the project	2026-10-04T03:53:29.1589913Z [  19% ] ^[[90m^[[1mupdate_scripts_classes^[[22m | ^[[39m^[[0m
Godot gates (analyzer)	Import the project	2026-10-04T03:53:29.1590616Z [  19% ] ^[[90m^[[1mupdate_scripts_classes^[[22m | ^[[39m^[[0m
Godot gates (analyzer)	Import the project	2026-10-04T03:53:29.1591323Z [  19% ] ^[[90m^[[1mupdate_scripts_classes^[[22m | ^[[39m^[[0m
Godot gates (analyzer)	Import the project	2026-10-04T03:53:29.1592018Z [  19% ] ^[[90m^[[1mupdate_scripts_classes^[[22m | ^[[39m^[[0m
Godot gates (analyzer)	Import the project	2026-10-04T03:53:29.1592712Z [  19% ] ^[[90m^[[1mupdate_scripts_classes^[[22m | ^[[39m^[[0m
Godot gates (analyzer)	Import the project	2026-10-04T03:53:29.1593640Z [  19% ] ^[[90m^[[1mupdate_scripts_classes^[[22m | ^[[39m^[[0m
Godot gates (analyzer)	Import the project	2026-10-04T03:53:29.1594341Z [  19% ] ^[[90m^[[1mupdate_scripts_classes^[[22m | ^[[39m^[[0m
Godot gates (analyzer)	Import the project	2026-10-04T03:53:29.1595042Z [  19% ] ^[[90m^[[1mupdate_scripts_classes^[[22m | ^[[39m^[[0m
Godot gates (analyzer)	Import the project	2026-10-04T03:53:29.1595818Z [  19% ] ^[[90m^[[1mupdate_scripts_classes^[[22m | ^[[39m^[[0m
Godot gates (analyzer)	Import the project	2026-10-04T03:53:29.1596526Z [  20% ] ^[[90m^[[1mupdate_scripts_classes^[[22m | ^[[39m^[[0m
Godot gates (analyzer)	Import the project	2026-10-04T03:53:29.1597232Z [  20% ] ^[[90m^[[1mupdate_scripts_classes^[[22m | ^[[39m^[[0m
Godot gates (analyzer)	Import the project	2026-10-04T03:53:29.1597930Z [  20% ] ^[[90m^[[1mupdate_scripts_classes^[[22m | ^[[39m^[[0m
Godot gates (analyzer)	Import the project	2026-10-04T03:53:29.1598636Z [  20% ] ^[[90m^[[1mupdate_scripts_classes^[[22m | ^[[39m^[[0m
Godot gates (analyzer)	Import the project	2026-10-04T03:53:29.1599331Z [  20% ] ^[[90m^[[1mupdate_scripts_classes^[[22m | ^[[39m^[[0m
Godot gates (analyzer)	Import the project	2026-10-04T03:53:29.1600030Z [  20% ] ^[[90m^[[1mupdate_scripts_classes^[[22m | ^[[39m^[[0m
Godot gates (analyzer)	Import the project	2026-10-04T03:53:29.1600729Z [  20% ] ^[[90m^[[1mupdate_scripts_classes^[[22m | ^[[39m^[[0m
Godot gates (analyzer)	Import the project	2026-10-04T03:53:29.1601416Z [  20% ] ^[[90m^[[1mupdate_scripts_classes^[[22m | ^[[39m^[[0m
Godot gates (analyzer)	Import the project	2026-10-04T03:53:29.1602106Z [  20% ] ^[[90m^[[1mupdate_scripts_classes^[[22m | ^[[39m^[[0m
Godot gates (analyzer)	Import the project	2026-10-04T03:53:29.1603023Z [  20% ] ^[[90m^[[1mupdate_scripts_classes^[[22m | ^[[39m^[[0m
Godot gates (analyzer)	Import the project	2026-10-04T03:53:29.1603793Z [  20% ] ^[[90m^[[1mupdate_scripts_classes^[[22m | ^[[39m^[[0m
Godot gates (analyzer)	Import the project	2026-10-04T03:53:29.1604538Z [  20% ] ^[[90m^[[1mupdate_scripts_classes^[[22m | ^[[39m^[[0m
Godot gates (analyzer)	Import the project	2026-10-04T03:53:29.1605234Z [  21% ] ^[[90m^[[1mupdate_scripts_classes^[[22m | ^[[39m^[[0m
Godot gates (analyzer)	Import the project	2026-10-04T03:53:29.1605933Z [  21% ] ^[[90m^[[1mupdate_scripts_classes^[[22m | ^[[39m^[[0m
Godot gates (analyzer)	Import the project	2026-10-04T03:53:29.1606642Z [  21% ] ^[[90m^[[1mupdate_scripts_classes^[[22m | ^[[39m^[[0m
Godot gates (analyzer)	Import the project	2026-10-04T03:53:29.1607345Z [  21% ] ^[[90m^[[1mupdate_scripts_classes^[[22m | ^[[39m^[[0m
Godot gates (analyzer)	Import the project	2026-10-04T03:53:29.1608031Z [  21% ] ^[[90m^[[1mupdate_scripts_classes^[[22m | ^[[39m^[[0m
Godot gates (analyzer)	Import the project	2026-10-04T03:53:29.1608724Z [  21% ] ^[[90m^[[1mupdate_scripts_classes^[[22m | ^[[39m^[[0m
Godot gates (analyzer)	Import the project	2026-10-04T03:53:29.1609418Z [  21% ] ^[[90m^[[1mupdate_scripts_classes^[[22m | ^[[39m^[[0m
Godot gates (analyzer)	Import the project	2026-10-04T03:53:29.1610102Z [  21% ] ^[[90m^[[1mupdate_scripts_classes^[[22m | ^[[39m^[[0m
Godot gates (analyzer)	Import the project	2026-10-04T03:53:29.1610787Z [  21% ] ^[[90m^[[1mupdate_scripts_classes^[[22m | ^[[39m^[[0m
Godot gates (analyzer)	Import the project	2026-10-04T03:53:29.1611476Z [  21% ] ^[[90m^[[1mupdate_scripts_classes^[[22m | ^[[39m^[[0m
Godot gates (analyzer)	Import the project	2026-10-04T03:53:29.1612160Z [  21% ] ^[[90m^[[1mupdate_scripts_classes^[[22m | ^[[39m^[[0m
Godot gates (analyzer)	Import the project	2026-10-04T03:53:29.1613131Z [  21% ] ^[[90m^[[1mupdate_scripts_classes^[[22m | ^[[39m^[[0m
Godot gates (analyzer)	Import the project	2026-10-04T03:53:29.1613853Z [  22% ] ^[[90m^[[1mupdate_scripts_classes^[[22m | ^[[39m^[[0m
Godot gates (analyzer)	Import the project	2026-10-04T03:53:29.1614566Z [  22% ] ^[[90m^[[1mupdate_scripts_classes^[[22m | ^[[39m^[[0m
Godot gates (analyzer)	Import the project	2026-10-04T03:53:29.1615254Z [  22% ] ^[[90m^[[1mupdate_scripts_classes^[[22m | ^[[39m^[[0m
Godot gates (analyzer)	Import the project	2026-10-04T03:53:29.1616206Z [  22% ] ^[[90m^[[1mupdate_scripts_classes^[[22m | ^[[39m^[[0m
Godot gates (analyzer)	Import the project	2026-10-04T03:53:29.1616909Z [  22% ] ^[[90m^[[1mupdate_scripts_classes^[[22m | ^[[39m^[[0m
Godot gates (analyzer)	Import the project	2026-10-04T03:53:29.1617824Z [  22% ] ^[[90m^[[1mupdate_scripts_classes^[[22m | ^[[39m^[[0m
Godot gates (analyzer)	Import the project	2026-10-04T03:53:29.1618526Z [  22% ] ^[[90m^[[1mupdate_scripts_classes^[[22m | ^[[39m^[[0m
Godot gates (analyzer)	Import the project	2026-10-04T03:53:29.1619226Z [  22% ] ^[[90m^[[1mupdate_scripts_classes^[[22m | ^[[39m^[[0m
Godot gates (analyzer)	Import the project	2026-10-04T03:53:29.1619912Z [  22% ] ^[[90m^[[1mupdate_scripts_classes^[[22m | ^[[39m^[[0m
Godot gates (analyzer)	Import the project	2026-10-04T03:53:29.1620608Z [  22% ] ^[[90m^[[1mupdate_scripts_classes^[[22m | ^[[39m^[[0m
Godot gates (analyzer)	Import the project	2026-10-04T03:53:29.1621293Z [  22% ] ^[[90m^[[1mupdate_scripts_classes^[[22m | ^[[39m^[[0m
Godot gates (analyzer)	Import the project	2026-10-04T03:53:29.1621977Z [  22% ] ^[[90m^[[1mupdate_scripts_classes^[[22m | ^[[39m^[[0m
Godot gates (analyzer)	Import the project	2026-10-04T03:53:29.1622668Z [  23% ] ^[[90m^[[1mupdate_scripts_classes^[[22m | ^[[39m^[[0m
Godot gates (analyzer)	Import the project	2026-10-04T03:53:29.1623614Z [  23% ] ^[[90m^[[1mupdate_scripts_classes^[[22m | ^[[39m^[[0m
Godot gates (analyzer)	Import the project	2026-10-04T03:53:29.1624324Z [  23% ] ^[[90m^[[1mupdate_scripts_classes^[[22m | ^[[39m^[[0m
Godot gates (analyzer)	Import the project	2026-10-04T03:53:29.1625012Z [  23% ] ^[[90m^[[1mupdate_scripts_classes^[[22m | ^[[39m^[[0m
Godot gates (analyzer)	Import the project	2026-10-04T03:53:29.1625694Z [  23% ] ^[[90m^[[1mupdate_scripts_classes^[[22m | ^[[39m^[[0m
Godot gates (analyzer)	Import the project	2026-10-04T03:53:29.1626384Z [  23% ] ^[[90m^[[1mupdate_scripts_classes^[[22m | ^[[39m^[[0m
Godot gates (analyzer)	Import the project	2026-10-04T03:53:29.1627066Z [  23% ] ^[[90m^[[1mupdate_scripts_classes^[[22m | ^[[39m^[[0m
Godot gates (analyzer)	Import the project	2026-10-04T03:53:29.1627754Z [  23% ] ^[[90m^[[1mupdate_scripts_classes^[[22m | ^[[39m^[[0m
Godot gates (analyzer)	Import the project	2026-10-04T03:53:29.1628445Z [  23% ] ^[[90m^[[1mupdate_scripts_classes^[[22m | ^[[39m^[[0m
Godot gates (analyzer)	Import the project	2026-10-04T03:53:29.1629134Z [  23% ] ^[[90m^[[1mupdate_scripts_classes^[[22m | ^[[39m^[[0m
Godot gates (analyzer)	Import the project	2026-10-04T03:53:29.1629821Z [  23% ] ^[[90m^[[1mupdate_scripts_classes^[[22m | ^[[39m^[[0m
Godot gates (analyzer)	Import the project	2026-10-04T03:53:29.1630505Z [  23% ] ^[[90m^[[1mupdate_scripts_classes^[[22m | ^[[39m^[[0m
Godot gates (analyzer)	Import the project	2026-10-04T03:53:29.1631183Z [  24% ] ^[[90m^[[1mupdate_scripts_classes^[[22m | ^[[39m^[[0m
Godot gates (analyzer)	Import the project	2026-10-04T03:53:29.1631865Z [  24% ] ^[[90m^[[1mupdate_scripts_classes^[[22m | ^[[39m^[[0m
Godot gates (analyzer)	Import the project	2026-10-04T03:53:29.1632556Z [  24% ] ^[[90m^[[1mupdate_scripts_classes^[[22m | ^[[39m^[[0m
Godot gates (analyzer)	Import the project	2026-10-04T03:53:29.1633489Z [  24% ] ^[[90m^[[1mupdate_scripts_classes^[[22m | ^[[39m^[[0m
Godot gates (analyzer)	Import the project	2026-10-04T03:53:29.1634180Z [  24% ] ^[[90m^[[1mupdate_scripts_classes^[[22m | ^[[39m^[[0m
Godot gates (analyzer)	Import the project	2026-10-04T03:53:29.1634892Z [  24% ] ^[[90m^[[1mupdate_scripts_classes^[[22m | ^[[39m^[[0m
Godot gates (analyzer)	Import the project	2026-10-04T03:53:29.1635575Z [  24% ] ^[[90m^[[1mupdate_scripts_classes^[[22m | ^[[39m^[[0m
Godot gates (analyzer)	Import the project	2026-10-04T03:53:29.1636267Z [  24% ] ^[[90m^[[1mupdate_scripts_classes^[[22m | ^[[39m^[[0m
Godot gates (analyzer)	Import the project	2026-10-04T03:53:29.1636952Z [  24% ] ^[[90m^[[1mupdate_scripts_classes^[[22m | ^[[39m^[[0m
Godot gates (analyzer)	Import the project	2026-10-04T03:53:29.1637639Z [  24% ] ^[[90m^[[1mupdate_scripts_classes^[[22m | ^[[39m^[[0m
Godot gates (analyzer)	Import the project	2026-10-04T03:53:29.1638326Z [  24% ] ^[[90m^[[1mupdate_scripts_classes^[[22m | ^[[39m^[[0m
Godot gates (analyzer)	Import the project	2026-10-04T03:53:29.1639021Z [  25% ] ^[[90m^[[1mupdate_scripts_classes^[[22m | ^[[39m^[[0m
Godot gates (analyzer)	Import the project	2026-10-04T03:53:29.1639715Z [  25% ] ^[[90m^[[1mupdate_scripts_classes^[[22m | ^[[39m^[[0m
Godot gates (analyzer)	Import the project	2026-10-04T03:53:29.1640417Z [  25% ] ^[[90m^[[1mupdate_scripts_classes^[[22m | ^[[39m^[[0m
Godot gates (analyzer)	Import the project	2026-10-04T03:53:29.1641118Z [  25% ] ^[[90m^[[1mupdate_scripts_classes^[[22m | ^[[39m^[[0m
Godot gates (analyzer)	Import the project	2026-10-04T03:53:29.1641808Z [  25% ] ^[[90m^[[1mupdate_scripts_classes^[[22m | ^[[39m^[[0m
Godot gates (analyzer)	Import the project	2026-10-04T03:53:29.1642504Z [  25% ] ^[[90m^[[1mupdate_scripts_classes^[[22m | ^[[39m^[[0m
Godot gates (analyzer)	Import the project	2026-10-04T03:53:29.1643438Z [  25% ] ^[[90m^[[1mupdate_scripts_classes^[[22m | ^[[39m^[[0m
Godot gates (analyzer)	Import the project	2026-10-04T03:53:29.1644133Z [  25% ] ^[[90m^[[1mupdate_scripts_classes^[[22m | ^[[39m^[[0m
Godot gates (analyzer)	Import the project	2026-10-04T03:53:29.1644829Z [  25% ] ^[[90m^[[1mupdate_scripts_classes^[[22m | ^[[39m^[[0m
Godot gates (analyzer)	Import the project	2026-10-04T03:53:29.1645522Z [  25% ] ^[[90m^[[1mupdate_scripts_classes^[[22m | ^[[39m^[[0m
Godot gates (analyzer)	Import the project	2026-10-04T03:53:29.1646219Z [  25% ] ^[[90m^[[1mupdate_scripts_classes^[[22m | ^[[39m^[[0m
Godot gates (analyzer)	Import the project	2026-10-04T03:53:29.1646918Z [  25% ] ^[[90m^[[1mupdate_scripts_classes^[[22m | ^[[39m^[[0m
Godot gates (analyzer)	Import the project	2026-10-04T03:53:29.1647608Z [  26% ] ^[[90m^[[1mupdate_scripts_classes^[[22m | ^[[39m^[[0m
Godot gates (analyzer)	Import the project	2026-10-04T03:53:29.1648303Z [  26% ] ^[[90m^[[1mupdate_scripts_classes^[[22m | ^[[39m^[[0m
Godot gates (analyzer)	Import the project	2026-10-04T03:53:29.1649018Z [  26% ] ^[[90m^[[1mupdate_scripts_classes^[[22m | ^[[39m^[[0m
Godot gates (analyzer)	Import the project	2026-10-04T03:53:29.1649949Z [  26% ] ^[[90m^[[1mupdate_scripts_classes^[[22m | ^[[39m^[[0m
Godot gates (analyzer)	Import the project	2026-10-04T03:53:29.1650636Z [  26% ] ^[[90m^[[1mupdate_scripts_classes^[[22m | ^[[39m^[[0m
Godot gates (analyzer)	Import the project	2026-10-04T03:53:29.1654555Z [  26% ] ^[[90m^[[1mupdate_scripts_classes^[[22m | ^[[39m^[[0m
Godot gates (analyzer)	Import the project	2026-10-04T03:53:29.1655289Z [  26% ] ^[[90m^[[1mupdate_scripts_classes^[[22m | ^[[39m^[[0m
Godot gates (analyzer)	Import the project	2026-10-04T03:53:29.1655990Z [  26% ] ^[[90m^[[1mupdate_scripts_classes^[[22m | ^[[39m^[[0m
Godot gates (analyzer)	Import the project	2026-10-04T03:53:29.1656689Z [  26% ] ^[[90m^[[1mupdate_scripts_classes^[[22m | ^[[39m^[[0m
Godot gates (analyzer)	Import the project	2026-10-04T03:53:29.1657376Z [  26% ] ^[[90m^[[1mupdate_scripts_classes^[[22m | ^[[39m^[[0m
Godot gates (analyzer)	Import the project	2026-10-04T03:53:29.1658069Z [  26% ] ^[[90m^[[1mupdate_scripts_classes^[[22m | ^[[39m^[[0m
Godot gates (analyzer)	Import the project	2026-10-04T03:53:29.1658759Z [  26% ] ^[[90m^[[1mupdate_scripts_classes^[[22m | ^[[39m^[[0m
Godot gates (analyzer)	Import the project	2026-10-04T03:53:29.1659446Z [  27% ] ^[[90m^[[1mupdate_scripts_classes^[[22m | ^[[39m^[[0m
Godot gates (analyzer)	Import the project	2026-10-04T03:53:29.1660132Z [  27% ] ^[[90m^[[1mupdate_scripts_classes^[[22m | ^[[39m^[[0m
Godot gates (analyzer)	Import the project	2026-10-04T03:53:29.1660849Z [  27% ] ^[[90m^[[1mupdate_scripts_classes^[[22m | ^[[39m^[[0m
Godot gates (analyzer)	Import the project	2026-10-04T03:53:29.1661535Z [  27% ] ^[[90m^[[1mupdate_scripts_classes^[[22m | ^[[39m^[[0m
Godot gates (analyzer)	Import the project	2026-10-04T03:53:29.1662225Z [  27% ] ^[[90m^[[1mupdate_scripts_classes^[[22m | ^[[39m^[[0m
Godot gates (analyzer)	Import the project	2026-10-04T03:53:29.1663159Z [  27% ] ^[[90m^[[1mupdate_scripts_classes^[[22m | ^[[39m^[[0m
Godot gates (analyzer)	Import the project	2026-10-04T03:53:29.1663887Z [  27% ] ^[[90m^[[1mupdate_scripts_classes^[[22m | ^[[39m^[[0m
Godot gates (analyzer)	Import the project	2026-10-04T03:53:29.1664568Z [  27% ] ^[[90m^[[1mupdate_scripts_classes^[[22m | ^[[39m^[[0m
Godot gates (analyzer)	Import the project	2026-10-04T03:53:29.1665231Z [  27% ] ^[[90m^[[1mupdate_scripts_classes^[[22m | ^[[39m^[[0m
Godot gates (analyzer)	Import the project	2026-10-04T03:53:29.1665895Z [  27% ] ^[[90m^[[1mupdate_scripts_classes^[[22m | ^[[39m^[[0m
Godot gates (analyzer)	Import the project	2026-10-04T03:53:29.1666568Z [  27% ] ^[[90m^[[1mupdate_scripts_classes^[[22m | ^[[39m^[[0m
Godot gates (analyzer)	Import the project	2026-10-04T03:53:29.1667224Z [  27% ] ^[[90m^[[1mupdate_scripts_classes^[[22m | ^[[39m^[[0m
Godot gates (analyzer)	Import the project	2026-10-04T03:53:29.1667883Z [  28% ] ^[[90m^[[1mupdate_scripts_classes^[[22m | ^[[39m^[[0m
Godot gates (analyzer)	Import the project	2026-10-04T03:53:29.1668544Z [  28% ] ^[[90m^[[1mupdate_scripts_classes^[[22m | ^[[39m^[[0m
Godot gates (analyzer)	Import the project	2026-10-04T03:53:29.1669223Z [  28% ] ^[[90m^[[1mupdate_scripts_classes^[[22m | ^[[39m^[[0m
Godot gates (analyzer)	Import the project	2026-10-04T03:53:29.1669882Z [  28% ] ^[[90m^[[1mupdate_scripts_classes^[[22m | ^[[39m^[[0m
Godot gates (analyzer)	Import the project	2026-10-04T03:53:29.1670541Z [  28% ] ^[[90m^[[1mupdate_scripts_classes^[[22m | ^[[39m^[[0m
Godot gates (analyzer)	Import the project	2026-10-04T03:53:29.1671205Z [  28% ] ^[[90m^[[1mupdate_scripts_classes^[[22m | ^[[39m^[[0m
Godot gates (analyzer)	Import the project	2026-10-04T03:53:29.1671874Z [  28% ] ^[[90m^[[1mupdate_scripts_classes^[[22m | ^[[39m^[[0m
Godot gates (analyzer)	Import the project	2026-10-04T03:53:29.1672539Z [  28% ] ^[[90m^[[1mupdate_scripts_classes^[[22m | ^[[39m^[[0m
Godot gates (analyzer)	Import the project	2026-10-04T03:53:29.1673428Z [  28% ] ^[[90m^[[1mupdate_scripts_classes^[[22m | ^[[39m^[[0m
Godot gates (analyzer)	Import the project	2026-10-04T03:53:29.1674110Z [  28% ] ^[[90m^[[1mupdate_scripts_classes^[[22m | ^[[39m^[[0m
Godot gates (analyzer)	Import the project	2026-10-04T03:53:29.1674818Z [  28% ] ^[[90m^[[1mupdate_scripts_classes^[[22m | ^[[39m^[[0m
Godot gates (analyzer)	Import the project	2026-10-04T03:53:29.1675510Z [  28% ] ^[[90m^[[1mupdate_scripts_classes^[[22m | ^[[39m^[[0m
Godot gates (analyzer)	Import the project	2026-10-04T03:53:29.1676195Z [  29% ] ^[[90m^[[1mupdate_scripts_classes^[[22m | ^[[39m^[[0m
Godot gates (analyzer)	Import the project	2026-10-04T03:53:29.1676885Z [  29% ] ^[[90m^[[1mupdate_scripts_classes^[[22m | ^[[39m^[[0m
Godot gates (analyzer)	Import the project	2026-10-04T03:53:29.1677583Z [  29% ] ^[[90m^[[1mupdate_scripts_classes^[[22m | ^[[39m^[[0m
Godot gates (analyzer)	Import the project	2026-10-04T03:53:29.1678267Z [  29% ] ^[[90m^[[1mupdate_scripts_classes^[[22m | ^[[39m^[[0m
Godot gates (analyzer)	Import the project	2026-10-04T03:53:29.1678955Z [  29% ] ^[[90m^[[1mupdate_scripts_classes^[[22m | ^[[39m^[[0m
Godot gates (analyzer)	Import the project	2026-10-04T03:53:29.1679661Z [  29% ] ^[[90m^[[1mupdate_scripts_classes^[[22m | ^[[39m^[[0m
Godot gates (analyzer)	Import the project	2026-10-04T03:53:29.1680339Z [  29% ] ^[[90m^[[1mupdate_scripts_classes^[[22m | ^[[39m^[[0m
Godot gates (analyzer)	Import the project	2026-10-04T03:53:29.1681018Z [  29% ] ^[[90m^[[1mupdate_scripts_classes^[[22m | ^[[39m^[[0m
Godot gates (analyzer)	Import the project	2026-10-04T03:53:29.1681704Z [  29% ] ^[[90m^[[1mupdate_scripts_classes^[[22m | ^[[39m^[[0m
Godot gates (analyzer)	Import the project	2026-10-04T03:53:29.1682396Z [  29% ] ^[[90m^[[1mupdate_scripts_classes^[[22m | ^[[39m^[[0m
Godot gates (analyzer)	Import the project	2026-10-04T03:53:29.1683298Z [  29% ] ^[[90m^[[1mupdate_scripts_classes^[[22m | ^[[39m^[[0m
Godot gates (analyzer)	Import the project	2026-10-04T03:53:29.1683986Z [  30% ] ^[[90m^[[1mupdate_scripts_classes^[[22m | ^[[39m^[[0m
Godot gates (analyzer)	Import the project	2026-10-04T03:53:29.1684657Z [  30% ] ^[[90m^[[1mupdate_scripts_classes^[[22m | ^[[39m^[[0m
Godot gates (analyzer)	Import the project	2026-10-04T03:53:29.1685351Z [  30% ] ^[[90m^[[1mupdate_scripts_classes^[[22m | ^[[39m^[[0m
Godot gates (analyzer)	Import the project	2026-10-04T03:53:29.1686572Z [  30% ] ^[[90m^[[1mupdate_scripts_classes^[[22m | ^[[39m^[[0m
Godot gates (analyzer)	Import the project	2026-10-04T03:53:29.1687262Z [  30% ] ^[[90m^[[1mupdate_scripts_classes^[[22m | ^[[39m^[[0m
Godot gates (analyzer)	Import the project	2026-10-04T03:53:29.1687947Z [  30% ] ^[[90m^[[1mupdate_scripts_classes^[[22m | ^[[39m^[[0m
Godot gates (analyzer)	Import the project	2026-10-04T03:53:29.1688852Z [  30% ] ^[[90m^[[1mupdate_scripts_classes^[[22m | ^[[39m^[[0m
Godot gates (analyzer)	Import the project	2026-10-04T03:53:29.1689530Z [  30% ] ^[[90m^[[1mupdate_scripts_classes^[[22m | ^[[39m^[[0m
Godot gates (analyzer)	Import the project	2026-10-04T03:53:29.1690223Z [  30% ] ^[[90m^[[1mupdate_scripts_classes^[[22m | ^[[39m^[[0m
Godot gates (analyzer)	Import the project	2026-10-04T03:53:29.1690902Z [  30% ] ^[[90m^[[1mupdate_scripts_classes^[[22m | ^[[39m^[[0m
Godot gates (analyzer)	Import the project	2026-10-04T03:53:29.1691585Z [  30% ] ^[[90m^[[1mupdate_scripts_classes^[[22m | ^[[39m^[[0m
Godot gates (analyzer)	Import the project	2026-10-04T03:53:29.1692264Z [  30% ] ^[[90m^[[1mupdate_scripts_classes^[[22m | ^[[39m^[[0m
Godot gates (analyzer)	Import the project	2026-10-04T03:53:29.1693165Z [  31% ] ^[[90m^[[1mupdate_scripts_classes^[[22m | ^[[39m^[[0m
Godot gates (analyzer)	Import the project	2026-10-04T03:53:29.1693867Z [  31% ] ^[[90m^[[1mupdate_scripts_classes^[[22m | ^[[39m^[[0m
Godot gates (analyzer)	Import the project	2026-10-04T03:53:29.1694570Z [  31% ] ^[[90m^[[1mupdate_scripts_classes^[[22m | ^[[39m^[[0m
Godot gates (analyzer)	Import the project	2026-10-04T03:53:29.1695269Z [  31% ] ^[[90m^[[1mupdate_scripts_classes^[[22m | ^[[39m^[[0m
Godot gates (analyzer)	Import the project	2026-10-04T03:53:29.1696032Z [  31% ] ^[[90m^[[1mupdate_scripts_classes^[[22m | ^[[39m^[[0m
Godot gates (analyzer)	Import the project	2026-10-04T03:53:29.1696725Z [  31% ] ^[[90m^[[1mupdate_scripts_classes^[[22m | ^[[39m^[[0m
Godot gates (analyzer)	Import the project	2026-10-04T03:53:29.1697423Z [  31% ] ^[[90m^[[1mupdate_scripts_classes^[[22m | ^[[39m^[[0m
Godot gates (analyzer)	Import the project	2026-10-04T03:53:29.1698117Z [  31% ] ^[[90m^[[1mupdate_scripts_classes^[[22m | ^[[39m^[[0m
Godot gates (analyzer)	Import the project	2026-10-04T03:53:29.1698816Z [  31% ] ^[[90m^[[1mupdate_scripts_classes^[[22m | ^[[39m^[[0m
Godot gates (analyzer)	Import the project	2026-10-04T03:53:29.1699502Z [  31% ] ^[[90m^[[1mupdate_scripts_classes^[[22m | ^[[39m^[[0m
Godot gates (analyzer)	Import the project	2026-10-04T03:53:29.1700192Z [  31% ] ^[[90m^[[1mupdate_scripts_classes^[[22m | ^[[39m^[[0m
Godot gates (analyzer)	Import the project	2026-10-04T03:53:29.1700872Z [  31% ] ^[[90m^[[1mupdate_scripts_classes^[[22m | ^[[39m^[[0m
Godot gates (analyzer)	Import the project	2026-10-04T03:53:29.1701553Z [  32% ] ^[[90m^[[1mupdate_scripts_classes^[[22m | ^[[39m^[[0m
Godot gates (analyzer)	Import the project	2026-10-04T03:53:29.1702248Z [  32% ] ^[[90m^[[1mupdate_scripts_classes^[[22m | ^[[39m^[[0m
Godot gates (analyzer)	Import the project	2026-10-04T03:53:29.1703162Z [  32% ] ^[[90m^[[1mupdate_scripts_classes^[[22m | ^[[39m^[[0m
Godot gates (analyzer)	Import the project	2026-10-04T03:53:29.1703865Z [  32% ] ^[[90m^[[1mupdate_scripts_classes^[[22m | ^[[39m^[[0m
Godot gates (analyzer)	Import the project	2026-10-04T03:53:29.1704561Z [  32% ] ^[[90m^[[1mupdate_scripts_classes^[[22m | ^[[39m^[[0m
Godot gates (analyzer)	Import the project	2026-10-04T03:53:29.1705257Z [  32% ] ^[[90m^[[1mupdate_scripts_classes^[[22m | ^[[39m^[[0m
Godot gates (analyzer)	Import the project	2026-10-04T03:53:29.1705945Z [  32% ] ^[[90m^[[1mupdate_scripts_classes^[[22m | ^[[39m^[[0m
Godot gates (analyzer)	Import the project	2026-10-04T03:53:29.1706621Z [  32% ] ^[[90m^[[1mupdate_scripts_classes^[[22m | ^[[39m^[[0m
Godot gates (analyzer)	Import the project	2026-10-04T03:53:29.1707313Z [  32% ] ^[[90m^[[1mupdate_scripts_classes^[[22m | ^[[39m^[[0m
Godot gates (analyzer)	Import the project	2026-10-04T03:53:29.1707999Z [  32% ] ^[[90m^[[1mupdate_scripts_classes^[[22m | ^[[39m^[[0m
Godot gates (analyzer)	Import the project	2026-10-04T03:53:29.1708689Z [  32% ] ^[[90m^[[1mupdate_scripts_classes^[[22m | ^[[39m^[[0m
Godot gates (analyzer)	Import the project	2026-10-04T03:53:29.1709376Z [  32% ] ^[[90m^[[1mupdate_scripts_classes^[[22m | ^[[39m^[[0m
Godot gates (analyzer)	Import the project	2026-10-04T03:53:29.1710065Z [  33% ] ^[[90m^[[1mupdate_scripts_classes^[[22m | ^[[39m^[[0m
Godot gates (analyzer)	Import the project	2026-10-04T03:53:29.1710739Z [  33% ] ^[[90m^[[1mupdate_scripts_classes^[[22m | ^[[39m^[[0m
Godot gates (analyzer)	Import the project	2026-10-04T03:53:29.1711437Z [  33% ] ^[[90m^[[1mupdate_scripts_classes^[[22m | ^[[39m^[[0m
Godot gates (analyzer)	Import the project	2026-10-04T03:53:29.1712130Z [  33% ] ^[[90m^[[1mupdate_scripts_classes^[[22m | ^[[39m^[[0m
Godot gates (analyzer)	Import the project	2026-10-04T03:53:29.1713122Z [  33% ] ^[[90m^[[1mupdate_scripts_classes^[[22m | ^[[39m^[[0m
Godot gates (analyzer)	Import the project	2026-10-04T03:53:29.1713853Z [  33% ] ^[[90m^[[1mupdate_scripts_classes^[[22m | ^[[39m^[[0m
Godot gates (analyzer)	Import the project	2026-10-04T03:53:29.1714548Z [  33% ] ^[[90m^[[1mupdate_scripts_classes^[[22m | ^[[39m^[[0m
Godot gates (analyzer)	Import the project	2026-10-04T03:53:29.1715235Z [  33% ] ^[[90m^[[1mupdate_scripts_classes^[[22m | ^[[39m^[[0m
Godot gates (analyzer)	Import the project	2026-10-04T03:53:29.1715928Z [  33% ] ^[[90m^[[1mupdate_scripts_classes^[[22m | ^[[39m^[[0m
Godot gates (analyzer)	Import the project	2026-10-04T03:53:29.1716611Z [  33% ] ^[[90m^[[1mupdate_scripts_classes^[[22m | ^[[39m^[[0m
Godot gates (analyzer)	Import the project	2026-10-04T03:53:29.1717305Z [  33% ] ^[[90m^[[1mupdate_scripts_classes^[[22m | ^[[39m^[[0m
Godot gates (analyzer)	Import the project	2026-10-04T03:53:29.1718010Z [  33% ] ^[[90m^[[1mupdate_scripts_classes^[[22m | ^[[39m^[[0m
Godot gates (analyzer)	Import the project	2026-10-04T03:53:29.1718700Z [  34% ] ^[[90m^[[1mupdate_scripts_classes^[[22m | ^[[39m^[[0m
Godot gates (analyzer)	Import the project	2026-10-04T03:53:29.1719387Z [  34% ] ^[[90m^[[1mupdate_scripts_classes^[[22m | ^[[39m^[[0m
Godot gates (analyzer)	Import the project	2026-10-04T03:53:29.1720333Z [  34% ] ^[[90m^[[1mupdate_scripts_classes^[[22m | ^[[39m^[[0m
Godot gates (analyzer)	Import the project	2026-10-04T03:53:29.1721027Z [  34% ] ^[[90m^[[1mupdate_scripts_classes^[[22m | ^[[39m^[[0m
Godot gates (analyzer)	Import the project	2026-10-04T03:53:29.1721721Z [  34% ] ^[[90m^[[1mupdate_scripts_classes^[[22m | ^[[39m^[[0m
Godot gates (analyzer)	Import the project	2026-10-04T03:53:29.1722643Z [  34% ] ^[[90m^[[1mupdate_scripts_classes^[[22m | ^[[39m^[[0m
Godot gates (analyzer)	Import the project	2026-10-04T03:53:29.1723587Z [  34% ] ^[[90m^[[1mupdate_scripts_classes^[[22m | ^[[39m^[[0m
Godot gates (analyzer)	Import the project	2026-10-04T03:53:29.1724295Z [  34% ] ^[[90m^[[1mupdate_scripts_classes^[[22m | ^[[39m^[[0m
Godot gates (analyzer)	Import the project	2026-10-04T03:53:29.1724986Z [  34% ] ^[[90m^[[1mupdate_scripts_classes^[[22m | ^[[39m^[[0m
Godot gates (analyzer)	Import the project	2026-10-04T03:53:29.1725679Z [  34% ] ^[[90m^[[1mupdate_scripts_classes^[[22m | ^[[39m^[[0m
Godot gates (analyzer)	Import the project	2026-10-04T03:53:29.1726389Z [  34% ] ^[[90m^[[1mupdate_scripts_classes^[[22m | ^[[39m^[[0m
Godot gates (analyzer)	Import the project	2026-10-04T03:53:29.1727214Z [  35% ] ^[[90m^[[1mupdate_scripts_classes^[[22m | ^[[39m^[[0m
Godot gates (analyzer)	Import the project	2026-10-04T03:53:29.1727907Z [  35% ] ^[[90m^[[1mupdate_scripts_classes^[[22m | ^[[39m^[[0m
Godot gates (analyzer)	Import the project	2026-10-04T03:53:29.1728594Z [  35% ] ^[[90m^[[1mupdate_scripts_classes^[[22m | ^[[39m^[[0m
Godot gates (analyzer)	Import the project	2026-10-04T03:53:29.1729294Z [  35% ] ^[[90m^[[1mupdate_scripts_classes^[[22m | ^[[39m^[[0m
Godot gates (analyzer)	Import the project	2026-10-04T03:53:29.1729971Z [  35% ] ^[[90m^[[1mupdate_scripts_classes^[[22m | ^[[39m^[[0m
Godot gates (analyzer)	Import the project	2026-10-04T03:53:29.1730682Z [  35% ] ^[[90m^[[1mupdate_scripts_classes^[[22m | ^[[39m^[[0m
Godot gates (analyzer)	Import the project	2026-10-04T03:53:29.1731378Z [  35% ] ^[[90m^[[1mupdate_scripts_classes^[[22m | ^[[39m^[[0m
Godot gates (analyzer)	Import the project	2026-10-04T03:53:29.1732071Z [  35% ] ^[[90m^[[1mupdate_scripts_classes^[[22m | ^[[39m^[[0m
Godot gates (analyzer)	Import the project	2026-10-04T03:53:29.1732764Z [  35% ] ^[[90m^[[1mupdate_scripts_classes^[[22m | ^[[39m^[[0m
Godot gates (analyzer)	Import the project	2026-10-04T03:53:29.1733680Z [  35% ] ^[[90m^[[1mupdate_scripts_classes^[[22m | ^[[39m^[[0m
Godot gates (analyzer)	Import the project	2026-10-04T03:53:29.1734378Z [  35% ] ^[[90m^[[1mupdate_scripts_classes^[[22m | ^[[39m^[[0m
Godot gates (analyzer)	Import the project	2026-10-04T03:53:29.1735082Z [  35% ] ^[[90m^[[1mupdate_scripts_classes^[[22m | ^[[39m^[[0m
Godot gates (analyzer)	Import the project	2026-10-04T03:53:29.1735763Z [  36% ] ^[[90m^[[1mupdate_scripts_classes^[[22m | ^[[39m^[[0m
Godot gates (analyzer)	Import the project	2026-10-04T03:53:29.1736453Z [  36% ] ^[[90m^[[1mupdate_scripts_classes^[[22m | ^[[39m^[[0m
Godot gates (analyzer)	Import the project	2026-10-04T03:53:29.1737146Z [  36% ] ^[[90m^[[1mupdate_scripts_classes^[[22m | ^[[39m^[[0m
Godot gates (analyzer)	Import the project	2026-10-04T03:53:29.1737838Z [  36% ] ^[[90m^[[1mupdate_scripts_classes^[[22m | ^[[39m^[[0m
Godot gates (analyzer)	Import the project	2026-10-04T03:53:29.1738540Z [  36% ] ^[[90m^[[1mupdate_scripts_classes^[[22m | ^[[39m^[[0m
Godot gates (analyzer)	Import the project	2026-10-04T03:53:29.1739221Z [  36% ] ^[[90m^[[1mupdate_scripts_classes^[[22m | ^[[39m^[[0m
Godot gates (analyzer)	Import the project	2026-10-04T03:53:29.1739884Z [  36% ] ^[[90m^[[1mupdate_scripts_classes^[[22m | ^[[39m^[[0m
Godot gates (analyzer)	Import the project	2026-10-04T03:53:29.1740494Z [  36% ] ^[[90m^[[1mupdate_scripts_classes^[[22m | ^[[39m^[[0m
Godot gates (analyzer)	Import the project	2026-10-04T03:53:29.1741147Z [  36% ] ^[[90m^[[1mupdate_scripts_classes^[[22m | ^[[39m^[[0m
Godot gates (analyzer)	Import the project	2026-10-04T03:53:29.1741808Z [  36% ] ^[[90m^[[1mupdate_scripts_classes^[[22m | ^[[39m^[[0m
Godot gates (analyzer)	Import the project	2026-10-04T03:53:29.1742460Z [  36% ] ^[[90m^[[1mupdate_scripts_classes^[[22m | ^[[39m^[[0m
Godot gates (analyzer)	Import the project	2026-10-04T03:53:29.1743344Z [  36% ] ^[[90m^[[1mupdate_scripts_classes^[[22m | ^[[39m^[[0m
Godot gates (analyzer)	Import the project	2026-10-04T03:53:29.1744013Z [  37% ] ^[[90m^[[1mupdate_scripts_classes^[[22m | ^[[39m^[[0m
Godot gates (analyzer)	Import the project	2026-10-04T03:53:29.1744672Z [  37% ] ^[[90m^[[1mupdate_scripts_classes^[[22m | ^[[39m^[[0m
Godot gates (analyzer)	Import the project	2026-10-04T03:53:29.1745354Z [  37% ] ^[[90m^[[1mupdate_scripts_classes^[[22m | ^[[39m^[[0m
Godot gates (analyzer)	Import the project	2026-10-04T03:53:29.1746020Z [  37% ] ^[[90m^[[1mupdate_scripts_classes^[[22m | ^[[39m^[[0m
Godot gates (analyzer)	Import the project	2026-10-04T03:53:29.1746680Z [  37% ] ^[[90m^[[1mupdate_scripts_classes^[[22m | ^[[39m^[[0m
Godot gates (analyzer)	Import the project	2026-10-04T03:53:29.1747344Z [  37% ] ^[[90m^[[1mupdate_scripts_classes^[[22m | ^[[39m^[[0m
Godot gates (analyzer)	Import the project	2026-10-04T03:53:29.1748013Z [  37% ] ^[[90m^[[1mupdate_scripts_classes^[[22m | ^[[39m^[[0m
Godot gates (analyzer)	Import the project	2026-10-04T03:53:29.1748666Z [  37% ] ^[[90m^[[1mupdate_scripts_classes^[[22m | ^[[39m^[[0m
Godot gates (analyzer)	Import the project	2026-10-04T03:53:29.1749329Z [  37% ] ^[[90m^[[1mupdate_scripts_classes^[[22m | ^[[39m^[[0m
Godot gates (analyzer)	Import the project	2026-10-04T03:53:29.1749989Z [  37% ] ^[[90m^[[1mupdate_scripts_classes^[[22m | ^[[39m^[[0m
Godot gates (analyzer)	Import the project	2026-10-04T03:53:29.1750654Z [  37% ] ^[[90m^[[1mupdate_scripts_classes^[[22m | ^[[39m^[[0m
Godot gates (analyzer)	Import the project	2026-10-04T03:53:29.1751339Z [  37% ] ^[[90m^[[1mupdate_scripts_classes^[[22m | ^[[39m^[[0m
Godot gates (analyzer)	Import the project	2026-10-04T03:53:29.1751997Z [  38% ] ^[[90m^[[1mupdate_scripts_classes^[[22m | ^[[39m^[[0m
Godot gates (analyzer)	Import the project	2026-10-04T03:53:29.1752650Z [  38% ] ^[[90m^[[1mupdate_scripts_classes^[[22m | ^[[39m^[[0m
Godot gates (analyzer)	Import the project	2026-10-04T03:53:29.1753811Z [  38% ] ^[[90m^[[1mupdate_scripts_classes^[[22m | ^[[39m^[[0m
Godot gates (analyzer)	Import the project	2026-10-04T03:53:29.1754486Z [  38% ] ^[[90m^[[1mupdate_scripts_classes^[[22m | ^[[39m^[[0m
Godot gates (analyzer)	Import the project	2026-10-04T03:53:29.1755159Z [  38% ] ^[[90m^[[1mupdate_scripts_classes^[[22m | ^[[39m^[[0m
Godot gates (analyzer)	Import the project	2026-10-04T03:53:29.1756031Z [  38% ] ^[[90m^[[1mupdate_scripts_classes^[[22m | ^[[39m^[[0m
Godot gates (analyzer)	Import the project	2026-10-04T03:53:29.1756708Z [  38% ] ^[[90m^[[1mupdate_scripts_classes^[[22m | ^[[39m^[[0m
Godot gates (analyzer)	Import the project	2026-10-04T03:53:29.1757370Z [  38% ] ^[[90m^[[1mupdate_scripts_classes^[[22m | ^[[39m^[[0m
Godot gates (analyzer)	Import the project	2026-10-04T03:53:29.1758039Z [  38% ] ^[[90m^[[1mupdate_scripts_classes^[[22m | ^[[39m^[[0m
Godot gates (analyzer)	Import the project	2026-10-04T03:53:29.1758703Z [  38% ] ^[[90m^[[1mupdate_scripts_classes^[[22m | ^[[39m^[[0m
Godot gates (analyzer)	Import the project	2026-10-04T03:53:29.1759365Z [  38% ] ^[[90m^[[1mupdate_scripts_classes^[[22m | ^[[39m^[[0m
Godot gates (analyzer)	Import the project	2026-10-04T03:53:29.1760026Z [  38% ] ^[[90m^[[1mupdate_scripts_classes^[[22m | ^[[39m^[[0m
Godot gates (analyzer)	Import the project	2026-10-04T03:53:29.1760685Z [  39% ] ^[[90m^[[1mupdate_scripts_classes^[[22m | ^[[39m^[[0m
Godot gates (analyzer)	Import the project	2026-10-04T03:53:29.1761347Z [  39% ] ^[[90m^[[1mupdate_scripts_classes^[[22m | ^[[39m^[[0m
Godot gates (analyzer)	Import the project	2026-10-04T03:53:29.1762029Z [  39% ] ^[[90m^[[1mupdate_scripts_classes^[[22m | ^[[39m^[[0m
Godot gates (analyzer)	Import the project	2026-10-04T03:53:29.1762695Z [  39% ] ^[[90m^[[1mupdate_scripts_classes^[[22m | ^[[39m^[[0m
Godot gates (analyzer)	Import the project	2026-10-04T03:53:29.1763624Z [  39% ] ^[[90m^[[1mupdate_scripts_classes^[[22m | ^[[39m^[[0m
Godot gates (analyzer)	Import the project	2026-10-04T03:53:29.1764356Z [  39% ] ^[[90m^[[1mupdate_scripts_classes^[[22m | ^[[39m^[[0m
Godot gates (analyzer)	Import the project	2026-10-04T03:53:29.1765065Z [  39% ] ^[[90m^[[1mupdate_scripts_classes^[[22m | ^[[39m^[[0m
Godot gates (analyzer)	Import the project	2026-10-04T03:53:29.1765764Z [  39% ] ^[[90m^[[1mupdate_scripts_classes^[[22m | ^[[39m^[[0m
Godot gates (analyzer)	Import the project	2026-10-04T03:53:29.1766460Z [  39% ] ^[[90m^[[1mupdate_scripts_classes^[[22m | ^[[39m^[[0m
Godot gates (analyzer)	Import the project	2026-10-04T03:53:29.1767127Z [  39% ] ^[[90m^[[1mupdate_scripts_classes^[[22m | ^[[39m^[[0m
Godot gates (analyzer)	Import the project	2026-10-04T03:53:29.1767685Z [  39% ] ^[[90m^[[1mupdate_scripts_classes^[[22m | ^[[39m^[[0m
Godot gates (analyzer)	Import the project	2026-10-04T03:53:29.1768216Z [  40% ] ^[[90m^[[1mupdate_scripts_classes^[[22m | ^[[39m^[[0m
Godot gates (analyzer)	Import the project	2026-10-04T03:53:29.1768739Z [  40% ] ^[[90m^[[1mupdate_scripts_classes^[[22m | ^[[39m^[[0m
Godot gates (analyzer)	Import the project	2026-10-04T03:53:29.1769312Z [  40% ] ^[[90m^[[1mupdate_scripts_classes^[[22m | ^[[39m^[[0m
Godot gates (analyzer)	Import the project	2026-10-04T03:53:29.1769936Z [  40% ] ^[[90m^[[1mupdate_scripts_classes^[[22m | ^[[39m^[[0m
Godot gates (analyzer)	Import the project	2026-10-04T03:53:29.1770568Z [  40% ] ^[[90m^[[1mupdate_scripts_classes^[[22m | ^[[39m^[[0m
Godot gates (analyzer)	Import the project	2026-10-04T03:53:29.1771221Z [  40% ] ^[[90m^[[1mupdate_scripts_classes^[[22m | ^[[39m^[[0m
Godot gates (analyzer)	Import the project	2026-10-04T03:53:29.1771862Z [  40% ] ^[[90m^[[1mupdate_scripts_classes^[[22m | ^[[39m^[[0m
Godot gates (analyzer)	Import the project	2026-10-04T03:53:29.1772486Z [  40% ] ^[[90m^[[1mupdate_scripts_classes^[[22m | ^[[39m^[[0m
Godot gates (analyzer)	Import the project	2026-10-04T03:53:29.1773464Z [  40% ] ^[[90m^[[1mupdate_scripts_classes^[[22m | ^[[39m^[[0m
Godot gates (analyzer)	Import the project	2026-10-04T03:53:29.1774152Z [  40% ] ^[[90m^[[1mupdate_scripts_classes^[[22m | ^[[39m^[[0m
Godot gates (analyzer)	Import the project	2026-10-04T03:53:29.1774818Z [  40% ] ^[[90m^[[1mupdate_scripts_classes^[[22m | ^[[39m^[[0m
Godot gates (analyzer)	Import the project	2026-10-04T03:53:29.1775510Z [  40% ] ^[[90m^[[1mupdate_scripts_classes^[[22m | ^[[39m^[[0m
Godot gates (analyzer)	Import the project	2026-10-04T03:53:29.1776192Z [  41% ] ^[[90m^[[1mupdate_scripts_classes^[[22m | ^[[39m^[[0m
Godot gates (analyzer)	Import the project	2026-10-04T03:53:29.1776905Z [  41% ] ^[[90m^[[1mupdate_scripts_classes^[[22m | ^[[39m^[[0m
Godot gates (analyzer)	Import the project	2026-10-04T03:53:29.1777613Z [  41% ] ^[[90m^[[1mupdate_scripts_classes^[[22m | ^[[39m^[[0m
Godot gates (analyzer)	Import the project	2026-10-04T03:53:29.1778287Z [  41% ] ^[[90m^[[1mupdate_scripts_classes^[[22m | ^[[39m^[[0m
Godot gates (analyzer)	Import the project	2026-10-04T03:53:29.1778958Z [  41% ] ^[[90m^[[1mupdate_scripts_classes^[[22m | ^[[39m^[[0m
Godot gates (analyzer)	Import the project	2026-10-04T03:53:29.1779678Z [  41% ] ^[[90m^[[1mupdate_scripts_classes^[[22m | ^[[39m^[[0m
Godot gates (analyzer)	Import the project	2026-10-04T03:53:29.1780350Z [  41% ] ^[[90m^[[1mupdate_scripts_classes^[[22m | ^[[39m^[[0m
Godot gates (analyzer)	Import the project	2026-10-04T03:53:29.1781032Z [  41% ] ^[[90m^[[1mupdate_scripts_classes^[[22m | ^[[39m^[[0m
Godot gates (analyzer)	Import the project	2026-10-04T03:53:29.1781730Z [  41% ] ^[[90m^[[1mupdate_scripts_classes^[[22m | ^[[39m^[[0m
Godot gates (analyzer)	Import the project	2026-10-04T03:53:29.1782421Z [  41% ] ^[[90m^[[1mupdate_scripts_classes^[[22m | ^[[39m^[[0m
Godot gates (analyzer)	Import the project	2026-10-04T03:53:29.1783352Z [  41% ] ^[[90m^[[1mupdate_scripts_classes^[[22m | ^[[39m^[[0m
Godot gates (analyzer)	Import the project	2026-10-04T03:53:29.1784055Z [  41% ] ^[[90m^[[1mupdate_scripts_classes^[[22m | ^[[39m^[[0m
Godot gates (analyzer)	Import the project	2026-10-04T03:53:29.1784769Z [  42% ] ^[[90m^[[1mupdate_scripts_classes^[[22m | ^[[39m^[[0m
Godot gates (analyzer)	Import the project	2026-10-04T03:53:29.1785453Z [  42% ] ^[[90m^[[1mupdate_scripts_classes^[[22m | ^[[39m^[[0m
Godot gates (analyzer)	Import the project	2026-10-04T03:53:29.1786365Z [  42% ] ^[[90m^[[1mupdate_scripts_classes^[[22m | ^[[39m^[[0m
Godot gates (analyzer)	Import the project	2026-10-04T03:53:29.1787086Z [  42% ] ^[[90m^[[1mupdate_scripts_classes^[[22m | ^[[39m^[[0m
Godot gates (analyzer)	Import the project	2026-10-04T03:53:29.1787784Z [  42% ] ^[[90m^[[1mupdate_scripts_classes^[[22m | ^[[39m^[[0m
Godot gates (analyzer)	Import the project	2026-10-04T03:53:29.1788680Z [  42% ] ^[[90m^[[1mupdate_scripts_classes^[[22m | ^[[39m^[[0m
Godot gates (analyzer)	Import the project	2026-10-04T03:53:29.1789384Z [  42% ] ^[[90m^[[1mupdate_scripts_classes^[[22m | ^[[39m^[[0m
Godot gates (analyzer)	Import the project	2026-10-04T03:53:29.1790086Z [  42% ] ^[[90m^[[1mupdate_scripts_classes^[[22m | ^[[39m^[[0m
Godot gates (analyzer)	Import the project	2026-10-04T03:53:29.1790758Z [  42% ] ^[[90m^[[1mupdate_scripts_classes^[[22m | ^[[39m^[[0m
Godot gates (analyzer)	Import the project	2026-10-04T03:53:29.1791434Z [  42% ] ^[[90m^[[1mupdate_scripts_classes^[[22m | ^[[39m^[[0m
Godot gates (analyzer)	Import the project	2026-10-04T03:53:29.1792134Z [  42% ] ^[[90m^[[1mupdate_scripts_classes^[[22m | ^[[39m^[[0m
Godot gates (analyzer)	Import the project	2026-10-04T03:53:29.1793040Z [  42% ] ^[[90m^[[1mupdate_scripts_classes^[[22m | ^[[39m^[[0m
Godot gates (analyzer)	Import the project	2026-10-04T03:53:29.1793744Z [  43% ] ^[[90m^[[1mupdate_scripts_classes^[[22m | ^[[39m^[[0m
Godot gates (analyzer)	Import the project	2026-10-04T03:53:29.1794420Z [  43% ] ^[[90m^[[1mupdate_scripts_classes^[[22m | ^[[39m^[[0m
Godot gates (analyzer)	Import the project	2026-10-04T03:53:29.1795160Z [  43% ] ^[[90m^[[1mupdate_scripts_classes^[[22m | ^[[39m^[[0m
Godot gates (analyzer)	Import the project	2026-10-04T03:53:29.1795927Z [  43% ] ^[[90m^[[1mupdate_scripts_classes^[[22m | ^[[39m^[[0m
Godot gates (analyzer)	Import the project	2026-10-04T03:53:29.1796612Z [  43% ] ^[[90m^[[1mupdate_scripts_classes^[[22m | ^[[39m^[[0m
Godot gates (analyzer)	Import the project	2026-10-04T03:53:29.1797304Z [  43% ] ^[[90m^[[1mupdate_scripts_classes^[[22m | ^[[39m^[[0m
Godot gates (analyzer)	Import the project	2026-10-04T03:53:29.1798008Z [  43% ] ^[[90m^[[1mupdate_scripts_classes^[[22m | ^[[39m^[[0m
Godot gates (analyzer)	Import the project	2026-10-04T03:53:29.1798694Z [  43% ] ^[[90m^[[1mupdate_scripts_classes^[[22m | ^[[39m^[[0m
Godot gates (analyzer)	Import the project	2026-10-04T03:53:29.1799366Z [  43% ] ^[[90m^[[1mupdate_scripts_classes^[[22m | ^[[39m^[[0m
Godot gates (analyzer)	Import the project	2026-10-04T03:53:29.1800043Z [  43% ] ^[[90m^[[1mupdate_scripts_classes^[[22m | ^[[39m^[[0m
Godot gates (analyzer)	Import the project	2026-10-04T03:53:29.1800737Z [  43% ] ^[[90m^[[1mupdate_scripts_classes^[[22m | ^[[39m^[[0m
Godot gates (analyzer)	Import the project	2026-10-04T03:53:29.1801418Z [  43% ] ^[[90m^[[1mupdate_scripts_classes^[[22m | ^[[39m^[[0m
Godot gates (analyzer)	Import the project	2026-10-04T03:53:29.1802091Z [  44% ] ^[[90m^[[1mupdate_scripts_classes^[[22m | ^[[39m^[[0m
Godot gates (analyzer)	Import the project	2026-10-04T03:53:29.1802789Z [  44% ] ^[[90m^[[1mupdate_scripts_classes^[[22m | ^[[39m^[[0m
Godot gates (analyzer)	Import the project	2026-10-04T03:53:29.1803717Z [  44% ] ^[[90m^[[1mupdate_scripts_classes^[[22m | ^[[39m^[[0m
Godot gates (analyzer)	Import the project	2026-10-04T03:53:29.1804408Z [  44% ] ^[[90m^[[1mupdate_scripts_classes^[[22m | ^[[39m^[[0m
Godot gates (analyzer)	Import the project	2026-10-04T03:53:29.1805088Z [  44% ] ^[[90m^[[1mupdate_scripts_classes^[[22m | ^[[39m^[[0m
Godot gates (analyzer)	Import the project	2026-10-04T03:53:29.1805778Z [  44% ] ^[[90m^[[1mupdate_scripts_classes^[[22m | ^[[39m^[[0m
Godot gates (analyzer)	Import the project	2026-10-04T03:53:29.1806473Z [  44% ] ^[[90m^[[1mupdate_scripts_classes^[[22m | ^[[39m^[[0m
Godot gates (analyzer)	Import the project	2026-10-04T03:53:29.1807151Z [  44% ] ^[[90m^[[1mupdate_scripts_classes^[[22m | ^[[39m^[[0m
Godot gates (analyzer)	Import the project	2026-10-04T03:53:29.1807820Z [  44% ] ^[[90m^[[1mupdate_scripts_classes^[[22m | ^[[39m^[[0m
Godot gates (analyzer)	Import the project	2026-10-04T03:53:29.1808515Z [  44% ] ^[[90m^[[1mupdate_scripts_classes^[[22m | ^[[39m^[[0m
Godot gates (analyzer)	Import the project	2026-10-04T03:53:29.1809197Z [  44% ] ^[[90m^[[1mupdate_scripts_classes^[[22m | ^[[39m^[[0m
Godot gates (analyzer)	Import the project	2026-10-04T03:53:29.1809879Z [  45% ] ^[[90m^[[1mupdate_scripts_classes^[[22m | ^[[39m^[[0m
Godot gates (analyzer)	Import the project	2026-10-04T03:53:29.1810557Z [  45% ] ^[[90m^[[1mupdate_scripts_classes^[[22m | ^[[39m^[[0m
Godot gates (analyzer)	Import the project	2026-10-04T03:53:29.1811453Z [  45% ] ^[[90m^[[1mupdate_scripts_classes^[[22m | ^[[39m^[[0m
Godot gates (analyzer)	Import the project	2026-10-04T03:53:29.1812291Z [  45% ] ^[[90m^[[1mupdate_scripts_classes^[[22m | ^[[39m^[[0m
Godot gates (analyzer)	Import the project	2026-10-04T03:53:29.1813541Z [  45% ] ^[[90m^[[1mupdate_scripts_classes^[[22m | ^[[39m^[[0m
Godot gates (analyzer)	Import the project	2026-10-04T03:53:29.1814440Z [  45% ] ^[[90m^[[1mupdate_scripts_classes^[[22m | ^[[39m^[[0m
Godot gates (analyzer)	Import the project	2026-10-04T03:53:29.1815510Z [  45% ] ^[[90m^[[1mupdate_scripts_classes^[[22m | Component^[[39m^[[0m
Godot gates (analyzer)	Import the project	2026-10-04T03:53:29.1816594Z [  45% ] ^[[90m^[[1mupdate_scripts_classes^[[22m | HealthComponent^[[39m^[[0m
Godot gates (analyzer)	Import the project	2026-10-04T03:53:29.1817709Z [  45% ] ^[[90m^[[1mupdate_scripts_classes^[[22m | PositionComponent^[[39m^[[0m
Godot gates (analyzer)	Import the project	2026-10-04T03:53:29.1818829Z [  45% ] ^[[90m^[[1mupdate_scripts_classes^[[22m | ^[[39m^[[0m
Godot gates (analyzer)	Import the project	2026-10-04T03:53:29.1819709Z [  45% ] ^[[90m^[[1mupdate_scripts_classes^[[22m | ^[[39m^[[0m
Godot gates (analyzer)	Import the project	2026-10-04T03:53:29.1820637Z [  45% ] ^[[90m^[[1mupdate_scripts_classes^[[22m | ^[[39m^[[0m
Godot gates (analyzer)	Import the project	2026-10-04T03:53:29.1821524Z [  46% ] ^[[90m^[[1mupdate_scripts_classes^[[22m | ^[[39m^[[0m
Godot gates (analyzer)	Import the project	2026-10-04T03:53:29.1822396Z [  46% ] ^[[90m^[[1mupdate_scripts_classes^[[22m | ^[[39m^[[0m
Godot gates (analyzer)	Import the project	2026-10-04T03:53:29.1824001Z [  46% ] ^[[90m^[[1mupdate_scripts_classes^[[22m | ^[[39m^[[0m
Godot gates (analyzer)	Import the project	2026-10-04T03:53:29.1824847Z [  46% ] ^[[90m^[[1mupdate_scripts_classes^[[22m | ^[[39m^[[0m
Godot gates (analyzer)	Import the project	2026-10-04T03:53:29.1826145Z [  46% ] ^[[90m^[[1mupdate_scripts_classes^[[22m | ^[[39m^[[0m
Godot gates (analyzer)	Import the project	2026-10-04T03:53:29.1826992Z [  46% ] ^[[90m^[[1mupdate_scripts_classes^[[22m | ^[[39m^[[0m
Godot gates (analyzer)	Import the project	2026-10-04T03:53:29.1846567Z [  46% ] ^[[90m^[[1mupdate_scripts_classes^[[22m | ^[[39m^[[0m
Godot gates (analyzer)	Import the project	2026-10-04T03:53:29.1847449Z [  46% ] ^[[90m^[[1mupdate_scripts_classes^[[22m | ^[[39m^[[0m
Godot gates (analyzer)	Import the project	2026-10-04T03:53:29.1848163Z [  46% ] ^[[90m^[[1mupdate_scripts_classes^[[22m | ^[[39m^[[0m
Godot gates (analyzer)	Import the project	2026-10-04T03:53:29.1848868Z [  46% ] ^[[90m^[[1mupdate_scripts_classes^[[22m | ^[[39m^[[0m
Godot gates (analyzer)	Import the project	2026-10-04T03:53:29.1849542Z [  46% ] ^[[90m^[[1mupdate_scripts_classes^[[22m | ^[[39m^[[0m
Godot gates (analyzer)	Import the project	2026-10-04T03:53:29.1850227Z [  46% ] ^[[90m^[[1mupdate_scripts_classes^[[22m | ^[[39m^[[0m
Godot gates (analyzer)	Import the project	2026-10-04T03:53:29.1850943Z [  47% ] ^[[90m^[[1mupdate_scripts_classes^[[22m | ^[[39m^[[0m
Godot gates (analyzer)	Import the project	2026-10-04T03:53:29.1851645Z [  47% ] ^[[90m^[[1mupdate_scripts_classes^[[22m | ^[[39m^[[0m
Godot gates (analyzer)	Import the project	2026-10-04T03:53:29.1852314Z [  47% ] ^[[90m^[[1mupdate_scripts_classes^[[22m | ^[[39m^[[0m
Godot gates (analyzer)	Import the project	2026-10-04T03:53:29.1853236Z [  47% ] ^[[90m^[[1mupdate_scripts_classes^[[22m | ^[[39m^[[0m
Godot gates (analyzer)	Import the project	2026-10-04T03:53:29.1853982Z [  47% ] ^[[90m^[[1mupdate_scripts_classes^[[22m | ^[[39m^[[0m
Godot gates (analyzer)	Import the project	2026-10-04T03:53:29.1854676Z [  47% ] ^[[90m^[[1mupdate_scripts_classes^[[22m | ^[[39m^[[0m
Godot gates (analyzer)	Import the project	2026-10-04T03:53:29.1855345Z [  47% ] ^[[90m^[[1mupdate_scripts_classes^[[22m | ^[[39m^[[0m
Godot gates (analyzer)	Import the project	2026-10-04T03:53:29.1856023Z [  47% ] ^[[90m^[[1mupdate_scripts_classes^[[22m | ^[[39m^[[0m
Godot gates (analyzer)	Import the project	2026-10-04T03:53:29.1856759Z [  47% ] ^[[90m^[[1mupdate_scripts_classes^[[22m | ^[[39m^[[0m
Godot gates (analyzer)	Import the project	2026-10-04T03:53:29.1857471Z [  47% ] ^[[90m^[[1mupdate_scripts_classes^[[22m | ^[[39m^[[0m
Godot gates (analyzer)	Import the project	2026-10-04T03:53:29.1858152Z [  47% ] ^[[90m^[[1mupdate_scripts_classes^[[22m | ^[[39m^[[0m
Godot gates (analyzer)	Import the project	2026-10-04T03:53:29.1858855Z [  47% ] ^[[90m^[[1mupdate_scripts_classes^[[22m | ^[[39m^[[0m
Godot gates (analyzer)	Import the project	2026-10-04T03:53:29.1859569Z [  48% ] ^[[90m^[[1mupdate_scripts_classes^[[22m | ^[[39m^[[0m
Godot gates (analyzer)	Import the project	2026-10-04T03:53:29.1860260Z [  48% ] ^[[90m^[[1mupdate_scripts_classes^[[22m | ^[[39m^[[0m
Godot gates (analyzer)	Import the project	2026-10-04T03:53:29.1860936Z [  48% ] ^[[90m^[[1mupdate_scripts_classes^[[22m | ^[[39m^[[0m
Godot gates (analyzer)	Import the project	2026-10-04T03:53:29.1861621Z [  48% ] ^[[90m^[[1mupdate_scripts_classes^[[22m | ^[[39m^[[0m
Godot gates (analyzer)	Import the project	2026-10-04T03:53:29.1862346Z [  48% ] ^[[90m^[[1mupdate_scripts_classes^[[22m | ^[[39m^[[0m
Godot gates (analyzer)	Import the project	2026-10-04T03:53:29.1863321Z [  48% ] ^[[90m^[[1mupdate_scripts_classes^[[22m | ^[[39m^[[0m
Godot gates (analyzer)	Import the project	2026-10-04T03:53:29.1864034Z [  48% ] ^[[90m^[[1mupdate_scripts_classes^[[22m | ^[[39m^[[0m
Godot gates (analyzer)	Import the project	2026-10-04T03:53:29.1864736Z [  48% ] ^[[90m^[[1mupdate_scripts_classes^[[22m | ^[[39m^[[0m
Godot gates (analyzer)	Import the project	2026-10-04T03:53:29.1865443Z [  48% ] ^[[90m^[[1mupdate_scripts_classes^[[22m | ^[[39m^[[0m
Godot gates (analyzer)	Import the project	2026-10-04T03:53:29.1866125Z [  48% ] ^[[90m^[[1mupdate_scripts_classes^[[22m | ^[[39m^[[0m
Godot gates (analyzer)	Import the project	2026-10-04T03:53:29.1866802Z [  48% ] ^[[90m^[[1mupdate_scripts_classes^[[22m | ^[[39m^[[0m
Godot gates (analyzer)	Import the project	2026-10-04T03:53:29.1867501Z [  48% ] ^[[90m^[[1mupdate_scripts_classes^[[22m | ^[[39m^[[0m
Godot gates (analyzer)	Import the project	2026-10-04T03:53:29.1868199Z [  49% ] ^[[90m^[[1mupdate_scripts_classes^[[22m | ^[[39m^[[0m
Godot gates (analyzer)	Import the project	2026-10-04T03:53:29.1868885Z [  49% ] ^[[90m^[[1mupdate_scripts_classes^[[22m | ^[[39m^[[0m
Godot gates (analyzer)	Import the project	2026-10-04T03:53:29.1869558Z [  49% ] ^[[90m^[[1mupdate_scripts_classes^[[22m | ^[[39m^[[0m
Godot gates (analyzer)	Import the project	2026-10-04T03:53:29.1870278Z [  49% ] ^[[90m^[[1mupdate_scripts_classes^[[22m | ^[[39m^[[0m
Godot gates (analyzer)	Import the project	2026-10-04T03:53:29.1870984Z [  49% ] ^[[90m^[[1mupdate_scripts_classes^[[22m | ^[[39m^[[0m
Godot gates (analyzer)	Import the project	2026-10-04T03:53:29.1871653Z [  49% ] ^[[90m^[[1mupdate_scripts_classes^[[22m | ^[[39m^[[0m
Godot gates (analyzer)	Import the project	2026-10-04T03:53:29.1872331Z [  49% ] ^[[90m^[[1mupdate_scripts_classes^[[22m | ^[[39m^[[0m
Godot gates (analyzer)	Import the project	2026-10-04T03:53:29.1873255Z [  49% ] ^[[90m^[[1mupdate_scripts_classes^[[22m | ^[[39m^[[0m
Godot gates (analyzer)	Import the project	2026-10-04T03:53:29.1873964Z [  49% ] ^[[90m^[[1mupdate_scripts_classes^[[22m | ^[[39m^[[0m
Godot gates (analyzer)	Import the project	2026-10-04T03:53:29.1874631Z [  49% ] ^[[90m^[[1mupdate_scripts_classes^[[22m | ^[[39m^[[0m
Godot gates (analyzer)	Import the project	2026-10-04T03:53:29.1875312Z [  49% ] ^[[90m^[[1mupdate_scripts_classes^[[22m | ^[[39m^[[0m
Godot gates (analyzer)	Import the project	2026-10-04T03:53:29.1876049Z [  50% ] ^[[90m^[[1mupdate_scripts_classes^[[22m | ^[[39m^[[0m
Godot gates (analyzer)	Import the project	2026-10-04T03:53:29.1876751Z [  50% ] ^[[90m^[[1mupdate_scripts_classes^[[22m | ^[[39m^[[0m
Godot gates (analyzer)	Import the project	2026-10-04T03:53:29.1877653Z [  50% ] ^[[90m^[[1mupdate_scripts_classes^[[22m | ^[[39m^[[0m
Godot gates (analyzer)	Import the project	2026-10-04T03:53:29.1878329Z [  50% ] ^[[90m^[[1mupdate_scripts_classes^[[22m | ^[[39m^[[0m
Godot gates (analyzer)	Import the project	2026-10-04T03:53:29.1879244Z [  50% ] ^[[90m^[[1mupdate_scripts_classes^[[22m | ^[[39m^[[0m
Godot gates (analyzer)	Import the project	2026-10-04T03:53:29.1879932Z [  50% ] ^[[90m^[[1mupdate_scripts_classes^[[22m | ^[[39m^[[0m
Godot gates (analyzer)	Import the project	2026-10-04T03:53:29.1880607Z [  50% ] ^[[90m^[[1mupdate_scripts_classes^[[22m | ^[[39m^[[0m
Godot gates (analyzer)	Import the project	2026-10-04T03:53:29.1881285Z [  50% ] ^[[90m^[[1mupdate_scripts_classes^[[22m | ^[[39m^[[0m
Godot gates (analyzer)	Import the project	2026-10-04T03:53:29.1882003Z [  50% ] ^[[90m^[[1mupdate_scripts_classes^[[22m | ^[[39m^[[0m
Godot gates (analyzer)	Import the project	2026-10-04T03:53:29.1882682Z [  50% ] ^[[90m^[[1mupdate_scripts_classes^[[22m | ^[[39m^[[0m
Godot gates (analyzer)	Import the project	2026-10-04T03:53:29.1883606Z [  50% ] ^[[90m^[[1mupdate_scripts_classes^[[22m | ^[[39m^[[0m
Godot gates (analyzer)	Import the project	2026-10-04T03:53:29.1884297Z [  50% ] ^[[90m^[[1mupdate_scripts_classes^[[22m | ^[[39m^[[0m
Godot gates (analyzer)	Import the project	2026-10-04T03:53:29.1885013Z [  51% ] ^[[90m^[[1mupdate_scripts_classes^[[22m | ^[[39m^[[0m
Godot gates (analyzer)	Import the project	2026-10-04T03:53:29.1885709Z [  51% ] ^[[90m^[[1mupdate_scripts_classes^[[22m | ^[[39m^[[0m
Godot gates (analyzer)	Import the project	2026-10-04T03:53:29.1886396Z [  51% ] ^[[90m^[[1mupdate_scripts_classes^[[22m | ^[[39m^[[0m
Godot gates (analyzer)	Import the project	2026-10-04T03:53:29.1887090Z [  51% ] ^[[90m^[[1mupdate_scripts_classes^[[22m | ^[[39m^[[0m
Godot gates (analyzer)	Import the project	2026-10-04T03:53:29.1887809Z [  51% ] ^[[90m^[[1mupdate_scripts_classes^[[22m | ^[[39m^[[0m
Godot gates (analyzer)	Import the project	2026-10-04T03:53:29.1888487Z [  51% ] ^[[90m^[[1mupdate_scripts_classes^[[22m | ^[[39m^[[0m
Godot gates (analyzer)	Import the project	2026-10-04T03:53:29.1889164Z [  51% ] ^[[90m^[[1mupdate_scripts_classes^[[22m | ^[[39m^[[0m
Godot gates (analyzer)	Import the project	2026-10-04T03:53:29.1889861Z [  51% ] ^[[90m^[[1mupdate_scripts_classes^[[22m | ^[[39m^[[0m
Godot gates (analyzer)	Import the project	2026-10-04T03:53:29.1890564Z [  51% ] ^[[90m^[[1mupdate_scripts_classes^[[22m | ^[[39m^[[0m
Godot gates (analyzer)	Import the project	2026-10-04T03:53:29.1891240Z [  51% ] ^[[90m^[[1mupdate_scripts_classes^[[22m | ^[[39m^[[0m
Godot gates (analyzer)	Import the project	2026-10-04T03:53:29.1891912Z [  51% ] ^[[90m^[[1mupdate_scripts_classes^[[22m | ^[[39m^[[0m
Godot gates (analyzer)	Import the project	2026-10-04T03:53:29.1892624Z [  51% ] ^[[90m^[[1mupdate_scripts_classes^[[22m | ^[[39m^[[0m
Godot gates (analyzer)	Import the project	2026-10-04T03:53:29.1893564Z [  52% ] ^[[90m^[[1mupdate_scripts_classes^[[22m | ^[[39m^[[0m
Godot gates (analyzer)	Import the project	2026-10-04T03:53:29.1894251Z [  52% ] ^[[90m^[[1mupdate_scripts_classes^[[22m | ^[[39m^[[0m
Godot gates (analyzer)	Import the project	2026-10-04T03:53:29.1894920Z [  52% ] ^[[90m^[[1mupdate_scripts_classes^[[22m | ^[[39m^[[0m
Godot gates (analyzer)	Import the project	2026-10-04T03:53:29.1895632Z [  52% ] ^[[90m^[[1mupdate_scripts_classes^[[22m | ^[[39m^[[0m
Godot gates (analyzer)	Import the project	2026-10-04T03:53:29.1896424Z [  52% ] ^[[90m^[[1mupdate_scripts_classes^[[22m | ^[[39m^[[0m
Godot gates (analyzer)	Import the project	2026-10-04T03:53:29.1897086Z [  52% ] ^[[90m^[[1mupdate_scripts_classes^[[22m | ^[[39m^[[0m
Godot gates (analyzer)	Import the project	2026-10-04T03:53:29.1897758Z [  52% ] ^[[90m^[[1mupdate_scripts_classes^[[22m | ^[[39m^[[0m
Godot gates (analyzer)	Import the project	2026-10-04T03:53:29.1898463Z [  52% ] ^[[90m^[[1mupdate_scripts_classes^[[22m | ^[[39m^[[0m
Godot gates (analyzer)	Import the project	2026-10-04T03:53:29.1899161Z [  52% ] ^[[90m^[[1mupdate_scripts_classes^[[22m | ^[[39m^[[0m
Godot gates (analyzer)	Import the project	2026-10-04T03:53:29.1899828Z [  52% ] ^[[90m^[[1mupdate_scripts_classes^[[22m | ^[[39m^[[0m
Godot gates (analyzer)	Import the project	2026-10-04T03:53:29.1900508Z [  52% ] ^[[90m^[[1mupdate_scripts_classes^[[22m | ^[[39m^[[0m
Godot gates (analyzer)	Import the project	2026-10-04T03:53:29.1901213Z [  52% ] ^[[90m^[[1mupdate_scripts_classes^[[22m | ^[[39m^[[0m
Godot gates (analyzer)	Import the project	2026-10-04T03:53:29.1901911Z [  53% ] ^[[90m^[[1mupdate_scripts_classes^[[22m | ^[[39m^[[0m
Godot gates (analyzer)	Import the project	2026-10-04T03:53:29.1902550Z [  53% ] ^[[90m^[[1mupdate_scripts_classes^[[22m | ^[[39m^[[0m
Godot gates (analyzer)	Import the project	2026-10-04T03:53:29.1903456Z [  53% ] ^[[90m^[[1mupdate_scripts_classes^[[22m | ^[[39m^[[0m
Godot gates (analyzer)	Import the project	2026-10-04T03:53:29.1904159Z [  53% ] ^[[90m^[[1mupdate_scripts_classes^[[22m | ^[[39m^[[0m
Godot gates (analyzer)	Import the project	2026-10-04T03:53:29.1904871Z [  53% ] ^[[90m^[[1mupdate_scripts_classes^[[22m | ^[[39m^[[0m
Godot gates (analyzer)	Import the project	2026-10-04T03:53:29.1905549Z [  53% ] ^[[90m^[[1mupdate_scripts_classes^[[22m | ^[[39m^[[0m
Godot gates (analyzer)	Import the project	2026-10-04T03:53:29.1906228Z [  53% ] ^[[90m^[[1mupdate_scripts_classes^[[22m | ^[[39m^[[0m
Godot gates (analyzer)	Import the project	2026-10-04T03:53:29.1906936Z [  53% ] ^[[90m^[[1mupdate_scripts_classes^[[22m | ^[[39m^[[0m
Godot gates (analyzer)	Import the project	2026-10-04T03:53:29.1907647Z [  53% ] ^[[90m^[[1mupdate_scripts_classes^[[22m | ^[[39m^[[0m
Godot gates (analyzer)	Import the project	2026-10-04T03:53:29.1908324Z [  53% ] ^[[90m^[[1mupdate_scripts_classes^[[22m | ^[[39m^[[0m
Godot gates (analyzer)	Import the project	2026-10-04T03:53:29.1908998Z [  53% ] ^[[90m^[[1mupdate_scripts_classes^[[22m | ^[[39m^[[0m
Godot gates (analyzer)	Import the project	2026-10-04T03:53:29.1909708Z [  53% ] ^[[90m^[[1mupdate_scripts_classes^[[22m | ^[[39m^[[0m
Godot gates (analyzer)	Import the project	2026-10-04T03:53:29.1910414Z [  54% ] ^[[90m^[[1mupdate_scripts_classes^[[22m | ^[[39m^[[0m
Godot gates (analyzer)	Import the project	2026-10-04T03:53:29.1911321Z [  54% ] ^[[90m^[[1mupdate_scripts_classes^[[22m | ^[[39m^[[0m
Godot gates (analyzer)	Import the project	2026-10-04T03:53:29.1912012Z [  54% ] ^[[90m^[[1mupdate_scripts_classes^[[22m | ^[[39m^[[0m
Godot gates (analyzer)	Import the project	2026-10-04T03:53:29.1912717Z [  54% ] ^[[90m^[[1mupdate_scripts_classes^[[22m | ^[[39m^[[0m
Godot gates (analyzer)	Import the project	2026-10-04T03:53:29.1913902Z [  54% ] ^[[90m^[[1mupdate_scripts_classes^[[22m | ^[[39m^[[0m
Godot gates (analyzer)	Import the project	2026-10-04T03:53:29.1914580Z [  54% ] ^[[90m^[[1mupdate_scripts_classes^[[22m | ^[[39m^[[0m
Godot gates (analyzer)	Import the project	2026-10-04T03:53:29.1915301Z [  54% ] ^[[90m^[[1mupdate_scripts_classes^[[22m | ^[[39m^[[0m
Godot gates (analyzer)	Import the project	2026-10-04T03:53:29.1916004Z [  54% ] ^[[90m^[[1mupdate_scripts_classes^[[22m | ^[[39m^[[0m
Godot gates (analyzer)	Import the project	2026-10-04T03:53:29.1916697Z [  54% ] ^[[90m^[[1mupdate_scripts_classes^[[22m | ^[[39m^[[0m
Godot gates (analyzer)	Import the project	2026-10-04T03:53:29.1917379Z [  54% ] ^[[90m^[[1mupdate_scripts_classes^[[22m | ^[[39m^[[0m
Godot gates (analyzer)	Import the project	2026-10-04T03:53:29.1918092Z [  54% ] ^[[90m^[[1mupdate_scripts_classes^[[22m | ^[[39m^[[0m
Godot gates (analyzer)	Import the project	2026-10-04T03:53:29.1918776Z [  55% ] ^[[90m^[[1mupdate_scripts_classes^[[22m | ^[[39m^[[0m
Godot gates (analyzer)	Import the project	2026-10-04T03:53:29.1919467Z [  55% ] ^[[90m^[[1mupdate_scripts_classes^[[22m | ^[[39m^[[0m
Godot gates (analyzer)	Import the project	2026-10-04T03:53:29.1920143Z [  55% ] ^[[90m^[[1mupdate_scripts_classes^[[22m | ^[[39m^[[0m
Godot gates (analyzer)	Import the project	2026-10-04T03:53:29.1920861Z [  55% ] ^[[90m^[[1mupdate_scripts_classes^[[22m | ^[[39m^[[0m
Godot gates (analyzer)	Import the project	2026-10-04T03:53:29.1921568Z [  55% ] ^[[90m^[[1mupdate_scripts_classes^[[22m | ^[[39m^[[0m
Godot gates (analyzer)	Import the project	2026-10-04T03:53:29.1922251Z [  55% ] ^[[90m^[[1mupdate_scripts_classes^[[22m | ^[[39m^[[0m
Godot gates (analyzer)	Import the project	2026-10-04T03:53:29.1923180Z [  55% ] ^[[90m^[[1mupdate_scripts_classes^[[22m | ^[[39m^[[0m
Godot gates (analyzer)	Import the project	2026-10-04T03:53:29.1923930Z [  55% ] ^[[90m^[[1mupdate_scripts_classes^[[22m | ^[[39m^[[0m
Godot gates (analyzer)	Import the project	2026-10-04T03:53:29.1924620Z [  55% ] ^[[90m^[[1mupdate_scripts_classes^[[22m | ^[[39m^[[0m
Godot gates (analyzer)	Import the project	2026-10-04T03:53:29.1925311Z [  55% ] ^[[90m^[[1mupdate_scripts_classes^[[22m | ^[[39m^[[0m
Godot gates (analyzer)	Import the project	2026-10-04T03:53:29.1926005Z [  55% ] ^[[90m^[[1mupdate_scripts_classes^[[22m | ^[[39m^[[0m
Godot gates (analyzer)	Import the project	2026-10-04T03:53:29.1926705Z [  55% ] ^[[90m^[[1mupdate_scripts_classes^[[22m | ^[[39m^[[0m
Godot gates (analyzer)	Import the project	2026-10-04T03:53:29.1927375Z [  56% ] ^[[90m^[[1mupdate_scripts_classes^[[22m | ^[[39m^[[0m
Godot gates (analyzer)	Import the project	2026-10-04T03:53:29.1928070Z [  56% ] ^[[90m^[[1mupdate_scripts_classes^[[22m | ^[[39m^[[0m
Godot gates (analyzer)	Import the project	2026-10-04T03:53:29.1928767Z [  56% ] ^[[90m^[[1mupdate_scripts_classes^[[22m | ^[[39m^[[0m
Godot gates (analyzer)	Import the project	2026-10-04T03:53:29.1929466Z [  56% ] ^[[90m^[[1mupdate_scripts_classes^[[22m | ^[[39m^[[0m
Godot gates (analyzer)	Import the project	2026-10-04T03:53:29.1930158Z [  56% ] ^[[90m^[[1mupdate_scripts_classes^[[22m | ^[[39m^[[0m
Godot gates (analyzer)	Import the project	2026-10-04T03:53:29.1930833Z [  56% ] ^[[90m^[[1mupdate_scripts_classes^[[22m | ^[[39m^[[0m
Godot gates (analyzer)	Import the project	2026-10-04T03:53:29.1931518Z [  56% ] ^[[90m^[[1mupdate_scripts_classes^[[22m | ^[[39m^[[0m
Godot gates (analyzer)	Import the project	2026-10-04T03:53:29.1932230Z [  56% ] ^[[90m^[[1mupdate_scripts_classes^[[22m | ^[[39m^[[0m
Godot gates (analyzer)	Import the project	2026-10-04T03:53:29.1933130Z [  56% ] ^[[90m^[[1mupdate_scripts_classes^[[22m | ^[[39m^[[0m
Godot gates (analyzer)	Import the project	2026-10-04T03:53:29.1933830Z [  56% ] ^[[90m^[[1mupdate_scripts_classes^[[22m | ^[[39m^[[0m
Godot gates (analyzer)	Import the project	2026-10-04T03:53:29.1934540Z [  56% ] ^[[90m^[[1mupdate_scripts_classes^[[22m | ^[[39m^[[0m
Godot gates (analyzer)	Import the project	2026-10-04T03:53:29.1935247Z [  56% ] ^[[90m^[[1mupdate_scripts_classes^[[22m | ^[[39m^[[0m
Godot gates (analyzer)	Import the project	2026-10-04T03:53:29.1935920Z [  57% ] ^[[90m^[[1mupdate_scripts_classes^[[22m | ^[[39m^[[0m
Godot gates (analyzer)	Import the project	2026-10-04T03:53:29.1936609Z [  57% ] ^[[90m^[[1mupdate_scripts_classes^[[22m | ^[[39m^[[0m
Godot gates (analyzer)	Import the project	2026-10-04T03:53:29.1937310Z [  57% ] ^[[90m^[[1mupdate_scripts_classes^[[22m | ^[[39m^[[0m
Godot gates (analyzer)	Import the project	2026-10-04T03:53:29.1938000Z [  57% ] ^[[90m^[[1mupdate_scripts_classes^[[22m | ^[[39m^[[0m
Godot gates (analyzer)	Import the project	2026-10-04T03:53:29.1938695Z [  57% ] ^[[90m^[[1mupdate_scripts_classes^[[22m | ^[[39m^[[0m
Godot gates (analyzer)	Import the project	2026-10-04T03:53:29.1939376Z [  57% ] ^[[90m^[[1mupdate_scripts_classes^[[22m | ^[[39m^[[0m
Godot gates (analyzer)	Import the project	2026-10-04T03:53:29.1940082Z [  57% ] ^[[90m^[[1mupdate_scripts_classes^[[22m | ^[[39m^[[0m
Godot gates (analyzer)	Import the project	2026-10-04T03:53:29.1940752Z [  57% ] ^[[90m^[[1mupdate_scripts_classes^[[22m | ^[[39m^[[0m
Godot gates (analyzer)	Import the project	2026-10-04T03:53:29.1941430Z [  57% ] ^[[90m^[[1mupdate_scripts_classes^[[22m | ^[[39m^[[0m
Godot gates (analyzer)	Import the project	2026-10-04T03:53:29.1942108Z [  57% ] ^[[90m^[[1mupdate_scripts_classes^[[22m | ^[[39m^[[0m
Godot gates (analyzer)	Import the project	2026-10-04T03:53:29.1943024Z [  57% ] ^[[90m^[[1mupdate_scripts_classes^[[22m | ^[[39m^[[0m
Godot gates (analyzer)	Import the project	2026-10-04T03:53:29.1943718Z [  57% ] ^[[90m^[[1mupdate_scripts_classes^[[22m | ^[[39m^[[0m
Godot gates (analyzer)	Import the project	2026-10-04T03:53:29.1944395Z [  58% ] ^[[90m^[[1mupdate_scripts_classes^[[22m | ^[[39m^[[0m
Godot gates (analyzer)	Import the project	2026-10-04T03:53:29.1945369Z [  58% ] ^[[90m^[[1mupdate_scripts_classes^[[22m | ^[[39m^[[0m
Godot gates (analyzer)	Import the project	2026-10-04T03:53:29.1946081Z [  58% ] ^[[90m^[[1mupdate_scripts_classes^[[22m | ^[[39m^[[0m
Godot gates (analyzer)	Import the project	2026-10-04T03:53:29.1946760Z [  58% ] ^[[90m^[[1mupdate_scripts_classes^[[22m | ^[[39m^[[0m
Godot gates (analyzer)	Import the project	2026-10-04T03:53:29.1947655Z [  58% ] ^[[90m^[[1mupdate_scripts_classes^[[22m | ^[[39m^[[0m
Godot gates (analyzer)	Import the project	2026-10-04T03:53:29.1948376Z [  58% ] ^[[90m^[[1mupdate_scripts_classes^[[22m | ^[[39m^[[0m
Godot gates (analyzer)	Import the project	2026-10-04T03:53:29.1949049Z [  58% ] ^[[90m^[[1mupdate_scripts_classes^[[22m | ^[[39m^[[0m
Godot gates (analyzer)	Import the project	2026-10-04T03:53:29.1949719Z [  58% ] ^[[90m^[[1mupdate_scripts_classes^[[22m | ^[[39m^[[0m
Godot gates (analyzer)	Import the project	2026-10-04T03:53:29.1950387Z [  58% ] ^[[90m^[[1mupdate_scripts_classes^[[22m | ^[[39m^[[0m
Godot gates (analyzer)	Import the project	2026-10-04T03:53:29.1951097Z [  58% ] ^[[90m^[[1mupdate_scripts_classes^[[22m | ^[[39m^[[0m
Godot gates (analyzer)	Import the project	2026-10-04T03:53:29.1951773Z [  58% ] ^[[90m^[[1mupdate_scripts_classes^[[22m | ^[[39m^[[0m
Godot gates (analyzer)	Import the project	2026-10-04T03:53:29.1952450Z [  58% ] ^[[90m^[[1mupdate_scripts_classes^[[22m | ^[[39m^[[0m
Godot gates (analyzer)	Import the project	2026-10-04T03:53:29.1953390Z [  59% ] ^[[90m^[[1mupdate_scripts_classes^[[22m | ^[[39m^[[0m
Godot gates (analyzer)	Import the project	2026-10-04T03:53:29.1954121Z [  59% ] ^[[90m^[[1mupdate_scripts_classes^[[22m | ^[[39m^[[0m
Godot gates (analyzer)	Import the project	2026-10-04T03:53:29.1954792Z [  59% ] ^[[90m^[[1mupdate_scripts_classes^[[22m | ^[[39m^[[0m
Godot gates (analyzer)	Import the project	2026-10-04T03:53:29.1955488Z [  59% ] ^[[90m^[[1mupdate_scripts_classes^[[22m | ^[[39m^[[0m
Godot gates (analyzer)	Import the project	2026-10-04T03:53:29.1956168Z [  59% ] ^[[90m^[[1mupdate_scripts_classes^[[22m | ^[[39m^[[0m
Godot gates (analyzer)	Import the project	2026-10-04T03:53:29.1956871Z [  59% ] ^[[90m^[[1mupdate_scripts_classes^[[22m | ^[[39m^[[0m
Godot gates (analyzer)	Import the project	2026-10-04T03:53:29.1957543Z [  59% ] ^[[90m^[[1mupdate_scripts_classes^[[22m | ^[[39m^[[0m
Godot gates (analyzer)	Import the project	2026-10-04T03:53:29.1958218Z [  59% ] ^[[90m^[[1mupdate_scripts_classes^[[22m | ^[[39m^[[0m
Godot gates (analyzer)	Import the project	2026-10-04T03:53:29.1958912Z [  59% ] ^[[90m^[[1mupdate_scripts_classes^[[22m | ^[[39m^[[0m
Godot gates (analyzer)	Import the project	2026-10-04T03:53:29.1959685Z [  59% ] ^[[90m^[[1mupdate_scripts_classes^[[22m | PerfTimer^[[39m^[[0m
Godot gates (analyzer)	Import the project	2026-10-04T03:53:29.1960432Z [  59% ] ^[[90m^[[1mupdate_scripts_classes^[[22m | ^[[39m^[[0m
Godot gates (analyzer)	Import the project	2026-10-04T03:53:29.1961122Z [  60% ] ^[[90m^[[1mupdate_scripts_classes^[[22m | ^[[39m^[[0m
Godot gates (analyzer)	Import the project	2026-10-04T03:53:29.1961849Z [  60% ] ^[[90m^[[1mupdate_scripts_classes^[[22m | ^[[39m^[[0m
Godot gates (analyzer)	Import the project	2026-10-04T03:53:29.1962541Z [  60% ] ^[[90m^[[1mupdate_scripts_classes^[[22m | ^[[39m^[[0m
Godot gates (analyzer)	Import the project	2026-10-04T03:53:29.1963445Z [  60% ] ^[[90m^[[1mupdate_scripts_classes^[[22m | ^[[39m^[[0m
Godot gates (analyzer)	Import the project	2026-10-04T03:53:29.1964145Z [  60% ] ^[[90m^[[1mupdate_scripts_classes^[[22m | ^[[39m^[[0m
Godot gates (analyzer)	Import the project	2026-10-04T03:53:29.1964859Z [  60% ] ^[[90m^[[1mupdate_scripts_classes^[[22m | ^[[39m^[[0m
Godot gates (analyzer)	Import the project	2026-10-04T03:53:29.1965545Z [  60% ] ^[[90m^[[1mupdate_scripts_classes^[[22m | ^[[39m^[[0m
Godot gates (analyzer)	Import the project	2026-10-04T03:53:29.1966216Z [  60% ] ^[[90m^[[1mupdate_scripts_classes^[[22m | ^[[39m^[[0m
Godot gates (analyzer)	Import the project	2026-10-04T03:53:29.1966890Z [  60% ] ^[[90m^[[1mupdate_scripts_classes^[[22m | ^[[39m^[[0m
Godot gates (analyzer)	Import the project	2026-10-04T03:53:29.1967592Z [  60% ] ^[[90m^[[1mupdate_scripts_classes^[[22m | ^[[39m^[[0m
Godot gates (analyzer)	Import the project	2026-10-04T03:53:29.1968270Z [  60% ] ^[[90m^[[1mupdate_scripts_classes^[[22m | ^[[39m^[[0m
Godot gates (analyzer)	Import the project	2026-10-04T03:53:29.1968944Z [  60% ] ^[[90m^[[1mupdate_scripts_classes^[[22m | ^[[39m^[[0m
Godot gates (analyzer)	Import the project	2026-10-04T03:53:29.1969629Z [  61% ] ^[[90m^[[1mupdate_scripts_classes^[[22m | ^[[39m^[[0m
Godot gates (analyzer)	Import the project	2026-10-04T03:53:29.1970336Z [  61% ] ^[[90m^[[1mupdate_scripts_classes^[[22m | ^[[39m^[[0m
Godot gates (analyzer)	Import the project	2026-10-04T03:53:29.1971017Z [  61% ] ^[[90m^[[1mupdate_scripts_classes^[[22m | ^[[39m^[[0m
Godot gates (analyzer)	Import the project	2026-10-04T03:53:29.1971690Z [  61% ] ^[[90m^[[1mupdate_scripts_classes^[[22m | ^[[39m^[[0m
Godot gates (analyzer)	Import the project	2026-10-04T03:53:29.1972395Z [  61% ] ^[[90m^[[1mupdate_scripts_classes^[[22m | ^[[39m^[[0m
Godot gates (analyzer)	Import the project	2026-10-04T03:53:29.1973310Z [  61% ] ^[[90m^[[1mupdate_scripts_classes^[[22m | ^[[39m^[[0m
Godot gates (analyzer)	Import the project	2026-10-04T03:53:29.1974005Z [  61% ] ^[[90m^[[1mupdate_scripts_classes^[[22m | ^[[39m^[[0m
Godot gates (analyzer)	Import the project	2026-10-04T03:53:29.1974675Z [  61% ] ^[[90m^[[1mupdate_scripts_classes^[[22m | ^[[39m^[[0m
Godot gates (analyzer)	Import the project	2026-10-04T03:53:29.1975386Z [  61% ] ^[[90m^[[1mupdate_scripts_classes^[[22m | ^[[39m^[[0m
Godot gates (analyzer)	Import the project	2026-10-04T03:53:29.1976080Z [  61% ] ^[[90m^[[1mupdate_scripts_classes^[[22m | ^[[39m^[[0m
Godot gates (analyzer)	Import the project	2026-10-04T03:53:29.1976779Z [  61% ] ^[[90m^[[1mupdate_scripts_classes^[[22m | ^[[39m^[[0m
Godot gates (analyzer)	Import the project	2026-10-04T03:53:29.1977474Z [  61% ] ^[[90m^[[1mupdate_scripts_classes^[[22m | ^[[39m^[[0m
Godot gates (analyzer)	Import the project	2026-10-04T03:53:29.1978156Z [  62% ] ^[[90m^[[1mupdate_scripts_classes^[[22m | ^[[39m^[[0m
Godot gates (analyzer)	Import the project	2026-10-04T03:53:29.1979120Z [  62% ] ^[[90m^[[1mupdate_scripts_classes^[[22m | ^[[39m^[[0m
Godot gates (analyzer)	Import the project	2026-10-04T03:53:29.1979788Z [  62% ] ^[[90m^[[1mupdate_scripts_classes^[[22m | ^[[39m^[[0m
Godot gates (analyzer)	Import the project	2026-10-04T03:53:29.1980455Z [  62% ] ^[[90m^[[1mupdate_scripts_classes^[[22m | ^[[39m^[[0m
Godot gates (analyzer)	Import the project	2026-10-04T03:53:29.1981372Z [  62% ] ^[[90m^[[1mupdate_scripts_classes^[[22m | ^[[39m^[[0m
Godot gates (analyzer)	Import the project	2026-10-04T03:53:29.1982056Z [  62% ] ^[[90m^[[1mupdate_scripts_classes^[[22m | ^[[39m^[[0m
Godot gates (analyzer)	Import the project	2026-10-04T03:53:29.1982734Z [  62% ] ^[[90m^[[1mupdate_scripts_classes^[[22m | ^[[39m^[[0m
Godot gates (analyzer)	Import the project	2026-10-04T03:53:29.1983647Z [  62% ] ^[[90m^[[1mupdate_scripts_classes^[[22m | ^[[39m^[[0m
Godot gates (analyzer)	Import the project	2026-10-04T03:53:29.1984356Z [  62% ] ^[[90m^[[1mupdate_scripts_classes^[[22m | ^[[39m^[[0m
Godot gates (analyzer)	Import the project	2026-10-04T03:53:29.1985036Z [  62% ] ^[[90m^[[1mupdate_scripts_classes^[[22m | ^[[39m^[[0m
Godot gates (analyzer)	Import the project	2026-10-04T03:53:29.1985711Z [  62% ] ^[[90m^[[1mupdate_scripts_classes^[[22m | ^[[39m^[[0m
Godot gates (analyzer)	Import the project	2026-10-04T03:53:29.1986393Z [  62% ] ^[[90m^[[1mupdate_scripts_classes^[[22m | ^[[39m^[[0m
Godot gates (analyzer)	Import the project	2026-10-04T03:53:29.1987092Z [  63% ] ^[[90m^[[1mupdate_scripts_classes^[[22m | ^[[39m^[[0m
Godot gates (analyzer)	Import the project	2026-10-04T03:53:29.1987785Z [  63% ] ^[[90m^[[1mupdate_scripts_classes^[[22m | ^[[39m^[[0m
Godot gates (analyzer)	Import the project	2026-10-04T03:53:29.1988457Z [  63% ] ^[[90m^[[1mupdate_scripts_classes^[[22m | ^[[39m^[[0m
Godot gates (analyzer)	Import the project	2026-10-04T03:53:29.1989167Z [  63% ] ^[[90m^[[1mupdate_scripts_classes^[[22m | ^[[39m^[[0m
Godot gates (analyzer)	Import the project	2026-10-04T03:53:29.1989855Z [  63% ] ^[[90m^[[1mupdate_scripts_classes^[[22m | ^[[39m^[[0m
Godot gates (analyzer)	Import the project	2026-10-04T03:53:29.1990534Z [  63% ] ^[[90m^[[1mupdate_scripts_classes^[[22m | ^[[39m^[[0m
Godot gates (analyzer)	Import the project	2026-10-04T03:53:29.1991198Z [  63% ] ^[[90m^[[1mupdate_scripts_classes^[[22m | ^[[39m^[[0m
Godot gates (analyzer)	Import the project	2026-10-04T03:53:29.1991902Z [  63% ] ^[[90m^[[1mupdate_scripts_classes^[[22m | ^[[39m^[[0m
Godot gates (analyzer)	Import the project	2026-10-04T03:53:29.1992587Z [  63% ] ^[[90m^[[1mupdate_scripts_classes^[[22m | ^[[39m^[[0m
Godot gates (analyzer)	Import the project	2026-10-04T03:53:29.1993504Z [  63% ] ^[[90m^[[1mupdate_scripts_classes^[[22m | ^[[39m^[[0m
Godot gates (analyzer)	Import the project	2026-10-04T03:53:29.1994193Z [  63% ] ^[[90m^[[1mupdate_scripts_classes^[[22m | ^[[39m^[[0m
Godot gates (analyzer)	Import the project	2026-10-04T03:53:29.1994903Z [  63% ] ^[[90m^[[1mupdate_scripts_classes^[[22m | ^[[39m^[[0m
Godot gates (analyzer)	Import the project	2026-10-04T03:53:29.1995607Z [  64% ] ^[[90m^[[1mupdate_scripts_classes^[[22m | ^[[39m^[[0m
Godot gates (analyzer)	Import the project	2026-10-04T03:53:29.1996355Z [  64% ] ^[[90m^[[1mupdate_scripts_classes^[[22m | ^[[39m^[[0m
Godot gates (analyzer)	Import the project	2026-10-04T03:53:29.1997024Z [  64% ] ^[[90m^[[1mupdate_scripts_classes^[[22m | ^[[39m^[[0m
Godot gates (analyzer)	Import the project	2026-10-04T03:53:29.1997737Z [  64% ] ^[[90m^[[1mupdate_scripts_classes^[[22m | ^[[39m^[[0m
Godot gates (analyzer)	Import the project	2026-10-04T03:53:29.1998425Z [  64% ] ^[[90m^[[1mupdate_scripts_classes^[[22m | ^[[39m^[[0m
Godot gates (analyzer)	Import the project	2026-10-04T03:53:29.1999103Z [  64% ] ^[[90m^[[1mupdate_scripts_classes^[[22m | ^[[39m^[[0m
Godot gates (analyzer)	Import the project	2026-10-04T03:53:29.1999778Z [  64% ] ^[[90m^[[1mupdate_scripts_classes^[[22m | ^[[39m^[[0m
Godot gates (analyzer)	Import the project	2026-10-04T03:53:29.2000486Z [  64% ] ^[[90m^[[1mupdate_scripts_classes^[[22m | ^[[39m^[[0m
Godot gates (analyzer)	Import the project	2026-10-04T03:53:29.2001176Z [  64% ] ^[[90m^[[1mupdate_scripts_classes^[[22m | ^[[39m^[[0m
Godot gates (analyzer)	Import the project	2026-10-04T03:53:29.2001851Z [  64% ] ^[[90m^[[1mupdate_scripts_classes^[[22m | ^[[39m^[[0m
Godot gates (analyzer)	Import the project	2026-10-04T03:53:29.2002527Z [  64% ] ^[[90m^[[1mupdate_scripts_classes^[[22m | ^[[39m^[[0m
Godot gates (analyzer)	Import the project	2026-10-04T03:53:29.2003456Z [  65% ] ^[[90m^[[1mupdate_scripts_classes^[[22m | ^[[39m^[[0m
Godot gates (analyzer)	Import the project	2026-10-04T03:53:29.2004165Z [  65% ] ^[[90m^[[1mupdate_scripts_classes^[[22m | ^[[39m^[[0m
Godot gates (analyzer)	Import the project	2026-10-04T03:53:29.2004848Z [  65% ] ^[[90m^[[1mupdate_scripts_classes^[[22m | ^[[39m^[[0m
Godot gates (analyzer)	Import the project	2026-10-04T03:53:29.2005527Z [  65% ] ^[[90m^[[1mupdate_scripts_classes^[[22m | ^[[39m^[[0m
Godot gates (analyzer)	Import the project	2026-10-04T03:53:29.2006248Z [  65% ] ^[[90m^[[1mupdate_scripts_classes^[[22m | ^[[39m^[[0m
Godot gates (analyzer)	Import the project	2026-10-04T03:53:29.2006919Z [  65% ] ^[[90m^[[1mupdate_scripts_classes^[[22m | ^[[39m^[[0m
Godot gates (analyzer)	Import the project	2026-10-04T03:53:29.2007602Z [  65% ] ^[[90m^[[1mupdate_scripts_classes^[[22m | ^[[39m^[[0m
Godot gates (analyzer)	Import the project	2026-10-04T03:53:29.2008287Z [  65% ] ^[[90m^[[1mupdate_scripts_classes^[[22m | ^[[39m^[[0m
Godot gates (analyzer)	Import the project	2026-10-04T03:53:29.2008983Z [  65% ] ^[[90m^[[1mupdate_scripts_classes^[[22m | ^[[39m^[[0m
Godot gates (analyzer)	Import the project	2026-10-04T03:53:29.2009647Z [  65% ] ^[[90m^[[1mupdate_scripts_classes^[[22m | ^[[39m^[[0m
Godot gates (analyzer)	Import the project	2026-10-04T03:53:29.2010329Z [  65% ] ^[[90m^[[1mupdate_scripts_classes^[[22m | ^[[39m^[[0m
Godot gates (analyzer)	Import the project	2026-10-04T03:53:29.2011018Z [  65% ] ^[[90m^[[1mupdate_scripts_classes^[[22m | ^[[39m^[[0m
Godot gates (analyzer)	Import the project	2026-10-04T03:53:29.2011707Z [  66% ] ^[[90m^[[1mupdate_scripts_classes^[[22m | ^[[39m^[[0m
Godot gates (analyzer)	Import the project	2026-10-04T03:53:29.2012605Z [  66% ] ^[[90m^[[1mupdate_scripts_classes^[[22m | ^[[39m^[[0m
Godot gates (analyzer)	Import the project	2026-10-04T03:53:29.2013524Z [  66% ] ^[[90m^[[1mupdate_scripts_classes^[[22m | ^[[39m^[[0m
Godot gates (analyzer)	Import the project	2026-10-04T03:53:29.2014243Z [  66% ] ^[[90m^[[1mupdate_scripts_classes^[[22m | ^[[39m^[[0m
Godot gates (analyzer)	Import the project	2026-10-04T03:53:29.2015193Z [  66% ] ^[[90m^[[1mupdate_scripts_classes^[[22m | ^[[39m^[[0m
Godot gates (analyzer)	Import the project	2026-10-04T03:53:29.2015881Z [  66% ] ^[[90m^[[1mupdate_scripts_classes^[[22m | ^[[39m^[[0m
Godot gates (analyzer)	Import the project	2026-10-04T03:53:29.2016565Z [  66% ] ^[[90m^[[1mupdate_scripts_classes^[[22m | ^[[39m^[[0m
Godot gates (analyzer)	Import the project	2026-10-04T03:53:29.2017275Z [  66% ] ^[[90m^[[1mupdate_scripts_classes^[[22m | ^[[39m^[[0m
Godot gates (analyzer)	Import the project	2026-10-04T03:53:29.2017951Z [  66% ] ^[[90m^[[1mupdate_scripts_classes^[[22m | ^[[39m^[[0m
Godot gates (analyzer)	Import the project	2026-10-04T03:53:29.2018630Z [  66% ] ^[[90m^[[1mupdate_scripts_classes^[[22m | ^[[39m^[[0m
Godot gates (analyzer)	Import the project	2026-10-04T03:53:29.2019308Z [  66% ] ^[[90m^[[1mupdate_scripts_classes^[[22m | ^[[39m^[[0m
Godot gates (analyzer)	Import the project	2026-10-04T03:53:29.2020013Z [  66% ] ^[[90m^[[1mupdate_scripts_classes^[[22m | ^[[39m^[[0m
Godot gates (analyzer)	Import the project	2026-10-04T03:53:29.2020686Z [  67% ] ^[[90m^[[1mupdate_scripts_classes^[[22m | ^[[39m^[[0m
Godot gates (analyzer)	Import the project	2026-10-04T03:53:29.2021376Z [  67% ] ^[[90m^[[1mupdate_scripts_classes^[[22m | ^[[39m^[[0m
Godot gates (analyzer)	Import the project	2026-10-04T03:53:29.2022059Z [  67% ] ^[[90m^[[1mupdate_scripts_classes^[[22m | ^[[39m^[[0m
Godot gates (analyzer)	Import the project	2026-10-04T03:53:29.2022779Z [  67% ] ^[[90m^[[1mupdate_scripts_classes^[[22m | ^[[39m^[[0m
Godot gates (analyzer)	Import the project	2026-10-04T03:53:29.2023688Z [  67% ] ^[[90m^[[1mupdate_scripts_classes^[[22m | ^[[39m^[[0m
Godot gates (analyzer)	Import the project	2026-10-04T03:53:29.2024365Z [  67% ] ^[[90m^[[1mupdate_scripts_classes^[[22m | ^[[39m^[[0m
Godot gates (analyzer)	Import the project	2026-10-04T03:53:29.2025065Z [  67% ] ^[[90m^[[1mupdate_scripts_classes^[[22m | ^[[39m^[[0m
Godot gates (analyzer)	Import the project	2026-10-04T03:53:29.2025753Z [  67% ] ^[[90m^[[1mupdate_scripts_classes^[[22m | ^[[39m^[[0m
Godot gates (analyzer)	Import the project	2026-10-04T03:53:29.2026420Z [  67% ] ^[[90m^[[1mupdate_scripts_classes^[[22m | ^[[39m^[[0m
Godot gates (analyzer)	Import the project	2026-10-04T03:53:29.2027095Z [  67% ] ^[[90m^[[1mupdate_scripts_classes^[[22m | ^[[39m^[[0m
Godot gates (analyzer)	Import the project	2026-10-04T03:53:29.2027782Z [  67% ] ^[[90m^[[1mupdate_scripts_classes^[[22m | ^[[39m^[[0m
Godot gates (analyzer)	Import the project	2026-10-04T03:53:29.2028475Z [  67% ] ^[[90m^[[1mupdate_scripts_classes^[[22m | ^[[39m^[[0m
Godot gates (analyzer)	Import the project	2026-10-04T03:53:29.2029161Z [  68% ] ^[[90m^[[1mupdate_scripts_classes^[[22m | ^[[39m^[[0m
Godot gates (analyzer)	Import the project	2026-10-04T03:53:29.2029830Z [  68% ] ^[[90m^[[1mupdate_scripts_classes^[[22m | ^[[39m^[[0m
Godot gates (analyzer)	Import the project	2026-10-04T03:53:29.2030528Z [  68% ] ^[[90m^[[1mupdate_scripts_classes^[[22m | ^[[39m^[[0m
Godot gates (analyzer)	Import the project	2026-10-04T03:53:29.2031231Z [  68% ] ^[[90m^[[1mupdate_scripts_classes^[[22m | ^[[39m^[[0m
Godot gates (analyzer)	Import the project	2026-10-04T03:53:29.2031896Z [  68% ] ^[[90m^[[1mupdate_scripts_classes^[[22m | ^[[39m^[[0m
Godot gates (analyzer)	Import the project	2026-10-04T03:53:29.2032563Z [  68% ] ^[[90m^[[1mupdate_scripts_classes^[[22m | ^[[39m^[[0m
Godot gates (analyzer)	Import the project	2026-10-04T03:53:29.2033548Z [  68% ] ^[[90m^[[1mupdate_scripts_classes^[[22m | ^[[39m^[[0m
Godot gates (analyzer)	Import the project	2026-10-04T03:53:29.2034246Z [  68% ] ^[[90m^[[1mupdate_scripts_classes^[[22m | ^[[39m^[[0m
Godot gates (analyzer)	Import the project	2026-10-04T03:53:29.2034907Z [  68% ] ^[[90m^[[1mupdate_scripts_classes^[[22m | ^[[39m^[[0m
Godot gates (analyzer)	Import the project	2026-10-04T03:53:29.2035563Z [  68% ] ^[[90m^[[1mupdate_scripts_classes^[[22m | ^[[39m^[[0m
Godot gates (analyzer)	Import the project	2026-10-04T03:53:29.2036266Z [  68% ] ^[[90m^[[1mupdate_scripts_classes^[[22m | ^[[39m^[[0m
Godot gates (analyzer)	Import the project	2026-10-04T03:53:29.2036952Z [  68% ] ^[[90m^[[1mupdate_scripts_classes^[[22m | ^[[39m^[[0m
Godot gates (analyzer)	Import the project	2026-10-04T03:53:29.2037626Z [  69% ] ^[[90m^[[1mupdate_scripts_classes^[[22m | ^[[39m^[[0m
Godot gates (analyzer)	Import the project	2026-10-04T03:53:29.2038289Z [  69% ] ^[[90m^[[1mupdate_scripts_classes^[[22m | ^[[39m^[[0m
Godot gates (analyzer)	Import the project	2026-10-04T03:53:29.2039007Z [  69% ] ^[[90m^[[1mupdate_scripts_classes^[[22m | ^[[39m^[[0m
Godot gates (analyzer)	Import the project	2026-10-04T03:53:29.2039707Z [  69% ] ^[[90m^[[1mupdate_scripts_classes^[[22m | ^[[39m^[[0m
Godot gates (analyzer)	Import the project	2026-10-04T03:53:29.2040373Z [  69% ] ^[[90m^[[1mupdate_scripts_classes^[[22m | ^[[39m^[[0m
Godot gates (analyzer)	Import the project	2026-10-04T03:53:29.2041044Z [  69% ] ^[[90m^[[1mupdate_scripts_classes^[[22m | ^[[39m^[[0m
Godot gates (analyzer)	Import the project	2026-10-04T03:53:29.2041754Z [  69% ] ^[[90m^[[1mupdate_scripts_classes^[[22m | ^[[39m^[[0m
Godot gates (analyzer)	Import the project	2026-10-04T03:53:29.2042441Z [  69% ] ^[[90m^[[1mupdate_scripts_classes^[[22m | ^[[39m^[[0m
Godot gates (analyzer)	Import the project	2026-10-04T03:53:29.2043344Z [  69% ] ^[[90m^[[1mupdate_scripts_classes^[[22m | ^[[39m^[[0m
Godot gates (analyzer)	Import the project	2026-10-04T03:53:29.2044029Z [  69% ] ^[[90m^[[1mupdate_scripts_classes^[[22m | ^[[39m^[[0m
Godot gates (analyzer)	Import the project	2026-10-04T03:53:29.2044741Z [  69% ] ^[[90m^[[1mupdate_scripts_classes^[[22m | ^[[39m^[[0m
Godot gates (analyzer)	Import the project	2026-10-04T03:53:29.2045427Z [  70% ] ^[[90m^[[1mupdate_scripts_classes^[[22m | ^[[39m^[[0m
Godot gates (analyzer)	Import the project	2026-10-04T03:53:29.2046344Z [  70% ] ^[[90m^[[1mupdate_scripts_classes^[[22m | ^[[39m^[[0m
Godot gates (analyzer)	Import the project	2026-10-04T03:53:29.2047032Z [  70% ] ^[[90m^[[1mupdate_scripts_classes^[[22m | ^[[39m^[[0m
Godot gates (analyzer)	Import the project	2026-10-04T03:53:29.2047745Z [  70% ] ^[[90m^[[1mupdate_scripts_classes^[[22m | ^[[39m^[[0m
Godot gates (analyzer)	Import the project	2026-10-04T03:53:29.2048634Z [  70% ] ^[[90m^[[1mupdate_scripts_classes^[[22m | ^[[39m^[[0m
Godot gates (analyzer)	Import the project	2026-10-04T03:53:29.2049305Z [  70% ] ^[[90m^[[1mupdate_scripts_classes^[[22m | ^[[39m^[[0m
Godot gates (analyzer)	Import the project	2026-10-04T03:53:29.2050014Z [  70% ] ^[[90m^[[1mupdate_scripts_classes^[[22m | ^[[39m^[[0m
Godot gates (analyzer)	Import the project	2026-10-04T03:53:29.2050728Z [  70% ] ^[[90m^[[1mupdate_scripts_classes^[[22m | ^[[39m^[[0m
Godot gates (analyzer)	Import the project	2026-10-04T03:53:29.2051397Z [  70% ] ^[[90m^[[1mupdate_scripts_classes^[[22m | ^[[39m^[[0m
Godot gates (analyzer)	Import the project	2026-10-04T03:53:29.2052069Z [  70% ] ^[[90m^[[1mupdate_scripts_classes^[[22m | ^[[39m^[[0m
Godot gates (analyzer)	Import the project	2026-10-04T03:53:29.2052770Z [  70% ] ^[[90m^[[1mupdate_scripts_classes^[[22m | ^[[39m^[[0m
Godot gates (analyzer)	Import the project	2026-10-04T03:53:29.2053693Z [  70% ] ^[[90m^[[1mupdate_scripts_classes^[[22m | ^[[39m^[[0m
Godot gates (analyzer)	Import the project	2026-10-04T03:53:29.2054374Z [  71% ] ^[[90m^[[1mupdate_scripts_classes^[[22m | ^[[39m^[[0m
Godot gates (analyzer)	Import the project	2026-10-04T03:53:29.2055058Z [  71% ] ^[[90m^[[1mupdate_scripts_classes^[[22m | ^[[39m^[[0m
Godot gates (analyzer)	Import the project	2026-10-04T03:53:29.2055767Z [  71% ] ^[[90m^[[1mupdate_scripts_classes^[[22m | ^[[39m^[[0m
Godot gates (analyzer)	Import the project	2026-10-04T03:53:29.2056449Z [  71% ] ^[[90m^[[1mupdate_scripts_classes^[[22m | ^[[39m^[[0m
Godot gates (analyzer)	Import the project	2026-10-04T03:53:29.2057136Z [  71% ] ^[[90m^[[1mupdate_scripts_classes^[[22m | ^[[39m^[[0m
Godot gates (analyzer)	Import the project	2026-10-04T03:53:29.2057812Z [  71% ] ^[[90m^[[1mupdate_scripts_classes^[[22m | ^[[39m^[[0m
Godot gates (analyzer)	Import the project	2026-10-04T03:53:29.2058517Z [  71% ] ^[[90m^[[1mupdate_scripts_classes^[[22m | ^[[39m^[[0m
Godot gates (analyzer)	Import the project	2026-10-04T03:53:29.2059196Z [  71% ] ^[[90m^[[1mupdate_scripts_classes^[[22m | ^[[39m^[[0m
Godot gates (analyzer)	Import the project	2026-10-04T03:53:29.2059877Z [  71% ] ^[[90m^[[1mupdate_scripts_classes^[[22m | ^[[39m^[[0m
Godot gates (analyzer)	Import the project	2026-10-04T03:53:29.2060555Z [  71% ] ^[[90m^[[1mupdate_scripts_classes^[[22m | ^[[39m^[[0m
Godot gates (analyzer)	Import the project	2026-10-04T03:53:29.2061244Z [  71% ] ^[[90m^[[1mupdate_scripts_classes^[[22m | ^[[39m^[[0m
Godot gates (analyzer)	Import the project	2026-10-04T03:53:29.2061916Z [  71% ] ^[[90m^[[1mupdate_scripts_classes^[[22m | ^[[39m^[[0m
Godot gates (analyzer)	Import the project	2026-10-04T03:53:29.2062606Z [  72% ] ^[[90m^[[1mupdate_scripts_classes^[[22m | ^[[39m^[[0m
Godot gates (analyzer)	Import the project	2026-10-04T03:53:29.2063558Z [  72% ] ^[[90m^[[1mupdate_scripts_classes^[[22m | ^[[39m^[[0m
Godot gates (analyzer)	Import the project	2026-10-04T03:53:29.2064284Z [  72% ] ^[[90m^[[1mupdate_scripts_classes^[[22m | ^[[39m^[[0m
Godot gates (analyzer)	Import the project	2026-10-04T03:53:29.2064996Z [  72% ] ^[[90m^[[1mupdate_scripts_classes^[[22m | ^[[39m^[[0m
Godot gates (analyzer)	Import the project	2026-10-04T03:53:29.2065679Z [  72% ] ^[[90m^[[1mupdate_scripts_classes^[[22m | ^[[39m^[[0m
Godot gates (analyzer)	Import the project	2026-10-04T03:53:29.2066381Z [  72% ] ^[[90m^[[1mupdate_scripts_classes^[[22m | ^[[39m^[[0m
Godot gates (analyzer)	Import the project	2026-10-04T03:53:29.2067083Z [  72% ] ^[[90m^[[1mupdate_scripts_classes^[[22m | ^[[39m^[[0m
Godot gates (analyzer)	Import the project	2026-10-04T03:53:29.2067757Z [  72% ] ^[[90m^[[1mupdate_scripts_classes^[[22m | ^[[39m^[[0m
Godot gates (analyzer)	Import the project	2026-10-04T03:53:29.2068424Z [  72% ] ^[[90m^[[1mupdate_scripts_classes^[[22m | ^[[39m^[[0m
Godot gates (analyzer)	Import the project	2026-10-04T03:53:29.2069115Z [  72% ] ^[[90m^[[1mupdate_scripts_classes^[[22m | ^[[39m^[[0m
Godot gates (analyzer)	Import the project	2026-10-04T03:53:29.2069804Z [  72% ] ^[[90m^[[1mupdate_scripts_classes^[[22m | ^[[39m^[[0m
Godot gates (analyzer)	Import the project	2026-10-04T03:53:29.2070481Z [  72% ] ^[[90m^[[1mupdate_scripts_classes^[[22m | ^[[39m^[[0m
Godot gates (analyzer)	Import the project	2026-10-04T03:53:29.2071166Z [  73% ] ^[[90m^[[1mupdate_scripts_classes^[[22m | ^[[39m^[[0m
Godot gates (analyzer)	Import the project	2026-10-04T03:53:29.2071876Z [  73% ] ^[[90m^[[1mupdate_scripts_classes^[[22m | ^[[39m^[[0m
Godot gates (analyzer)	Import the project	2026-10-04T03:53:29.2072568Z [  73% ] ^[[90m^[[1mupdate_scripts_classes^[[22m | ^[[39m^[[0m
Godot gates (analyzer)	Import the project	2026-10-04T03:53:29.2073501Z [  73% ] ^[[90m^[[1mupdate_scripts_classes^[[22m | ^[[39m^[[0m
Godot gates (analyzer)	Import the project	2026-10-04T03:53:29.2074192Z [  73% ] ^[[90m^[[1mupdate_scripts_classes^[[22m | ^[[39m^[[0m
Godot gates (analyzer)	Import the project	2026-10-04T03:53:29.2074903Z [  73% ] ^[[90m^[[1mupdate_scripts_classes^[[22m | ^[[39m^[[0m
Godot gates (analyzer)	Import the project	2026-10-04T03:53:29.2075587Z [  73% ] ^[[90m^[[1mupdate_scripts_classes^[[22m | ^[[39m^[[0m
Godot gates (analyzer)	Import the project	2026-10-04T03:53:29.2076268Z [  73% ] ^[[90m^[[1mupdate_scripts_classes^[[22m | ^[[39m^[[0m
Godot gates (analyzer)	Import the project	2026-10-04T03:53:29.2076947Z [  73% ] ^[[90m^[[1mupdate_scripts_classes^[[22m | ^[[39m^[[0m
Godot gates (analyzer)	Import the project	2026-10-04T03:53:29.2077678Z [  73% ] ^[[90m^[[1mupdate_scripts_classes^[[22m | ^[[39m^[[0m
Godot gates (analyzer)	Import the project	2026-10-04T03:53:29.2078381Z [  73% ] ^[[90m^[[1mupdate_scripts_classes^[[22m | ^[[39m^[[0m
Godot gates (analyzer)	Import the project	2026-10-04T03:53:29.2079049Z [  73% ] ^[[90m^[[1mupdate_scripts_classes^[[22m | ^[[39m^[[0m
Godot gates (analyzer)	Import the project	2026-10-04T03:53:29.2079963Z [  74% ] ^[[90m^[[1mupdate_scripts_classes^[[22m | ^[[39m^[[0m
Godot gates (analyzer)	Import the project	2026-10-04T03:53:29.2080666Z [  74% ] ^[[90m^[[1mupdate_scripts_classes^[[22m | ^[[39m^[[0m
Godot gates (analyzer)	Import the project	2026-10-04T03:53:29.2081350Z [  74% ] ^[[90m^[[1mupdate_scripts_classes^[[22m | ^[[39m^[[0m
Godot gates (analyzer)	Import the project	2026-10-04T03:53:29.2082251Z [  74% ] ^[[90m^[[1mupdate_scripts_classes^[[22m | ^[[39m^[[0m
Godot gates (analyzer)	Import the project	2026-10-04T03:53:29.2083174Z [  74% ] ^[[90m^[[1mupdate_scripts_classes^[[22m | ^[[39m^[[0m
Godot gates (analyzer)	Import the project	2026-10-04T03:53:29.2083888Z [  74% ] ^[[90m^[[1mupdate_scripts_classes^[[22m | ^[[39m^[[0m
Godot gates (analyzer)	Import the project	2026-10-04T03:53:29.2084573Z [  74% ] ^[[90m^[[1mupdate_scripts_classes^[[22m | ^[[39m^[[0m
Godot gates (analyzer)	Import the project	2026-10-04T03:53:29.2085259Z [  74% ] ^[[90m^[[1mupdate_scripts_classes^[[22m | ^[[39m^[[0m
Godot gates (analyzer)	Import the project	2026-10-04T03:53:29.2085985Z [  74% ] ^[[90m^[[1mupdate_scripts_classes^[[22m | ^[[39m^[[0m
Godot gates (analyzer)	Import the project	2026-10-04T03:53:29.2086680Z [  74% ] ^[[90m^[[1mupdate_scripts_classes^[[22m | ^[[39m^[[0m
Godot gates (analyzer)	Import the project	2026-10-04T03:53:29.2087353Z [  74% ] ^[[90m^[[1mupdate_scripts_classes^[[22m | ^[[39m^[[0m
Godot gates (analyzer)	Import the project	2026-10-04T03:53:29.2088026Z [  75% ] ^[[90m^[[1mupdate_scripts_classes^[[22m | ^[[39m^[[0m
Godot gates (analyzer)	Import the project	2026-10-04T03:53:29.2088739Z [  75% ] ^[[90m^[[1mupdate_scripts_classes^[[22m | ^[[39m^[[0m
Godot gates (analyzer)	Import the project	2026-10-04T03:53:29.2089417Z [  75% ] ^[[90m^[[1mupdate_scripts_classes^[[22m | ^[[39m^[[0m
Godot gates (analyzer)	Import the project	2026-10-04T03:53:29.2090087Z [  75% ] ^[[90m^[[1mupdate_scripts_classes^[[22m | ^[[39m^[[0m
Godot gates (analyzer)	Import the project	2026-10-04T03:53:29.2090746Z [  75% ] ^[[90m^[[1mupdate_scripts_classes^[[22m | ^[[39m^[[0m
Godot gates (analyzer)	Import the project	2026-10-04T03:53:29.2091453Z [  75% ] ^[[90m^[[1mupdate_scripts_classes^[[22m | ^[[39m^[[0m
Godot gates (analyzer)	Import the project	2026-10-04T03:53:29.2092149Z [  75% ] ^[[90m^[[1mupdate_scripts_classes^[[22m | ^[[39m^[[0m
Godot gates (analyzer)	Import the project	2026-10-04T03:53:29.2093037Z [  75% ] ^[[90m^[[1mupdate_scripts_classes^[[22m | ^[[39m^[[0m
Godot gates (analyzer)	Import the project	2026-10-04T03:53:29.2093738Z [  75% ] ^[[90m^[[1mupdate_scripts_classes^[[22m | ^[[39m^[[0m
Godot gates (analyzer)	Import the project	2026-10-04T03:53:29.2094448Z [  75% ] ^[[90m^[[1mupdate_scripts_classes^[[22m | ^[[39m^[[0m
Godot gates (analyzer)	Import the project	2026-10-04T03:53:29.2095139Z [  75% ] ^[[90m^[[1mupdate_scripts_classes^[[22m | ^[[39m^[[0m
Godot gates (analyzer)	Import the project	2026-10-04T03:53:29.2095881Z [  75% ] ^[[90m^[[1mupdate_scripts_classes^[[22m | ^[[39m^[[0m
Godot gates (analyzer)	Import the project	2026-10-04T03:53:29.2096571Z [  76% ] ^[[90m^[[1mupdate_scripts_classes^[[22m | ^[[39m^[[0m
Godot gates (analyzer)	Import the project	2026-10-04T03:53:29.2097292Z [  76% ] ^[[90m^[[1mupdate_scripts_classes^[[22m | ^[[39m^[[0m
Godot gates (analyzer)	Import the project	2026-10-04T03:53:29.2097968Z [  76% ] ^[[90m^[[1mupdate_scripts_classes^[[22m | ^[[39m^[[0m
Godot gates (analyzer)	Import the project	2026-10-04T03:53:29.2098665Z [  76% ] ^[[90m^[[1mupdate_scripts_classes^[[22m | ^[[39m^[[0m
Godot gates (analyzer)	Import the project	2026-10-04T03:53:29.2099336Z [  76% ] ^[[90m^[[1mupdate_scripts_classes^[[22m | ^[[39m^[[0m
Godot gates (analyzer)	Import the project	2026-10-04T03:53:29.2100040Z [  76% ] ^[[90m^[[1mupdate_scripts_classes^[[22m | ^[[39m^[[0m
Godot gates (analyzer)	Import the project	2026-10-04T03:53:29.2100706Z [  76% ] ^[[90m^[[1mupdate_scripts_classes^[[22m | ^[[39m^[[0m
Godot gates (analyzer)	Import the project	2026-10-04T03:53:29.2101406Z [  76% ] ^[[90m^[[1mupdate_scripts_classes^[[22m | ^[[39m^[[0m
Godot gates (analyzer)	Import the project	2026-10-04T03:53:29.2102100Z [  76% ] ^[[90m^[[1mupdate_scripts_classes^[[22m | ^[[39m^[[0m
Godot gates (analyzer)	Import the project	2026-10-04T03:53:29.2102799Z [  76% ] ^[[90m^[[1mupdate_scripts_classes^[[22m | ^[[39m^[[0m
Godot gates (analyzer)	Import the project	2026-10-04T03:53:29.2103706Z [  76% ] ^[[90m^[[1mupdate_scripts_classes^[[22m | ^[[39m^[[0m
Godot gates (analyzer)	Import the project	2026-10-04T03:53:29.2104390Z [  76% ] ^[[90m^[[1mupdate_scripts_classes^[[22m | ^[[39m^[[0m
Godot gates (analyzer)	Import the project	2026-10-04T03:53:29.2105103Z [  77% ] ^[[90m^[[1mupdate_scripts_classes^[[22m | ^[[39m^[[0m
Godot gates (analyzer)	Import the project	2026-10-04T03:53:29.2105802Z [  77% ] ^[[90m^[[1mupdate_scripts_classes^[[22m | ^[[39m^[[0m
Godot gates (analyzer)	Import the project	2026-10-04T03:53:29.2106471Z [  77% ] ^[[90m^[[1mupdate_scripts_classes^[[22m | ^[[39m^[[0m
Godot gates (analyzer)	Import the project	2026-10-04T03:53:29.2107160Z [  77% ] ^[[90m^[[1mupdate_scripts_classes^[[22m | ^[[39m^[[0m
Godot gates (analyzer)	Import the project	2026-10-04T03:53:29.2107867Z [  77% ] ^[[90m^[[1mupdate_scripts_classes^[[22m | ^[[39m^[[0m
Godot gates (analyzer)	Import the project	2026-10-04T03:53:29.2108557Z [  77% ] ^[[90m^[[1mupdate_scripts_classes^[[22m | ^[[39m^[[0m
Godot gates (analyzer)	Import the project	2026-10-04T03:53:29.2109221Z [  77% ] ^[[90m^[[1mupdate_scripts_classes^[[22m | ^[[39m^[[0m
Godot gates (analyzer)	Import the project	2026-10-04T03:53:29.2109907Z [  77% ] ^[[90m^[[1mupdate_scripts_classes^[[22m | ^[[39m^[[0m
Godot gates (analyzer)	Import the project	2026-10-04T03:53:29.2110620Z [  77% ] ^[[90m^[[1mupdate_scripts_classes^[[22m | ^[[39m^[[0m
Godot gates (analyzer)	Import the project	2026-10-04T03:53:29.2111313Z [  77% ] ^[[90m^[[1mupdate_scripts_classes^[[22m | ^[[39m^[[0m
Godot gates (analyzer)	Import the project	2026-10-04T03:53:29.2111977Z [  77% ] ^[[90m^[[1mupdate_scripts_classes^[[22m | ^[[39m^[[0m
Godot gates (analyzer)	Import the project	2026-10-04T03:53:29.2112660Z [  77% ] ^[[90m^[[1mupdate_scripts_classes^[[22m | ^[[39m^[[0m
Godot gates (analyzer)	Import the project	2026-10-04T03:53:29.2113878Z [  78% ] ^[[90m^[[1mupdate_scripts_classes^[[22m | ^[[39m^[[0m
Godot gates (analyzer)	Import the project	2026-10-04T03:53:29.2114565Z [  78% ] ^[[90m^[[1mupdate_scripts_classes^[[22m | ^[[39m^[[0m
Godot gates (analyzer)	Import the project	2026-10-04T03:53:29.2115247Z [  78% ] ^[[90m^[[1mupdate_scripts_classes^[[22m | ^[[39m^[[0m
Godot gates (analyzer)	Import the project	2026-10-04T03:53:29.2116156Z [  78% ] ^[[90m^[[1mupdate_scripts_classes^[[22m | ^[[39m^[[0m
Godot gates (analyzer)	Import the project	2026-10-04T03:53:29.2116848Z [  78% ] ^[[90m^[[1mupdate_scripts_classes^[[22m | ^[[39m^[[0m
Godot gates (analyzer)	Import the project	2026-10-04T03:53:29.2117521Z [  78% ] ^[[90m^[[1mupdate_scripts_classes^[[22m | ^[[39m^[[0m
Godot gates (analyzer)	Import the project	2026-10-04T03:53:29.2118191Z [  78% ] ^[[90m^[[1mupdate_scripts_classes^[[22m | ^[[39m^[[0m
Godot gates (analyzer)	Import the project	2026-10-04T03:53:29.2118904Z [  78% ] ^[[90m^[[1mupdate_scripts_classes^[[22m | ^[[39m^[[0m
Godot gates (analyzer)	Import the project	2026-10-04T03:53:29.2119589Z [  78% ] ^[[90m^[[1mupdate_scripts_classes^[[22m | ^[[39m^[[0m
Godot gates (analyzer)	Import the project	2026-10-04T03:53:29.2120256Z [  78% ] ^[[90m^[[1mupdate_scripts_classes^[[22m | ^[[39m^[[0m
Godot gates (analyzer)	Import the project	2026-10-04T03:53:29.2120923Z [  78% ] ^[[90m^[[1mupdate_scripts_classes^[[22m | ^[[39m^[[0m
Godot gates (analyzer)	Import the project	2026-10-04T03:53:29.2121633Z [  78% ] ^[[90m^[[1mupdate_scripts_classes^[[22m | ^[[39m^[[0m
Godot gates (analyzer)	Import the project	2026-10-04T03:53:29.2122339Z [  79% ] ^[[90m^[[1mupdate_scripts_classes^[[22m | ^[[39m^[[0m
Godot gates (analyzer)	Import the project	2026-10-04T03:53:29.2123231Z [  79% ] ^[[90m^[[1mupdate_scripts_classes^[[22m | ^[[39m^[[0m
Godot gates (analyzer)	Import the project	2026-10-04T03:53:29.2123913Z [  79% ] ^[[90m^[[1mupdate_scripts_classes^[[22m | ^[[39m^[[0m
Godot gates (analyzer)	Import the project	2026-10-04T03:53:29.2124636Z [  79% ] ^[[90m^[[1mupdate_scripts_classes^[[22m | ^[[39m^[[0m
Godot gates (analyzer)	Import the project	2026-10-04T03:53:29.2125317Z [  79% ] ^[[90m^[[1mupdate_scripts_classes^[[22m | ^[[39m^[[0m
Godot gates (analyzer)	Import the project	2026-10-04T03:53:29.2125995Z [  79% ] ^[[90m^[[1mupdate_scripts_classes^[[22m | ^[[39m^[[0m
Godot gates (analyzer)	Import the project	2026-10-04T03:53:29.2126661Z [  79% ] ^[[90m^[[1mupdate_scripts_classes^[[22m | ^[[39m^[[0m
Godot gates (analyzer)	Import the project	2026-10-04T03:53:29.2127372Z [  79% ] ^[[90m^[[1mupdate_scripts_classes^[[22m | ^[[39m^[[0m
Godot gates (analyzer)	Import the project	2026-10-04T03:53:29.2128044Z [  79% ] ^[[90m^[[1mupdate_scripts_classes^[[22m | ^[[39m^[[0m
Godot gates (analyzer)	Import the project	2026-10-04T03:53:29.2128725Z [  79% ] ^[[90m^[[1mupdate_scripts_classes^[[22m | ^[[39m^[[0m
Godot gates (analyzer)	Import the project	2026-10-04T03:53:29.2129400Z [  79% ] ^[[90m^[[1mupdate_scripts_classes^[[22m | ^[[39m^[[0m
Godot gates (analyzer)	Import the project	2026-10-04T03:53:29.2130126Z [  80% ] ^[[90m^[[1mupdate_scripts_classes^[[22m | ^[[39m^[[0m
Godot gates (analyzer)	Import the project	2026-10-04T03:53:29.2130817Z [  80% ] ^[[90m^[[1mupdate_scripts_classes^[[22m | ^[[39m^[[0m
Godot gates (analyzer)	Import the project	2026-10-04T03:53:29.2131492Z [  80% ] ^[[90m^[[1mupdate_scripts_classes^[[22m | ^[[39m^[[0m
Godot gates (analyzer)	Import the project	2026-10-04T03:53:29.2132177Z [  80% ] ^[[90m^[[1mupdate_scripts_classes^[[22m | ^[[39m^[[0m
Godot gates (analyzer)	Import the project	2026-10-04T03:53:29.2133109Z [  80% ] ^[[90m^[[1mupdate_scripts_classes^[[22m | ^[[39m^[[0m
Godot gates (analyzer)	Import the project	2026-10-04T03:53:29.2133800Z [  80% ] ^[[90m^[[1mupdate_scripts_classes^[[22m | ^[[39m^[[0m
Godot gates (analyzer)	Import the project	2026-10-04T03:53:29.2134477Z [  80% ] ^[[90m^[[1mupdate_scripts_classes^[[22m | ^[[39m^[[0m
Godot gates (analyzer)	Import the project	2026-10-04T03:53:29.2135158Z [  80% ] ^[[90m^[[1mupdate_scripts_classes^[[22m | ^[[39m^[[0m
Godot gates (analyzer)	Import the project	2026-10-04T03:53:29.2135865Z [  80% ] ^[[90m^[[1mupdate_scripts_classes^[[22m | ^[[39m^[[0m
Godot gates (analyzer)	Import the project	2026-10-04T03:53:29.2136538Z [  80% ] ^[[90m^[[1mupdate_scripts_classes^[[22m | ^[[39m^[[0m
Godot gates (analyzer)	Import the project	2026-10-04T03:53:29.2137215Z [  80% ] ^[[90m^[[1mupdate_scripts_classes^[[22m | ^[[39m^[[0m
Godot gates (analyzer)	Import the project	2026-10-04T03:53:29.2137895Z [  80% ] ^[[90m^[[1mupdate_scripts_classes^[[22m | ^[[39m^[[0m
Godot gates (analyzer)	Import the project	2026-10-04T03:53:29.2138615Z [  81% ] ^[[90m^[[1mupdate_scripts_classes^[[22m | ^[[39m^[[0m
Godot gates (analyzer)	Import the project	2026-10-04T03:53:29.2139284Z [  81% ] ^[[90m^[[1mupdate_scripts_classes^[[22m | ^[[39m^[[0m
Godot gates (analyzer)	Import the project	2026-10-04T03:53:29.2139959Z [  81% ] ^[[90m^[[1mupdate_scripts_classes^[[22m | ^[[39m^[[0m
Godot gates (analyzer)	Import the project	2026-10-04T03:53:29.2140667Z [  81% ] ^[[90m^[[1mupdate_scripts_classes^[[22m | ^[[39m^[[0m
Godot gates (analyzer)	Import the project	2026-10-04T03:53:29.2141427Z [  81% ] ^[[90m^[[1mupdate_scripts_classes^[[22m | ^[[39m^[[0m
Godot gates (analyzer)	Import the project	2026-10-04T03:53:29.2142108Z [  81% ] ^[[90m^[[1mupdate_scripts_classes^[[22m | ^[[39m^[[0m
Godot gates (analyzer)	Import the project	2026-10-04T03:53:29.2142782Z [  81% ] ^[[90m^[[1mupdate_scripts_classes^[[22m | ^[[39m^[[0m
Godot gates (analyzer)	Import the project	2026-10-04T03:53:29.2143748Z [  81% ] ^[[90m^[[1mupdate_scripts_classes^[[22m | ^[[39m^[[0m
Godot gates (analyzer)	Import the project	2026-10-04T03:53:29.2144460Z [  81% ] ^[[90m^[[1mupdate_scripts_classes^[[22m | ^[[39m^[[0m
Godot gates (analyzer)	Import the project	2026-10-04T03:53:29.2145129Z [  81% ] ^[[90m^[[1mupdate_scripts_classes^[[22m | ^[[39m^[[0m
Godot gates (analyzer)	Import the project	2026-10-04T03:53:29.2145805Z [  81% ] ^[[90m^[[1mupdate_scripts_classes^[[22m | ^[[39m^[[0m
Godot gates (analyzer)	Import the project	2026-10-04T03:53:29.2146518Z [  81% ] ^[[90m^[[1mupdate_scripts_classes^[[22m | ^[[39m^[[0m
Godot gates (analyzer)	Import the project	2026-10-04T03:53:29.2147434Z [  82% ] ^[[90m^[[1mupdate_scripts_classes^[[22m | ^[[39m^[[0m
Godot gates (analyzer)	Import the project	2026-10-04T03:53:29.2148104Z [  82% ] ^[[90m^[[1mupdate_scripts_classes^[[22m | ^[[39m^[[0m
Godot gates (analyzer)	Import the project	2026-10-04T03:53:29.2148796Z [  82% ] ^[[90m^[[1mupdate_scripts_classes^[[22m | ^[[39m^[[0m
Godot gates (analyzer)	Import the project	2026-10-04T03:53:29.2149719Z [  82% ] ^[[90m^[[1mupdate_scripts_classes^[[22m | ^[[39m^[[0m
Godot gates (analyzer)	Import the project	2026-10-04T03:53:29.2150392Z [  82% ] ^[[90m^[[1mupdate_scripts_classes^[[22m | ^[[39m^[[0m
Godot gates (analyzer)	Import the project	2026-10-04T03:53:29.2151068Z [  82% ] ^[[90m^[[1mupdate_scripts_classes^[[22m | ^[[39m^[[0m
Godot gates (analyzer)	Import the project	2026-10-04T03:53:29.2151772Z [  82% ] ^[[90m^[[1mupdate_scripts_classes^[[22m | ^[[39m^[[0m
Godot gates (analyzer)	Import the project	2026-10-04T03:53:29.2152460Z [  82% ] ^[[90m^[[1mupdate_scripts_classes^[[22m | ^[[39m^[[0m
Godot gates (analyzer)	Import the project	2026-10-04T03:53:29.2153374Z [  82% ] ^[[90m^[[1mupdate_scripts_classes^[[22m | ^[[39m^[[0m
Godot gates (analyzer)	Import the project	2026-10-04T03:53:29.2154054Z [  82% ] ^[[90m^[[1mupdate_scripts_classes^[[22m | ^[[39m^[[0m
Godot gates (analyzer)	Import the project	2026-10-04T03:53:29.2154762Z [  82% ] ^[[90m^[[1mupdate_scripts_classes^[[22m | ^[[39m^[[0m
Godot gates (analyzer)	Import the project	2026-10-04T03:53:29.2155451Z [  82% ] ^[[90m^[[1mupdate_scripts_classes^[[22m | ^[[39m^[[0m
Godot gates (analyzer)	Import the project	2026-10-04T03:53:29.2156140Z [  83% ] ^[[90m^[[1mupdate_scripts_classes^[[22m | ^[[39m^[[0m
Godot gates (analyzer)	Import the project	2026-10-04T03:53:29.2156814Z [  83% ] ^[[90m^[[1mupdate_scripts_classes^[[22m | ^[[39m^[[0m
Godot gates (analyzer)	Import the project	2026-10-04T03:53:29.2157522Z [  83% ] ^[[90m^[[1mupdate_scripts_classes^[[22m | ^[[39m^[[0m
Godot gates (analyzer)	Import the project	2026-10-04T03:53:29.2158214Z [  83% ] ^[[90m^[[1mupdate_scripts_classes^[[22m | ^[[39m^[[0m
Godot gates (analyzer)	Import the project	2026-10-04T03:53:29.2158900Z [  83% ] ^[[90m^[[1mupdate_scripts_classes^[[22m | ^[[39m^[[0m
Godot gates (analyzer)	Import the project	2026-10-04T03:53:29.2159581Z [  83% ] ^[[90m^[[1mupdate_scripts_classes^[[22m | ^[[39m^[[0m
Godot gates (analyzer)	Import the project	2026-10-04T03:53:29.2160286Z [  83% ] ^[[90m^[[1mupdate_scripts_classes^[[22m | ^[[39m^[[0m
Godot gates (analyzer)	Import the project	2026-10-04T03:53:29.2160960Z [  83% ] ^[[90m^[[1mupdate_scripts_classes^[[22m | ^[[39m^[[0m
Godot gates (analyzer)	Import the project	2026-10-04T03:53:29.2161640Z [  83% ] ^[[90m^[[1mupdate_scripts_classes^[[22m | ^[[39m^[[0m
Godot gates (analyzer)	Import the project	2026-10-04T03:53:29.2162331Z [  83% ] ^[[90m^[[1mupdate_scripts_classes^[[22m | ^[[39m^[[0m
Godot gates (analyzer)	Import the project	2026-10-04T03:53:29.2163247Z [  83% ] ^[[90m^[[1mupdate_scripts_classes^[[22m | ^[[39m^[[0m
Godot gates (analyzer)	Import the project	2026-10-04T03:53:29.2163932Z [  83% ] ^[[90m^[[1mupdate_scripts_classes^[[22m | ^[[39m^[[0m
Godot gates (analyzer)	Import the project	2026-10-04T03:53:29.2164629Z [  84% ] ^[[90m^[[1mupdate_scripts_classes^[[22m | ^[[39m^[[0m
Godot gates (analyzer)	Import the project	2026-10-04T03:53:29.2165332Z [  84% ] ^[[90m^[[1mupdate_scripts_classes^[[22m | ^[[39m^[[0m
Godot gates (analyzer)	Import the project	2026-10-04T03:53:29.2166026Z [  84% ] ^[[90m^[[1mupdate_scripts_classes^[[22m | ^[[39m^[[0m
Godot gates (analyzer)	Import the project	2026-10-04T03:53:29.2166719Z [  84% ] ^[[90m^[[1mupdate_scripts_classes^[[22m | ^[[39m^[[0m
Godot gates (analyzer)	Import the project	2026-10-04T03:53:29.2167392Z [  84% ] ^[[90m^[[1mupdate_scripts_classes^[[22m | ^[[39m^[[0m
Godot gates (analyzer)	Import the project	2026-10-04T03:53:29.2168094Z [  84% ] ^[[90m^[[1mupdate_scripts_classes^[[22m | ^[[39m^[[0m
Godot gates (analyzer)	Import the project	2026-10-04T03:53:29.2168782Z [  84% ] ^[[90m^[[1mupdate_scripts_classes^[[22m | ^[[39m^[[0m
Godot gates (analyzer)	Import the project	2026-10-04T03:53:29.2169457Z [  84% ] ^[[90m^[[1mupdate_scripts_classes^[[22m | ^[[39m^[[0m
Godot gates (analyzer)	Import the project	2026-10-04T03:53:29.2170128Z [  84% ] ^[[90m^[[1mupdate_scripts_classes^[[22m | ^[[39m^[[0m
Godot gates (analyzer)	Import the project	2026-10-04T03:53:29.2170831Z [  84% ] ^[[90m^[[1mupdate_scripts_classes^[[22m | ^[[39m^[[0m
Godot gates (analyzer)	Import the project	2026-10-04T03:53:29.2171516Z [  84% ] ^[[90m^[[1mupdate_scripts_classes^[[22m | ^[[39m^[[0m
Godot gates (analyzer)	Import the project	2026-10-04T03:53:29.2172207Z [  85% ] ^[[90m^[[1mupdate_scripts_classes^[[22m | ^[[39m^[[0m
Godot gates (analyzer)	Import the project	2026-10-04T03:53:29.2173108Z [  85% ] ^[[90m^[[1mupdate_scripts_classes^[[22m | ^[[39m^[[0m
Godot gates (analyzer)	Import the project	2026-10-04T03:53:29.2173839Z [  85% ] ^[[90m^[[1mupdate_scripts_classes^[[22m | ^[[39m^[[0m
Godot gates (analyzer)	Import the project	2026-10-04T03:53:29.2174529Z [  85% ] ^[[90m^[[1mupdate_scripts_classes^[[22m | ^[[39m^[[0m
Godot gates (analyzer)	Import the project	2026-10-04T03:53:29.2175302Z [  85% ] ^[[90m^[[1mupdate_scripts_classes^[[22m | ^[[39m^[[0m
Godot gates (analyzer)	Import the project	2026-10-04T03:53:29.2175990Z [  85% ] ^[[90m^[[1mupdate_scripts_classes^[[22m | ^[[39m^[[0m
Godot gates (analyzer)	Import the project	2026-10-04T03:53:29.2176683Z [  85% ] ^[[90m^[[1mupdate_scripts_classes^[[22m | ^[[39m^[[0m
Godot gates (analyzer)	Import the project	2026-10-04T03:53:29.2177359Z [  85% ] ^[[90m^[[1mupdate_scripts_classes^[[22m | ^[[39m^[[0m
Godot gates (analyzer)	Import the project	2026-10-04T03:53:29.2178031Z [  85% ] ^[[90m^[[1mupdate_scripts_classes^[[22m | ^[[39m^[[0m
Godot gates (analyzer)	Import the project	2026-10-04T03:53:29.2178722Z [  85% ] ^[[90m^[[1mupdate_scripts_classes^[[22m | ^[[39m^[[0m
Godot gates (analyzer)	Import the project	2026-10-04T03:53:29.2179405Z [  85% ] ^[[90m^[[1mupdate_scripts_classes^[[22m | ^[[39m^[[0m
Godot gates (analyzer)	Import the project	2026-10-04T03:53:29.2180074Z [  85% ] ^[[90m^[[1mupdate_scripts_classes^[[22m | ^[[39m^[[0m
Godot gates (analyzer)	Import the project	2026-10-04T03:53:29.2180989Z [  86% ] ^[[90m^[[1mupdate_scripts_classes^[[22m | ^[[39m^[[0m
Godot gates (analyzer)	Import the project	2026-10-04T03:53:29.2181672Z [  86% ] ^[[90m^[[1mupdate_scripts_classes^[[22m | ^[[39m^[[0m
Godot gates (analyzer)	Import the project	2026-10-04T03:53:29.2182338Z [  86% ] ^[[90m^[[1mupdate_scripts_classes^[[22m | ^[[39m^[[0m
Godot gates (analyzer)	Import the project	2026-10-04T03:53:29.2183449Z [  86% ] ^[[90m^[[1mupdate_scripts_classes^[[22m | ^[[39m^[[0m
Godot gates (analyzer)	Import the project	2026-10-04T03:53:29.2184166Z [  86% ] ^[[90m^[[1mupdate_scripts_classes^[[22m | ^[[39m^[[0m
Godot gates (analyzer)	Import the project	2026-10-04T03:53:29.2184838Z [  86% ] ^[[90m^[[1mupdate_scripts_classes^[[22m | ^[[39m^[[0m
Godot gates (analyzer)	Import the project	2026-10-04T03:53:29.2185510Z [  86% ] ^[[90m^[[1mupdate_scripts_classes^[[22m | ^[[39m^[[0m
Godot gates (analyzer)	Import the project	2026-10-04T03:53:29.2186178Z [  86% ] ^[[90m^[[1mupdate_scripts_classes^[[22m | ^[[39m^[[0m
Godot gates (analyzer)	Import the project	2026-10-04T03:53:29.2186875Z [  86% ] ^[[90m^[[1mupdate_scripts_classes^[[22m | ^[[39m^[[0m
Godot gates (analyzer)	Import the project	2026-10-04T03:53:29.2187170Z [  86% ] ^[[90m^[[1mupdate_scripts_classes^[[22m | ^[[39m^[[0m
Godot gates (analyzer)	Import the project	2026-10-04T03:53:29.2187464Z [  86% ] ^[[90m^[[1mupdate_scripts_classes^[[22m | ^[[39m^[[0m
Godot gates (analyzer)	Import the project	2026-10-04T03:53:29.2187768Z [  86% ] ^[[90m^[[1mupdate_scripts_classes^[[22m | ^[[39m^[[0m
Godot gates (analyzer)	Import the project	2026-10-04T03:53:29.2188074Z [  87% ] ^[[90m^[[1mupdate_scripts_classes^[[22m | ^[[39m^[[0m
Godot gates (analyzer)	Import the project	2026-10-04T03:53:29.2188376Z [  87% ] ^[[90m^[[1mupdate_scripts_classes^[[22m | ^[[39m^[[0m
Godot gates (analyzer)	Import the project	2026-10-04T03:53:29.2188671Z [  87% ] ^[[90m^[[1mupdate_scripts_classes^[[22m | ^[[39m^[[0m
Godot gates (analyzer)	Import the project	2026-10-04T03:53:29.2188990Z [  87% ] ^[[90m^[[1mupdate_scripts_classes^[[22m | ^[[39m^[[0m
Godot gates (analyzer)	Import the project	2026-10-04T03:53:29.2189295Z [  87% ] ^[[90m^[[1mupdate_scripts_classes^[[22m | ^[[39m^[[0m
Godot gates (analyzer)	Import the project	2026-10-04T03:53:29.2189585Z [  87% ] ^[[90m^[[1mupdate_scripts_classes^[[22m | ^[[39m^[[0m
Godot gates (analyzer)	Import the project	2026-10-04T03:53:29.2189884Z [  87% ] ^[[90m^[[1mupdate_scripts_classes^[[22m | ^[[39m^[[0m
Godot gates (analyzer)	Import the project	2026-10-04T03:53:29.2190186Z [  87% ] ^[[90m^[[1mupdate_scripts_classes^[[22m | ^[[39m^[[0m
Godot gates (analyzer)	Import the project	2026-10-04T03:53:29.2190473Z [  87% ] ^[[90m^[[1mupdate_scripts_classes^[[22m | ^[[39m^[[0m
Godot gates (analyzer)	Import the project	2026-10-04T03:53:29.2190777Z [  87% ] ^[[90m^[[1mupdate_scripts_classes^[[22m | ^[[39m^[[0m
Godot gates (analyzer)	Import the project	2026-10-04T03:53:29.2191083Z [  87% ] ^[[90m^[[1mupdate_scripts_classes^[[22m | ^[[39m^[[0m
Godot gates (analyzer)	Import the project	2026-10-04T03:53:29.2191376Z [  87% ] ^[[90m^[[1mupdate_scripts_classes^[[22m | ^[[39m^[[0m
Godot gates (analyzer)	Import the project	2026-10-04T03:53:29.2191695Z [  88% ] ^[[90m^[[1mupdate_scripts_classes^[[22m | ^[[39m^[[0m
Godot gates (analyzer)	Import the project	2026-10-04T03:53:29.2191992Z [  88% ] ^[[90m^[[1mupdate_scripts_classes^[[22m | ^[[39m^[[0m
Godot gates (analyzer)	Import the project	2026-10-04T03:53:29.2192287Z [  88% ] ^[[90m^[[1mupdate_scripts_classes^[[22m | ^[[39m^[[0m
Godot gates (analyzer)	Import the project	2026-10-04T03:53:29.2192595Z [  88% ] ^[[90m^[[1mupdate_scripts_classes^[[22m | ^[[39m^[[0m
Godot gates (analyzer)	Import the project	2026-10-04T03:53:29.2193100Z [  88% ] ^[[90m^[[1mupdate_scripts_classes^[[22m | ^[[39m^[[0m
Godot gates (analyzer)	Import the project	2026-10-04T03:53:29.2193430Z [  88% ] ^[[90m^[[1mupdate_scripts_classes^[[22m | ^[[39m^[[0m
Godot gates (analyzer)	Import the project	2026-10-04T03:53:29.2193743Z [  88% ] ^[[90m^[[1mupdate_scripts_classes^[[22m | ^[[39m^[[0m
Godot gates (analyzer)	Import the project	2026-10-04T03:53:29.2194042Z [  88% ] ^[[90m^[[1mupdate_scripts_classes^[[22m | ^[[39m^[[0m
Godot gates (analyzer)	Import the project	2026-10-04T03:53:29.2194337Z [  88% ] ^[[90m^[[1mupdate_scripts_classes^[[22m | ^[[39m^[[0m
Godot gates (analyzer)	Import the project	2026-10-04T03:53:29.2194632Z [  88% ] ^[[90m^[[1mupdate_scripts_classes^[[22m | ^[[39m^[[0m
Godot gates (analyzer)	Import the project	2026-10-04T03:53:29.2194932Z [  88% ] ^[[90m^[[1mupdate_scripts_classes^[[22m | ^[[39m^[[0m
Godot gates (analyzer)	Import the project	2026-10-04T03:53:29.2195230Z [  88% ] ^[[90m^[[1mupdate_scripts_classes^[[22m | ^[[39m^[[0m
Godot gates (analyzer)	Import the project	2026-10-04T03:53:29.2195550Z [  89% ] ^[[90m^[[1mupdate_scripts_classes^[[22m | ^[[39m^[[0m
Godot gates (analyzer)	Import the project	2026-10-04T03:53:29.2195927Z [  89% ] ^[[90m^[[1mupdate_scripts_classes^[[22m | ^[[39m^[[0m
Godot gates (analyzer)	Import the project	2026-10-04T03:53:29.2196252Z [  89% ] ^[[90m^[[1mupdate_scripts_classes^[[22m | ^[[39m^[[0m
Godot gates (analyzer)	Import the project	2026-10-04T03:53:29.2196559Z [  89% ] ^[[90m^[[1mupdate_scripts_classes^[[22m | ^[[39m^[[0m
Godot gates (analyzer)	Import the project	2026-10-04T03:53:29.2196847Z [  89% ] ^[[90m^[[1mupdate_scripts_classes^[[22m | ^[[39m^[[0m
Godot gates (analyzer)	Import the project	2026-10-04T03:53:29.2197145Z [  89% ] ^[[90m^[[1mupdate_scripts_classes^[[22m | ^[[39m^[[0m
Godot gates (analyzer)	Import the project	2026-10-04T03:53:29.2197443Z [  89% ] ^[[90m^[[1mupdate_scripts_classes^[[22m | ^[[39m^[[0m
Godot gates (analyzer)	Import the project	2026-10-04T03:53:29.2197740Z [  89% ] ^[[90m^[[1mupdate_scripts_classes^[[22m | ^[[39m^[[0m
Godot gates (analyzer)	Import the project	2026-10-04T03:53:29.2198041Z [  89% ] ^[[90m^[[1mupdate_scripts_classes^[[22m | ^[[39m^[[0m
Godot gates (analyzer)	Import the project	2026-10-04T03:53:29.2198341Z [  89% ] ^[[90m^[[1mupdate_scripts_classes^[[22m | ^[[39m^[[0m
Godot gates (analyzer)	Import the project	2026-10-04T03:53:29.2198642Z [  89% ] ^[[90m^[[1mupdate_scripts_classes^[[22m | ^[[39m^[[0m
Godot gates (analyzer)	Import the project	2026-10-04T03:53:29.2199162Z [  90% ] ^[[90m^[[1mupdate_scripts_classes^[[22m | ^[[39m^[[0m
Godot gates (analyzer)	Import the project	2026-10-04T03:53:29.2199459Z [  90% ] ^[[90m^[[1mupdate_scripts_classes^[[22m | ^[[39m^[[0m
Godot gates (analyzer)	Import the project	2026-10-04T03:53:29.2199765Z [  90% ] ^[[90m^[[1mupdate_scripts_classes^[[22m | ^[[39m^[[0m
Godot gates (analyzer)	Import the project	2026-10-04T03:53:29.2200225Z [  90% ] ^[[90m^[[1mupdate_scripts_classes^[[22m | ^[[39m^[[0m
Godot gates (analyzer)	Import the project	2026-10-04T03:53:29.2200520Z [  90% ] ^[[90m^[[1mupdate_scripts_classes^[[22m | ^[[39m^[[0m
Godot gates (analyzer)	Import the project	2026-10-04T03:53:29.2200827Z [  90% ] ^[[90m^[[1mupdate_scripts_classes^[[22m | ^[[39m^[[0m
Godot gates (analyzer)	Import the project	2026-10-04T03:53:29.2201127Z [  90% ] ^[[90m^[[1mupdate_scripts_classes^[[22m | ^[[39m^[[0m
Godot gates (analyzer)	Import the project	2026-10-04T03:53:29.2201418Z [  90% ] ^[[90m^[[1mupdate_scripts_classes^[[22m | ^[[39m^[[0m
Godot gates (analyzer)	Import the project	2026-10-04T03:53:29.2201711Z [  90% ] ^[[90m^[[1mupdate_scripts_classes^[[22m | ^[[39m^[[0m
Godot gates (analyzer)	Import the project	2026-10-04T03:53:29.2202006Z [  90% ] ^[[90m^[[1mupdate_scripts_classes^[[22m | ^[[39m^[[0m
Godot gates (analyzer)	Import the project	2026-10-04T03:53:29.2202306Z [  90% ] ^[[90m^[[1mupdate_scripts_classes^[[22m | ^[[39m^[[0m
Godot gates (analyzer)	Import the project	2026-10-04T03:53:29.2202600Z [  90% ] ^[[90m^[[1mupdate_scripts_classes^[[22m | ^[[39m^[[0m
Godot gates (analyzer)	Import the project	2026-10-04T03:53:29.2203136Z [  91% ] ^[[90m^[[1mupdate_scripts_classes^[[22m | ^[[39m^[[0m
Godot gates (analyzer)	Import the project	2026-10-04T03:53:29.2203477Z [  91% ] ^[[90m^[[1mupdate_scripts_classes^[[22m | ^[[39m^[[0m
Godot gates (analyzer)	Import the project	2026-10-04T03:53:29.2203798Z [  91% ] ^[[90m^[[1mupdate_scripts_classes^[[22m | ^[[39m^[[0m
Godot gates (analyzer)	Import the project	2026-10-04T03:53:29.2204118Z [  91% ] ^[[90m^[[1mupdate_scripts_classes^[[22m | ^[[39m^[[0m
Godot gates (analyzer)	Import the project	2026-10-04T03:53:29.2204422Z [  91% ] ^[[90m^[[1mupdate_scripts_classes^[[22m | ^[[39m^[[0m
Godot gates (analyzer)	Import the project	2026-10-04T03:53:29.2204721Z [  91% ] ^[[90m^[[1mupdate_scripts_classes^[[22m | ^[[39m^[[0m
Godot gates (analyzer)	Import the project	2026-10-04T03:53:29.2205012Z [  91% ] ^[[90m^[[1mupdate_scripts_classes^[[22m | ^[[39m^[[0m
Godot gates (analyzer)	Import the project	2026-10-04T03:53:29.2205311Z [  91% ] ^[[90m^[[1mupdate_scripts_classes^[[22m | ^[[39m^[[0m
Godot gates (analyzer)	Import the project	2026-10-04T03:53:29.2205621Z [  91% ] ^[[90m^[[1mupdate_scripts_classes^[[22m | ^[[39m^[[0m
Godot gates (analyzer)	Import the project	2026-10-04T03:53:29.2205909Z [  91% ] ^[[90m^[[1mupdate_scripts_classes^[[22m | ^[[39m^[[0m
Godot gates (analyzer)	Import the project	2026-10-04T03:53:29.2206213Z [  91% ] ^[[90m^[[1mupdate_scripts_classes^[[22m | ^[[39m^[[0m
Godot gates (analyzer)	Import the project	2026-10-04T03:53:29.2206540Z [  91% ] ^[[90m^[[1mupdate_scripts_classes^[[22m | ^[[39m^[[0m
Godot gates (analyzer)	Import the project	2026-10-04T03:53:29.2206858Z [  92% ] ^[[90m^[[1mupdate_scripts_classes^[[22m | ^[[39m^[[0m
Godot gates (analyzer)	Import the project	2026-10-04T03:53:29.2207157Z [  92% ] ^[[90m^[[1mupdate_scripts_classes^[[22m | ^[[39m^[[0m
Godot gates (analyzer)	Import the project	2026-10-04T03:53:29.2207448Z [  92% ] ^[[90m^[[1mupdate_scripts_classes^[[22m | ^[[39m^[[0m
Godot gates (analyzer)	Import the project	2026-10-04T03:53:29.2207754Z [  92% ] ^[[90m^[[1mupdate_scripts_classes^[[22m | ^[[39m^[[0m
Godot gates (analyzer)	Import the project	2026-10-04T03:53:29.2208057Z [  92% ] ^[[90m^[[1mupdate_scripts_classes^[[22m | ^[[39m^[[0m
Godot gates (analyzer)	Import the project	2026-10-04T03:53:29.2208348Z [  92% ] ^[[90m^[[1mupdate_scripts_classes^[[22m | ^[[39m^[[0m
Godot gates (analyzer)	Import the project	2026-10-04T03:53:29.2208650Z [  92% ] ^[[90m^[[1mupdate_scripts_classes^[[22m | ^[[39m^[[0m
Godot gates (analyzer)	Import the project	2026-10-04T03:53:29.2208965Z [  92% ] ^[[90m^[[1mupdate_scripts_classes^[[22m | ^[[39m^[[0m
Godot gates (analyzer)	Import the project	2026-10-04T03:53:29.2209272Z [  92% ] ^[[90m^[[1mupdate_scripts_classes^[[22m | ^[[39m^[[0m
Godot gates (analyzer)	Import the project	2026-10-04T03:53:29.2209577Z [  92% ] ^[[90m^[[1mupdate_scripts_classes^[[22m | ^[[39m^[[0m
Godot gates (analyzer)	Import the project	2026-10-04T03:53:29.2209877Z [  92% ] ^[[90m^[[1mupdate_scripts_classes^[[22m | ^[[39m^[[0m
Godot gates (analyzer)	Import the project	2026-10-04T03:53:29.2210165Z [  92% ] ^[[90m^[[1mupdate_scripts_classes^[[22m | ^[[39m^[[0m
Godot gates (analyzer)	Import the project	2026-10-04T03:53:29.2210473Z [  93% ] ^[[90m^[[1mupdate_scripts_classes^[[22m | ^[[39m^[[0m
Godot gates (analyzer)	Import the project	2026-10-04T03:53:29.2210781Z [  93% ] ^[[90m^[[1mupdate_scripts_classes^[[22m | ^[[39m^[[0m
Godot gates (analyzer)	Import the project	2026-10-04T03:53:29.2211076Z [  93% ] ^[[90m^[[1mupdate_scripts_classes^[[22m | ^[[39m^[[0m
Godot gates (analyzer)	Import the project	2026-10-04T03:53:29.2211379Z [  93% ] ^[[90m^[[1mupdate_scripts_classes^[[22m | ^[[39m^[[0m
Godot gates (analyzer)	Import the project	2026-10-04T03:53:29.2211686Z [  93% ] ^[[90m^[[1mupdate_scripts_classes^[[22m | ^[[39m^[[0m
Godot gates (analyzer)	Import the project	2026-10-04T03:53:29.2211999Z [  93% ] ^[[90m^[[1mupdate_scripts_classes^[[22m | ^[[39m^[[0m
Godot gates (analyzer)	Import the project	2026-10-04T03:53:29.2212296Z [  93% ] ^[[90m^[[1mupdate_scripts_classes^[[22m | ^[[39m^[[0m
Godot gates (analyzer)	Import the project	2026-10-04T03:53:29.2212594Z [  93% ] ^[[90m^[[1mupdate_scripts_classes^[[22m | ^[[39m^[[0m
Godot gates (analyzer)	Import the project	2026-10-04T03:53:29.2213102Z [  93% ] ^[[90m^[[1mupdate_scripts_classes^[[22m | ^[[39m^[[0m
Godot gates (analyzer)	Import the project	2026-10-04T03:53:29.2213418Z [  93% ] ^[[90m^[[1mupdate_scripts_classes^[[22m | ^[[39m^[[0m
Godot gates (analyzer)	Import the project	2026-10-04T03:53:29.2213721Z [  93% ] ^[[90m^[[1mupdate_scripts_classes^[[22m | ^[[39m^[[0m
Godot gates (analyzer)	Import the project	2026-10-04T03:53:29.2214247Z [  93% ] ^[[90m^[[1mupdate_scripts_classes^[[22m | ^[[39m^[[0m
Godot gates (analyzer)	Import the project	2026-10-04T03:53:29.2214570Z [  94% ] ^[[90m^[[1mupdate_scripts_classes^[[22m | ^[[39m^[[0m
Godot gates (analyzer)	Import the project	2026-10-04T03:53:29.2214882Z [  94% ] ^[[90m^[[1mupdate_scripts_classes^[[22m | ^[[39m^[[0m
Godot gates (analyzer)	Import the project	2026-10-04T03:53:29.2215387Z [  94% ] ^[[90m^[[1mupdate_scripts_classes^[[22m | ^[[39m^[[0m
Godot gates (analyzer)	Import the project	2026-10-04T03:53:29.2215686Z [  94% ] ^[[90m^[[1mupdate_scripts_classes^[[22m | ^[[39m^[[0m
Godot gates (analyzer)	Import the project	2026-10-04T03:53:29.2215979Z [  94% ] ^[[90m^[[1mupdate_scripts_classes^[[22m | ^[[39m^[[0m
Godot gates (analyzer)	Import the project	2026-10-04T03:53:29.2216280Z [  94% ] ^[[90m^[[1mupdate_scripts_classes^[[22m | ^[[39m^[[0m
Godot gates (analyzer)	Import the project	2026-10-04T03:53:29.2216571Z [  94% ] ^[[90m^[[1mupdate_scripts_classes^[[22m | ^[[39m^[[0m
Godot gates (analyzer)	Import the project	2026-10-04T03:53:29.2216871Z [  94% ] ^[[90m^[[1mupdate_scripts_classes^[[22m | ^[[39m^[[0m
Godot gates (analyzer)	Import the project	2026-10-04T03:53:29.2217188Z [  94% ] ^[[90m^[[1mupdate_scripts_classes^[[22m | ^[[39m^[[0m
Godot gates (analyzer)	Import the project	2026-10-04T03:53:29.2217498Z [  94% ] ^[[90m^[[1mupdate_scripts_classes^[[22m | ^[[39m^[[0m
Godot gates (analyzer)	Import the project	2026-10-04T03:53:29.2217804Z [  94% ] ^[[90m^[[1mupdate_scripts_classes^[[22m | ^[[39m^[[0m
Godot gates (analyzer)	Import the project	2026-10-04T03:53:29.2218123Z [  95% ] ^[[90m^[[1mupdate_scripts_classes^[[22m | ^[[39m^[[0m
Godot gates (analyzer)	Import the project	2026-10-04T03:53:29.2218414Z [  95% ] ^[[90m^[[1mupdate_scripts_classes^[[22m | ^[[39m^[[0m
Godot gates (analyzer)	Import the project	2026-10-04T03:53:29.2218708Z [  95% ] ^[[90m^[[1mupdate_scripts_classes^[[22m | ^[[39m^[[0m
Godot gates (analyzer)	Import the project	2026-10-04T03:53:29.2219021Z [  95% ] ^[[90m^[[1mupdate_scripts_classes^[[22m | ^[[39m^[[0m
Godot gates (analyzer)	Import the project	2026-10-04T03:53:29.2219307Z [  95% ] ^[[90m^[[1mupdate_scripts_classes^[[22m | ^[[39m^[[0m
Godot gates (analyzer)	Import the project	2026-10-04T03:53:29.2219606Z [  95% ] ^[[90m^[[1mupdate_scripts_classes^[[22m | ^[[39m^[[0m
Godot gates (analyzer)	Import the project	2026-10-04T03:53:29.2219918Z [  95% ] ^[[90m^[[1mupdate_scripts_classes^[[22m | ^[[39m^[[0m
Godot gates (analyzer)	Import the project	2026-10-04T03:53:29.2220227Z [  95% ] ^[[90m^[[1mupdate_scripts_classes^[[22m | ^[[39m^[[0m
Godot gates (analyzer)	Import the project	2026-10-04T03:53:29.2220529Z [  95% ] ^[[90m^[[1mupdate_scripts_classes^[[22m | ^[[39m^[[0m
Godot gates (analyzer)	Import the project	2026-10-04T03:53:29.2220827Z [  95% ] ^[[90m^[[1mupdate_scripts_classes^[[22m | ^[[39m^[[0m
Godot gates (analyzer)	Import the project	2026-10-04T03:53:29.2221121Z [  95% ] ^[[90m^[[1mupdate_scripts_classes^[[22m | ^[[39m^[[0m
Godot gates (analyzer)	Import the project	2026-10-04T03:53:29.2221416Z [  95% ] ^[[90m^[[1mupdate_scripts_classes^[[22m | ^[[39m^[[0m
Godot gates (analyzer)	Import the project	2026-10-04T03:53:29.2221730Z [  96% ] ^[[90m^[[1mupdate_scripts_classes^[[22m | ^[[39m^[[0m
Godot gates (analyzer)	Import the project	2026-10-04T03:53:29.2222025Z [  96% ] ^[[90m^[[1mupdate_scripts_classes^[[22m | ^[[39m^[[0m
Godot gates (analyzer)	Import the project	2026-10-04T03:53:29.2222322Z [  96% ] ^[[90m^[[1mupdate_scripts_classes^[[22m | ^[[39m^[[0m
Godot gates (analyzer)	Import the project	2026-10-04T03:53:29.2222634Z [  96% ] ^[[90m^[[1mupdate_scripts_classes^[[22m | ^[[39m^[[0m
Godot gates (analyzer)	Import the project	2026-10-04T03:53:29.2223167Z [  96% ] ^[[90m^[[1mupdate_scripts_classes^[[22m | ^[[39m^[[0m
Godot gates (analyzer)	Import the project	2026-10-04T03:53:29.2223481Z [  96% ] ^[[90m^[[1mupdate_scripts_classes^[[22m | ^[[39m^[[0m
Godot gates (analyzer)	Import the project	2026-10-04T03:53:29.2223785Z [  96% ] ^[[90m^[[1mupdate_scripts_classes^[[22m | ^[[39m^[[0m
Godot gates (analyzer)	Import the project	2026-10-04T03:53:29.2224082Z [  96% ] ^[[90m^[[1mupdate_scripts_classes^[[22m | ^[[39m^[[0m
Godot gates (analyzer)	Import the project	2026-10-04T03:53:29.2224382Z [  96% ] ^[[90m^[[1mupdate_scripts_classes^[[22m | ^[[39m^[[0m
Godot gates (analyzer)	Import the project	2026-10-04T03:53:29.2224681Z [  96% ] ^[[90m^[[1mupdate_scripts_classes^[[22m | ^[[39m^[[0m
Godot gates (analyzer)	Import the project	2026-10-04T03:53:29.2224973Z [  96% ] ^[[90m^[[1mupdate_scripts_classes^[[22m | ^[[39m^[[0m
Godot gates (analyzer)	Import the project	2026-10-04T03:53:29.2225272Z [  96% ] ^[[90m^[[1mupdate_scripts_classes^[[22m | ^[[39m^[[0m
Godot gates (analyzer)	Import the project	2026-10-04T03:53:29.2225604Z [  97% ] ^[[90m^[[1mupdate_scripts_classes^[[22m | ^[[39m^[[0m
Godot gates (analyzer)	Import the project	2026-10-04T03:53:29.2225921Z [  97% ] ^[[90m^[[1mupdate_scripts_classes^[[22m | ^[[39m^[[0m
Godot gates (analyzer)	Import the project	2026-10-04T03:53:29.2226220Z [  97% ] ^[[90m^[[1mupdate_scripts_classes^[[22m | ^[[39m^[[0m
Godot gates (analyzer)	Import the project	2026-10-04T03:53:29.2226541Z [  97% ] ^[[90m^[[1mupdate_scripts_classes^[[22m | ^[[39m^[[0m
Godot gates (analyzer)	Import the project	2026-10-04T03:53:29.2226834Z [  97% ] ^[[90m^[[1mupdate_scripts_classes^[[22m | ^[[39m^[[0m
Godot gates (analyzer)	Import the project	2026-10-04T03:53:29.2227127Z [  97% ] ^[[90m^[[1mupdate_scripts_classes^[[22m | ^[[39m^[[0m
Godot gates (analyzer)	Import the project	2026-10-04T03:53:29.2227431Z [  97% ] ^[[90m^[[1mupdate_scripts_classes^[[22m | ^[[39m^[[0m
Godot gates (analyzer)	Import the project	2026-10-04T03:53:29.2227721Z [  97% ] ^[[90m^[[1mupdate_scripts_classes^[[22m | ^[[39m^[[0m
Godot gates (analyzer)	Import the project	2026-10-04T03:53:29.2228013Z [  97% ] ^[[90m^[[1mupdate_scripts_classes^[[22m | ^[[39m^[[0m
Godot gates (analyzer)	Import the project	2026-10-04T03:53:29.2228332Z [  97% ] ^[[90m^[[1mupdate_scripts_classes^[[22m | ^[[39m^[[0m
Godot gates (analyzer)	Import the project	2026-10-04T03:53:29.2228642Z [  97% ] ^[[90m^[[1mupdate_scripts_classes^[[22m | ^[[39m^[[0m
Godot gates (analyzer)	Import the project	2026-10-04T03:53:29.2228936Z [  97% ] ^[[90m^[[1mupdate_scripts_classes^[[22m | ^[[39m^[[0m
Godot gates (analyzer)	Import the project	2026-10-04T03:53:29.2229450Z [  98% ] ^[[90m^[[1mupdate_scripts_classes^[[22m | ^[[39m^[[0m
Godot gates (analyzer)	Import the project	2026-10-04T03:53:29.2229765Z [  98% ] ^[[90m^[[1mupdate_scripts_classes^[[22m | ^[[39m^[[0m
Godot gates (analyzer)	Import the project	2026-10-04T03:53:29.2230282Z [  98% ] ^[[90m^[[1mupdate_scripts_classes^[[22m | ^[[39m^[[0m
Godot gates (analyzer)	Import the project	2026-10-04T03:53:29.2230587Z [  98% ] ^[[90m^[[1mupdate_scripts_classes^[[22m | ^[[39m^[[0m
Godot gates (analyzer)	Import the project	2026-10-04T03:53:29.2230900Z [  98% ] ^[[90m^[[1mupdate_scripts_classes^[[22m | ^[[39m^[[0m
Godot gates (analyzer)	Import the project	2026-10-04T03:53:29.2231214Z [  98% ] ^[[90m^[[1mupdate_scripts_classes^[[22m | ^[[39m^[[0m
Godot gates (analyzer)	Import the project	2026-10-04T03:53:29.2231517Z [  98% ] ^[[90m^[[1mupdate_scripts_classes^[[22m | ^[[39m^[[0m
Godot gates (analyzer)	Import the project	2026-10-04T03:53:29.2231813Z [  98% ] ^[[90m^[[1mupdate_scripts_classes^[[22m | ^[[39m^[[0m
Godot gates (analyzer)	Import the project	2026-10-04T03:53:29.2232113Z [  98% ] ^[[90m^[[1mupdate_scripts_classes^[[22m | ^[[39m^[[0m
Godot gates (analyzer)	Import the project	2026-10-04T03:53:29.2232416Z [  98% ] ^[[90m^[[1mupdate_scripts_classes^[[22m | ^[[39m^[[0m
Godot gates (analyzer)	Import the project	2026-10-04T03:53:29.2232717Z [  98% ] ^[[90m^[[1mupdate_scripts_classes^[[22m | ^[[39m^[[0m
Godot gates (analyzer)	Import the project	2026-10-04T03:53:29.2233257Z [  98% ] ^[[90m^[[1mupdate_scripts_classes^[[22m | ^[[39m^[[0m
Godot gates (analyzer)	Import the project	2026-10-04T03:53:29.2233573Z [  99% ] ^[[90m^[[1mupdate_scripts_classes^[[22m | ^[[39m^[[0m
Godot gates (analyzer)	Import the project	2026-10-04T03:53:29.2233892Z [  99% ] ^[[90m^[[1mupdate_scripts_classes^[[22m | ^[[39m^[[0m
Godot gates (analyzer)	Import the project	2026-10-04T03:53:29.2234216Z [  99% ] ^[[90m^[[1mupdate_scripts_classes^[[22m | ^[[39m^[[0m
Godot gates (analyzer)	Import the project	2026-10-04T03:53:29.2234521Z [  99% ] ^[[90m^[[1mupdate_scripts_classes^[[22m | ^[[39m^[[0m
Godot gates (analyzer)	Import the project	2026-10-04T03:53:29.2234821Z [  99% ] ^[[90m^[[1mupdate_scripts_classes^[[22m | ^[[39m^[[0m
Godot gates (analyzer)	Import the project	2026-10-04T03:53:29.2235116Z [  99% ] ^[[90m^[[1mupdate_scripts_classes^[[22m | ^[[39m^[[0m
Godot gates (analyzer)	Import the project	2026-10-04T03:53:29.2235408Z [  99% ] ^[[90m^[[1mupdate_scripts_classes^[[22m | ^[[39m^[[0m
Godot gates (analyzer)	Import the project	2026-10-04T03:53:29.2235723Z [  99% ] ^[[90m^[[1mupdate_scripts_classes^[[22m | ^[[39m^[[0m
Godot gates (analyzer)	Import the project	2026-10-04T03:53:29.2236018Z [  99% ] ^[[90m^[[1mupdate_scripts_classes^[[22m | ^[[39m^[[0m
Godot gates (analyzer)	Import the project	2026-10-04T03:53:29.2236314Z [  99% ] ^[[90m^[[1mupdate_scripts_classes^[[22m | ^[[39m^[[0m
Godot gates (analyzer)	Import the project	2026-10-04T03:53:29.2236625Z ^[[92m[ DONE ]^[[39m ^[[1mupdate_scripts_classes^[[22m
Godot gates (analyzer)	Import the project	2026-10-04T03:53:29.2236820Z ^[[0m
Godot gates (analyzer)	Import the project	2026-10-04T03:53:29.2237368Z [   0% ] ^[[90m^[[1m_update_scan_actions^[[22m | Started Scanning actions... (801 steps)^[[39m^[[0m
Godot gates (analyzer)	Import the project	2026-10-04T03:53:29.2237784Z [   0% ] ^[[90m^[[1m_update_scan_actions^[[22m | elevation_front.png^[[39m^[[0m
Godot gates (analyzer)	Import the project	2026-10-04T03:53:29.2238381Z [   0% ] ^[[90m^[[1m_update_scan_actions^[[22m | rts_orbit_008m_pitch35_yaw225_work_contact.png^[[39m^[[0m
Godot gates (analyzer)	Import the project	2026-10-04T03:53:29.2238877Z [   0% ] ^[[90m^[[1m_update_scan_actions^[[22m | rts_orbit_008m_pitch48_yaw225.png^[[39m^[[0m
Godot gates (analyzer)	Import the project	2026-10-04T03:53:29.2239396Z [   0% ] ^[[90m^[[1m_update_scan_actions^[[22m | rts_orbit_040m_pitch48_yaw045.png^[[39m^[[0m
Godot gates (analyzer)	Import the project	2026-10-04T03:53:29.2239905Z [   0% ] ^[[90m^[[1m_update_scan_actions^[[22m | rts_orbit_040m_pitch65_yaw045.png^[[39m^[[0m
Godot gates (analyzer)	Import the project	2026-10-04T03:53:29.2240385Z [   0% ] ^[[90m^[[1m_update_scan_actions^[[22m | rts_orbit_120m_pitch48_yaw045.png^[[39m^[[0m
Godot gates (analyzer)	Import the project	2026-10-04T03:53:29.2240854Z [   0% ] ^[[90m^[[1m_update_scan_actions^[[22m | species_mouse_body_a_lod0.glb^[[39m^[[0m
Godot gates (analyzer)	Import the project	2026-10-04T03:53:29.2241452Z [   0% ] ^[[90m^[[1m_update_scan_actions^[[22m | mouse_keeper.carry_heavy_object_walk.plain.png^[[39m^[[0m
Godot gates (analyzer)	Import the project	2026-10-04T03:53:29.2242070Z [   0% ] ^[[90m^[[1m_update_scan_actions^[[22m | mouse_keeper.carry_heavy_object_walk.plain.png^[[39m^[[0m
Godot gates (analyzer)	Import the project	2026-10-04T03:53:29.2242685Z [   1% ] ^[[90m^[[1m_update_scan_actions^[[22m | mouse_keeper.carry_heavy_object_walk.plain.png^[[39m^[[0m
Godot gates (analyzer)	Import the project	2026-10-04T03:53:29.2243541Z [   1% ] ^[[90m^[[1m_update_scan_actions^[[22m | badger_quarryman.carry_heavy_object_walk.plain.png^[[39m^[[0m
Godot gates (analyzer)	Import the project	2026-10-04T03:53:29.2244246Z [   1% ] ^[[90m^[[1m_update_scan_actions^[[22m | badger_quarryman.carry_heavy_object_walk.standard_bore.png^[[39m^[[0m
Godot gates (analyzer)	Import the project	2026-10-04T03:53:29.2244932Z [   1% ] ^[[90m^[[1m_update_scan_actions^[[22m | badger_quarryman.cautious_crouch_walk_forward.plain.png^[[39m^[[0m
Godot gates (analyzer)	Import the project	2026-10-04T03:53:29.2245719Z [   1% ] ^[[90m^[[1m_update_scan_actions^[[22m | badger_quarryman.cautious_crouch_walk_forward.standard_bore.png^[[39m^[[0m
Godot gates (analyzer)	Import the project	2026-10-04T03:53:29.2246315Z [   1% ] ^[[90m^[[1m_update_scan_actions^[[22m | badger_quarryman.heavy_hammer_swing.plain.png^[[39m^[[0m
Godot gates (analyzer)	Import the project	2026-10-04T03:53:29.2247050Z [   1% ] ^[[90m^[[1m_update_scan_actions^[[22m | badger_quarryman.idle.plain.png^[[39m^[[0m
Godot gates (analyzer)	Import the project	2026-10-04T03:53:29.2247572Z [   1% ] ^[[90m^[[1m_update_scan_actions^[[22m | badger_quarryman.walk.plain.png^[[39m^[[0m
Godot gates (analyzer)	Import the project	2026-10-04T03:53:29.2248327Z [   2% ] ^[[90m^[[1m_update_scan_actions^[[22m | badger_quarryman.walk.ramp_down.png^[[39m^[[0m
Godot gates (analyzer)	Import the project	2026-10-04T03:53:29.2248839Z [   2% ] ^[[90m^[[1m_update_scan_actions^[[22m | badger_quarryman.walk.ramp_up.png^[[39m^[[0m
Godot gates (analyzer)	Import the project	2026-10-04T03:53:29.2249438Z [   2% ] ^[[90m^[[1m_update_scan_actions^[[22m | mole_digger.carry_heavy_object_walk.plain.png^[[39m^[[0m
Godot gates (analyzer)	Import the project	2026-10-04T03:53:29.2250081Z [   2% ] ^[[90m^[[1m_update_scan_actions^[[22m | mole_digger.carry_heavy_object_walk.standard_bore.png^[[39m^[[0m
Godot gates (analyzer)	Import the project	2026-10-04T03:53:29.2250748Z [   2% ] ^[[90m^[[1m_update_scan_actions^[[22m | mole_digger.cautious_crouch_walk_forward.plain.png^[[39m^[[0m
Godot gates (analyzer)	Import the project	2026-10-04T03:53:29.2251454Z [   2% ] ^[[90m^[[1m_update_scan_actions^[[22m | mole_digger.cautious_crouch_walk_forward.standard_bore.png^[[39m^[[0m
Godot gates (analyzer)	Import the project	2026-10-04T03:53:29.2252022Z [   2% ] ^[[90m^[[1m_update_scan_actions^[[22m | mole_digger.heavy_hammer_swing.plain.png^[[39m^[[0m
Godot gates (analyzer)	Import the project	2026-10-04T03:53:29.2252486Z [   2% ] ^[[90m^[[1m_update_scan_actions^[[22m | mole_digger.idle.plain.png^[[39m^[[0m
Godot gates (analyzer)	Import the project	2026-10-04T03:53:29.2253210Z [   3% ] ^[[90m^[[1m_update_scan_actions^[[22m | mole_digger.walk.plain.png^[[39m^[[0m
Godot gates (analyzer)	Import the project	2026-10-04T03:53:29.2253729Z [   3% ] ^[[90m^[[1m_update_scan_actions^[[22m | mole_digger.walk.ramp_down.png^[[39m^[[0m
Godot gates (analyzer)	Import the project	2026-10-04T03:53:29.2254204Z [   3% ] ^[[90m^[[1m_update_scan_actions^[[22m | mole_digger.walk.ramp_up.png^[[39m^[[0m
Godot gates (analyzer)	Import the project	2026-10-04T03:53:29.2254799Z [   3% ] ^[[90m^[[1m_update_scan_actions^[[22m | mouse_keeper.carry_heavy_object_walk.plain.png^[[39m^[[0m
Godot gates (analyzer)	Import the project	2026-10-04T03:53:29.2255467Z [   3% ] ^[[90m^[[1m_update_scan_actions^[[22m | mouse_keeper.carry_heavy_object_walk.standard_bore.png^[[39m^[[0m
Godot gates (analyzer)	Import the project	2026-10-04T03:53:29.2256143Z [   3% ] ^[[90m^[[1m_update_scan_actions^[[22m | mouse_keeper.cautious_crouch_walk_forward.plain.png^[[39m^[[0m
Godot gates (analyzer)	Import the project	2026-10-04T03:53:29.2256855Z [   3% ] ^[[90m^[[1m_update_scan_actions^[[22m | mouse_keeper.cautious_crouch_walk_forward.standard_bore.png^[[39m^[[0m
Godot gates (analyzer)	Import the project	2026-10-04T03:53:29.2257326Z [   3% ] ^[[90m^[[1m_update_scan_actions^[[22m | mouse_keeper.idle.plain.png^[[39m^[[0m
Godot gates (analyzer)	Import the project	2026-10-04T03:53:29.2257797Z [   4% ] ^[[90m^[[1m_update_scan_actions^[[22m | mouse_keeper.walk.plain.png^[[39m^[[0m
Godot gates (analyzer)	Import the project	2026-10-04T03:53:29.2258283Z [   4% ] ^[[90m^[[1m_update_scan_actions^[[22m | mouse_keeper.walk.ramp_down.png^[[39m^[[0m
Godot gates (analyzer)	Import the project	2026-10-04T03:53:29.2258773Z [   4% ] ^[[90m^[[1m_update_scan_actions^[[22m | mouse_keeper.walk.ramp_up.png^[[39m^[[0m
Godot gates (analyzer)	Import the project	2026-10-04T03:53:29.2259406Z [   4% ] ^[[90m^[[1m_update_scan_actions^[[22m | otter_boatwright.carry_heavy_object_walk.plain.png^[[39m^[[0m
Godot gates (analyzer)	Import the project	2026-10-04T03:53:29.2260102Z [   4% ] ^[[90m^[[1m_update_scan_actions^[[22m | otter_boatwright.carry_heavy_object_walk.standard_bore.png^[[39m^[[0m
Godot gates (analyzer)	Import the project	2026-10-04T03:53:29.2260786Z [   4% ] ^[[90m^[[1m_update_scan_actions^[[22m | otter_boatwright.cautious_crouch_walk_forward.plain.png^[[39m^[[0m
Godot gates (analyzer)	Import the project	2026-10-04T03:53:29.2261503Z [   4% ] ^[[90m^[[1m_update_scan_actions^[[22m | otter_boatwright.cautious_crouch_walk_forward.standard_bore.png^[[39m^[[0m
Godot gates (analyzer)	Import the project	2026-10-04T03:53:29.2261987Z [   4% ] ^[[90m^[[1m_update_scan_actions^[[22m | otter_boatwright.idle.plain.png^[[39m^[[0m
Godot gates (analyzer)	Import the project	2026-10-04T03:53:29.2262492Z [   5% ] ^[[90m^[[1m_update_scan_actions^[[22m | otter_boatwright.walk.plain.png^[[39m^[[0m
Godot gates (analyzer)	Import the project	2026-10-04T03:53:29.2263234Z [   5% ] ^[[90m^[[1m_update_scan_actions^[[22m | otter_boatwright.walk.ramp_down.png^[[39m^[[0m
Godot gates (analyzer)	Import the project	2026-10-04T03:53:29.2263757Z [   5% ] ^[[90m^[[1m_update_scan_actions^[[22m | otter_boatwright.walk.ramp_up.png^[[39m^[[0m
Godot gates (analyzer)	Import the project	2026-10-04T03:53:29.2264413Z [   5% ] ^[[90m^[[1m_update_scan_actions^[[22m | squirrel_gatherer.carry_heavy_object_walk.plain.png^[[39m^[[0m
Godot gates (analyzer)	Import the project	2026-10-04T03:53:29.2265117Z [   5% ] ^[[90m^[[1m_update_scan_actions^[[22m | squirrel_gatherer.carry_heavy_object_walk.standard_bore.png^[[39m^[[0m
Godot gates (analyzer)	Import the project	2026-10-04T03:53:29.2265811Z [   5% ] ^[[90m^[[1m_update_scan_actions^[[22m | squirrel_gatherer.cautious_crouch_walk_forward.plain.png^[[39m^[[0m
Godot gates (analyzer)	Import the project	2026-10-04T03:53:29.2266835Z [   5% ] ^[[90m^[[1m_update_scan_actions^[[22m | squirrel_gatherer.cautious_crouch_walk_forward.standard_bore.png^[[39m^[[0m
Godot gates (analyzer)	Import the project	2026-10-04T03:53:29.2267366Z [   5% ] ^[[90m^[[1m_update_scan_actions^[[22m | squirrel_gatherer.idle.plain.png^[[39m^[[0m
Godot gates (analyzer)	Import the project	2026-10-04T03:53:29.2268087Z [   6% ] ^[[90m^[[1m_update_scan_actions^[[22m | squirrel_gatherer.walk.plain.png^[[39m^[[0m
Godot gates (analyzer)	Import the project	2026-10-04T03:53:29.2268616Z [   6% ] ^[[90m^[[1m_update_scan_actions^[[22m | squirrel_gatherer.walk.ramp_down.png^[[39m^[[0m
Godot gates (analyzer)	Import the project	2026-10-04T03:53:29.2269143Z [   6% ] ^[[90m^[[1m_update_scan_actions^[[22m | squirrel_gatherer.walk.ramp_up.png^[[39m^[[0m
Godot gates (analyzer)	Import the project	2026-10-04T03:53:29.2269780Z [   6% ] ^[[90m^[[1m_update_scan_actions^[[22m | badger_quarryman.carry_heavy_object_walk.plain.png^[[39m^[[0m
Godot gates (analyzer)	Import the project	2026-10-04T03:53:29.2270483Z [   6% ] ^[[90m^[[1m_update_scan_actions^[[22m | badger_quarryman.carry_heavy_object_walk.standard_bore.png^[[39m^[[0m
Godot gates (analyzer)	Import the project	2026-10-04T03:53:29.2271168Z [   6% ] ^[[90m^[[1m_update_scan_actions^[[22m | badger_quarryman.cautious_crouch_walk_forward.plain.png^[[39m^[[0m
Godot gates (analyzer)	Import the project	2026-10-04T03:53:29.2271921Z [   6% ] ^[[90m^[[1m_update_scan_actions^[[22m | badger_quarryman.cautious_crouch_walk_forward.standard_bore.png^[[39m^[[0m
Godot gates (analyzer)	Import the project	2026-10-04T03:53:29.2272526Z [   6% ] ^[[90m^[[1m_update_scan_actions^[[22m | badger_quarryman.heavy_hammer_swing.plain.png^[[39m^[[0m
Godot gates (analyzer)	Import the project	2026-10-04T03:53:29.2273262Z [   7% ] ^[[90m^[[1m_update_scan_actions^[[22m | badger_quarryman.idle.plain.png^[[39m^[[0m
Godot gates (analyzer)	Import the project	2026-10-04T03:53:29.2273752Z [   7% ] ^[[90m^[[1m_update_scan_actions^[[22m | badger_quarryman.walk.plain.png^[[39m^[[0m
Godot gates (analyzer)	Import the project	2026-10-04T03:53:29.2274276Z [   7% ] ^[[90m^[[1m_update_scan_actions^[[22m | badger_quarryman.walk.ramp_down.png^[[39m^[[0m
Godot gates (analyzer)	Import the project	2026-10-04T03:53:29.2274779Z [   7% ] ^[[90m^[[1m_update_scan_actions^[[22m | badger_quarryman.walk.ramp_up.png^[[39m^[[0m
Godot gates (analyzer)	Import the project	2026-10-04T03:53:29.2275360Z [   7% ] ^[[90m^[[1m_update_scan_actions^[[22m | mole_digger.carry_heavy_object_walk.plain.png^[[39m^[[0m
Godot gates (analyzer)	Import the project	2026-10-04T03:53:29.2276016Z [   7% ] ^[[90m^[[1m_update_scan_actions^[[22m | mole_digger.carry_heavy_object_walk.standard_bore.png^[[39m^[[0m
Godot gates (analyzer)	Import the project	2026-10-04T03:53:29.2276653Z [   7% ] ^[[90m^[[1m_update_scan_actions^[[22m | mole_digger.cautious_crouch_walk_forward.plain.png^[[39m^[[0m
Godot gates (analyzer)	Import the project	2026-10-04T03:53:29.2277344Z [   7% ] ^[[90m^[[1m_update_scan_actions^[[22m | mole_digger.cautious_crouch_walk_forward.standard_bore.png^[[39m^[[0m
Godot gates (analyzer)	Import the project	2026-10-04T03:53:29.2277910Z [   8% ] ^[[90m^[[1m_update_scan_actions^[[22m | mole_digger.heavy_hammer_swing.plain.png^[[39m^[[0m
Godot gates (analyzer)	Import the project	2026-10-04T03:53:29.2278384Z [   8% ] ^[[90m^[[1m_update_scan_actions^[[22m | mole_digger.idle.plain.png^[[39m^[[0m
Godot gates (analyzer)	Import the project	2026-10-04T03:53:29.2278831Z [   8% ] ^[[90m^[[1m_update_scan_actions^[[22m | mole_digger.walk.plain.png^[[39m^[[0m
Godot gates (analyzer)	Import the project	2026-10-04T03:53:29.2279325Z [   8% ] ^[[90m^[[1m_update_scan_actions^[[22m | mole_digger.walk.ramp_down.png^[[39m^[[0m
Godot gates (analyzer)	Import the project	2026-10-04T03:53:29.2279789Z [   8% ] ^[[90m^[[1m_update_scan_actions^[[22m | mole_digger.walk.ramp_up.png^[[39m^[[0m
Godot gates (analyzer)	Import the project	2026-10-04T03:53:29.2280355Z [   8% ] ^[[90m^[[1m_update_scan_actions^[[22m | mouse_keeper.carry_heavy_object_walk.plain.png^[[39m^[[0m
Godot gates (analyzer)	Import the project	2026-10-04T03:53:29.2280975Z [   8% ] ^[[90m^[[1m_update_scan_actions^[[22m | mouse_keeper.carry_heavy_object_walk.standard_bore.png^[[39m^[[0m
Godot gates (analyzer)	Import the project	2026-10-04T03:53:29.2281633Z [   8% ] ^[[90m^[[1m_update_scan_actions^[[22m | mouse_keeper.cautious_crouch_walk_forward.plain.png^[[39m^[[0m
Godot gates (analyzer)	Import the project	2026-10-04T03:53:29.2282341Z [   9% ] ^[[90m^[[1m_update_scan_actions^[[22m | mouse_keeper.cautious_crouch_walk_forward.standard_bore.png^[[39m^[[0m
Godot gates (analyzer)	Import the project	2026-10-04T03:53:29.2283028Z [   9% ] ^[[90m^[[1m_update_scan_actions^[[22m | mouse_keeper.idle.plain.png^[[39m^[[0m
Godot gates (analyzer)	Import the project	2026-10-04T03:53:29.2283526Z [   9% ] ^[[90m^[[1m_update_scan_actions^[[22m | mouse_keeper.walk.plain.png^[[39m^[[0m
Godot gates (analyzer)	Import the project	2026-10-04T03:53:29.2284016Z [   9% ] ^[[90m^[[1m_update_scan_actions^[[22m | mouse_keeper.walk.ramp_down.png^[[39m^[[0m
Godot gates (analyzer)	Import the project	2026-10-04T03:53:29.2284505Z [   9% ] ^[[90m^[[1m_update_scan_actions^[[22m | mouse_keeper.walk.ramp_up.png^[[39m^[[0m
Godot gates (analyzer)	Import the project	2026-10-04T03:53:29.2285142Z [   9% ] ^[[90m^[[1m_update_scan_actions^[[22m | otter_boatwright.carry_heavy_object_walk.plain.png^[[39m^[[0m
Godot gates (analyzer)	Import the project	2026-10-04T03:53:29.2285839Z [   9% ] ^[[90m^[[1m_update_scan_actions^[[22m | otter_boatwright.carry_heavy_object_walk.standard_bore.png^[[39m^[[0m
Godot gates (analyzer)	Import the project	2026-10-04T03:53:29.2286782Z [   9% ] ^[[90m^[[1m_update_scan_actions^[[22m | otter_boatwright.cautious_crouch_walk_forward.plain.png^[[39m^[[0m
Godot gates (analyzer)	Import the project	2026-10-04T03:53:29.2287783Z [  10% ] ^[[90m^[[1m_update_scan_actions^[[22m | otter_boatwright.cautious_crouch_walk_forward.standard_bore.png^[[39m^[[0m
Godot gates (analyzer)	Import the project	2026-10-04T03:53:29.2288301Z [  10% ] ^[[90m^[[1m_update_scan_actions^[[22m | otter_boatwright.idle.plain.png^[[39m^[[0m
Godot gates (analyzer)	Import the project	2026-10-04T03:53:29.2288803Z [  10% ] ^[[90m^[[1m_update_scan_actions^[[22m | otter_boatwright.walk.plain.png^[[39m^[[0m
Godot gates (analyzer)	Import the project	2026-10-04T03:53:29.2289338Z [  10% ] ^[[90m^[[1m_update_scan_actions^[[22m | otter_boatwright.walk.ramp_down.png^[[39m^[[0m
Godot gates (analyzer)	Import the project	2026-10-04T03:53:29.2289844Z [  10% ] ^[[90m^[[1m_update_scan_actions^[[22m | otter_boatwright.walk.ramp_up.png^[[39m^[[0m
Godot gates (analyzer)	Import the project	2026-10-04T03:53:29.2290481Z [  10% ] ^[[90m^[[1m_update_scan_actions^[[22m | squirrel_gatherer.carry_heavy_object_walk.plain.png^[[39m^[[0m
Godot gates (analyzer)	Import the project	2026-10-04T03:53:29.2291184Z [  10% ] ^[[90m^[[1m_update_scan_actions^[[22m | squirrel_gatherer.carry_heavy_object_walk.standard_bore.png^[[39m^[[0m
Godot gates (analyzer)	Import the project	2026-10-04T03:53:29.2291890Z [  10% ] ^[[90m^[[1m_update_scan_actions^[[22m | squirrel_gatherer.cautious_crouch_walk_forward.plain.png^[[39m^[[0m
Godot gates (analyzer)	Import the project	2026-10-04T03:53:29.2292663Z [  11% ] ^[[90m^[[1m_update_scan_actions^[[22m | squirrel_gatherer.cautious_crouch_walk_forward.standard_bore.png^[[39m^[[0m
Godot gates (analyzer)	Import the project	2026-10-04T03:53:29.2293395Z [  11% ] ^[[90m^[[1m_update_scan_actions^[[22m | squirrel_gatherer.idle.plain.png^[[39m^[[0m
Godot gates (analyzer)	Import the project	2026-10-04T03:53:29.2293907Z [  11% ] ^[[90m^[[1m_update_scan_actions^[[22m | squirrel_gatherer.walk.plain.png^[[39m^[[0m
Godot gates (analyzer)	Import the project	2026-10-04T03:53:29.2294452Z [  11% ] ^[[90m^[[1m_update_scan_actions^[[22m | squirrel_gatherer.walk.ramp_down.png^[[39m^[[0m
Godot gates (analyzer)	Import the project	2026-10-04T03:53:29.2294960Z [  11% ] ^[[90m^[[1m_update_scan_actions^[[22m | squirrel_gatherer.walk.ramp_up.png^[[39m^[[0m
Godot gates (analyzer)	Import the project	2026-10-04T03:53:29.2295558Z [  11% ] ^[[90m^[[1m_update_scan_actions^[[22m | badger_quarryman.carry_heavy_object_walk.plain.png^[[39m^[[0m
Godot gates (analyzer)	Import the project	2026-10-04T03:53:29.2296323Z [  11% ] ^[[90m^[[1m_update_scan_actions^[[22m | badger_quarryman.carry_heavy_object_walk.standard_bore.png^[[39m^[[0m
Godot gates (analyzer)	Import the project	2026-10-04T03:53:29.2297002Z [  11% ] ^[[90m^[[1m_update_scan_actions^[[22m | badger_quarryman.cautious_crouch_walk_forward.plain.png^[[39m^[[0m
Godot gates (analyzer)	Import the project	2026-10-04T03:53:29.2297754Z [  12% ] ^[[90m^[[1m_update_scan_actions^[[22m | badger_quarryman.cautious_crouch_walk_forward.standard_bore.png^[[39m^[[0m
Godot gates (analyzer)	Import the project	2026-10-04T03:53:29.2298363Z [  12% ] ^[[90m^[[1m_update_scan_actions^[[22m | badger_quarryman.heavy_hammer_swing.plain.png^[[39m^[[0m
Godot gates (analyzer)	Import the project	2026-10-04T03:53:29.2298875Z [  12% ] ^[[90m^[[1m_update_scan_actions^[[22m | badger_quarryman.idle.plain.png^[[39m^[[0m
Godot gates (analyzer)	Import the project	2026-10-04T03:53:29.2299366Z [  12% ] ^[[90m^[[1m_update_scan_actions^[[22m | badger_quarryman.walk.plain.png^[[39m^[[0m
Godot gates (analyzer)	Import the project	2026-10-04T03:53:29.2299901Z [  12% ] ^[[90m^[[1m_update_scan_actions^[[22m | badger_quarryman.walk.ramp_down.png^[[39m^[[0m
Godot gates (analyzer)	Import the project	2026-10-04T03:53:29.2300413Z [  12% ] ^[[90m^[[1m_update_scan_actions^[[22m | badger_quarryman.walk.ramp_up.png^[[39m^[[0m
Godot gates (analyzer)	Import the project	2026-10-04T03:53:29.2301006Z [  12% ] ^[[90m^[[1m_update_scan_actions^[[22m | mole_digger.carry_heavy_object_walk.plain.png^[[39m^[[0m
Godot gates (analyzer)	Import the project	2026-10-04T03:53:29.2301671Z [  12% ] ^[[90m^[[1m_update_scan_actions^[[22m | mole_digger.carry_heavy_object_walk.standard_bore.png^[[39m^[[0m
Godot gates (analyzer)	Import the project	2026-10-04T03:53:29.2302319Z [  13% ] ^[[90m^[[1m_update_scan_actions^[[22m | mole_digger.cautious_crouch_walk_forward.plain.png^[[39m^[[0m
Godot gates (analyzer)	Import the project	2026-10-04T03:53:29.2303214Z [  13% ] ^[[90m^[[1m_update_scan_actions^[[22m | mole_digger.cautious_crouch_walk_forward.standard_bore.png^[[39m^[[0m
Godot gates (analyzer)	Import the project	2026-10-04T03:53:29.2303801Z [  13% ] ^[[90m^[[1m_update_scan_actions^[[22m | mole_digger.heavy_hammer_swing.plain.png^[[39m^[[0m
Godot gates (analyzer)	Import the project	2026-10-04T03:53:29.2304310Z [  13% ] ^[[90m^[[1m_update_scan_actions^[[22m | mole_digger.idle.plain.png^[[39m^[[0m
Godot gates (analyzer)	Import the project	2026-10-04T03:53:29.2304759Z [  13% ] ^[[90m^[[1m_update_scan_actions^[[22m | mole_digger.walk.plain.png^[[39m^[[0m
Godot gates (analyzer)	Import the project	2026-10-04T03:53:29.2305246Z [  13% ] ^[[90m^[[1m_update_scan_actions^[[22m | mole_digger.walk.ramp_down.png^[[39m^[[0m
Godot gates (analyzer)	Import the project	2026-10-04T03:53:29.2305726Z [  13% ] ^[[90m^[[1m_update_scan_actions^[[22m | mole_digger.walk.ramp_up.png^[[39m^[[0m
Godot gates (analyzer)	Import the project	2026-10-04T03:53:29.2306566Z [  13% ] ^[[90m^[[1m_update_scan_actions^[[22m | mouse_keeper.carry_heavy_object_walk.plain.png^[[39m^[[0m
Godot gates (analyzer)	Import the project	2026-10-04T03:53:29.2307380Z [  14% ] ^[[90m^[[1m_update_scan_actions^[[22m | mouse_keeper.carry_heavy_object_walk.standard_bore.png^[[39m^[[0m
Godot gates (analyzer)	Import the project	2026-10-04T03:53:29.2308448Z [  14% ] ^[[90m^[[1m_update_scan_actions^[[22m | mouse_keeper.cautious_crouch_walk_forward.plain.png^[[39m^[[0m
Godot gates (analyzer)	Import the project	2026-10-04T03:53:29.2309326Z [  14% ] ^[[90m^[[1m_update_scan_actions^[[22m | mouse_keeper.cautious_crouch_walk_forward.standard_bore.png^[[39m^[[0m
Godot gates (analyzer)	Import the project	2026-10-04T03:53:29.2309963Z [  14% ] ^[[90m^[[1m_update_scan_actions^[[22m | mouse_keeper.idle.plain.png^[[39m^[[0m
Godot gates (analyzer)	Import the project	2026-10-04T03:53:29.2310498Z [  14% ] ^[[90m^[[1m_update_scan_actions^[[22m | mouse_keeper.walk.plain.png^[[39m^[[0m
Godot gates (analyzer)	Import the project	2026-10-04T03:53:29.2311076Z [  14% ] ^[[90m^[[1m_update_scan_actions^[[22m | mouse_keeper.walk.ramp_down.png^[[39m^[[0m
Godot gates (analyzer)	Import the project	2026-10-04T03:53:29.2311771Z [  14% ] ^[[90m^[[1m_update_scan_actions^[[22m | mouse_keeper.walk.ramp_up.png^[[39m^[[0m
Godot gates (analyzer)	Import the project	2026-10-04T03:53:29.2312478Z [  14% ] ^[[90m^[[1m_update_scan_actions^[[22m | otter_boatwright.carry_heavy_object_walk.plain.png^[[39m^[[0m
Godot gates (analyzer)	Import the project	2026-10-04T03:53:29.2313556Z [  15% ] ^[[90m^[[1m_update_scan_actions^[[22m | otter_boatwright.carry_heavy_object_walk.standard_bore.png^[[39m^[[0m
Godot gates (analyzer)	Import the project	2026-10-04T03:53:29.2314396Z [  15% ] ^[[90m^[[1m_update_scan_actions^[[22m | otter_boatwright.cautious_crouch_walk_forward.plain.png^[[39m^[[0m
Godot gates (analyzer)	Import the project	2026-10-04T03:53:29.2315165Z [  15% ] ^[[90m^[[1m_update_scan_actions^[[22m | otter_boatwright.cautious_crouch_walk_forward.standard_bore.png^[[39m^[[0m
Godot gates (analyzer)	Import the project	2026-10-04T03:53:29.2315905Z [  15% ] ^[[90m^[[1m_update_scan_actions^[[22m | otter_boatwright.idle.plain.png^[[39m^[[0m
Godot gates (analyzer)	Import the project	2026-10-04T03:53:29.2316683Z [  15% ] ^[[90m^[[1m_update_scan_actions^[[22m | otter_boatwright.walk.plain.png^[[39m^[[0m
Godot gates (analyzer)	Import the project	2026-10-04T03:53:29.2317275Z [  15% ] ^[[90m^[[1m_update_scan_actions^[[22m | otter_boatwright.walk.ramp_down.png^[[39m^[[0m
Godot gates (analyzer)	Import the project	2026-10-04T03:53:29.2317889Z [  15% ] ^[[90m^[[1m_update_scan_actions^[[22m | otter_boatwright.walk.ramp_up.png^[[39m^[[0m
Godot gates (analyzer)	Import the project	2026-10-04T03:53:29.2318731Z [  15% ] ^[[90m^[[1m_update_scan_actions^[[22m | squirrel_gatherer.carry_heavy_object_walk.plain.png^[[39m^[[0m
Godot gates (analyzer)	Import the project	2026-10-04T03:53:29.2319505Z [  16% ] ^[[90m^[[1m_update_scan_actions^[[22m | squirrel_gatherer.carry_heavy_object_walk.standard_bore.png^[[39m^[[0m
Godot gates (analyzer)	Import the project	2026-10-04T03:53:29.2320295Z [  16% ] ^[[90m^[[1m_update_scan_actions^[[22m | squirrel_gatherer.cautious_crouch_walk_forward.plain.png^[[39m^[[0m
Godot gates (analyzer)	Import the project	2026-10-04T03:53:29.2321140Z [  16% ] ^[[90m^[[1m_update_scan_actions^[[22m | squirrel_gatherer.cautious_crouch_walk_forward.standard_bore.png^[[39m^[[0m
Godot gates (analyzer)	Import the project	2026-10-04T03:53:29.2321709Z [  16% ] ^[[90m^[[1m_update_scan_actions^[[22m | squirrel_gatherer.idle.plain.png^[[39m^[[0m
Godot gates (analyzer)	Import the project	2026-10-04T03:53:29.2322411Z [  16% ] ^[[90m^[[1m_update_scan_actions^[[22m | squirrel_gatherer.walk.plain.png^[[39m^[[0m
Godot gates (analyzer)	Import the project	2026-10-04T03:53:29.2338328Z [  16% ] ^[[90m^[[1m_update_scan_actions^[[22m | squirrel_gatherer.walk.ramp_down.png^[[39m^[[0m
Godot gates (analyzer)	Import the project	2026-10-04T03:53:29.2338964Z [  16% ] ^[[90m^[[1m_update_scan_actions^[[22m | squirrel_gatherer.walk.ramp_up.png^[[39m^[[0m
Godot gates (analyzer)	Import the project	2026-10-04T03:53:29.2339632Z [  16% ] ^[[90m^[[1m_update_scan_actions^[[22m | badger_quarryman.carry_heavy_object_walk.plain.png^[[39m^[[0m
Godot gates (analyzer)	Import the project	2026-10-04T03:53:29.2340352Z [  17% ] ^[[90m^[[1m_update_scan_actions^[[22m | badger_quarryman.carry_heavy_object_walk.standard_bore.png^[[39m^[[0m
Godot gates (analyzer)	Import the project	2026-10-04T03:53:29.2341038Z [  17% ] ^[[90m^[[1m_update_scan_actions^[[22m | badger_quarryman.cautious_crouch_walk_forward.plain.png^[[39m^[[0m
Godot gates (analyzer)	Import the project	2026-10-04T03:53:29.2341764Z [  17% ] ^[[90m^[[1m_update_scan_actions^[[22m | badger_quarryman.cautious_crouch_walk_forward.standard_bore.png^[[39m^[[0m
Godot gates (analyzer)	Import the project	2026-10-04T03:53:29.2342352Z [  17% ] ^[[90m^[[1m_update_scan_actions^[[22m | badger_quarryman.heavy_hammer_swing.plain.png^[[39m^[[0m
Godot gates (analyzer)	Import the project	2026-10-04T03:53:29.2343071Z [  17% ] ^[[90m^[[1m_update_scan_actions^[[22m | badger_quarryman.idle.plain.png^[[39m^[[0m
Godot gates (analyzer)	Import the project	2026-10-04T03:53:29.2343579Z [  17% ] ^[[90m^[[1m_update_scan_actions^[[22m | badger_quarryman.walk.plain.png^[[39m^[[0m
Godot gates (analyzer)	Import the project	2026-10-04T03:53:29.2344353Z [  17% ] ^[[90m^[[1m_update_scan_actions^[[22m | badger_quarryman.walk.ramp_down.png^[[39m^[[0m
Godot gates (analyzer)	Import the project	2026-10-04T03:53:29.2344846Z [  17% ] ^[[90m^[[1m_update_scan_actions^[[22m | badger_quarryman.walk.ramp_up.png^[[39m^[[0m
Godot gates (analyzer)	Import the project	2026-10-04T03:53:29.2345712Z [  18% ] ^[[90m^[[1m_update_scan_actions^[[22m | mole_digger.carry_heavy_object_walk.plain.png^[[39m^[[0m
Godot gates (analyzer)	Import the project	2026-10-04T03:53:29.2346357Z [  18% ] ^[[90m^[[1m_update_scan_actions^[[22m | mole_digger.carry_heavy_object_walk.standard_bore.png^[[39m^[[0m
Godot gates (analyzer)	Import the project	2026-10-04T03:53:29.2346970Z [  18% ] ^[[90m^[[1m_update_scan_actions^[[22m | mole_digger.cautious_crouch_walk_forward.plain.png^[[39m^[[0m
Godot gates (analyzer)	Import the project	2026-10-04T03:53:29.2347645Z [  18% ] ^[[90m^[[1m_update_scan_actions^[[22m | mole_digger.cautious_crouch_walk_forward.standard_bore.png^[[39m^[[0m
Godot gates (analyzer)	Import the project	2026-10-04T03:53:29.2348209Z [  18% ] ^[[90m^[[1m_update_scan_actions^[[22m | mole_digger.heavy_hammer_swing.plain.png^[[39m^[[0m
Godot gates (analyzer)	Import the project	2026-10-04T03:53:29.2348666Z [  18% ] ^[[90m^[[1m_update_scan_actions^[[22m | mole_digger.idle.plain.png^[[39m^[[0m
Godot gates (analyzer)	Import the project	2026-10-04T03:53:29.2349132Z [  18% ] ^[[90m^[[1m_update_scan_actions^[[22m | mole_digger.walk.plain.png^[[39m^[[0m
Godot gates (analyzer)	Import the project	2026-10-04T03:53:29.2349626Z [  18% ] ^[[90m^[[1m_update_scan_actions^[[22m | mole_digger.walk.ramp_down.png^[[39m^[[0m
Godot gates (analyzer)	Import the project	2026-10-04T03:53:29.2350081Z [  19% ] ^[[90m^[[1m_update_scan_actions^[[22m | mole_digger.walk.ramp_up.png^[[39m^[[0m
Godot gates (analyzer)	Import the project	2026-10-04T03:53:29.2350667Z [  19% ] ^[[90m^[[1m_update_scan_actions^[[22m | mouse_keeper.carry_heavy_object_walk.plain.png^[[39m^[[0m
Godot gates (analyzer)	Import the project	2026-10-04T03:53:29.2351319Z [  19% ] ^[[90m^[[1m_update_scan_actions^[[22m | mouse_keeper.carry_heavy_object_walk.standard_bore.png^[[39m^[[0m
Godot gates (analyzer)	Import the project	2026-10-04T03:53:29.2351966Z [  19% ] ^[[90m^[[1m_update_scan_actions^[[22m | mouse_keeper.cautious_crouch_walk_forward.plain.png^[[39m^[[0m
Godot gates (analyzer)	Import the project	2026-10-04T03:53:29.2352647Z [  19% ] ^[[90m^[[1m_update_scan_actions^[[22m | mouse_keeper.cautious_crouch_walk_forward.standard_bore.png^[[39m^[[0m
Godot gates (analyzer)	Import the project	2026-10-04T03:53:29.2353344Z [  19% ] ^[[90m^[[1m_update_scan_actions^[[22m | mouse_keeper.idle.plain.png^[[39m^[[0m
Godot gates (analyzer)	Import the project	2026-10-04T03:53:29.2353819Z [  19% ] ^[[90m^[[1m_update_scan_actions^[[22m | mouse_keeper.walk.plain.png^[[39m^[[0m
Godot gates (analyzer)	Import the project	2026-10-04T03:53:29.2354308Z [  19% ] ^[[90m^[[1m_update_scan_actions^[[22m | mouse_keeper.walk.ramp_down.png^[[39m^[[0m
Godot gates (analyzer)	Import the project	2026-10-04T03:53:29.2354778Z [  20% ] ^[[90m^[[1m_update_scan_actions^[[22m | mouse_keeper.walk.ramp_up.png^[[39m^[[0m
Godot gates (analyzer)	Import the project	2026-10-04T03:53:29.2355425Z [  20% ] ^[[90m^[[1m_update_scan_actions^[[22m | otter_boatwright.carry_heavy_object_walk.plain.png^[[39m^[[0m
Godot gates (analyzer)	Import the project	2026-10-04T03:53:29.2356117Z [  20% ] ^[[90m^[[1m_update_scan_actions^[[22m | otter_boatwright.carry_heavy_object_walk.standard_bore.png^[[39m^[[0m
Godot gates (analyzer)	Import the project	2026-10-04T03:53:29.2356789Z [  20% ] ^[[90m^[[1m_update_scan_actions^[[22m | otter_boatwright.cautious_crouch_walk_forward.plain.png^[[39m^[[0m
Godot gates (analyzer)	Import the project	2026-10-04T03:53:29.2357516Z [  20% ] ^[[90m^[[1m_update_scan_actions^[[22m | otter_boatwright.cautious_crouch_walk_forward.standard_bore.png^[[39m^[[0m
Godot gates (analyzer)	Import the project	2026-10-04T03:53:29.2357995Z [  20% ] ^[[90m^[[1m_update_scan_actions^[[22m | otter_boatwright.idle.plain.png^[[39m^[[0m
Godot gates (analyzer)	Import the project	2026-10-04T03:53:29.2358478Z [  20% ] ^[[90m^[[1m_update_scan_actions^[[22m | otter_boatwright.walk.plain.png^[[39m^[[0m
Godot gates (analyzer)	Import the project	2026-10-04T03:53:29.2359007Z [  20% ] ^[[90m^[[1m_update_scan_actions^[[22m | otter_boatwright.walk.ramp_down.png^[[39m^[[0m
Godot gates (analyzer)	Import the project	2026-10-04T03:53:29.2359495Z [  21% ] ^[[90m^[[1m_update_scan_actions^[[22m | otter_boatwright.walk.ramp_up.png^[[39m^[[0m
Godot gates (analyzer)	Import the project	2026-10-04T03:53:29.2360137Z [  21% ] ^[[90m^[[1m_update_scan_actions^[[22m | squirrel_gatherer.carry_heavy_object_walk.plain.png^[[39m^[[0m
Godot gates (analyzer)	Import the project	2026-10-04T03:53:29.2360751Z [  21% ] ^[[90m^[[1m_update_scan_actions^[[22m | squirrel_gatherer.carry_heavy_object_walk.standard_bore.png^[[39m^[[0m
Godot gates (analyzer)	Import the project	2026-10-04T03:53:29.2361358Z [  21% ] ^[[90m^[[1m_update_scan_actions^[[22m | squirrel_gatherer.cautious_crouch_walk_forward.plain.png^[[39m^[[0m
Godot gates (analyzer)	Import the project	2026-10-04T03:53:29.2362072Z [  21% ] ^[[90m^[[1m_update_scan_actions^[[22m | squirrel_gatherer.cautious_crouch_walk_forward.standard_bore.png^[[39m^[[0m
Godot gates (analyzer)	Import the project	2026-10-04T03:53:29.2362577Z [  21% ] ^[[90m^[[1m_update_scan_actions^[[22m | squirrel_gatherer.idle.plain.png^[[39m^[[0m
Godot gates (analyzer)	Import the project	2026-10-04T03:53:29.2363762Z [  21% ] ^[[90m^[[1m_update_scan_actions^[[22m | squirrel_gatherer.walk.plain.png^[[39m^[[0m
Godot gates (analyzer)	Import the project	2026-10-04T03:53:29.2364289Z [  21% ] ^[[90m^[[1m_update_scan_actions^[[22m | squirrel_gatherer.walk.ramp_down.png^[[39m^[[0m
Godot gates (analyzer)	Import the project	2026-10-04T03:53:29.2364805Z [  22% ] ^[[90m^[[1m_update_scan_actions^[[22m | squirrel_gatherer.walk.ramp_up.png^[[39m^[[0m
Godot gates (analyzer)	Import the project	2026-10-04T03:53:29.2365653Z [  22% ] ^[[90m^[[1m_update_scan_actions^[[22m | badger_quarryman.carry_heavy_object_walk.plain.png^[[39m^[[0m
Godot gates (analyzer)	Import the project	2026-10-04T03:53:29.2366358Z [  22% ] ^[[90m^[[1m_update_scan_actions^[[22m | badger_quarryman.carry_heavy_object_walk.standard_bore.png^[[39m^[[0m
Godot gates (analyzer)	Import the project	2026-10-04T03:53:29.2367118Z [  22% ] ^[[90m^[[1m_update_scan_actions^[[22m | badger_quarryman.cautious_crouch_walk_forward.plain.held_pick.png^[[39m^[[0m
Godot gates (analyzer)	Import the project	2026-10-04T03:53:29.2367793Z [  22% ] ^[[90m^[[1m_update_scan_actions^[[22m | badger_quarryman.cautious_crouch_walk_forward.plain.png^[[39m^[[0m
Godot gates (analyzer)	Import the project	2026-10-04T03:53:29.2368604Z [  22% ] ^[[90m^[[1m_update_scan_actions^[[22m | badger_quarryman.cautious_crouch_walk_forward.standard_bore.held_pick.png^[[39m^[[0m
Godot gates (analyzer)	Import the project	2026-10-04T03:53:29.2369347Z [  22% ] ^[[90m^[[1m_update_scan_actions^[[22m | badger_quarryman.cautious_crouch_walk_forward.standard_bore.png^[[39m^[[0m
Godot gates (analyzer)	Import the project	2026-10-04T03:53:29.2369941Z [  22% ] ^[[90m^[[1m_update_scan_actions^[[22m | badger_quarryman.heavy_hammer_swing.plain.png^[[39m^[[0m
Godot gates (analyzer)	Import the project	2026-10-04T03:53:29.2370504Z [  23% ] ^[[90m^[[1m_update_scan_actions^[[22m | badger_quarryman.idle.plain.held_pick.png^[[39m^[[0m
Godot gates (analyzer)	Import the project	2026-10-04T03:53:29.2370983Z [  23% ] ^[[90m^[[1m_update_scan_actions^[[22m | badger_quarryman.idle.plain.png^[[39m^[[0m
Godot gates (analyzer)	Import the project	2026-10-04T03:53:29.2371533Z [  23% ] ^[[90m^[[1m_update_scan_actions^[[22m | badger_quarryman.walk.plain.held_pick.png^[[39m^[[0m
Godot gates (analyzer)	Import the project	2026-10-04T03:53:29.2372007Z [  23% ] ^[[90m^[[1m_update_scan_actions^[[22m | badger_quarryman.walk.plain.png^[[39m^[[0m
Godot gates (analyzer)	Import the project	2026-10-04T03:53:29.2372573Z [  23% ] ^[[90m^[[1m_update_scan_actions^[[22m | badger_quarryman.walk.ramp_down.held_pick.png^[[39m^[[0m
Godot gates (analyzer)	Import the project	2026-10-04T03:53:29.2373316Z [  23% ] ^[[90m^[[1m_update_scan_actions^[[22m | badger_quarryman.walk.ramp_down.png^[[39m^[[0m
Godot gates (analyzer)	Import the project	2026-10-04T03:53:29.2373907Z [  23% ] ^[[90m^[[1m_update_scan_actions^[[22m | badger_quarryman.walk.ramp_up.held_pick.png^[[39m^[[0m
Godot gates (analyzer)	Import the project	2026-10-04T03:53:29.2374410Z [  23% ] ^[[90m^[[1m_update_scan_actions^[[22m | badger_quarryman.walk.ramp_up.png^[[39m^[[0m
Godot gates (analyzer)	Import the project	2026-10-04T03:53:29.2374986Z [  24% ] ^[[90m^[[1m_update_scan_actions^[[22m | mole_digger.carry_heavy_object_walk.plain.png^[[39m^[[0m
Godot gates (analyzer)	Import the project	2026-10-04T03:53:29.2375636Z [  24% ] ^[[90m^[[1m_update_scan_actions^[[22m | mole_digger.carry_heavy_object_walk.standard_bore.png^[[39m^[[0m
Godot gates (analyzer)	Import the project	2026-10-04T03:53:29.2376337Z [  24% ] ^[[90m^[[1m_update_scan_actions^[[22m | mole_digger.cautious_crouch_walk_forward.plain.held_pick.png^[[39m^[[0m
Godot gates (analyzer)	Import the project	2026-10-04T03:53:29.2376956Z [  24% ] ^[[90m^[[1m_update_scan_actions^[[22m | mole_digger.cautious_crouch_walk_forward.plain.png^[[39m^[[0m
Godot gates (analyzer)	Import the project	2026-10-04T03:53:29.2377721Z [  24% ] ^[[90m^[[1m_update_scan_actions^[[22m | mole_digger.cautious_crouch_walk_forward.standard_bore.held_pick.png^[[39m^[[0m
Godot gates (analyzer)	Import the project	2026-10-04T03:53:29.2378403Z [  24% ] ^[[90m^[[1m_update_scan_actions^[[22m | mole_digger.cautious_crouch_walk_forward.standard_bore.png^[[39m^[[0m
Godot gates (analyzer)	Import the project	2026-10-04T03:53:29.2378945Z [  24% ] ^[[90m^[[1m_update_scan_actions^[[22m | mole_digger.heavy_hammer_swing.plain.png^[[39m^[[0m
Godot gates (analyzer)	Import the project	2026-10-04T03:53:29.2379469Z [  24% ] ^[[90m^[[1m_update_scan_actions^[[22m | mole_digger.idle.plain.held_pick.png^[[39m^[[0m
Godot gates (analyzer)	Import the project	2026-10-04T03:53:29.2379945Z [  25% ] ^[[90m^[[1m_update_scan_actions^[[22m | mole_digger.idle.plain.png^[[39m^[[0m
Godot gates (analyzer)	Import the project	2026-10-04T03:53:29.2380448Z [  25% ] ^[[90m^[[1m_update_scan_actions^[[22m | mole_digger.walk.plain.held_pick.png^[[39m^[[0m
Godot gates (analyzer)	Import the project	2026-10-04T03:53:29.2380904Z [  25% ] ^[[90m^[[1m_update_scan_actions^[[22m | mole_digger.walk.plain.png^[[39m^[[0m
Godot gates (analyzer)	Import the project	2026-10-04T03:53:29.2381444Z [  25% ] ^[[90m^[[1m_update_scan_actions^[[22m | mole_digger.walk.ramp_down.held_pick.png^[[39m^[[0m
Godot gates (analyzer)	Import the project	2026-10-04T03:53:29.2381905Z [  25% ] ^[[90m^[[1m_update_scan_actions^[[22m | mole_digger.walk.ramp_down.png^[[39m^[[0m
Godot gates (analyzer)	Import the project	2026-10-04T03:53:29.2382443Z [  25% ] ^[[90m^[[1m_update_scan_actions^[[22m | mole_digger.walk.ramp_up.held_pick.png^[[39m^[[0m
Godot gates (analyzer)	Import the project	2026-10-04T03:53:29.2383344Z [  25% ] ^[[90m^[[1m_update_scan_actions^[[22m | mole_digger.walk.ramp_up.png^[[39m^[[0m
Godot gates (analyzer)	Import the project	2026-10-04T03:53:29.2383944Z [  25% ] ^[[90m^[[1m_update_scan_actions^[[22m | mouse_keeper.carry_heavy_object_walk.plain.png^[[39m^[[0m
Godot gates (analyzer)	Import the project	2026-10-04T03:53:29.2384817Z [  26% ] ^[[90m^[[1m_update_scan_actions^[[22m | mouse_keeper.carry_heavy_object_walk.standard_bore.png^[[39m^[[0m
Godot gates (analyzer)	Import the project	2026-10-04T03:53:29.2385463Z [  26% ] ^[[90m^[[1m_update_scan_actions^[[22m | mouse_keeper.cautious_crouch_walk_forward.plain.png^[[39m^[[0m
Godot gates (analyzer)	Import the project	2026-10-04T03:53:29.2386156Z [  26% ] ^[[90m^[[1m_update_scan_actions^[[22m | mouse_keeper.cautious_crouch_walk_forward.standard_bore.png^[[39m^[[0m
Godot gates (analyzer)	Import the project	2026-10-04T03:53:29.2386622Z [  26% ] ^[[90m^[[1m_update_scan_actions^[[22m | mouse_keeper.idle.plain.png^[[39m^[[0m
Godot gates (analyzer)	Import the project	2026-10-04T03:53:29.2387078Z [  26% ] ^[[90m^[[1m_update_scan_actions^[[22m | mouse_keeper.walk.plain.png^[[39m^[[0m
Godot gates (analyzer)	Import the project	2026-10-04T03:53:29.2387545Z [  26% ] ^[[90m^[[1m_update_scan_actions^[[22m | mouse_keeper.walk.ramp_down.png^[[39m^[[0m
Godot gates (analyzer)	Import the project	2026-10-04T03:53:29.2388020Z [  26% ] ^[[90m^[[1m_update_scan_actions^[[22m | mouse_keeper.walk.ramp_up.png^[[39m^[[0m
Godot gates (analyzer)	Import the project	2026-10-04T03:53:29.2388641Z [  26% ] ^[[90m^[[1m_update_scan_actions^[[22m | otter_boatwright.carry_heavy_object_walk.plain.png^[[39m^[[0m
Godot gates (analyzer)	Import the project	2026-10-04T03:53:29.2389328Z [  27% ] ^[[90m^[[1m_update_scan_actions^[[22m | otter_boatwright.carry_heavy_object_walk.standard_bore.png^[[39m^[[0m
Godot gates (analyzer)	Import the project	2026-10-04T03:53:29.2389999Z [  27% ] ^[[90m^[[1m_update_scan_actions^[[22m | otter_boatwright.cautious_crouch_walk_forward.plain.png^[[39m^[[0m
Godot gates (analyzer)	Import the project	2026-10-04T03:53:29.2390644Z [  27% ] ^[[90m^[[1m_update_scan_actions^[[22m | otter_boatwright.cautious_crouch_walk_forward.standard_bore.png^[[39m^[[0m
Godot gates (analyzer)	Import the project	2026-10-04T03:53:29.2391108Z [  27% ] ^[[90m^[[1m_update_scan_actions^[[22m | otter_boatwright.idle.plain.png^[[39m^[[0m
Godot gates (analyzer)	Import the project	2026-10-04T03:53:29.2391587Z [  27% ] ^[[90m^[[1m_update_scan_actions^[[22m | otter_boatwright.walk.plain.png^[[39m^[[0m
Godot gates (analyzer)	Import the project	2026-10-04T03:53:29.2392097Z [  27% ] ^[[90m^[[1m_update_scan_actions^[[22m | otter_boatwright.walk.ramp_down.png^[[39m^[[0m
Godot gates (analyzer)	Import the project	2026-10-04T03:53:29.2392605Z [  27% ] ^[[90m^[[1m_update_scan_actions^[[22m | otter_boatwright.walk.ramp_up.png^[[39m^[[0m
Godot gates (analyzer)	Import the project	2026-10-04T03:53:29.2393466Z [  27% ] ^[[90m^[[1m_update_scan_actions^[[22m | squirrel_gatherer.carry_heavy_object_walk.plain.png^[[39m^[[0m
Godot gates (analyzer)	Import the project	2026-10-04T03:53:29.2394200Z [  28% ] ^[[90m^[[1m_update_scan_actions^[[22m | squirrel_gatherer.carry_heavy_object_walk.standard_bore.png^[[39m^[[0m
Godot gates (analyzer)	Import the project	2026-10-04T03:53:29.2394875Z [  28% ] ^[[90m^[[1m_update_scan_actions^[[22m | squirrel_gatherer.cautious_crouch_walk_forward.plain.png^[[39m^[[0m
Godot gates (analyzer)	Import the project	2026-10-04T03:53:29.2395619Z [  28% ] ^[[90m^[[1m_update_scan_actions^[[22m | squirrel_gatherer.cautious_crouch_walk_forward.standard_bore.png^[[39m^[[0m
Godot gates (analyzer)	Import the project	2026-10-04T03:53:29.2396217Z [  28% ] ^[[90m^[[1m_update_scan_actions^[[22m | squirrel_gatherer.idle.plain.png^[[39m^[[0m
Godot gates (analyzer)	Import the project	2026-10-04T03:53:29.2396712Z [  28% ] ^[[90m^[[1m_update_scan_actions^[[22m | squirrel_gatherer.walk.plain.png^[[39m^[[0m
Godot gates (analyzer)	Import the project	2026-10-04T03:53:29.2397240Z [  28% ] ^[[90m^[[1m_update_scan_actions^[[22m | squirrel_gatherer.walk.ramp_down.png^[[39m^[[0m
Godot gates (analyzer)	Import the project	2026-10-04T03:53:29.2397757Z [  28% ] ^[[90m^[[1m_update_scan_actions^[[22m | squirrel_gatherer.walk.ramp_up.png^[[39m^[[0m
Godot gates (analyzer)	Import the project	2026-10-04T03:53:29.2398174Z [  28% ] ^[[90m^[[1m_update_scan_actions^[[22m | native-world.png^[[39m^[[0m
Godot gates (analyzer)	Import the project	2026-10-04T03:53:29.2398628Z [  29% ] ^[[90m^[[1m_update_scan_actions^[[22m | native-world.png^[[39m^[[0m
Godot gates (analyzer)	Import the project	2026-10-04T03:53:29.2399081Z [  29% ] ^[[90m^[[1m_update_scan_actions^[[22m | opposite-000-source030.png^[[39m^[[0m
Godot gates (analyzer)	Import the project	2026-10-04T03:53:29.2399535Z [  29% ] ^[[90m^[[1m_update_scan_actions^[[22m | opposite-003-source033.png^[[39m^[[0m
Godot gates (analyzer)	Import the project	2026-10-04T03:53:29.2399993Z [  29% ] ^[[90m^[[1m_update_scan_actions^[[22m | opposite-006-source036.png^[[39m^[[0m
Godot gates (analyzer)	Import the project	2026-10-04T03:53:29.2400446Z [  29% ] ^[[90m^[[1m_update_scan_actions^[[22m | opposite-009-source039.png^[[39m^[[0m
Godot gates (analyzer)	Import the project	2026-10-04T03:53:29.2400888Z [  29% ] ^[[90m^[[1m_update_scan_actions^[[22m | opposite-012-source042.png^[[39m^[[0m
Godot gates (analyzer)	Import the project	2026-10-04T03:53:29.2401332Z [  29% ] ^[[90m^[[1m_update_scan_actions^[[22m | opposite-015-source041.png^[[39m^[[0m
Godot gates (analyzer)	Import the project	2026-10-04T03:53:29.2402005Z [  29% ] ^[[90m^[[1m_update_scan_actions^[[22m | opposite-018-source038.png^[[39m^[[0m
Godot gates (analyzer)	Import the project	2026-10-04T03:53:29.2402454Z [  30% ] ^[[90m^[[1m_update_scan_actions^[[22m | opposite-021-source035.png^[[39m^[[0m
Godot gates (analyzer)	Import the project	2026-10-04T03:53:29.2403131Z [  30% ] ^[[90m^[[1m_update_scan_actions^[[22m | opposite-024-source032.png^[[39m^[[0m
Godot gates (analyzer)	Import the project	2026-10-04T03:53:29.2403784Z [  30% ] ^[[90m^[[1m_update_scan_actions^[[22m | opposite-entry-00.png^[[39m^[[0m
Godot gates (analyzer)	Import the project	2026-10-04T03:53:29.2404195Z [  30% ] ^[[90m^[[1m_update_scan_actions^[[22m | opposite-entry-06.png^[[39m^[[0m
Godot gates (analyzer)	Import the project	2026-10-04T03:53:29.2404608Z [  30% ] ^[[90m^[[1m_update_scan_actions^[[22m | opposite-entry-12.png^[[39m^[[0m
Godot gates (analyzer)	Import the project	2026-10-04T03:53:29.2405040Z [  30% ] ^[[90m^[[1m_update_scan_actions^[[22m | opposite-entry-18.png^[[39m^[[0m
Godot gates (analyzer)	Import the project	2026-10-04T03:53:29.2405470Z [  30% ] ^[[90m^[[1m_update_scan_actions^[[22m | opposite-entry-24.png^[[39m^[[0m
Godot gates (analyzer)	Import the project	2026-10-04T03:53:29.2405888Z [  30% ] ^[[90m^[[1m_update_scan_actions^[[22m | opposite-entry-30.png^[[39m^[[0m
Godot gates (analyzer)	Import the project	2026-10-04T03:53:29.2406315Z [  31% ] ^[[90m^[[1m_update_scan_actions^[[22m | opposite-entry-36.png^[[39m^[[0m
Godot gates (analyzer)	Import the project	2026-10-04T03:53:29.2406728Z [  31% ] ^[[90m^[[1m_update_scan_actions^[[22m | opposite-entry-42.png^[[39m^[[0m
Godot gates (analyzer)	Import the project	2026-10-04T03:53:29.2407142Z [  31% ] ^[[90m^[[1m_update_scan_actions^[[22m | opposite-entry-48.png^[[39m^[[0m
Godot gates (analyzer)	Import the project	2026-10-04T03:53:29.2407563Z [  31% ] ^[[90m^[[1m_update_scan_actions^[[22m | opposite-entry-54.png^[[39m^[[0m
Godot gates (analyzer)	Import the project	2026-10-04T03:53:29.2407964Z [  31% ] ^[[90m^[[1m_update_scan_actions^[[22m | opposite-entry-60.png^[[39m^[[0m
Godot gates (analyzer)	Import the project	2026-10-04T03:53:29.2408410Z [  31% ] ^[[90m^[[1m_update_scan_actions^[[22m | opposite-recovery-00.png^[[39m^[[0m
Godot gates (analyzer)	Import the project	2026-10-04T03:53:29.2408848Z [  31% ] ^[[90m^[[1m_update_scan_actions^[[22m | opposite-recovery-06.png^[[39m^[[0m
Godot gates (analyzer)	Import the project	2026-10-04T03:53:29.2409297Z [  31% ] ^[[90m^[[1m_update_scan_actions^[[22m | opposite-recovery-12.png^[[39m^[[0m
Godot gates (analyzer)	Import the project	2026-10-04T03:53:29.2409745Z [  32% ] ^[[90m^[[1m_update_scan_actions^[[22m | opposite-recovery-18.png^[[39m^[[0m
Godot gates (analyzer)	Import the project	2026-10-04T03:53:29.2410181Z [  32% ] ^[[90m^[[1m_update_scan_actions^[[22m | opposite-recovery-24.png^[[39m^[[0m
Godot gates (analyzer)	Import the project	2026-10-04T03:53:29.2410632Z [  32% ] ^[[90m^[[1m_update_scan_actions^[[22m | opposite-recovery-30.png^[[39m^[[0m
Godot gates (analyzer)	Import the project	2026-10-04T03:53:29.2411071Z [  32% ] ^[[90m^[[1m_update_scan_actions^[[22m | opposite-recovery-36.png^[[39m^[[0m
Godot gates (analyzer)	Import the project	2026-10-04T03:53:29.2411505Z [  32% ] ^[[90m^[[1m_update_scan_actions^[[22m | opposite-recovery-42.png^[[39m^[[0m
Godot gates (analyzer)	Import the project	2026-10-04T03:53:29.2411945Z [  32% ] ^[[90m^[[1m_update_scan_actions^[[22m | opposite-recovery-48.png^[[39m^[[0m
Godot gates (analyzer)	Import the project	2026-10-04T03:53:29.2412386Z [  32% ] ^[[90m^[[1m_update_scan_actions^[[22m | opposite-recovery-54.png^[[39m^[[0m
Godot gates (analyzer)	Import the project	2026-10-04T03:53:29.2413036Z [  32% ] ^[[90m^[[1m_update_scan_actions^[[22m | opposite-recovery-60.png^[[39m^[[0m
Godot gates (analyzer)	Import the project	2026-10-04T03:53:29.2413468Z [  33% ] ^[[90m^[[1m_update_scan_actions^[[22m | rts-000-source030.png^[[39m^[[0m
Godot gates (analyzer)	Import the project	2026-10-04T03:53:29.2413896Z [  33% ] ^[[90m^[[1m_update_scan_actions^[[22m | rts-003-source033.png^[[39m^[[0m
Godot gates (analyzer)	Import the project	2026-10-04T03:53:29.2414298Z [  33% ] ^[[90m^[[1m_update_scan_actions^[[22m | rts-006-source036.png^[[39m^[[0m
Godot gates (analyzer)	Import the project	2026-10-04T03:53:29.2414713Z [  33% ] ^[[90m^[[1m_update_scan_actions^[[22m | rts-009-source039.png^[[39m^[[0m
Godot gates (analyzer)	Import the project	2026-10-04T03:53:29.2415129Z [  33% ] ^[[90m^[[1m_update_scan_actions^[[22m | rts-012-source042.png^[[39m^[[0m
Godot gates (analyzer)	Import the project	2026-10-04T03:53:29.2415535Z [  33% ] ^[[90m^[[1m_update_scan_actions^[[22m | rts-015-source041.png^[[39m^[[0m
Godot gates (analyzer)	Import the project	2026-10-04T03:53:29.2415958Z [  33% ] ^[[90m^[[1m_update_scan_actions^[[22m | rts-018-source038.png^[[39m^[[0m
Godot gates (analyzer)	Import the project	2026-10-04T03:53:29.2416366Z [  33% ] ^[[90m^[[1m_update_scan_actions^[[22m | rts-021-source035.png^[[39m^[[0m
Godot gates (analyzer)	Import the project	2026-10-04T03:53:29.2416773Z [  34% ] ^[[90m^[[1m_update_scan_actions^[[22m | rts-024-source032.png^[[39m^[[0m
Godot gates (analyzer)	Import the project	2026-10-04T03:53:29.2417158Z [  34% ] ^[[90m^[[1m_update_scan_actions^[[22m | rts-entry-00.png^[[39m^[[0m
Godot gates (analyzer)	Import the project	2026-10-04T03:53:29.2417539Z [  34% ] ^[[90m^[[1m_update_scan_actions^[[22m | rts-entry-06.png^[[39m^[[0m
Godot gates (analyzer)	Import the project	2026-10-04T03:53:29.2417893Z [  34% ] ^[[90m^[[1m_update_scan_actions^[[22m | rts-entry-12.png^[[39m^[[0m
Godot gates (analyzer)	Import the project	2026-10-04T03:53:29.2418268Z [  34% ] ^[[90m^[[1m_update_scan_actions^[[22m | rts-entry-18.png^[[39m^[[0m
Godot gates (analyzer)	Import the project	2026-10-04T03:53:29.2418635Z [  34% ] ^[[90m^[[1m_update_scan_actions^[[22m | rts-entry-24.png^[[39m^[[0m
Godot gates (analyzer)	Import the project	2026-10-04T03:53:29.2419230Z [  34% ] ^[[90m^[[1m_update_scan_actions^[[22m | rts-entry-30.png^[[39m^[[0m
Godot gates (analyzer)	Import the project	2026-10-04T03:53:29.2419623Z [  34% ] ^[[90m^[[1m_update_scan_actions^[[22m | rts-entry-36.png^[[39m^[[0m
Godot gates (analyzer)	Import the project	2026-10-04T03:53:29.2420186Z [  35% ] ^[[90m^[[1m_update_scan_actions^[[22m | rts-entry-42.png^[[39m^[[0m
Godot gates (analyzer)	Import the project	2026-10-04T03:53:29.2420570Z [  35% ] ^[[90m^[[1m_update_scan_actions^[[22m | rts-entry-48.png^[[39m^[[0m
Godot gates (analyzer)	Import the project	2026-10-04T03:53:29.2420940Z [  35% ] ^[[90m^[[1m_update_scan_actions^[[22m | rts-entry-54.png^[[39m^[[0m
Godot gates (analyzer)	Import the project	2026-10-04T03:53:29.2421307Z [  35% ] ^[[90m^[[1m_update_scan_actions^[[22m | rts-entry-60.png^[[39m^[[0m
Godot gates (analyzer)	Import the project	2026-10-04T03:53:29.2421711Z [  35% ] ^[[90m^[[1m_update_scan_actions^[[22m | rts-recovery-00.png^[[39m^[[0m
Godot gates (analyzer)	Import the project	2026-10-04T03:53:29.2422118Z [  35% ] ^[[90m^[[1m_update_scan_actions^[[22m | rts-recovery-06.png^[[39m^[[0m
Godot gates (analyzer)	Import the project	2026-10-04T03:53:29.2422510Z [  35% ] ^[[90m^[[1m_update_scan_actions^[[22m | rts-recovery-12.png^[[39m^[[0m
Godot gates (analyzer)	Import the project	2026-10-04T03:53:29.2423248Z [  35% ] ^[[90m^[[1m_update_scan_actions^[[22m | rts-recovery-18.png^[[39m^[[0m
Godot gates (analyzer)	Import the project	2026-10-04T03:53:29.2423685Z [  36% ] ^[[90m^[[1m_update_scan_actions^[[22m | rts-recovery-24.png^[[39m^[[0m
Godot gates (analyzer)	Import the project	2026-10-04T03:53:29.2424084Z [  36% ] ^[[90m^[[1m_update_scan_actions^[[22m | rts-recovery-30.png^[[39m^[[0m
Godot gates (analyzer)	Import the project	2026-10-04T03:53:29.2424463Z [  36% ] ^[[90m^[[1m_update_scan_actions^[[22m | rts-recovery-36.png^[[39m^[[0m
Godot gates (analyzer)	Import the project	2026-10-04T03:53:29.2424824Z [  36% ] ^[[90m^[[1m_update_scan_actions^[[22m | rts-recovery-42.png^[[39m^[[0m
Godot gates (analyzer)	Import the project	2026-10-04T03:53:29.2425168Z [  36% ] ^[[90m^[[1m_update_scan_actions^[[22m | rts-recovery-48.png^[[39m^[[0m
Godot gates (analyzer)	Import the project	2026-10-04T03:53:29.2425554Z [  36% ] ^[[90m^[[1m_update_scan_actions^[[22m | rts-recovery-54.png^[[39m^[[0m
Godot gates (analyzer)	Import the project	2026-10-04T03:53:29.2425949Z [  36% ] ^[[90m^[[1m_update_scan_actions^[[22m | rts-recovery-60.png^[[39m^[[0m
Godot gates (analyzer)	Import the project	2026-10-04T03:53:29.2426388Z [  36% ] ^[[90m^[[1m_update_scan_actions^[[22m | side-000-source030.png^[[39m^[[0m
Godot gates (analyzer)	Import the project	2026-10-04T03:53:29.2426820Z [  37% ] ^[[90m^[[1m_update_scan_actions^[[22m | side-003-source033.png^[[39m^[[0m
Godot gates (analyzer)	Import the project	2026-10-04T03:53:29.2427251Z [  37% ] ^[[90m^[[1m_update_scan_actions^[[22m | side-006-source036.png^[[39m^[[0m
Godot gates (analyzer)	Import the project	2026-10-04T03:53:29.2427680Z [  37% ] ^[[90m^[[1m_update_scan_actions^[[22m | side-009-source039.png^[[39m^[[0m
Godot gates (analyzer)	Import the project	2026-10-04T03:53:29.2428103Z [  37% ] ^[[90m^[[1m_update_scan_actions^[[22m | side-012-source042.png^[[39m^[[0m
Godot gates (analyzer)	Import the project	2026-10-04T03:53:29.2428543Z [  37% ] ^[[90m^[[1m_update_scan_actions^[[22m | side-015-source041.png^[[39m^[[0m
Godot gates (analyzer)	Import the project	2026-10-04T03:53:29.2428949Z [  37% ] ^[[90m^[[1m_update_scan_actions^[[22m | side-018-source038.png^[[39m^[[0m
Godot gates (analyzer)	Import the project	2026-10-04T03:53:29.2429384Z [  37% ] ^[[90m^[[1m_update_scan_actions^[[22m | side-021-source035.png^[[39m^[[0m
Godot gates (analyzer)	Import the project	2026-10-04T03:53:29.2429797Z [  37% ] ^[[90m^[[1m_update_scan_actions^[[22m | side-024-source032.png^[[39m^[[0m
Godot gates (analyzer)	Import the project	2026-10-04T03:53:29.2430200Z [  38% ] ^[[90m^[[1m_update_scan_actions^[[22m | side-entry-00.png^[[39m^[[0m
Godot gates (analyzer)	Import the project	2026-10-04T03:53:29.2430602Z [  38% ] ^[[90m^[[1m_update_scan_actions^[[22m | side-entry-06.png^[[39m^[[0m
Godot gates (analyzer)	Import the project	2026-10-04T03:53:29.2430982Z [  38% ] ^[[90m^[[1m_update_scan_actions^[[22m | side-entry-12.png^[[39m^[[0m
Godot gates (analyzer)	Import the project	2026-10-04T03:53:29.2431399Z [  38% ] ^[[90m^[[1m_update_scan_actions^[[22m | side-entry-18.png^[[39m^[[0m
Godot gates (analyzer)	Import the project	2026-10-04T03:53:29.2431787Z [  38% ] ^[[90m^[[1m_update_scan_actions^[[22m | side-entry-24.png^[[39m^[[0m
Godot gates (analyzer)	Import the project	2026-10-04T03:53:29.2432167Z [  38% ] ^[[90m^[[1m_update_scan_actions^[[22m | side-entry-30.png^[[39m^[[0m
Godot gates (analyzer)	Import the project	2026-10-04T03:53:29.2432564Z [  38% ] ^[[90m^[[1m_update_scan_actions^[[22m | side-entry-36.png^[[39m^[[0m
Godot gates (analyzer)	Import the project	2026-10-04T03:53:29.2433175Z [  38% ] ^[[90m^[[1m_update_scan_actions^[[22m | side-entry-42.png^[[39m^[[0m
Godot gates (analyzer)	Import the project	2026-10-04T03:53:29.2433580Z [  39% ] ^[[90m^[[1m_update_scan_actions^[[22m | side-entry-48.png^[[39m^[[0m
Godot gates (analyzer)	Import the project	2026-10-04T03:53:29.2433966Z [  39% ] ^[[90m^[[1m_update_scan_actions^[[22m | side-entry-54.png^[[39m^[[0m
Godot gates (analyzer)	Import the project	2026-10-04T03:53:29.2434364Z [  39% ] ^[[90m^[[1m_update_scan_actions^[[22m | side-entry-60.png^[[39m^[[0m
Godot gates (analyzer)	Import the project	2026-10-04T03:53:29.2434781Z [  39% ] ^[[90m^[[1m_update_scan_actions^[[22m | side-recovery-00.png^[[39m^[[0m
Godot gates (analyzer)	Import the project	2026-10-04T03:53:29.2435203Z [  39% ] ^[[90m^[[1m_update_scan_actions^[[22m | side-recovery-06.png^[[39m^[[0m
Godot gates (analyzer)	Import the project	2026-10-04T03:53:29.2435856Z [  39% ] ^[[90m^[[1m_update_scan_actions^[[22m | side-recovery-12.png^[[39m^[[0m
Godot gates (analyzer)	Import the project	2026-10-04T03:53:29.2436289Z [  39% ] ^[[90m^[[1m_update_scan_actions^[[22m | side-recovery-18.png^[[39m^[[0m
Godot gates (analyzer)	Import the project	2026-10-04T03:53:29.2436696Z [  39% ] ^[[90m^[[1m_update_scan_actions^[[22m | side-recovery-24.png^[[39m^[[0m
Godot gates (analyzer)	Import the project	2026-10-04T03:53:29.2437349Z [  40% ] ^[[90m^[[1m_update_scan_actions^[[22m | side-recovery-30.png^[[39m^[[0m
Godot gates (analyzer)	Import the project	2026-10-04T03:53:29.2437778Z [  40% ] ^[[90m^[[1m_update_scan_actions^[[22m | side-recovery-36.png^[[39m^[[0m
Godot gates (analyzer)	Import the project	2026-10-04T03:53:29.2438198Z [  40% ] ^[[90m^[[1m_update_scan_actions^[[22m | side-recovery-42.png^[[39m^[[0m
Godot gates (analyzer)	Import the project	2026-10-04T03:53:29.2438603Z [  40% ] ^[[90m^[[1m_update_scan_actions^[[22m | side-recovery-48.png^[[39m^[[0m
Godot gates (analyzer)	Import the project	2026-10-04T03:53:29.2439007Z [  40% ] ^[[90m^[[1m_update_scan_actions^[[22m | side-recovery-54.png^[[39m^[[0m
Godot gates (analyzer)	Import the project	2026-10-04T03:53:29.2439412Z [  40% ] ^[[90m^[[1m_update_scan_actions^[[22m | side-recovery-60.png^[[39m^[[0m
Godot gates (analyzer)	Import the project	2026-10-04T03:53:29.2439862Z [  40% ] ^[[90m^[[1m_update_scan_actions^[[22m | heavy_hammer_swing-000.png^[[39m^[[0m
Godot gates (analyzer)	Import the project	2026-10-04T03:53:29.2440312Z [  40% ] ^[[90m^[[1m_update_scan_actions^[[22m | heavy_hammer_swing-006.png^[[39m^[[0m
Godot gates (analyzer)	Import the project	2026-10-04T03:53:29.2440756Z [  41% ] ^[[90m^[[1m_update_scan_actions^[[22m | heavy_hammer_swing-012.png^[[39m^[[0m
Godot gates (analyzer)	Import the project	2026-10-04T03:53:29.2441216Z [  41% ] ^[[90m^[[1m_update_scan_actions^[[22m | heavy_hammer_swing-018.png^[[39m^[[0m
Godot gates (analyzer)	Import the project	2026-10-04T03:53:29.2441648Z [  41% ] ^[[90m^[[1m_update_scan_actions^[[22m | heavy_hammer_swing-024.png^[[39m^[[0m
Godot gates (analyzer)	Import the project	2026-10-04T03:53:29.2442086Z [  41% ] ^[[90m^[[1m_update_scan_actions^[[22m | heavy_hammer_swing-030.png^[[39m^[[0m
Godot gates (analyzer)	Import the project	2026-10-04T03:53:29.2442524Z [  41% ] ^[[90m^[[1m_update_scan_actions^[[22m | heavy_hammer_swing-036.png^[[39m^[[0m
Godot gates (analyzer)	Import the project	2026-10-04T03:53:29.2443210Z [  41% ] ^[[90m^[[1m_update_scan_actions^[[22m | heavy_hammer_swing-042.png^[[39m^[[0m
Godot gates (analyzer)	Import the project	2026-10-04T03:53:29.2443672Z [  41% ] ^[[90m^[[1m_update_scan_actions^[[22m | heavy_hammer_swing-048.png^[[39m^[[0m
Godot gates (analyzer)	Import the project	2026-10-04T03:53:29.2444116Z [  41% ] ^[[90m^[[1m_update_scan_actions^[[22m | heavy_hammer_swing-054.png^[[39m^[[0m
Godot gates (analyzer)	Import the project	2026-10-04T03:53:29.2444590Z [  42% ] ^[[90m^[[1m_update_scan_actions^[[22m | heavy_hammer_swing-057.png^[[39m^[[0m
Godot gates (analyzer)	Import the project	2026-10-04T03:53:29.2444984Z [  42% ] ^[[90m^[[1m_update_scan_actions^[[22m | idle-000.png^[[39m^[[0m
Godot gates (analyzer)	Import the project	2026-10-04T03:53:29.2445332Z [  42% ] ^[[90m^[[1m_update_scan_actions^[[22m | idle-006.png^[[39m^[[0m
Godot gates (analyzer)	Import the project	2026-10-04T03:53:29.2445697Z [  42% ] ^[[90m^[[1m_update_scan_actions^[[22m | idle-012.png^[[39m^[[0m
Godot gates (analyzer)	Import the project	2026-10-04T03:53:29.2446048Z [  42% ] ^[[90m^[[1m_update_scan_actions^[[22m | idle-018.png^[[39m^[[0m
Godot gates (analyzer)	Import the project	2026-10-04T03:53:29.2446393Z [  42% ] ^[[90m^[[1m_update_scan_actions^[[22m | idle-024.png^[[39m^[[0m
Godot gates (analyzer)	Import the project	2026-10-04T03:53:29.2446746Z [  42% ] ^[[90m^[[1m_update_scan_actions^[[22m | idle-030.png^[[39m^[[0m
Godot gates (analyzer)	Import the project	2026-10-04T03:53:29.2447082Z [  42% ] ^[[90m^[[1m_update_scan_actions^[[22m | idle-036.png^[[39m^[[0m
Godot gates (analyzer)	Import the project	2026-10-04T03:53:29.2447425Z [  43% ] ^[[90m^[[1m_update_scan_actions^[[22m | idle-042.png^[[39m^[[0m
Godot gates (analyzer)	Import the project	2026-10-04T03:53:29.2447766Z [  43% ] ^[[90m^[[1m_update_scan_actions^[[22m | idle-048.png^[[39m^[[0m
Godot gates (analyzer)	Import the project	2026-10-04T03:53:29.2448120Z [  43% ] ^[[90m^[[1m_update_scan_actions^[[22m | idle-054.png^[[39m^[[0m
Godot gates (analyzer)	Import the project	2026-10-04T03:53:29.2448475Z [  43% ] ^[[90m^[[1m_update_scan_actions^[[22m | idle-060.png^[[39m^[[0m
Godot gates (analyzer)	Import the project	2026-10-04T03:53:29.2448824Z [  43% ] ^[[90m^[[1m_update_scan_actions^[[22m | idle-066.png^[[39m^[[0m
Godot gates (analyzer)	Import the project	2026-10-04T03:53:29.2449170Z [  43% ] ^[[90m^[[1m_update_scan_actions^[[22m | idle-072.png^[[39m^[[0m
Godot gates (analyzer)	Import the project	2026-10-04T03:53:29.2449511Z [  43% ] ^[[90m^[[1m_update_scan_actions^[[22m | idle-078.png^[[39m^[[0m
Godot gates (analyzer)	Import the project	2026-10-04T03:53:29.2449850Z [  43% ] ^[[90m^[[1m_update_scan_actions^[[22m | idle-084.png^[[39m^[[0m
Godot gates (analyzer)	Import the project	2026-10-04T03:53:29.2450206Z [  44% ] ^[[90m^[[1m_update_scan_actions^[[22m | idle-090.png^[[39m^[[0m
Godot gates (analyzer)	Import the project	2026-10-04T03:53:29.2450542Z [  44% ] ^[[90m^[[1m_update_scan_actions^[[22m | idle-096.png^[[39m^[[0m
Godot gates (analyzer)	Import the project	2026-10-04T03:53:29.2450893Z [  44% ] ^[[90m^[[1m_update_scan_actions^[[22m | idle-102.png^[[39m^[[0m
Godot gates (analyzer)	Import the project	2026-10-04T03:53:29.2451231Z [  44% ] ^[[90m^[[1m_update_scan_actions^[[22m | idle-108.png^[[39m^[[0m
Godot gates (analyzer)	Import the project	2026-10-04T03:53:29.2451579Z [  44% ] ^[[90m^[[1m_update_scan_actions^[[22m | idle-114.png^[[39m^[[0m
Godot gates (analyzer)	Import the project	2026-10-04T03:53:29.2452158Z [  44% ] ^[[90m^[[1m_update_scan_actions^[[22m | idle-120.png^[[39m^[[0m
Godot gates (analyzer)	Import the project	2026-10-04T03:53:29.2452502Z [  44% ] ^[[90m^[[1m_update_scan_actions^[[22m | idle-121.png^[[39m^[[0m
Godot gates (analyzer)	Import the project	2026-10-04T03:53:29.2453036Z [  44% ] ^[[90m^[[1m_update_scan_actions^[[22m | walk-000.png^[[39m^[[0m
Godot gates (analyzer)	Import the project	2026-10-04T03:53:29.2453638Z [  45% ] ^[[90m^[[1m_update_scan_actions^[[22m | walk-006.png^[[39m^[[0m
Godot gates (analyzer)	Import the project	2026-10-04T03:53:29.2454005Z [  45% ] ^[[90m^[[1m_update_scan_actions^[[22m | walk-012.png^[[39m^[[0m
Godot gates (analyzer)	Import the project	2026-10-04T03:53:29.2454352Z [  45% ] ^[[90m^[[1m_update_scan_actions^[[22m | walk-018.png^[[39m^[[0m
Godot gates (analyzer)	Import the project	2026-10-04T03:53:29.2454714Z [  45% ] ^[[90m^[[1m_update_scan_actions^[[22m | walk-024.png^[[39m^[[0m
Godot gates (analyzer)	Import the project	2026-10-04T03:53:29.2455076Z [  45% ] ^[[90m^[[1m_update_scan_actions^[[22m | walk-030.png^[[39m^[[0m
Godot gates (analyzer)	Import the project	2026-10-04T03:53:29.2455445Z [  45% ] ^[[90m^[[1m_update_scan_actions^[[22m | walk-033.png^[[39m^[[0m
Godot gates (analyzer)	Import the project	2026-10-04T03:53:29.2455904Z [  45% ] ^[[90m^[[1m_update_scan_actions^[[22m | heavy_hammer_swing-000.png^[[39m^[[0m
Godot gates (analyzer)	Import the project	2026-10-04T03:53:29.2456351Z [  45% ] ^[[90m^[[1m_update_scan_actions^[[22m | heavy_hammer_swing-006.png^[[39m^[[0m
Godot gates (analyzer)	Import the project	2026-10-04T03:53:29.2456810Z [  46% ] ^[[90m^[[1m_update_scan_actions^[[22m | heavy_hammer_swing-012.png^[[39m^[[0m
Godot gates (analyzer)	Import the project	2026-10-04T03:53:29.2457248Z [  46% ] ^[[90m^[[1m_update_scan_actions^[[22m | heavy_hammer_swing-018.png^[[39m^[[0m
Godot gates (analyzer)	Import the project	2026-10-04T03:53:29.2457691Z [  46% ] ^[[90m^[[1m_update_scan_actions^[[22m | heavy_hammer_swing-024.png^[[39m^[[0m
Godot gates (analyzer)	Import the project	2026-10-04T03:53:29.2458139Z [  46% ] ^[[90m^[[1m_update_scan_actions^[[22m | heavy_hammer_swing-030.png^[[39m^[[0m
Godot gates (analyzer)	Import the project	2026-10-04T03:53:29.2458576Z [  46% ] ^[[90m^[[1m_update_scan_actions^[[22m | heavy_hammer_swing-036.png^[[39m^[[0m
Godot gates (analyzer)	Import the project	2026-10-04T03:53:29.2459014Z [  46% ] ^[[90m^[[1m_update_scan_actions^[[22m | heavy_hammer_swing-042.png^[[39m^[[0m
Godot gates (analyzer)	Import the project	2026-10-04T03:53:29.2459468Z [  46% ] ^[[90m^[[1m_update_scan_actions^[[22m | heavy_hammer_swing-048.png^[[39m^[[0m
Godot gates (analyzer)	Import the project	2026-10-04T03:53:29.2459904Z [  46% ] ^[[90m^[[1m_update_scan_actions^[[22m | heavy_hammer_swing-054.png^[[39m^[[0m
Godot gates (analyzer)	Import the project	2026-10-04T03:53:29.2460347Z [  47% ] ^[[90m^[[1m_update_scan_actions^[[22m | heavy_hammer_swing-057.png^[[39m^[[0m
Godot gates (analyzer)	Import the project	2026-10-04T03:53:29.2460709Z [  47% ] ^[[90m^[[1m_update_scan_actions^[[22m | idle-000.png^[[39m^[[0m
Godot gates (analyzer)	Import the project	2026-10-04T03:53:29.2461053Z [  47% ] ^[[90m^[[1m_update_scan_actions^[[22m | idle-006.png^[[39m^[[0m
Godot gates (analyzer)	Import the project	2026-10-04T03:53:29.2461404Z [  47% ] ^[[90m^[[1m_update_scan_actions^[[22m | idle-012.png^[[39m^[[0m
Godot gates (analyzer)	Import the project	2026-10-04T03:53:29.2461743Z [  47% ] ^[[90m^[[1m_update_scan_actions^[[22m | idle-018.png^[[39m^[[0m
Godot gates (analyzer)	Import the project	2026-10-04T03:53:29.2462090Z [  47% ] ^[[90m^[[1m_update_scan_actions^[[22m | idle-024.png^[[39m^[[0m
Godot gates (analyzer)	Import the project	2026-10-04T03:53:29.2462439Z [  47% ] ^[[90m^[[1m_update_scan_actions^[[22m | idle-030.png^[[39m^[[0m
Godot gates (analyzer)	Import the project	2026-10-04T03:53:29.2462774Z [  47% ] ^[[90m^[[1m_update_scan_actions^[[22m | idle-036.png^[[39m^[[0m
Godot gates (analyzer)	Import the project	2026-10-04T03:53:29.2463359Z [  48% ] ^[[90m^[[1m_update_scan_actions^[[22m | idle-042.png^[[39m^[[0m
Godot gates (analyzer)	Import the project	2026-10-04T03:53:29.2463713Z [  48% ] ^[[90m^[[1m_update_scan_actions^[[22m | idle-048.png^[[39m^[[0m
Godot gates (analyzer)	Import the project	2026-10-04T03:53:29.2464057Z [  48% ] ^[[90m^[[1m_update_scan_actions^[[22m | idle-054.png^[[39m^[[0m
Godot gates (analyzer)	Import the project	2026-10-04T03:53:29.2464420Z [  48% ] ^[[90m^[[1m_update_scan_actions^[[22m | idle-060.png^[[39m^[[0m
Godot gates (analyzer)	Import the project	2026-10-04T03:53:29.2474068Z [  48% ] ^[[90m^[[1m_update_scan_actions^[[22m | idle-066.png^[[39m^[[0m
Godot gates (analyzer)	Import the project	2026-10-04T03:53:29.2474924Z [  48% ] ^[[90m^[[1m_update_scan_actions^[[22m | idle-072.png^[[39m^[[0m
Godot gates (analyzer)	Import the project	2026-10-04T03:53:29.2475336Z [  48% ] ^[[90m^[[1m_update_scan_actions^[[22m | idle-078.png^[[39m^[[0m
Godot gates (analyzer)	Import the project	2026-10-04T03:53:29.2475682Z [  48% ] ^[[90m^[[1m_update_scan_actions^[[22m | idle-084.png^[[39m^[[0m
Godot gates (analyzer)	Import the project	2026-10-04T03:53:29.2476029Z [  49% ] ^[[90m^[[1m_update_scan_actions^[[22m | idle-090.png^[[39m^[[0m
Godot gates (analyzer)	Import the project	2026-10-04T03:53:29.2476376Z [  49% ] ^[[90m^[[1m_update_scan_actions^[[22m | idle-096.png^[[39m^[[0m
Godot gates (analyzer)	Import the project	2026-10-04T03:53:29.2476711Z [  49% ] ^[[90m^[[1m_update_scan_actions^[[22m | idle-102.png^[[39m^[[0m
Godot gates (analyzer)	Import the project	2026-10-04T03:53:29.2477051Z [  49% ] ^[[90m^[[1m_update_scan_actions^[[22m | idle-108.png^[[39m^[[0m
Godot gates (analyzer)	Import the project	2026-10-04T03:53:29.2477387Z [  49% ] ^[[90m^[[1m_update_scan_actions^[[22m | idle-114.png^[[39m^[[0m
Godot gates (analyzer)	Import the project	2026-10-04T03:53:29.2477718Z [  49% ] ^[[90m^[[1m_update_scan_actions^[[22m | idle-120.png^[[39m^[[0m
Godot gates (analyzer)	Import the project	2026-10-04T03:53:29.2478271Z [  49% ] ^[[90m^[[1m_update_scan_actions^[[22m | idle-121.png^[[39m^[[0m
Godot gates (analyzer)	Import the project	2026-10-04T03:53:29.2478611Z [  49% ] ^[[90m^[[1m_update_scan_actions^[[22m | walk-000.png^[[39m^[[0m
Godot gates (analyzer)	Import the project	2026-10-04T03:53:29.2479097Z [  50% ] ^[[90m^[[1m_update_scan_actions^[[22m | walk-006.png^[[39m^[[0m
Godot gates (analyzer)	Import the project	2026-10-04T03:53:29.2479436Z [  50% ] ^[[90m^[[1m_update_scan_actions^[[22m | walk-012.png^[[39m^[[0m
Godot gates (analyzer)	Import the project	2026-10-04T03:53:29.2479774Z [  50% ] ^[[90m^[[1m_update_scan_actions^[[22m | walk-018.png^[[39m^[[0m
Godot gates (analyzer)	Import the project	2026-10-04T03:53:29.2480109Z [  50% ] ^[[90m^[[1m_update_scan_actions^[[22m | walk-024.png^[[39m^[[0m
Godot gates (analyzer)	Import the project	2026-10-04T03:53:29.2480445Z [  50% ] ^[[90m^[[1m_update_scan_actions^[[22m | walk-030.png^[[39m^[[0m
Godot gates (analyzer)	Import the project	2026-10-04T03:53:29.2480784Z [  50% ] ^[[90m^[[1m_update_scan_actions^[[22m | walk-033.png^[[39m^[[0m
Godot gates (analyzer)	Import the project	2026-10-04T03:53:29.2481225Z [  50% ] ^[[90m^[[1m_update_scan_actions^[[22m | heavy_hammer_swing-000.png^[[39m^[[0m
Godot gates (analyzer)	Import the project	2026-10-04T03:53:29.2481663Z [  50% ] ^[[90m^[[1m_update_scan_actions^[[22m | heavy_hammer_swing-006.png^[[39m^[[0m
Godot gates (analyzer)	Import the project	2026-10-04T03:53:29.2482091Z [  50% ] ^[[90m^[[1m_update_scan_actions^[[22m | heavy_hammer_swing-012.png^[[39m^[[0m
Godot gates (analyzer)	Import the project	2026-10-04T03:53:29.2482521Z [  51% ] ^[[90m^[[1m_update_scan_actions^[[22m | heavy_hammer_swing-018.png^[[39m^[[0m
Godot gates (analyzer)	Import the project	2026-10-04T03:53:29.2483174Z [  51% ] ^[[90m^[[1m_update_scan_actions^[[22m | heavy_hammer_swing-024.png^[[39m^[[0m
Godot gates (analyzer)	Import the project	2026-10-04T03:53:29.2483605Z [  51% ] ^[[90m^[[1m_update_scan_actions^[[22m | heavy_hammer_swing-030.png^[[39m^[[0m
Godot gates (analyzer)	Import the project	2026-10-04T03:53:29.2484036Z [  51% ] ^[[90m^[[1m_update_scan_actions^[[22m | heavy_hammer_swing-036.png^[[39m^[[0m
Godot gates (analyzer)	Import the project	2026-10-04T03:53:29.2484467Z [  51% ] ^[[90m^[[1m_update_scan_actions^[[22m | heavy_hammer_swing-042.png^[[39m^[[0m
Godot gates (analyzer)	Import the project	2026-10-04T03:53:29.2484889Z [  51% ] ^[[90m^[[1m_update_scan_actions^[[22m | heavy_hammer_swing-048.png^[[39m^[[0m
Godot gates (analyzer)	Import the project	2026-10-04T03:53:29.2485332Z [  51% ] ^[[90m^[[1m_update_scan_actions^[[22m | heavy_hammer_swing-054.png^[[39m^[[0m
Godot gates (analyzer)	Import the project	2026-10-04T03:53:29.2485764Z [  51% ] ^[[90m^[[1m_update_scan_actions^[[22m | heavy_hammer_swing-057.png^[[39m^[[0m
Godot gates (analyzer)	Import the project	2026-10-04T03:53:29.2486108Z [  52% ] ^[[90m^[[1m_update_scan_actions^[[22m | idle-000.png^[[39m^[[0m
Godot gates (analyzer)	Import the project	2026-10-04T03:53:29.2486448Z [  52% ] ^[[90m^[[1m_update_scan_actions^[[22m | idle-006.png^[[39m^[[0m
Godot gates (analyzer)	Import the project	2026-10-04T03:53:29.2486787Z [  52% ] ^[[90m^[[1m_update_scan_actions^[[22m | idle-012.png^[[39m^[[0m
Godot gates (analyzer)	Import the project	2026-10-04T03:53:29.2487123Z [  52% ] ^[[90m^[[1m_update_scan_actions^[[22m | idle-018.png^[[39m^[[0m
Godot gates (analyzer)	Import the project	2026-10-04T03:53:29.2487461Z [  52% ] ^[[90m^[[1m_update_scan_actions^[[22m | idle-024.png^[[39m^[[0m
Godot gates (analyzer)	Import the project	2026-10-04T03:53:29.2487798Z [  52% ] ^[[90m^[[1m_update_scan_actions^[[22m | idle-030.png^[[39m^[[0m
Godot gates (analyzer)	Import the project	2026-10-04T03:53:29.2488131Z [  52% ] ^[[90m^[[1m_update_scan_actions^[[22m | idle-036.png^[[39m^[[0m
Godot gates (analyzer)	Import the project	2026-10-04T03:53:29.2488470Z [  52% ] ^[[90m^[[1m_update_scan_actions^[[22m | idle-042.png^[[39m^[[0m
Godot gates (analyzer)	Import the project	2026-10-04T03:53:29.2488808Z [  53% ] ^[[90m^[[1m_update_scan_actions^[[22m | idle-048.png^[[39m^[[0m
Godot gates (analyzer)	Import the project	2026-10-04T03:53:29.2489146Z [  53% ] ^[[90m^[[1m_update_scan_actions^[[22m | idle-054.png^[[39m^[[0m
Godot gates (analyzer)	Import the project	2026-10-04T03:53:29.2489486Z [  53% ] ^[[90m^[[1m_update_scan_actions^[[22m | idle-060.png^[[39m^[[0m
Godot gates (analyzer)	Import the project	2026-10-04T03:53:29.2489835Z [  53% ] ^[[90m^[[1m_update_scan_actions^[[22m | idle-066.png^[[39m^[[0m
Godot gates (analyzer)	Import the project	2026-10-04T03:53:29.2490168Z [  53% ] ^[[90m^[[1m_update_scan_actions^[[22m | idle-072.png^[[39m^[[0m
Godot gates (analyzer)	Import the project	2026-10-04T03:53:29.2490511Z [  53% ] ^[[90m^[[1m_update_scan_actions^[[22m | idle-078.png^[[39m^[[0m
Godot gates (analyzer)	Import the project	2026-10-04T03:53:29.2490854Z [  53% ] ^[[90m^[[1m_update_scan_actions^[[22m | idle-084.png^[[39m^[[0m
Godot gates (analyzer)	Import the project	2026-10-04T03:53:29.2491187Z [  53% ] ^[[90m^[[1m_update_scan_actions^[[22m | idle-090.png^[[39m^[[0m
Godot gates (analyzer)	Import the project	2026-10-04T03:53:29.2491530Z [  54% ] ^[[90m^[[1m_update_scan_actions^[[22m | idle-096.png^[[39m^[[0m
Godot gates (analyzer)	Import the project	2026-10-04T03:53:29.2491958Z [  54% ] ^[[90m^[[1m_update_scan_actions^[[22m | idle-102.png^[[39m^[[0m
Godot gates (analyzer)	Import the project	2026-10-04T03:53:29.2492732Z [  54% ] ^[[90m^[[1m_update_scan_actions^[[22m | idle-108.png^[[39m^[[0m
Godot gates (analyzer)	Import the project	2026-10-04T03:53:29.2493914Z [  54% ] ^[[90m^[[1m_update_scan_actions^[[22m | idle-114.png^[[39m^[[0m
Godot gates (analyzer)	Import the project	2026-10-04T03:53:29.2494780Z [  54% ] ^[[90m^[[1m_update_scan_actions^[[22m | idle-120.png^[[39m^[[0m
Godot gates (analyzer)	Import the project	2026-10-04T03:53:29.2524001Z [  54% ] ^[[90m^[[1m_update_scan_actions^[[22m | idle-121.png^[[39m^[[0m
Godot gates (analyzer)	Import the project	2026-10-04T03:53:29.2524698Z [  54% ] ^[[90m^[[1m_update_scan_actions^[[22m | walk-000.png^[[39m^[[0m
Godot gates (analyzer)	Import the project	2026-10-04T03:53:29.2525343Z [  54% ] ^[[90m^[[1m_update_scan_actions^[[22m | walk-006.png^[[39m^[[0m
Godot gates (analyzer)	Import the project	2026-10-04T03:53:29.2525930Z [  55% ] ^[[90m^[[1m_update_scan_actions^[[22m | walk-012.png^[[39m^[[0m
Godot gates (analyzer)	Import the project	2026-10-04T03:53:29.2526271Z [  55% ] ^[[90m^[[1m_update_scan_actions^[[22m | walk-018.png^[[39m^[[0m
Godot gates (analyzer)	Import the project	2026-10-04T03:53:29.2526620Z [  55% ] ^[[90m^[[1m_update_scan_actions^[[22m | walk-024.png^[[39m^[[0m
Godot gates (analyzer)	Import the project	2026-10-04T03:53:29.2526960Z [  55% ] ^[[90m^[[1m_update_scan_actions^[[22m | walk-030.png^[[39m^[[0m
Godot gates (analyzer)	Import the project	2026-10-04T03:53:29.2527292Z [  55% ] ^[[90m^[[1m_update_scan_actions^[[22m | walk-033.png^[[39m^[[0m
Godot gates (analyzer)	Import the project	2026-10-04T03:53:29.2527740Z [  55% ] ^[[90m^[[1m_update_scan_actions^[[22m | heavy_hammer_swing-000.png^[[39m^[[0m
Godot gates (analyzer)	Import the project	2026-10-04T03:53:29.2528174Z [  55% ] ^[[90m^[[1m_update_scan_actions^[[22m | heavy_hammer_swing-006.png^[[39m^[[0m
Godot gates (analyzer)	Import the project	2026-10-04T03:53:29.2528596Z [  55% ] ^[[90m^[[1m_update_scan_actions^[[22m | heavy_hammer_swing-012.png^[[39m^[[0m
Godot gates (analyzer)	Import the project	2026-10-04T03:53:29.2529032Z [  56% ] ^[[90m^[[1m_update_scan_actions^[[22m | heavy_hammer_swing-018.png^[[39m^[[0m
Godot gates (analyzer)	Import the project	2026-10-04T03:53:29.2529463Z [  56% ] ^[[90m^[[1m_update_scan_actions^[[22m | heavy_hammer_swing-024.png^[[39m^[[0m
Godot gates (analyzer)	Import the project	2026-10-04T03:53:29.2529890Z [  56% ] ^[[90m^[[1m_update_scan_actions^[[22m | heavy_hammer_swing-030.png^[[39m^[[0m
Godot gates (analyzer)	Import the project	2026-10-04T03:53:29.2530318Z [  56% ] ^[[90m^[[1m_update_scan_actions^[[22m | heavy_hammer_swing-036.png^[[39m^[[0m
Godot gates (analyzer)	Import the project	2026-10-04T03:53:29.2530748Z [  56% ] ^[[90m^[[1m_update_scan_actions^[[22m | heavy_hammer_swing-042.png^[[39m^[[0m
Godot gates (analyzer)	Import the project	2026-10-04T03:53:29.2531173Z [  56% ] ^[[90m^[[1m_update_scan_actions^[[22m | heavy_hammer_swing-048.png^[[39m^[[0m
Godot gates (analyzer)	Import the project	2026-10-04T03:53:29.2531599Z [  56% ] ^[[90m^[[1m_update_scan_actions^[[22m | heavy_hammer_swing-054.png^[[39m^[[0m
Godot gates (analyzer)	Import the project	2026-10-04T03:53:29.2532027Z [  56% ] ^[[90m^[[1m_update_scan_actions^[[22m | heavy_hammer_swing-057.png^[[39m^[[0m
Godot gates (analyzer)	Import the project	2026-10-04T03:53:29.2532366Z [  57% ] ^[[90m^[[1m_update_scan_actions^[[22m | idle-000.png^[[39m^[[0m
Godot gates (analyzer)	Import the project	2026-10-04T03:53:29.2532714Z [  57% ] ^[[90m^[[1m_update_scan_actions^[[22m | idle-006.png^[[39m^[[0m
Godot gates (analyzer)	Import the project	2026-10-04T03:53:29.2533248Z [  57% ] ^[[90m^[[1m_update_scan_actions^[[22m | idle-012.png^[[39m^[[0m
Godot gates (analyzer)	Import the project	2026-10-04T03:53:29.2533598Z [  57% ] ^[[90m^[[1m_update_scan_actions^[[22m | idle-018.png^[[39m^[[0m
Godot gates (analyzer)	Import the project	2026-10-04T03:53:29.2533936Z [  57% ] ^[[90m^[[1m_update_scan_actions^[[22m | idle-024.png^[[39m^[[0m
Godot gates (analyzer)	Import the project	2026-10-04T03:53:29.2534293Z [  57% ] ^[[90m^[[1m_update_scan_actions^[[22m | idle-030.png^[[39m^[[0m
Godot gates (analyzer)	Import the project	2026-10-04T03:53:29.2534631Z [  57% ] ^[[90m^[[1m_update_scan_actions^[[22m | idle-036.png^[[39m^[[0m
Godot gates (analyzer)	Import the project	2026-10-04T03:53:29.2534970Z [  57% ] ^[[90m^[[1m_update_scan_actions^[[22m | idle-042.png^[[39m^[[0m
Godot gates (analyzer)	Import the project	2026-10-04T03:53:29.2535308Z [  58% ] ^[[90m^[[1m_update_scan_actions^[[22m | idle-048.png^[[39m^[[0m
Godot gates (analyzer)	Import the project	2026-10-04T03:53:29.2535637Z [  58% ] ^[[90m^[[1m_update_scan_actions^[[22m | idle-054.png^[[39m^[[0m
Godot gates (analyzer)	Import the project	2026-10-04T03:53:29.2535980Z [  58% ] ^[[90m^[[1m_update_scan_actions^[[22m | idle-060.png^[[39m^[[0m
Godot gates (analyzer)	Import the project	2026-10-04T03:53:29.2536311Z [  58% ] ^[[90m^[[1m_update_scan_actions^[[22m | idle-066.png^[[39m^[[0m
Godot gates (analyzer)	Import the project	2026-10-04T03:53:29.2536655Z [  58% ] ^[[90m^[[1m_update_scan_actions^[[22m | idle-072.png^[[39m^[[0m
Godot gates (analyzer)	Import the project	2026-10-04T03:53:29.2536993Z [  58% ] ^[[90m^[[1m_update_scan_actions^[[22m | idle-078.png^[[39m^[[0m
Godot gates (analyzer)	Import the project	2026-10-04T03:53:29.2537331Z [  58% ] ^[[90m^[[1m_update_scan_actions^[[22m | idle-084.png^[[39m^[[0m
Godot gates (analyzer)	Import the project	2026-10-04T03:53:29.2537667Z [  58% ] ^[[90m^[[1m_update_scan_actions^[[22m | idle-090.png^[[39m^[[0m
Godot gates (analyzer)	Import the project	2026-10-04T03:53:29.2538003Z [  59% ] ^[[90m^[[1m_update_scan_actions^[[22m | idle-096.png^[[39m^[[0m
Godot gates (analyzer)	Import the project	2026-10-04T03:53:29.2538335Z [  59% ] ^[[90m^[[1m_update_scan_actions^[[22m | idle-102.png^[[39m^[[0m
Godot gates (analyzer)	Import the project	2026-10-04T03:53:29.2538673Z [  59% ] ^[[90m^[[1m_update_scan_actions^[[22m | idle-108.png^[[39m^[[0m
Godot gates (analyzer)	Import the project	2026-10-04T03:53:29.2539011Z [  59% ] ^[[90m^[[1m_update_scan_actions^[[22m | idle-114.png^[[39m^[[0m
Godot gates (analyzer)	Import the project	2026-10-04T03:53:29.2539341Z [  59% ] ^[[90m^[[1m_update_scan_actions^[[22m | idle-120.png^[[39m^[[0m
Godot gates (analyzer)	Import the project	2026-10-04T03:53:29.2539675Z [  59% ] ^[[90m^[[1m_update_scan_actions^[[22m | idle-121.png^[[39m^[[0m
Godot gates (analyzer)	Import the project	2026-10-04T03:53:29.2540176Z [  59% ] ^[[90m^[[1m_update_scan_actions^[[22m | walk-000.png^[[39m^[[0m
Godot gates (analyzer)	Import the project	2026-10-04T03:53:29.2540509Z [  59% ] ^[[90m^[[1m_update_scan_actions^[[22m | walk-006.png^[[39m^[[0m
Godot gates (analyzer)	Import the project	2026-10-04T03:53:29.2540845Z [  60% ] ^[[90m^[[1m_update_scan_actions^[[22m | walk-012.png^[[39m^[[0m
Godot gates (analyzer)	Import the project	2026-10-04T03:53:29.2541316Z [  60% ] ^[[90m^[[1m_update_scan_actions^[[22m | walk-018.png^[[39m^[[0m
Godot gates (analyzer)	Import the project	2026-10-04T03:53:29.2541649Z [  60% ] ^[[90m^[[1m_update_scan_actions^[[22m | walk-024.png^[[39m^[[0m
Godot gates (analyzer)	Import the project	2026-10-04T03:53:29.2541984Z [  60% ] ^[[90m^[[1m_update_scan_actions^[[22m | walk-030.png^[[39m^[[0m
Godot gates (analyzer)	Import the project	2026-10-04T03:53:29.2542315Z [  60% ] ^[[90m^[[1m_update_scan_actions^[[22m | walk-033.png^[[39m^[[0m
Godot gates (analyzer)	Import the project	2026-10-04T03:53:29.2542747Z [  60% ] ^[[90m^[[1m_update_scan_actions^[[22m | heavy_hammer_swing-000.png^[[39m^[[0m
Godot gates (analyzer)	Import the project	2026-10-04T03:53:29.2543375Z [  60% ] ^[[90m^[[1m_update_scan_actions^[[22m | heavy_hammer_swing-006.png^[[39m^[[0m
Godot gates (analyzer)	Import the project	2026-10-04T03:53:29.2543799Z [  60% ] ^[[90m^[[1m_update_scan_actions^[[22m | heavy_hammer_swing-012.png^[[39m^[[0m
Godot gates (analyzer)	Import the project	2026-10-04T03:53:29.2544235Z [  61% ] ^[[90m^[[1m_update_scan_actions^[[22m | heavy_hammer_swing-018.png^[[39m^[[0m
Godot gates (analyzer)	Import the project	2026-10-04T03:53:29.2544665Z [  61% ] ^[[90m^[[1m_update_scan_actions^[[22m | heavy_hammer_swing-024.png^[[39m^[[0m
Godot gates (analyzer)	Import the project	2026-10-04T03:53:29.2545093Z [  61% ] ^[[90m^[[1m_update_scan_actions^[[22m | heavy_hammer_swing-030.png^[[39m^[[0m
Godot gates (analyzer)	Import the project	2026-10-04T03:53:29.2545519Z [  61% ] ^[[90m^[[1m_update_scan_actions^[[22m | heavy_hammer_swing-036.png^[[39m^[[0m
Godot gates (analyzer)	Import the project	2026-10-04T03:53:29.2545950Z [  61% ] ^[[90m^[[1m_update_scan_actions^[[22m | heavy_hammer_swing-042.png^[[39m^[[0m
Godot gates (analyzer)	Import the project	2026-10-04T03:53:29.2546377Z [  61% ] ^[[90m^[[1m_update_scan_actions^[[22m | heavy_hammer_swing-048.png^[[39m^[[0m
Godot gates (analyzer)	Import the project	2026-10-04T03:53:29.2546802Z [  61% ] ^[[90m^[[1m_update_scan_actions^[[22m | heavy_hammer_swing-054.png^[[39m^[[0m
Godot gates (analyzer)	Import the project	2026-10-04T03:53:29.2547226Z [  61% ] ^[[90m^[[1m_update_scan_actions^[[22m | heavy_hammer_swing-057.png^[[39m^[[0m
Godot gates (analyzer)	Import the project	2026-10-04T03:53:29.2547558Z [  62% ] ^[[90m^[[1m_update_scan_actions^[[22m | idle-000.png^[[39m^[[0m
Godot gates (analyzer)	Import the project	2026-10-04T03:53:29.2547899Z [  62% ] ^[[90m^[[1m_update_scan_actions^[[22m | idle-006.png^[[39m^[[0m
Godot gates (analyzer)	Import the project	2026-10-04T03:53:29.2548245Z [  62% ] ^[[90m^[[1m_update_scan_actions^[[22m | idle-012.png^[[39m^[[0m
Godot gates (analyzer)	Import the project	2026-10-04T03:53:29.2548578Z [  62% ] ^[[90m^[[1m_update_scan_actions^[[22m | idle-018.png^[[39m^[[0m
Godot gates (analyzer)	Import the project	2026-10-04T03:53:29.2548917Z [  62% ] ^[[90m^[[1m_update_scan_actions^[[22m | idle-024.png^[[39m^[[0m
Godot gates (analyzer)	Import the project	2026-10-04T03:53:29.2549254Z [  62% ] ^[[90m^[[1m_update_scan_actions^[[22m | idle-030.png^[[39m^[[0m
Godot gates (analyzer)	Import the project	2026-10-04T03:53:29.2549598Z [  62% ] ^[[90m^[[1m_update_scan_actions^[[22m | idle-036.png^[[39m^[[0m
Godot gates (analyzer)	Import the project	2026-10-04T03:53:29.2549936Z [  62% ] ^[[90m^[[1m_update_scan_actions^[[22m | idle-042.png^[[39m^[[0m
Godot gates (analyzer)	Import the project	2026-10-04T03:53:29.2550273Z [  63% ] ^[[90m^[[1m_update_scan_actions^[[22m | idle-048.png^[[39m^[[0m
Godot gates (analyzer)	Import the project	2026-10-04T03:53:29.2550604Z [  63% ] ^[[90m^[[1m_update_scan_actions^[[22m | idle-054.png^[[39m^[[0m
Godot gates (analyzer)	Import the project	2026-10-04T03:53:29.2550941Z [  63% ] ^[[90m^[[1m_update_scan_actions^[[22m | idle-060.png^[[39m^[[0m
Godot gates (analyzer)	Import the project	2026-10-04T03:53:29.2551279Z [  63% ] ^[[90m^[[1m_update_scan_actions^[[22m | idle-066.png^[[39m^[[0m
Godot gates (analyzer)	Import the project	2026-10-04T03:53:29.2551618Z [  63% ] ^[[90m^[[1m_update_scan_actions^[[22m | idle-072.png^[[39m^[[0m
Godot gates (analyzer)	Import the project	2026-10-04T03:53:29.2551958Z [  63% ] ^[[90m^[[1m_update_scan_actions^[[22m | idle-078.png^[[39m^[[0m
Godot gates (analyzer)	Import the project	2026-10-04T03:53:29.2552290Z [  63% ] ^[[90m^[[1m_update_scan_actions^[[22m | idle-084.png^[[39m^[[0m
Godot gates (analyzer)	Import the project	2026-10-04T03:53:29.2552632Z [  63% ] ^[[90m^[[1m_update_scan_actions^[[22m | idle-090.png^[[39m^[[0m
Godot gates (analyzer)	Import the project	2026-10-04T03:53:29.2553131Z [  64% ] ^[[90m^[[1m_update_scan_actions^[[22m | idle-096.png^[[39m^[[0m
Godot gates (analyzer)	Import the project	2026-10-04T03:53:29.2553472Z [  64% ] ^[[90m^[[1m_update_scan_actions^[[22m | idle-102.png^[[39m^[[0m
Godot gates (analyzer)	Import the project	2026-10-04T03:53:29.2553812Z [  64% ] ^[[90m^[[1m_update_scan_actions^[[22m | idle-108.png^[[39m^[[0m
Godot gates (analyzer)	Import the project	2026-10-04T03:53:29.2554148Z [  64% ] ^[[90m^[[1m_update_scan_actions^[[22m | idle-114.png^[[39m^[[0m
Godot gates (analyzer)	Import the project	2026-10-04T03:53:29.2554479Z [  64% ] ^[[90m^[[1m_update_scan_actions^[[22m | idle-120.png^[[39m^[[0m
Godot gates (analyzer)	Import the project	2026-10-04T03:53:29.2554815Z [  64% ] ^[[90m^[[1m_update_scan_actions^[[22m | idle-121.png^[[39m^[[0m
Godot gates (analyzer)	Import the project	2026-10-04T03:53:29.2555154Z [  64% ] ^[[90m^[[1m_update_scan_actions^[[22m | walk-000.png^[[39m^[[0m
Godot gates (analyzer)	Import the project	2026-10-04T03:53:29.2555647Z [  64% ] ^[[90m^[[1m_update_scan_actions^[[22m | walk-006.png^[[39m^[[0m
Godot gates (analyzer)	Import the project	2026-10-04T03:53:29.2555983Z [  65% ] ^[[90m^[[1m_update_scan_actions^[[22m | walk-012.png^[[39m^[[0m
Godot gates (analyzer)	Import the project	2026-10-04T03:53:29.2556473Z [  65% ] ^[[90m^[[1m_update_scan_actions^[[22m | walk-018.png^[[39m^[[0m
Godot gates (analyzer)	Import the project	2026-10-04T03:53:29.2556803Z [  65% ] ^[[90m^[[1m_update_scan_actions^[[22m | walk-024.png^[[39m^[[0m
Godot gates (analyzer)	Import the project	2026-10-04T03:53:29.2557141Z [  65% ] ^[[90m^[[1m_update_scan_actions^[[22m | walk-030.png^[[39m^[[0m
Godot gates (analyzer)	Import the project	2026-10-04T03:53:29.2557479Z [  65% ] ^[[90m^[[1m_update_scan_actions^[[22m | walk-033.png^[[39m^[[0m
Godot gates (analyzer)	Import the project	2026-10-04T03:53:29.2557816Z [  65% ] ^[[90m^[[1m_update_scan_actions^[[22m | blend-0.png^[[39m^[[0m
Godot gates (analyzer)	Import the project	2026-10-04T03:53:29.2558159Z [  65% ] ^[[90m^[[1m_update_scan_actions^[[22m | blend-1.png^[[39m^[[0m
Godot gates (analyzer)	Import the project	2026-10-04T03:53:29.2558495Z [  65% ] ^[[90m^[[1m_update_scan_actions^[[22m | blend-6.png^[[39m^[[0m
Godot gates (analyzer)	Import the project	2026-10-04T03:53:29.2558852Z [  66% ] ^[[90m^[[1m_update_scan_actions^[[22m | crouch-00.png^[[39m^[[0m
Godot gates (analyzer)	Import the project	2026-10-04T03:53:29.2559213Z [  66% ] ^[[90m^[[1m_update_scan_actions^[[22m | crouch-12.png^[[39m^[[0m
Godot gates (analyzer)	Import the project	2026-10-04T03:53:29.2559564Z [  66% ] ^[[90m^[[1m_update_scan_actions^[[22m | crouch-24.png^[[39m^[[0m
Godot gates (analyzer)	Import the project	2026-10-04T03:53:29.2559901Z [  66% ] ^[[90m^[[1m_update_scan_actions^[[22m | crouch-36.png^[[39m^[[0m
Godot gates (analyzer)	Import the project	2026-10-04T03:53:29.2560254Z [  66% ] ^[[90m^[[1m_update_scan_actions^[[22m | crouch-48.png^[[39m^[[0m
Godot gates (analyzer)	Import the project	2026-10-04T03:53:29.2560594Z [  66% ] ^[[90m^[[1m_update_scan_actions^[[22m | crouch-60.png^[[39m^[[0m
Godot gates (analyzer)	Import the project	2026-10-04T03:53:29.2560946Z [  66% ] ^[[90m^[[1m_update_scan_actions^[[22m | hammer-00.png^[[39m^[[0m
Godot gates (analyzer)	Import the project	2026-10-04T03:53:29.2561299Z [  66% ] ^[[90m^[[1m_update_scan_actions^[[22m | hammer-12.png^[[39m^[[0m
Godot gates (analyzer)	Import the project	2026-10-04T03:53:29.2561929Z [  67% ] ^[[90m^[[1m_update_scan_actions^[[22m | hammer-24.png^[[39m^[[0m
Godot gates (analyzer)	Import the project	2026-10-04T03:53:29.2562998Z [  67% ] ^[[90m^[[1m_update_scan_actions^[[22m | hammer-36.png^[[39m^[[0m
Godot gates (analyzer)	Import the project	2026-10-04T03:53:29.2583843Z [  67% ] ^[[90m^[[1m_update_scan_actions^[[22m | hammer-48.png^[[39m^[[0m
Godot gates (analyzer)	Import the project	2026-10-04T03:53:29.2584523Z [  67% ] ^[[90m^[[1m_update_scan_actions^[[22m | hammer-60.png^[[39m^[[0m
Godot gates (analyzer)	Import the project	2026-10-04T03:53:29.2585119Z [  67% ] ^[[90m^[[1m_update_scan_actions^[[22m | hammer-72.png^[[39m^[[0m
Godot gates (analyzer)	Import the project	2026-10-04T03:53:29.2585491Z [  67% ] ^[[90m^[[1m_update_scan_actions^[[22m | hammer-84.png^[[39m^[[0m
Godot gates (analyzer)	Import the project	2026-10-04T03:53:29.2585852Z [  67% ] ^[[90m^[[1m_update_scan_actions^[[22m | hammer-96.png^[[39m^[[0m
Godot gates (analyzer)	Import the project	2026-10-04T03:53:29.2586223Z [  67% ] ^[[90m^[[1m_update_scan_actions^[[22m | hammer-108.png^[[39m^[[0m
Godot gates (analyzer)	Import the project	2026-10-04T03:53:29.2586564Z [  68% ] ^[[90m^[[1m_update_scan_actions^[[22m | idle-00.png^[[39m^[[0m
Godot gates (analyzer)	Import the project	2026-10-04T03:53:29.2586907Z [  68% ] ^[[90m^[[1m_update_scan_actions^[[22m | idle-12.png^[[39m^[[0m
Godot gates (analyzer)	Import the project	2026-10-04T03:53:29.2587235Z [  68% ] ^[[90m^[[1m_update_scan_actions^[[22m | idle-24.png^[[39m^[[0m
Godot gates (analyzer)	Import the project	2026-10-04T03:53:29.2587569Z [  68% ] ^[[90m^[[1m_update_scan_actions^[[22m | idle-36.png^[[39m^[[0m
Godot gates (analyzer)	Import the project	2026-10-04T03:53:29.2587902Z [  68% ] ^[[90m^[[1m_update_scan_actions^[[22m | idle-48.png^[[39m^[[0m
Godot gates (analyzer)	Import the project	2026-10-04T03:53:29.2588231Z [  68% ] ^[[90m^[[1m_update_scan_actions^[[22m | idle-60.png^[[39m^[[0m
Godot gates (analyzer)	Import the project	2026-10-04T03:53:29.2588579Z [  68% ] ^[[90m^[[1m_update_scan_actions^[[22m | idle-72.png^[[39m^[[0m
Godot gates (analyzer)	Import the project	2026-10-04T03:53:29.2588913Z [  68% ] ^[[90m^[[1m_update_scan_actions^[[22m | idle-84.png^[[39m^[[0m
Godot gates (analyzer)	Import the project	2026-10-04T03:53:29.2589238Z [  69% ] ^[[90m^[[1m_update_scan_actions^[[22m | idle-96.png^[[39m^[[0m
Godot gates (analyzer)	Import the project	2026-10-04T03:53:29.2589587Z [  69% ] ^[[90m^[[1m_update_scan_actions^[[22m | idle-108.png^[[39m^[[0m
Godot gates (analyzer)	Import the project	2026-10-04T03:53:29.2589930Z [  69% ] ^[[90m^[[1m_update_scan_actions^[[22m | idle-120.png^[[39m^[[0m
Godot gates (analyzer)	Import the project	2026-10-04T03:53:29.2590261Z [  69% ] ^[[90m^[[1m_update_scan_actions^[[22m | idle-132.png^[[39m^[[0m
Godot gates (analyzer)	Import the project	2026-10-04T03:53:29.2590601Z [  69% ] ^[[90m^[[1m_update_scan_actions^[[22m | idle-144.png^[[39m^[[0m
Godot gates (analyzer)	Import the project	2026-10-04T03:53:29.2590937Z [  69% ] ^[[90m^[[1m_update_scan_actions^[[22m | idle-156.png^[[39m^[[0m
Godot gates (analyzer)	Import the project	2026-10-04T03:53:29.2591283Z [  69% ] ^[[90m^[[1m_update_scan_actions^[[22m | idle-168.png^[[39m^[[0m
Godot gates (analyzer)	Import the project	2026-10-04T03:53:29.2591621Z [  69% ] ^[[90m^[[1m_update_scan_actions^[[22m | idle-180.png^[[39m^[[0m
Godot gates (analyzer)	Import the project	2026-10-04T03:53:29.2591959Z [  70% ] ^[[90m^[[1m_update_scan_actions^[[22m | idle-192.png^[[39m^[[0m
Godot gates (analyzer)	Import the project	2026-10-04T03:53:29.2592475Z [  70% ] ^[[90m^[[1m_update_scan_actions^[[22m | idle-204.png^[[39m^[[0m
Godot gates (analyzer)	Import the project	2026-10-04T03:53:29.2592997Z [  70% ] ^[[90m^[[1m_update_scan_actions^[[22m | idle-216.png^[[39m^[[0m
Godot gates (analyzer)	Import the project	2026-10-04T03:53:29.2593497Z [  70% ] ^[[90m^[[1m_update_scan_actions^[[22m | idle-228.png^[[39m^[[0m
Godot gates (analyzer)	Import the project	2026-10-04T03:53:29.2593833Z [  70% ] ^[[90m^[[1m_update_scan_actions^[[22m | idle-240.png^[[39m^[[0m
Godot gates (analyzer)	Import the project	2026-10-04T03:53:29.2594170Z [  70% ] ^[[90m^[[1m_update_scan_actions^[[22m | walk-00.png^[[39m^[[0m
Godot gates (analyzer)	Import the project	2026-10-04T03:53:29.2594506Z [  70% ] ^[[90m^[[1m_update_scan_actions^[[22m | walk-12.png^[[39m^[[0m
Godot gates (analyzer)	Import the project	2026-10-04T03:53:29.2594835Z [  70% ] ^[[90m^[[1m_update_scan_actions^[[22m | walk-24.png^[[39m^[[0m
Godot gates (analyzer)	Import the project	2026-10-04T03:53:29.2595168Z [  71% ] ^[[90m^[[1m_update_scan_actions^[[22m | walk-36.png^[[39m^[[0m
Godot gates (analyzer)	Import the project	2026-10-04T03:53:29.2595497Z [  71% ] ^[[90m^[[1m_update_scan_actions^[[22m | walk-48.png^[[39m^[[0m
Godot gates (analyzer)	Import the project	2026-10-04T03:53:29.2595829Z [  71% ] ^[[90m^[[1m_update_scan_actions^[[22m | walk-60.png^[[39m^[[0m
Godot gates (analyzer)	Import the project	2026-10-04T03:53:29.2596163Z [  71% ] ^[[90m^[[1m_update_scan_actions^[[22m | blend-0.png^[[39m^[[0m
Godot gates (analyzer)	Import the project	2026-10-04T03:53:29.2596504Z [  71% ] ^[[90m^[[1m_update_scan_actions^[[22m | blend-1.png^[[39m^[[0m
Godot gates (analyzer)	Import the project	2026-10-04T03:53:29.2596838Z [  71% ] ^[[90m^[[1m_update_scan_actions^[[22m | blend-6.png^[[39m^[[0m
Godot gates (analyzer)	Import the project	2026-10-04T03:53:29.2597192Z [  71% ] ^[[90m^[[1m_update_scan_actions^[[22m | crouch-00.png^[[39m^[[0m
Godot gates (analyzer)	Import the project	2026-10-04T03:53:29.2597533Z [  71% ] ^[[90m^[[1m_update_scan_actions^[[22m | crouch-12.png^[[39m^[[0m
Godot gates (analyzer)	Import the project	2026-10-04T03:53:29.2597880Z [  72% ] ^[[90m^[[1m_update_scan_actions^[[22m | crouch-24.png^[[39m^[[0m
Godot gates (analyzer)	Import the project	2026-10-04T03:53:29.2598223Z [  72% ] ^[[90m^[[1m_update_scan_actions^[[22m | crouch-36.png^[[39m^[[0m
Godot gates (analyzer)	Import the project	2026-10-04T03:53:29.2598561Z [  72% ] ^[[90m^[[1m_update_scan_actions^[[22m | crouch-48.png^[[39m^[[0m
Godot gates (analyzer)	Import the project	2026-10-04T03:53:29.2598907Z [  72% ] ^[[90m^[[1m_update_scan_actions^[[22m | crouch-60.png^[[39m^[[0m
Godot gates (analyzer)	Import the project	2026-10-04T03:53:29.2599258Z [  72% ] ^[[90m^[[1m_update_scan_actions^[[22m | hammer-00.png^[[39m^[[0m
Godot gates (analyzer)	Import the project	2026-10-04T03:53:29.2599596Z [  72% ] ^[[90m^[[1m_update_scan_actions^[[22m | hammer-12.png^[[39m^[[0m
Godot gates (analyzer)	Import the project	2026-10-04T03:53:29.2599946Z [  72% ] ^[[90m^[[1m_update_scan_actions^[[22m | hammer-24.png^[[39m^[[0m
Godot gates (analyzer)	Import the project	2026-10-04T03:53:29.2600292Z [  72% ] ^[[90m^[[1m_update_scan_actions^[[22m | hammer-36.png^[[39m^[[0m
Godot gates (analyzer)	Import the project	2026-10-04T03:53:29.2600630Z [  73% ] ^[[90m^[[1m_update_scan_actions^[[22m | hammer-48.png^[[39m^[[0m
Godot gates (analyzer)	Import the project	2026-10-04T03:53:29.2600984Z [  73% ] ^[[90m^[[1m_update_scan_actions^[[22m | hammer-60.png^[[39m^[[0m
Godot gates (analyzer)	Import the project	2026-10-04T03:53:29.2601336Z [  73% ] ^[[90m^[[1m_update_scan_actions^[[22m | hammer-72.png^[[39m^[[0m
Godot gates (analyzer)	Import the project	2026-10-04T03:53:29.2601675Z [  73% ] ^[[90m^[[1m_update_scan_actions^[[22m | hammer-84.png^[[39m^[[0m
Godot gates (analyzer)	Import the project	2026-10-04T03:53:29.2602022Z [  73% ] ^[[90m^[[1m_update_scan_actions^[[22m | hammer-96.png^[[39m^[[0m
Godot gates (analyzer)	Import the project	2026-10-04T03:53:29.2602390Z [  73% ] ^[[90m^[[1m_update_scan_actions^[[22m | hammer-108.png^[[39m^[[0m
Godot gates (analyzer)	Import the project	2026-10-04T03:53:29.2602725Z [  73% ] ^[[90m^[[1m_update_scan_actions^[[22m | idle-00.png^[[39m^[[0m
Godot gates (analyzer)	Import the project	2026-10-04T03:53:29.2603235Z [  73% ] ^[[90m^[[1m_update_scan_actions^[[22m | idle-12.png^[[39m^[[0m
Godot gates (analyzer)	Import the project	2026-10-04T03:53:29.2603574Z [  74% ] ^[[90m^[[1m_update_scan_actions^[[22m | idle-24.png^[[39m^[[0m
Godot gates (analyzer)	Import the project	2026-10-04T03:53:29.2603912Z [  74% ] ^[[90m^[[1m_update_scan_actions^[[22m | idle-36.png^[[39m^[[0m
Godot gates (analyzer)	Import the project	2026-10-04T03:53:29.2604245Z [  74% ] ^[[90m^[[1m_update_scan_actions^[[22m | idle-48.png^[[39m^[[0m
Godot gates (analyzer)	Import the project	2026-10-04T03:53:29.2604578Z [  74% ] ^[[90m^[[1m_update_scan_actions^[[22m | idle-60.png^[[39m^[[0m
Godot gates (analyzer)	Import the project	2026-10-04T03:53:29.2604913Z [  74% ] ^[[90m^[[1m_update_scan_actions^[[22m | idle-72.png^[[39m^[[0m
Godot gates (analyzer)	Import the project	2026-10-04T03:53:29.2605243Z [  74% ] ^[[90m^[[1m_update_scan_actions^[[22m | idle-84.png^[[39m^[[0m
Godot gates (analyzer)	Import the project	2026-10-04T03:53:29.2605570Z [  74% ] ^[[90m^[[1m_update_scan_actions^[[22m | idle-96.png^[[39m^[[0m
Godot gates (analyzer)	Import the project	2026-10-04T03:53:29.2605913Z [  74% ] ^[[90m^[[1m_update_scan_actions^[[22m | idle-108.png^[[39m^[[0m
Godot gates (analyzer)	Import the project	2026-10-04T03:53:29.2606255Z [  75% ] ^[[90m^[[1m_update_scan_actions^[[22m | idle-120.png^[[39m^[[0m
Godot gates (analyzer)	Import the project	2026-10-04T03:53:29.2606588Z [  75% ] ^[[90m^[[1m_update_scan_actions^[[22m | idle-132.png^[[39m^[[0m
Godot gates (analyzer)	Import the project	2026-10-04T03:53:29.2606935Z [  75% ] ^[[90m^[[1m_update_scan_actions^[[22m | idle-144.png^[[39m^[[0m
Godot gates (analyzer)	Import the project	2026-10-04T03:53:29.2607427Z [  75% ] ^[[90m^[[1m_update_scan_actions^[[22m | idle-156.png^[[39m^[[0m
Godot gates (analyzer)	Import the project	2026-10-04T03:53:29.2607760Z [  75% ] ^[[90m^[[1m_update_scan_actions^[[22m | idle-168.png^[[39m^[[0m
Godot gates (analyzer)	Import the project	2026-10-04T03:53:29.2608097Z [  75% ] ^[[90m^[[1m_update_scan_actions^[[22m | idle-180.png^[[39m^[[0m
Godot gates (analyzer)	Import the project	2026-10-04T03:53:29.2608570Z [  75% ] ^[[90m^[[1m_update_scan_actions^[[22m | idle-192.png^[[39m^[[0m
Godot gates (analyzer)	Import the project	2026-10-04T03:53:29.2608912Z [  75% ] ^[[90m^[[1m_update_scan_actions^[[22m | idle-204.png^[[39m^[[0m
Godot gates (analyzer)	Import the project	2026-10-04T03:53:29.2623720Z [  76% ] ^[[90m^[[1m_update_scan_actions^[[22m | idle-216.png^[[39m^[[0m
Godot gates (analyzer)	Import the project	2026-10-04T03:53:29.2653908Z [  76% ] ^[[90m^[[1m_update_scan_actions^[[22m | idle-228.png^[[39m^[[0m
Godot gates (analyzer)	Import the project	2026-10-04T03:53:29.2654296Z [  76% ] ^[[90m^[[1m_update_scan_actions^[[22m | idle-240.png^[[39m^[[0m
Godot gates (analyzer)	Import the project	2026-10-04T03:53:29.2654632Z [  76% ] ^[[90m^[[1m_update_scan_actions^[[22m | walk-00.png^[[39m^[[0m
Godot gates (analyzer)	Import the project	2026-10-04T03:53:29.2654967Z [  76% ] ^[[90m^[[1m_update_scan_actions^[[22m | walk-12.png^[[39m^[[0m
Godot gates (analyzer)	Import the project	2026-10-04T03:53:29.2655301Z [  76% ] ^[[90m^[[1m_update_scan_actions^[[22m | walk-24.png^[[39m^[[0m
Godot gates (analyzer)	Import the project	2026-10-04T03:53:29.2655638Z [  76% ] ^[[90m^[[1m_update_scan_actions^[[22m | walk-36.png^[[39m^[[0m
Godot gates (analyzer)	Import the project	2026-10-04T03:53:29.2655973Z [  76% ] ^[[90m^[[1m_update_scan_actions^[[22m | walk-48.png^[[39m^[[0m
Godot gates (analyzer)	Import the project	2026-10-04T03:53:29.2656304Z [  77% ] ^[[90m^[[1m_update_scan_actions^[[22m | walk-60.png^[[39m^[[0m
Godot gates (analyzer)	Import the project	2026-10-04T03:53:29.2656748Z [  77% ] ^[[90m^[[1m_update_scan_actions^[[22m | heavy_hammer_swing-000.png^[[39m^[[0m
Godot gates (analyzer)	Import the project	2026-10-04T03:53:29.2657186Z [  77% ] ^[[90m^[[1m_update_scan_actions^[[22m | heavy_hammer_swing-006.png^[[39m^[[0m
Godot gates (analyzer)	Import the project	2026-10-04T03:53:29.2657610Z [  77% ] ^[[90m^[[1m_update_scan_actions^[[22m | heavy_hammer_swing-012.png^[[39m^[[0m
Godot gates (analyzer)	Import the project	2026-10-04T03:53:29.2658036Z [  77% ] ^[[90m^[[1m_update_scan_actions^[[22m | heavy_hammer_swing-018.png^[[39m^[[0m
Godot gates (analyzer)	Import the project	2026-10-04T03:53:29.2658464Z [  77% ] ^[[90m^[[1m_update_scan_actions^[[22m | heavy_hammer_swing-024.png^[[39m^[[0m
Godot gates (analyzer)	Import the project	2026-10-04T03:53:29.2658886Z [  77% ] ^[[90m^[[1m_update_scan_actions^[[22m | heavy_hammer_swing-030.png^[[39m^[[0m
Godot gates (analyzer)	Import the project	2026-10-04T03:53:29.2659319Z [  77% ] ^[[90m^[[1m_update_scan_actions^[[22m | heavy_hammer_swing-036.png^[[39m^[[0m
Godot gates (analyzer)	Import the project	2026-10-04T03:53:29.2659744Z [  78% ] ^[[90m^[[1m_update_scan_actions^[[22m | heavy_hammer_swing-042.png^[[39m^[[0m
Godot gates (analyzer)	Import the project	2026-10-04T03:53:29.2660159Z [  78% ] ^[[90m^[[1m_update_scan_actions^[[22m | heavy_hammer_swing-048.png^[[39m^[[0m
Godot gates (analyzer)	Import the project	2026-10-04T03:53:29.2660589Z [  78% ] ^[[90m^[[1m_update_scan_actions^[[22m | heavy_hammer_swing-054.png^[[39m^[[0m
Godot gates (analyzer)	Import the project	2026-10-04T03:53:29.2661017Z [  78% ] ^[[90m^[[1m_update_scan_actions^[[22m | heavy_hammer_swing-057.png^[[39m^[[0m
Godot gates (analyzer)	Import the project	2026-10-04T03:53:29.2661355Z [  78% ] ^[[90m^[[1m_update_scan_actions^[[22m | idle-000.png^[[39m^[[0m
Godot gates (analyzer)	Import the project	2026-10-04T03:53:29.2661694Z [  78% ] ^[[90m^[[1m_update_scan_actions^[[22m | idle-006.png^[[39m^[[0m
Godot gates (analyzer)	Import the project	2026-10-04T03:53:29.2662037Z [  78% ] ^[[90m^[[1m_update_scan_actions^[[22m | idle-012.png^[[39m^[[0m
Godot gates (analyzer)	Import the project	2026-10-04T03:53:29.2662369Z [  78% ] ^[[90m^[[1m_update_scan_actions^[[22m | idle-018.png^[[39m^[[0m
Godot gates (analyzer)	Import the project	2026-10-04T03:53:29.2662710Z [  79% ] ^[[90m^[[1m_update_scan_actions^[[22m | idle-024.png^[[39m^[[0m
Godot gates (analyzer)	Import the project	2026-10-04T03:53:29.2663254Z [  79% ] ^[[90m^[[1m_update_scan_actions^[[22m | idle-030.png^[[39m^[[0m
Godot gates (analyzer)	Import the project	2026-10-04T03:53:29.2663591Z [  79% ] ^[[90m^[[1m_update_scan_actions^[[22m | idle-036.png^[[39m^[[0m
Godot gates (analyzer)	Import the project	2026-10-04T03:53:29.2663928Z [  79% ] ^[[90m^[[1m_update_scan_actions^[[22m | idle-042.png^[[39m^[[0m
Godot gates (analyzer)	Import the project	2026-10-04T03:53:29.2664274Z [  79% ] ^[[90m^[[1m_update_scan_actions^[[22m | idle-048.png^[[39m^[[0m
Godot gates (analyzer)	Import the project	2026-10-04T03:53:29.2664605Z [  79% ] ^[[90m^[[1m_update_scan_actions^[[22m | idle-054.png^[[39m^[[0m
Godot gates (analyzer)	Import the project	2026-10-04T03:53:29.2664944Z [  79% ] ^[[90m^[[1m_update_scan_actions^[[22m | idle-060.png^[[39m^[[0m
Godot gates (analyzer)	Import the project	2026-10-04T03:53:29.2665275Z [  79% ] ^[[90m^[[1m_update_scan_actions^[[22m | idle-066.png^[[39m^[[0m
Godot gates (analyzer)	Import the project	2026-10-04T03:53:29.2665613Z [  80% ] ^[[90m^[[1m_update_scan_actions^[[22m | idle-072.png^[[39m^[[0m
Godot gates (analyzer)	Import the project	2026-10-04T03:53:29.2665949Z [  80% ] ^[[90m^[[1m_update_scan_actions^[[22m | idle-078.png^[[39m^[[0m
Godot gates (analyzer)	Import the project	2026-10-04T03:53:29.2666279Z [  80% ] ^[[90m^[[1m_update_scan_actions^[[22m | idle-084.png^[[39m^[[0m
Godot gates (analyzer)	Import the project	2026-10-04T03:53:29.2666622Z [  80% ] ^[[90m^[[1m_update_scan_actions^[[22m | idle-090.png^[[39m^[[0m
Godot gates (analyzer)	Import the project	2026-10-04T03:53:29.2667145Z [  80% ] ^[[90m^[[1m_update_scan_actions^[[22m | idle-096.png^[[39m^[[0m
Godot gates (analyzer)	Import the project	2026-10-04T03:53:29.2667476Z [  80% ] ^[[90m^[[1m_update_scan_actions^[[22m | idle-102.png^[[39m^[[0m
Godot gates (analyzer)	Import the project	2026-10-04T03:53:29.2667948Z [  80% ] ^[[90m^[[1m_update_scan_actions^[[22m | idle-108.png^[[39m^[[0m
Godot gates (analyzer)	Import the project	2026-10-04T03:53:29.2668288Z [  80% ] ^[[90m^[[1m_update_scan_actions^[[22m | idle-114.png^[[39m^[[0m
Godot gates (analyzer)	Import the project	2026-10-04T03:53:29.2668622Z [  81% ] ^[[90m^[[1m_update_scan_actions^[[22m | idle-120.png^[[39m^[[0m
Godot gates (analyzer)	Import the project	2026-10-04T03:53:29.2668956Z [  81% ] ^[[90m^[[1m_update_scan_actions^[[22m | idle-121.png^[[39m^[[0m
Godot gates (analyzer)	Import the project	2026-10-04T03:53:29.2669293Z [  81% ] ^[[90m^[[1m_update_scan_actions^[[22m | walk-000.png^[[39m^[[0m
Godot gates (analyzer)	Import the project	2026-10-04T03:53:29.2669624Z [  81% ] ^[[90m^[[1m_update_scan_actions^[[22m | walk-006.png^[[39m^[[0m
Godot gates (analyzer)	Import the project	2026-10-04T03:53:29.2669964Z [  81% ] ^[[90m^[[1m_update_scan_actions^[[22m | walk-012.png^[[39m^[[0m
Godot gates (analyzer)	Import the project	2026-10-04T03:53:29.2670303Z [  81% ] ^[[90m^[[1m_update_scan_actions^[[22m | walk-018.png^[[39m^[[0m
Godot gates (analyzer)	Import the project	2026-10-04T03:53:29.2670640Z [  81% ] ^[[90m^[[1m_update_scan_actions^[[22m | walk-024.png^[[39m^[[0m
Godot gates (analyzer)	Import the project	2026-10-04T03:53:29.2670977Z [  81% ] ^[[90m^[[1m_update_scan_actions^[[22m | walk-030.png^[[39m^[[0m
Godot gates (analyzer)	Import the project	2026-10-04T03:53:29.2671307Z [  82% ] ^[[90m^[[1m_update_scan_actions^[[22m | walk-033.png^[[39m^[[0m
Godot gates (analyzer)	Import the project	2026-10-04T03:53:29.2671761Z [  82% ] ^[[90m^[[1m_update_scan_actions^[[22m | hand-local-projections.png^[[39m^[[0m
Godot gates (analyzer)	Import the project	2026-10-04T03:53:29.2672108Z [  82% ] ^[[90m^[[1m_update_scan_actions^[[22m | blend-0.png^[[39m^[[0m
Godot gates (analyzer)	Import the project	2026-10-04T03:53:29.2672440Z [  82% ] ^[[90m^[[1m_update_scan_actions^[[22m | blend-1.png^[[39m^[[0m
Godot gates (analyzer)	Import the project	2026-10-04T03:53:29.2672775Z [  82% ] ^[[90m^[[1m_update_scan_actions^[[22m | blend-6.png^[[39m^[[0m
Godot gates (analyzer)	Import the project	2026-10-04T03:53:29.2673312Z [  82% ] ^[[90m^[[1m_update_scan_actions^[[22m | crouch-00.png^[[39m^[[0m
Godot gates (analyzer)	Import the project	2026-10-04T03:53:29.2673665Z [  82% ] ^[[90m^[[1m_update_scan_actions^[[22m | crouch-12.png^[[39m^[[0m
Godot gates (analyzer)	Import the project	2026-10-04T03:53:29.2674017Z [  82% ] ^[[90m^[[1m_update_scan_actions^[[22m | crouch-24.png^[[39m^[[0m
Godot gates (analyzer)	Import the project	2026-10-04T03:53:29.2674366Z [  83% ] ^[[90m^[[1m_update_scan_actions^[[22m | crouch-36.png^[[39m^[[0m
Godot gates (analyzer)	Import the project	2026-10-04T03:53:29.2674713Z [  83% ] ^[[90m^[[1m_update_scan_actions^[[22m | crouch-48.png^[[39m^[[0m
Godot gates (analyzer)	Import the project	2026-10-04T03:53:29.2675123Z [  83% ] ^[[90m^[[1m_update_scan_actions^[[22m | crouch-60.png^[[39m^[[0m
Godot gates (analyzer)	Import the project	2026-10-04T03:53:29.2675476Z [  83% ] ^[[90m^[[1m_update_scan_actions^[[22m | hammer-00.png^[[39m^[[0m
Godot gates (analyzer)	Import the project	2026-10-04T03:53:29.2675818Z [  83% ] ^[[90m^[[1m_update_scan_actions^[[22m | hammer-12.png^[[39m^[[0m
Godot gates (analyzer)	Import the project	2026-10-04T03:53:29.2676167Z [  83% ] ^[[90m^[[1m_update_scan_actions^[[22m | hammer-24.png^[[39m^[[0m
Godot gates (analyzer)	Import the project	2026-10-04T03:53:29.2676514Z [  83% ] ^[[90m^[[1m_update_scan_actions^[[22m | hammer-36.png^[[39m^[[0m
Godot gates (analyzer)	Import the project	2026-10-04T03:53:29.2676854Z [  83% ] ^[[90m^[[1m_update_scan_actions^[[22m | hammer-48.png^[[39m^[[0m
Godot gates (analyzer)	Import the project	2026-10-04T03:53:29.2677198Z [  84% ] ^[[90m^[[1m_update_scan_actions^[[22m | hammer-60.png^[[39m^[[0m
Godot gates (analyzer)	Import the project	2026-10-04T03:53:29.2677540Z [  84% ] ^[[90m^[[1m_update_scan_actions^[[22m | hammer-72.png^[[39m^[[0m
Godot gates (analyzer)	Import the project	2026-10-04T03:53:29.2677888Z [  84% ] ^[[90m^[[1m_update_scan_actions^[[22m | hammer-84.png^[[39m^[[0m
Godot gates (analyzer)	Import the project	2026-10-04T03:53:29.2678239Z [  84% ] ^[[90m^[[1m_update_scan_actions^[[22m | hammer-96.png^[[39m^[[0m
Godot gates (analyzer)	Import the project	2026-10-04T03:53:29.2678589Z [  84% ] ^[[90m^[[1m_update_scan_actions^[[22m | hammer-108.png^[[39m^[[0m
Godot gates (analyzer)	Import the project	2026-10-04T03:53:29.2678938Z [  84% ] ^[[90m^[[1m_update_scan_actions^[[22m | idle-00.png^[[39m^[[0m
Godot gates (analyzer)	Import the project	2026-10-04T03:53:29.2679283Z [  84% ] ^[[90m^[[1m_update_scan_actions^[[22m | idle-12.png^[[39m^[[0m
Godot gates (analyzer)	Import the project	2026-10-04T03:53:29.2679613Z [  84% ] ^[[90m^[[1m_update_scan_actions^[[22m | idle-24.png^[[39m^[[0m
Godot gates (analyzer)	Import the project	2026-10-04T03:53:29.2679947Z [  85% ] ^[[90m^[[1m_update_scan_actions^[[22m | idle-36.png^[[39m^[[0m
Godot gates (analyzer)	Import the project	2026-10-04T03:53:29.2680278Z [  85% ] ^[[90m^[[1m_update_scan_actions^[[22m | idle-48.png^[[39m^[[0m
Godot gates (analyzer)	Import the project	2026-10-04T03:53:29.2680608Z [  85% ] ^[[90m^[[1m_update_scan_actions^[[22m | idle-60.png^[[39m^[[0m
Godot gates (analyzer)	Import the project	2026-10-04T03:53:29.2680941Z [  85% ] ^[[90m^[[1m_update_scan_actions^[[22m | idle-72.png^[[39m^[[0m
Godot gates (analyzer)	Import the project	2026-10-04T03:53:29.2681276Z [  85% ] ^[[90m^[[1m_update_scan_actions^[[22m | idle-84.png^[[39m^[[0m
Godot gates (analyzer)	Import the project	2026-10-04T03:53:29.2681603Z [  85% ] ^[[90m^[[1m_update_scan_actions^[[22m | idle-96.png^[[39m^[[0m
Godot gates (analyzer)	Import the project	2026-10-04T03:53:29.2682139Z [  85% ] ^[[90m^[[1m_update_scan_actions^[[22m | idle-108.png^[[39m^[[0m
Godot gates (analyzer)	Import the project	2026-10-04T03:53:29.2682480Z [  85% ] ^[[90m^[[1m_update_scan_actions^[[22m | idle-120.png^[[39m^[[0m
Godot gates (analyzer)	Import the project	2026-10-04T03:53:29.2683105Z [  86% ] ^[[90m^[[1m_update_scan_actions^[[22m | idle-132.png^[[39m^[[0m
Godot gates (analyzer)	Import the project	2026-10-04T03:53:29.2683461Z [  86% ] ^[[90m^[[1m_update_scan_actions^[[22m | idle-144.png^[[39m^[[0m
Godot gates (analyzer)	Import the project	2026-10-04T03:53:29.2683795Z [  86% ] ^[[90m^[[1m_update_scan_actions^[[22m | idle-156.png^[[39m^[[0m
Godot gates (analyzer)	Import the project	2026-10-04T03:53:29.2684133Z [  86% ] ^[[90m^[[1m_update_scan_actions^[[22m | idle-168.png^[[39m^[[0m
Godot gates (analyzer)	Import the project	2026-10-04T03:53:29.2684470Z [  86% ] ^[[90m^[[1m_update_scan_actions^[[22m | idle-180.png^[[39m^[[0m
Godot gates (analyzer)	Import the project	2026-10-04T03:53:29.2684802Z [  86% ] ^[[90m^[[1m_update_scan_actions^[[22m | idle-192.png^[[39m^[[0m
Godot gates (analyzer)	Import the project	2026-10-04T03:53:29.2685144Z [  86% ] ^[[90m^[[1m_update_scan_actions^[[22m | idle-204.png^[[39m^[[0m
Godot gates (analyzer)	Import the project	2026-10-04T03:53:29.2685483Z [  86% ] ^[[90m^[[1m_update_scan_actions^[[22m | idle-216.png^[[39m^[[0m
Godot gates (analyzer)	Import the project	2026-10-04T03:53:29.2685820Z [  87% ] ^[[90m^[[1m_update_scan_actions^[[22m | idle-228.png^[[39m^[[0m
Godot gates (analyzer)	Import the project	2026-10-04T03:53:29.2686155Z [  87% ] ^[[90m^[[1m_update_scan_actions^[[22m | idle-240.png^[[39m^[[0m
Godot gates (analyzer)	Import the project	2026-10-04T03:53:29.2686498Z [  87% ] ^[[90m^[[1m_update_scan_actions^[[22m | walk-00.png^[[39m^[[0m
Godot gates (analyzer)	Import the project	2026-10-04T03:53:29.2686834Z [  87% ] ^[[90m^[[1m_update_scan_actions^[[22m | walk-12.png^[[39m^[[0m
Godot gates (analyzer)	Import the project	2026-10-04T03:53:29.2687169Z [  87% ] ^[[90m^[[1m_update_scan_actions^[[22m | walk-24.png^[[39m^[[0m
Godot gates (analyzer)	Import the project	2026-10-04T03:53:29.2687505Z [  87% ] ^[[90m^[[1m_update_scan_actions^[[22m | walk-36.png^[[39m^[[0m
Godot gates (analyzer)	Import the project	2026-10-04T03:53:29.2687832Z [  87% ] ^[[90m^[[1m_update_scan_actions^[[22m | walk-48.png^[[39m^[[0m
Godot gates (analyzer)	Import the project	2026-10-04T03:53:29.2688166Z [  87% ] ^[[90m^[[1m_update_scan_actions^[[22m | walk-60.png^[[39m^[[0m
Godot gates (analyzer)	Import the project	2026-10-04T03:53:29.2688594Z [  88% ] ^[[90m^[[1m_update_scan_actions^[[22m | NotoSerif-SemiBold.ttf^[[39m^[[0m
Godot gates (analyzer)	Import the project	2026-10-04T03:53:29.2688997Z [  88% ] ^[[90m^[[1m_update_scan_actions^[[22m | species_mole_48.svg^[[39m^[[0m
Godot gates (analyzer)	Import the project	2026-10-04T03:53:29.2689386Z [  88% ] ^[[90m^[[1m_update_scan_actions^[[22m | species_mole_64.svg^[[39m^[[0m
Godot gates (analyzer)	Import the project	2026-10-04T03:53:29.2689799Z [  88% ] ^[[90m^[[1m_update_scan_actions^[[22m | species_mouse_48.svg^[[39m^[[0m
Godot gates (analyzer)	Import the project	2026-10-04T03:53:29.2690192Z [  88% ] ^[[90m^[[1m_update_scan_actions^[[22m | species_mouse_64.svg^[[39m^[[0m
Godot gates (analyzer)	Import the project	2026-10-04T03:53:29.2690587Z [  88% ] ^[[90m^[[1m_update_scan_actions^[[22m | species_otter_48.svg^[[39m^[[0m
Godot gates (analyzer)	Import the project	2026-10-04T03:53:29.2690983Z [  88% ] ^[[90m^[[1m_update_scan_actions^[[22m | species_otter_64.svg^[[39m^[[0m
Godot gates (analyzer)	Import the project	2026-10-04T03:53:29.2691393Z [  88% ] ^[[90m^[[1m_update_scan_actions^[[22m | species_squirrel_48.svg^[[39m^[[0m
Godot gates (analyzer)	Import the project	2026-10-04T03:53:29.2691806Z [  89% ] ^[[90m^[[1m_update_scan_actions^[[22m | species_squirrel_64.svg^[[39m^[[0m
Godot gates (analyzer)	Import the project	2026-10-04T03:53:29.2692193Z [  89% ] ^[[90m^[[1m_update_scan_actions^[[22m | NotoSans-Bold.ttf^[[39m^[[0m
Godot gates (analyzer)	Import the project	2026-10-04T03:53:29.2692582Z [  89% ] ^[[90m^[[1m_update_scan_actions^[[22m | NotoSans-Medium.ttf^[[39m^[[0m
Godot gates (analyzer)	Import the project	2026-10-04T03:53:29.2693142Z [  89% ] ^[[90m^[[1m_update_scan_actions^[[22m | NotoSans-Regular.ttf^[[39m^[[0m
Godot gates (analyzer)	Import the project	2026-10-04T03:53:29.2693557Z [  89% ] ^[[90m^[[1m_update_scan_actions^[[22m | NotoSans-SemiBold.ttf^[[39m^[[0m
Godot gates (analyzer)	Import the project	2026-10-04T03:53:29.2694004Z [  89% ] ^[[90m^[[1m_update_scan_actions^[[22m | command_dock_corner_bl.svg^[[39m^[[0m
Godot gates (analyzer)	Import the project	2026-10-04T03:53:29.2694440Z [  89% ] ^[[90m^[[1m_update_scan_actions^[[22m | command_dock_corner_br.svg^[[39m^[[0m
Godot gates (analyzer)	Import the project	2026-10-04T03:53:29.2694870Z [  89% ] ^[[90m^[[1m_update_scan_actions^[[22m | command_dock_corner_tl.svg^[[39m^[[0m
Godot gates (analyzer)	Import the project	2026-10-04T03:53:29.2695302Z [  90% ] ^[[90m^[[1m_update_scan_actions^[[22m | command_dock_corner_tr.svg^[[39m^[[0m
Godot gates (analyzer)	Import the project	2026-10-04T03:53:29.2695755Z [  90% ] ^[[90m^[[1m_update_scan_actions^[[22m | command_dock_edge_bottom.svg^[[39m^[[0m
Godot gates (analyzer)	Import the project	2026-10-04T03:53:29.2696184Z [  90% ] ^[[90m^[[1m_update_scan_actions^[[22m | command_dock_edge_left.svg^[[39m^[[0m
Godot gates (analyzer)	Import the project	2026-10-04T03:53:29.2696626Z [  90% ] ^[[90m^[[1m_update_scan_actions^[[22m | command_dock_edge_right.svg^[[39m^[[0m
Godot gates (analyzer)	Import the project	2026-10-04T03:53:29.2697059Z [  90% ] ^[[90m^[[1m_update_scan_actions^[[22m | command_dock_edge_top.svg^[[39m^[[0m
Godot gates (analyzer)	Import the project	2026-10-04T03:53:29.2697460Z [  90% ] ^[[90m^[[1m_update_scan_actions^[[22m | journal_corner_bl.svg^[[39m^[[0m
Godot gates (analyzer)	Import the project	2026-10-04T03:53:29.2698085Z [  90% ] ^[[90m^[[1m_update_scan_actions^[[22m | journal_corner_br.svg^[[39m^[[0m
Godot gates (analyzer)	Import the project	2026-10-04T03:53:29.2698480Z [  90% ] ^[[90m^[[1m_update_scan_actions^[[22m | journal_corner_tl.svg^[[39m^[[0m
Godot gates (analyzer)	Import the project	2026-10-04T03:53:29.2699017Z [  91% ] ^[[90m^[[1m_update_scan_actions^[[22m | journal_corner_tr.svg^[[39m^[[0m
Godot gates (analyzer)	Import the project	2026-10-04T03:53:29.2699435Z [  91% ] ^[[90m^[[1m_update_scan_actions^[[22m | journal_edge_bottom.svg^[[39m^[[0m
Godot gates (analyzer)	Import the project	2026-10-04T03:53:29.2699835Z [  91% ] ^[[90m^[[1m_update_scan_actions^[[22m | journal_edge_left.svg^[[39m^[[0m
Godot gates (analyzer)	Import the project	2026-10-04T03:53:29.2701648Z [  91% ] ^[[90m^[[1m_update_scan_actions^[[22m | journal_edge_right.svg^[[39m^[[0m
Godot gates (analyzer)	Import the project	2026-10-04T03:53:29.2703723Z [  91% ] ^[[90m^[[1m_update_scan_actions^[[22m | journal_edge_top.svg^[[39m^[[0m
Godot gates (analyzer)	Import the project	2026-10-04T03:53:29.2705843Z [  91% ] ^[[90m^[[1m_update_scan_actions^[[22m | journal_ring.svg^[[39m^[[0m
Godot gates (analyzer)	Import the project	2026-10-04T03:53:29.2707929Z [  91% ] ^[[90m^[[1m_update_scan_actions^[[22m | journal_strap.svg^[[39m^[[0m
Godot gates (analyzer)	Import the project	2026-10-04T03:53:29.2710022Z [  91% ] ^[[90m^[[1m_update_scan_actions^[[22m | map_folio_corner_bl.svg^[[39m^[[0m
Godot gates (analyzer)	Import the project	2026-10-04T03:53:29.2712115Z [  92% ] ^[[90m^[[1m_update_scan_actions^[[22m | map_folio_corner_br.svg^[[39m^[[0m
Godot gates (analyzer)	Import the project	2026-10-04T03:53:29.2714291Z [  92% ] ^[[90m^[[1m_update_scan_actions^[[22m | map_folio_corner_tl.svg^[[39m^[[0m
Godot gates (analyzer)	Import the project	2026-10-04T03:53:29.2735594Z [  92% ] ^[[90m^[[1m_update_scan_actions^[[22m | map_folio_corner_tr.svg^[[39m^[[0m
Godot gates (analyzer)	Import the project	2026-10-04T03:53:29.2744092Z [  92% ] ^[[90m^[[1m_update_scan_actions^[[22m | map_folio_edge_bottom.svg^[[39m^[[0m
Godot gates (analyzer)	Import the project	2026-10-04T03:53:29.2744763Z [  92% ] ^[[90m^[[1m_update_scan_actions^[[22m | map_folio_edge_left.svg^[[39m^[[0m
Godot gates (analyzer)	Import the project	2026-10-04T03:53:29.2745220Z [  92% ] ^[[90m^[[1m_update_scan_actions^[[22m | map_folio_edge_right.svg^[[39m^[[0m
Godot gates (analyzer)	Import the project	2026-10-04T03:53:29.2745640Z [  92% ] ^[[90m^[[1m_update_scan_actions^[[22m | map_folio_edge_top.svg^[[39m^[[0m
Godot gates (analyzer)	Import the project	2026-10-04T03:53:29.2746078Z [  92% ] ^[[90m^[[1m_update_scan_actions^[[22m | resource_tray_corner_bl.svg^[[39m^[[0m
Godot gates (analyzer)	Import the project	2026-10-04T03:53:29.2746526Z [  93% ] ^[[90m^[[1m_update_scan_actions^[[22m | resource_tray_corner_br.svg^[[39m^[[0m
Godot gates (analyzer)	Import the project	2026-10-04T03:53:29.2746973Z [  93% ] ^[[90m^[[1m_update_scan_actions^[[22m | resource_tray_corner_tl.svg^[[39m^[[0m
Godot gates (analyzer)	Import the project	2026-10-04T03:53:29.2747398Z [  93% ] ^[[90m^[[1m_update_scan_actions^[[22m | resource_tray_corner_tr.svg^[[39m^[[0m
Godot gates (analyzer)	Import the project	2026-10-04T03:53:29.2747860Z [  93% ] ^[[90m^[[1m_update_scan_actions^[[22m | resource_tray_edge_bottom.svg^[[39m^[[0m
Godot gates (analyzer)	Import the project	2026-10-04T03:53:29.2748300Z [  93% ] ^[[90m^[[1m_update_scan_actions^[[22m | resource_tray_edge_left.svg^[[39m^[[0m
Godot gates (analyzer)	Import the project	2026-10-04T03:53:29.2748743Z [  93% ] ^[[90m^[[1m_update_scan_actions^[[22m | resource_tray_edge_right.svg^[[39m^[[0m
Godot gates (analyzer)	Import the project	2026-10-04T03:53:29.2749182Z [  93% ] ^[[90m^[[1m_update_scan_actions^[[22m | resource_tray_edge_top.svg^[[39m^[[0m
Godot gates (analyzer)	Import the project	2026-10-04T03:53:29.2749602Z [  93% ] ^[[90m^[[1m_update_scan_actions^[[22m | time_group_corner_bl.svg^[[39m^[[0m
Godot gates (analyzer)	Import the project	2026-10-04T03:53:29.2750033Z [  94% ] ^[[90m^[[1m_update_scan_actions^[[22m | time_group_corner_br.svg^[[39m^[[0m
Godot gates (analyzer)	Import the project	2026-10-04T03:53:29.2750452Z [  94% ] ^[[90m^[[1m_update_scan_actions^[[22m | time_group_corner_tl.svg^[[39m^[[0m
Godot gates (analyzer)	Import the project	2026-10-04T03:53:29.2750878Z [  94% ] ^[[90m^[[1m_update_scan_actions^[[22m | time_group_corner_tr.svg^[[39m^[[0m
Godot gates (analyzer)	Import the project	2026-10-04T03:53:29.2752481Z [  94% ] ^[[90m^[[1m_update_scan_actions^[[22m | time_group_edge_bottom.svg^[[39m^[[0m
Godot gates (analyzer)	Import the project	2026-10-04T03:53:29.2754857Z [  94% ] ^[[90m^[[1m_update_scan_actions^[[22m | time_group_edge_left.svg^[[39m^[[0m
Godot gates (analyzer)	Import the project	2026-10-04T03:53:29.2756955Z [  94% ] ^[[90m^[[1m_update_scan_actions^[[22m | time_group_edge_right.svg^[[39m^[[0m
Godot gates (analyzer)	Import the project	2026-10-04T03:53:29.2759014Z [  94% ] ^[[90m^[[1m_update_scan_actions^[[22m | time_group_edge_top.svg^[[39m^[[0m
Godot gates (analyzer)	Import the project	2026-10-04T03:53:29.2760951Z [  94% ] ^[[90m^[[1m_update_scan_actions^[[22m | beds.svg^[[39m^[[0m
Godot gates (analyzer)	Import the project	2026-10-04T03:53:29.2762978Z [  95% ] ^[[90m^[[1m_update_scan_actions^[[22m | brush.svg^[[39m^[[0m
Godot gates (analyzer)	Import the project	2026-10-04T03:53:29.2765168Z [  95% ] ^[[90m^[[1m_update_scan_actions^[[22m | build.svg^[[39m^[[0m
Godot gates (analyzer)	Import the project	2026-10-04T03:53:29.2767199Z [  95% ] ^[[90m^[[1m_update_scan_actions^[[22m | calendar.svg^[[39m^[[0m
Godot gates (analyzer)	Import the project	2026-10-04T03:53:29.2769171Z [  95% ] ^[[90m^[[1m_update_scan_actions^[[22m | cancel.svg^[[39m^[[0m
Godot gates (analyzer)	Import the project	2026-10-04T03:53:29.2771239Z [  95% ] ^[[90m^[[1m_update_scan_actions^[[22m | center_view.svg^[[39m^[[0m
Godot gates (analyzer)	Import the project	2026-10-04T03:53:29.2773219Z [  95% ] ^[[90m^[[1m_update_scan_actions^[[22m | check.svg^[[39m^[[0m
Godot gates (analyzer)	Import the project	2026-10-04T03:53:29.2775403Z [  95% ] ^[[90m^[[1m_update_scan_actions^[[22m | fuel.svg^[[39m^[[0m
Godot gates (analyzer)	Import the project	2026-10-04T03:53:29.2777388Z [  95% ] ^[[90m^[[1m_update_scan_actions^[[22m | ledger.svg^[[39m^[[0m
Godot gates (analyzer)	Import the project	2026-10-04T03:53:29.2779368Z [  96% ] ^[[90m^[[1m_update_scan_actions^[[22m | lock.svg^[[39m^[[0m
Godot gates (analyzer)	Import the project	2026-10-04T03:53:29.2781349Z [  96% ] ^[[90m^[[1m_update_scan_actions^[[22m | map.svg^[[39m^[[0m
Godot gates (analyzer)	Import the project	2026-10-04T03:53:29.2783381Z [  96% ] ^[[90m^[[1m_update_scan_actions^[[22m | menu.svg^[[39m^[[0m
Godot gates (analyzer)	Import the project	2026-10-04T03:53:29.2785405Z [  96% ] ^[[90m^[[1m_update_scan_actions^[[22m | pause.svg^[[39m^[[0m
Godot gates (analyzer)	Import the project	2026-10-04T03:53:29.2787334Z [  96% ] ^[[90m^[[1m_update_scan_actions^[[22m | provisions.svg^[[39m^[[0m
Godot gates (analyzer)	Import the project	2026-10-04T03:53:29.2789188Z [  96% ] ^[[90m^[[1m_update_scan_actions^[[22m | residents.svg^[[39m^[[0m
Godot gates (analyzer)	Import the project	2026-10-04T03:53:29.2791034Z [  96% ] ^[[90m^[[1m_update_scan_actions^[[22m | stone.svg^[[39m^[[0m
Godot gates (analyzer)	Import the project	2026-10-04T03:53:29.2793146Z [  96% ] ^[[90m^[[1m_update_scan_actions^[[22m | warning.svg^[[39m^[[0m
Godot gates (analyzer)	Import the project	2026-10-04T03:53:29.2795322Z [  97% ] ^[[90m^[[1m_update_scan_actions^[[22m | wood.svg^[[39m^[[0m
Godot gates (analyzer)	Import the project	2026-10-04T03:53:29.2797364Z [  97% ] ^[[90m^[[1m_update_scan_actions^[[22m | acorn.svg^[[39m^[[0m
Godot gates (analyzer)	Import the project	2026-10-04T03:53:29.2799401Z [  97% ] ^[[90m^[[1m_update_scan_actions^[[22m | binding_seam.svg^[[39m^[[0m
Godot gates (analyzer)	Import the project	2026-10-04T03:53:29.2801361Z [  97% ] ^[[90m^[[1m_update_scan_actions^[[22m | oak_leaf.svg^[[39m^[[0m
Godot gates (analyzer)	Import the project	2026-10-04T03:53:29.2803422Z [  97% ] ^[[90m^[[1m_update_scan_actions^[[22m | page_edge.svg^[[39m^[[0m
Godot gates (analyzer)	Import the project	2026-10-04T03:53:29.2805547Z [  97% ] ^[[90m^[[1m_update_scan_actions^[[22m | sprig.svg^[[39m^[[0m
Godot gates (analyzer)	Import the project	2026-10-04T03:53:29.2807552Z [  97% ] ^[[90m^[[1m_update_scan_actions^[[22m | cmd_build.svg^[[39m^[[0m
Godot gates (analyzer)	Import the project	2026-10-04T03:53:29.2809588Z [  97% ] ^[[90m^[[1m_update_scan_actions^[[22m | cmd_goals.svg^[[39m^[[0m
Godot gates (analyzer)	Import the project	2026-10-04T03:53:29.2811587Z [  98% ] ^[[90m^[[1m_update_scan_actions^[[22m | cmd_work.svg^[[39m^[[0m
Godot gates (analyzer)	Import the project	2026-10-04T03:53:29.2813569Z [  98% ] ^[[90m^[[1m_update_scan_actions^[[22m | cmd_zone.svg^[[39m^[[0m
Godot gates (analyzer)	Import the project	2026-10-04T03:53:29.2815782Z [  98% ] ^[[90m^[[1m_update_scan_actions^[[22m | res_beds.svg^[[39m^[[0m
Godot gates (analyzer)	Import the project	2026-10-04T03:53:29.2817826Z [  98% ] ^[[90m^[[1m_update_scan_actions^[[22m | res_food_ready.svg^[[39m^[[0m
Godot gates (analyzer)	Import the project	2026-10-04T03:53:29.2819778Z [  98% ] ^[[90m^[[1m_update_scan_actions^[[22m | res_fuel.svg^[[39m^[[0m
Godot gates (analyzer)	Import the project	2026-10-04T03:53:29.2821812Z [  98% ] ^[[90m^[[1m_update_scan_actions^[[22m | res_population.svg^[[39m^[[0m
Godot gates (analyzer)	Import the project	2026-10-04T03:53:29.2823960Z [  98% ] ^[[90m^[[1m_update_scan_actions^[[22m | res_stone.svg^[[39m^[[0m
Godot gates (analyzer)	Import the project	2026-10-04T03:53:29.2825923Z [  98% ] ^[[90m^[[1m_update_scan_actions^[[22m | res_wood.svg^[[39m^[[0m
Godot gates (analyzer)	Import the project	2026-10-04T03:53:29.2827918Z [  99% ] ^[[90m^[[1m_update_scan_actions^[[22m | build.svg^[[39m^[[0m
Godot gates (analyzer)	Import the project	2026-10-04T03:53:29.2829888Z [  99% ] ^[[90m^[[1m_update_scan_actions^[[22m | food.svg^[[39m^[[0m
Godot gates (analyzer)	Import the project	2026-10-04T03:53:29.2831871Z [  99% ] ^[[90m^[[1m_update_scan_actions^[[22m | goals.svg^[[39m^[[0m
Godot gates (analyzer)	Import the project	2026-10-04T03:53:29.2834053Z [  99% ] ^[[90m^[[1m_update_scan_actions^[[22m | people.svg^[[39m^[[0m
Godot gates (analyzer)	Import the project	2026-10-04T03:53:29.2836017Z [  99% ] ^[[90m^[[1m_update_scan_actions^[[22m | work.svg^[[39m^[[0m
Godot gates (analyzer)	Import the project	2026-10-04T03:53:29.2837996Z [  99% ] ^[[90m^[[1m_update_scan_actions^[[22m | zone.svg^[[39m^[[0m
Godot gates (analyzer)	Import the project	2026-10-04T03:53:29.2839849Z [  99% ] ^[[90m^[[1m_update_scan_actions^[[22m | icon.svg^[[39m^[[0m
Godot gates (analyzer)	Import the project	2026-10-04T03:53:29.2840141Z ^[[92m[ DONE ]^[[39m ^[[1m_update_scan_actions^[[22m
Godot gates (analyzer)	Import the project	2026-10-04T03:53:29.2840298Z ^[[0m
Godot gates (analyzer)	Import the project	2026-10-04T03:53:29.2845644Z [   0% ] ^[[90m^[[1mreimport^[[22m | Started (Re)Importing Assets (801 steps)^[[39m^[[0m
Godot gates (analyzer)	Import the project	2026-10-04T03:53:29.2846056Z [   0% ] ^[[90m^[[1mreimport^[[22m | Preparing files to reimport...^[[39m^[[0m
Godot gates (analyzer)	Import the project	2026-10-04T03:53:29.2847553Z [   0% ] ^[[90m^[[1mreimport^[[22m | Preparing files to reimport...^[[39m^[[0m
Godot gates (analyzer)	Import the project	2026-10-04T03:53:29.2849421Z [   0% ] ^[[90m^[[1mreimport^[[22m | Preparing files to reimport...^[[39m^[[0m
Godot gates (analyzer)	Import the project	2026-10-04T03:53:29.2851168Z [   0% ] ^[[90m^[[1mreimport^[[22m | Preparing files to reimport...^[[39m^[[0m
Godot gates (analyzer)	Import the project	2026-10-04T03:53:29.2852952Z [   0% ] ^[[90m^[[1mreimport^[[22m | Preparing files to reimport...^[[39m^[[0m
Godot gates (analyzer)	Import the project	2026-10-04T03:53:29.2854968Z [   0% ] ^[[90m^[[1mreimport^[[22m | Preparing files to reimport...^[[39m^[[0m
Godot gates (analyzer)	Import the project	2026-10-04T03:53:29.2856655Z [   0% ] ^[[90m^[[1mreimport^[[22m | Preparing files to reimport...^[[39m^[[0m
Godot gates (analyzer)	Import the project	2026-10-04T03:53:29.2858339Z [   0% ] ^[[90m^[[1mreimport^[[22m | Preparing files to reimport...^[[39m^[[0m
Godot gates (analyzer)	Import the project	2026-10-04T03:53:29.2860337Z [   0% ] ^[[90m^[[1mreimport^[[22m | Preparing files to reimport...^[[39m^[[0m
Godot gates (analyzer)	Import the project	2026-10-04T03:53:29.2862195Z [   1% ] ^[[90m^[[1mreimport^[[22m | Preparing files to reimport...^[[39m^[[0m
Godot gates (analyzer)	Import the project	2026-10-04T03:53:29.2864328Z [   1% ] ^[[90m^[[1mreimport^[[22m | Preparing files to reimport...^[[39m^[[0m
Godot gates (analyzer)	Import the project	2026-10-04T03:53:29.2866247Z [   1% ] ^[[90m^[[1mreimport^[[22m | Preparing files to reimport...^[[39m^[[0m
Godot gates (analyzer)	Import the project	2026-10-04T03:53:29.2868200Z [   1% ] ^[[90m^[[1mreimport^[[22m | Preparing files to reimport...^[[39m^[[0m
Godot gates (analyzer)	Import the project	2026-10-04T03:53:29.2870108Z [   1% ] ^[[90m^[[1mreimport^[[22m | Preparing files to reimport...^[[39m^[[0m
Godot gates (analyzer)	Import the project	2026-10-04T03:53:29.2872003Z [   1% ] ^[[90m^[[1mreimport^[[22m | Preparing files to reimport...^[[39m^[[0m
Godot gates (analyzer)	Import the project	2026-10-04T03:53:29.2874129Z [   1% ] ^[[90m^[[1mreimport^[[22m | Preparing files to reimport...^[[39m^[[0m
Godot gates (analyzer)	Import the project	2026-10-04T03:53:29.2875967Z [   1% ] ^[[90m^[[1mreimport^[[22m | Preparing files to reimport...^[[39m^[[0m
Godot gates (analyzer)	Import the project	2026-10-04T03:53:29.2877835Z [   2% ] ^[[90m^[[1mreimport^[[22m | Preparing files to reimport...^[[39m^[[0m
Godot gates (analyzer)	Import the project	2026-10-04T03:53:29.2879702Z [   2% ] ^[[90m^[[1mreimport^[[22m | Preparing files to reimport...^[[39m^[[0m
Godot gates (analyzer)	Import the project	2026-10-04T03:53:29.2881565Z [   2% ] ^[[90m^[[1mreimport^[[22m | Preparing files to reimport...^[[39m^[[0m
Godot gates (analyzer)	Import the project	2026-10-04T03:53:29.2883492Z [   2% ] ^[[90m^[[1mreimport^[[22m | Preparing files to reimport...^[[39m^[[0m
Godot gates (analyzer)	Import the project	2026-10-04T03:53:29.2885591Z [   2% ] ^[[90m^[[1mreimport^[[22m | Preparing files to reimport...^[[39m^[[0m
Godot gates (analyzer)	Import the project	2026-10-04T03:53:29.2887455Z [   2% ] ^[[90m^[[1mreimport^[[22m | Preparing files to reimport...^[[39m^[[0m
Godot gates (analyzer)	Import the project	2026-10-04T03:53:29.2889376Z [   2% ] ^[[90m^[[1mreimport^[[22m | Preparing files to reimport...^[[39m^[[0m
Godot gates (analyzer)	Import the project	2026-10-04T03:53:29.2891259Z [   2% ] ^[[90m^[[1mreimport^[[22m | Preparing files to reimport...^[[39m^[[0m
Godot gates (analyzer)	Import the project	2026-10-04T03:53:29.2893131Z [   3% ] ^[[90m^[[1mreimport^[[22m | Preparing files to reimport...^[[39m^[[0m
Godot gates (analyzer)	Import the project	2026-10-04T03:53:29.2895197Z [   3% ] ^[[90m^[[1mreimport^[[22m | Preparing files to reimport...^[[39m^[[0m
Godot gates (analyzer)	Import the project	2026-10-04T03:53:29.2897078Z [   3% ] ^[[90m^[[1mreimport^[[22m | Preparing files to reimport...^[[39m^[[0m
Godot gates (analyzer)	Import the project	2026-10-04T03:53:29.2898954Z [   3% ] ^[[90m^[[1mreimport^[[22m | Preparing files to reimport...^[[39m^[[0m
Godot gates (analyzer)	Import the project	2026-10-04T03:53:29.2900845Z [   3% ] ^[[90m^[[1mreimport^[[22m | Preparing files to reimport...^[[39m^[[0m
Godot gates (analyzer)	Import the project	2026-10-04T03:53:29.2902733Z [   3% ] ^[[90m^[[1mreimport^[[22m | Preparing files to reimport...^[[39m^[[0m
Godot gates (analyzer)	Import the project	2026-10-04T03:53:29.2904840Z [   3% ] ^[[90m^[[1mreimport^[[22m | Preparing files to reimport...^[[39m^[[0m
Godot gates (analyzer)	Import the project	2026-10-04T03:53:29.2906709Z [   3% ] ^[[90m^[[1mreimport^[[22m | Preparing files to reimport...^[[39m^[[0m
Godot gates (analyzer)	Import the project	2026-10-04T03:53:29.2908558Z [   4% ] ^[[90m^[[1mreimport^[[22m | Preparing files to reimport...^[[39m^[[0m
Godot gates (analyzer)	Import the project	2026-10-04T03:53:29.2910451Z [   4% ] ^[[90m^[[1mreimport^[[22m | Preparing files to reimport...^[[39m^[[0m
Godot gates (analyzer)	Import the project	2026-10-04T03:53:29.2912296Z [   4% ] ^[[90m^[[1mreimport^[[22m | Preparing files to reimport...^[[39m^[[0m
Godot gates (analyzer)	Import the project	2026-10-04T03:53:29.2914305Z [   4% ] ^[[90m^[[1mreimport^[[22m | Preparing files to reimport...^[[39m^[[0m
Godot gates (analyzer)	Import the project	2026-10-04T03:53:29.2923185Z [   4% ] ^[[90m^[[1mreimport^[[22m | Preparing files to reimport...^[[39m^[[0m
Godot gates (analyzer)	Import the project	2026-10-04T03:53:29.2923679Z [   4% ] ^[[90m^[[1mreimport^[[22m | Preparing files to reimport...^[[39m^[[0m
Godot gates (analyzer)	Import the project	2026-10-04T03:53:29.2924074Z [   4% ] ^[[90m^[[1mreimport^[[22m | Preparing files to reimport...^[[39m^[[0m
Godot gates (analyzer)	Import the project	2026-10-04T03:53:29.2924459Z [   4% ] ^[[90m^[[1mreimport^[[22m | Preparing files to reimport...^[[39m^[[0m
Godot gates (analyzer)	Import the project	2026-10-04T03:53:29.2924840Z [   5% ] ^[[90m^[[1mreimport^[[22m | Preparing files to reimport...^[[39m^[[0m
Godot gates (analyzer)	Import the project	2026-10-04T03:53:29.2925541Z [   5% ] ^[[90m^[[1mreimport^[[22m | Preparing files to reimport...^[[39m^[[0m
Godot gates (analyzer)	Import the project	2026-10-04T03:53:29.2927556Z [   5% ] ^[[90m^[[1mreimport^[[22m | Preparing files to reimport...^[[39m^[[0m
Godot gates (analyzer)	Import the project	2026-10-04T03:53:29.2935027Z [   5% ] ^[[90m^[[1mreimport^[[22m | Preparing files to reimport...^[[39m^[[0m
Godot gates (analyzer)	Import the project	2026-10-04T03:53:29.2953935Z [   5% ] ^[[90m^[[1mreimport^[[22m | Preparing files to reimport...^[[39m^[[0m
Godot gates (analyzer)	Import the project	2026-10-04T03:53:29.2963954Z [   5% ] ^[[90m^[[1mreimport^[[22m | Preparing files to reimport...^[[39m^[[0m
Godot gates (analyzer)	Import the project	2026-10-04T03:53:29.2964992Z [   5% ] ^[[90m^[[1mreimport^[[22m | Preparing files to reimport...^[[39m^[[0m
Godot gates (analyzer)	Import the project	2026-10-04T03:53:29.2965589Z [   5% ] ^[[90m^[[1mreimport^[[22m | Preparing files to reimport...^[[39m^[[0m
Godot gates (analyzer)	Import the project	2026-10-04T03:53:29.2965984Z [   6% ] ^[[90m^[[1mreimport^[[22m | Preparing files to reimport...^[[39m^[[0m
Godot gates (analyzer)	Import the project	2026-10-04T03:53:29.2966369Z [   6% ] ^[[90m^[[1mreimport^[[22m | Preparing files to reimport...^[[39m^[[0m
Godot gates (analyzer)	Import the project	2026-10-04T03:53:29.2966754Z [   6% ] ^[[90m^[[1mreimport^[[22m | Preparing files to reimport...^[[39m^[[0m
Godot gates (analyzer)	Import the project	2026-10-04T03:53:29.2967129Z [   6% ] ^[[90m^[[1mreimport^[[22m | Preparing files to reimport...^[[39m^[[0m
Godot gates (analyzer)	Import the project	2026-10-04T03:53:29.2967513Z [   6% ] ^[[90m^[[1mreimport^[[22m | Preparing files to reimport...^[[39m^[[0m
Godot gates (analyzer)	Import the project	2026-10-04T03:53:29.2967890Z [   6% ] ^[[90m^[[1mreimport^[[22m | Preparing files to reimport...^[[39m^[[0m
Godot gates (analyzer)	Import the project	2026-10-04T03:53:29.2968288Z [   6% ] ^[[90m^[[1mreimport^[[22m | Preparing files to reimport...^[[39m^[[0m
Godot gates (analyzer)	Import the project	2026-10-04T03:53:29.2968674Z [   6% ] ^[[90m^[[1mreimport^[[22m | Preparing files to reimport...^[[39m^[[0m
Godot gates (analyzer)	Import the project	2026-10-04T03:53:29.2969058Z [   7% ] ^[[90m^[[1mreimport^[[22m | Preparing files to reimport...^[[39m^[[0m
Godot gates (analyzer)	Import the project	2026-10-04T03:53:29.2969441Z [   7% ] ^[[90m^[[1mreimport^[[22m | Preparing files to reimport...^[[39m^[[0m
Godot gates (analyzer)	Import the project	2026-10-04T03:53:29.2969822Z [   7% ] ^[[90m^[[1mreimport^[[22m | Preparing files to reimport...^[[39m^[[0m
Godot gates (analyzer)	Import the project	2026-10-04T03:53:29.2970201Z [   7% ] ^[[90m^[[1mreimport^[[22m | Preparing files to reimport...^[[39m^[[0m
Godot gates (analyzer)	Import the project	2026-10-04T03:53:29.2970584Z [   7% ] ^[[90m^[[1mreimport^[[22m | Preparing files to reimport...^[[39m^[[0m
Godot gates (analyzer)	Import the project	2026-10-04T03:53:29.2970978Z [   7% ] ^[[90m^[[1mreimport^[[22m | Preparing files to reimport...^[[39m^[[0m
Godot gates (analyzer)	Import the project	2026-10-04T03:53:29.2971356Z [   7% ] ^[[90m^[[1mreimport^[[22m | Preparing files to reimport...^[[39m^[[0m
Godot gates (analyzer)	Import the project	2026-10-04T03:53:29.2971739Z [   7% ] ^[[90m^[[1mreimport^[[22m | Preparing files to reimport...^[[39m^[[0m
Godot gates (analyzer)	Import the project	2026-10-04T03:53:29.2972137Z [   8% ] ^[[90m^[[1mreimport^[[22m | Preparing files to reimport...^[[39m^[[0m
Godot gates (analyzer)	Import the project	2026-10-04T03:53:29.2972526Z [   8% ] ^[[90m^[[1mreimport^[[22m | Preparing files to reimport...^[[39m^[[0m
Godot gates (analyzer)	Import the project	2026-10-04T03:53:29.2973092Z [   8% ] ^[[90m^[[1mreimport^[[22m | Preparing files to reimport...^[[39m^[[0m
Godot gates (analyzer)	Import the project	2026-10-04T03:53:29.2973485Z [   8% ] ^[[90m^[[1mreimport^[[22m | Preparing files to reimport...^[[39m^[[0m
Godot gates (analyzer)	Import the project	2026-10-04T03:53:29.2973867Z [   8% ] ^[[90m^[[1mreimport^[[22m | Preparing files to reimport...^[[39m^[[0m
Godot gates (analyzer)	Import the project	2026-10-04T03:53:29.2974256Z [   8% ] ^[[90m^[[1mreimport^[[22m | Preparing files to reimport...^[[39m^[[0m
Godot gates (analyzer)	Import the project	2026-10-04T03:53:29.2974638Z [   8% ] ^[[90m^[[1mreimport^[[22m | Preparing files to reimport...^[[39m^[[0m
Godot gates (analyzer)	Import the project	2026-10-04T03:53:29.2975065Z [   8% ] ^[[90m^[[1mreimport^[[22m | Preparing files to reimport...^[[39m^[[0m
Godot gates (analyzer)	Import the project	2026-10-04T03:53:29.2975456Z [   9% ] ^[[90m^[[1mreimport^[[22m | Preparing files to reimport...^[[39m^[[0m
Godot gates (analyzer)	Import the project	2026-10-04T03:53:29.2975839Z [   9% ] ^[[90m^[[1mreimport^[[22m | Preparing files to reimport...^[[39m^[[0m
Godot gates (analyzer)	Import the project	2026-10-04T03:53:29.2976224Z [   9% ] ^[[90m^[[1mreimport^[[22m | Preparing files to reimport...^[[39m^[[0m
Godot gates (analyzer)	Import the project	2026-10-04T03:53:29.2977078Z [   9% ] ^[[90m^[[1mreimport^[[22m | Preparing files to reimport...^[[39m^[[0m
Godot gates (analyzer)	Import the project	2026-10-04T03:53:29.2979105Z [   9% ] ^[[90m^[[1mreimport^[[22m | Preparing files to reimport...^[[39m^[[0m
Godot gates (analyzer)	Import the project	2026-10-04T03:53:29.2980944Z [   9% ] ^[[90m^[[1mreimport^[[22m | Preparing files to reimport...^[[39m^[[0m
Godot gates (analyzer)	Import the project	2026-10-04T03:53:29.2982843Z [   9% ] ^[[90m^[[1mreimport^[[22m | Preparing files to reimport...^[[39m^[[0m
Godot gates (analyzer)	Import the project	2026-10-04T03:53:29.2984999Z [   9% ] ^[[90m^[[1mreimport^[[22m | Preparing files to reimport...^[[39m^[[0m
Godot gates (analyzer)	Import the project	2026-10-04T03:53:29.2986851Z [  10% ] ^[[90m^[[1mreimport^[[22m | Preparing files to reimport...^[[39m^[[0m
Godot gates (analyzer)	Import the project	2026-10-04T03:53:29.2988746Z [  10% ] ^[[90m^[[1mreimport^[[22m | Preparing files to reimport...^[[39m^[[0m
Godot gates (analyzer)	Import the project	2026-10-04T03:53:29.2990617Z [  10% ] ^[[90m^[[1mreimport^[[22m | Preparing files to reimport...^[[39m^[[0m
Godot gates (analyzer)	Import the project	2026-10-04T03:53:29.2992498Z [  10% ] ^[[90m^[[1mreimport^[[22m | Preparing files to reimport...^[[39m^[[0m
Godot gates (analyzer)	Import the project	2026-10-04T03:53:29.2994612Z [  10% ] ^[[90m^[[1mreimport^[[22m | Preparing files to reimport...^[[39m^[[0m
Godot gates (analyzer)	Import the project	2026-10-04T03:53:29.2996459Z [  10% ] ^[[90m^[[1mreimport^[[22m | Preparing files to reimport...^[[39m^[[0m
Godot gates (analyzer)	Import the project	2026-10-04T03:53:29.2998465Z [  10% ] ^[[90m^[[1mreimport^[[22m | Preparing files to reimport...^[[39m^[[0m
Godot gates (analyzer)	Import the project	2026-10-04T03:53:29.3000312Z [  10% ] ^[[90m^[[1mreimport^[[22m | Preparing files to reimport...^[[39m^[[0m
Godot gates (analyzer)	Import the project	2026-10-04T03:53:29.3002199Z [  11% ] ^[[90m^[[1mreimport^[[22m | Preparing files to reimport...^[[39m^[[0m
Godot gates (analyzer)	Import the project	2026-10-04T03:53:29.3004363Z [  11% ] ^[[90m^[[1mreimport^[[22m | Preparing files to reimport...^[[39m^[[0m
Godot gates (analyzer)	Import the project	2026-10-04T03:53:29.3006217Z [  11% ] ^[[90m^[[1mreimport^[[22m | Preparing files to reimport...^[[39m^[[0m
Godot gates (analyzer)	Import the project	2026-10-04T03:53:29.3008059Z [  11% ] ^[[90m^[[1mreimport^[[22m | Preparing files to reimport...^[[39m^[[0m
Godot gates (analyzer)	Import the project	2026-10-04T03:53:29.3009929Z [  11% ] ^[[90m^[[1mreimport^[[22m | Preparing files to reimport...^[[39m^[[0m
Godot gates (analyzer)	Import the project	2026-10-04T03:53:29.3011852Z [  11% ] ^[[90m^[[1mreimport^[[22m | Preparing files to reimport...^[[39m^[[0m
Godot gates (analyzer)	Import the project	2026-10-04T03:53:29.3013877Z [  11% ] ^[[90m^[[1mreimport^[[22m | Preparing files to reimport...^[[39m^[[0m
Godot gates (analyzer)	Import the project	2026-10-04T03:53:29.3015698Z [  11% ] ^[[90m^[[1mreimport^[[22m | Preparing files to reimport...^[[39m^[[0m
Godot gates (analyzer)	Import the project	2026-10-04T03:53:29.3017697Z [  12% ] ^[[90m^[[1mreimport^[[22m | Preparing files to reimport...^[[39m^[[0m
Godot gates (analyzer)	Import the project	2026-10-04T03:53:29.3019509Z [  12% ] ^[[90m^[[1mreimport^[[22m | Preparing files to reimport...^[[39m^[[0m
Godot gates (analyzer)	Import the project	2026-10-04T03:53:29.3021375Z [  12% ] ^[[90m^[[1mreimport^[[22m | Preparing files to reimport...^[[39m^[[0m
Godot gates (analyzer)	Import the project	2026-10-04T03:53:29.3023260Z [  12% ] ^[[90m^[[1mreimport^[[22m | Preparing files to reimport...^[[39m^[[0m
Godot gates (analyzer)	Import the project	2026-10-04T03:53:29.3025324Z [  12% ] ^[[90m^[[1mreimport^[[22m | Preparing files to reimport...^[[39m^[[0m
Godot gates (analyzer)	Import the project	2026-10-04T03:53:29.3027189Z [  12% ] ^[[90m^[[1mreimport^[[22m | Preparing files to reimport...^[[39m^[[0m
Godot gates (analyzer)	Import the project	2026-10-04T03:53:29.3029060Z [  12% ] ^[[90m^[[1mreimport^[[22m | Preparing files to reimport...^[[39m^[[0m
Godot gates (analyzer)	Import the project	2026-10-04T03:53:29.3030927Z [  12% ] ^[[90m^[[1mreimport^[[22m | Preparing files to reimport...^[[39m^[[0m
Godot gates (analyzer)	Import the project	2026-10-04T03:53:29.3032842Z [  13% ] ^[[90m^[[1mreimport^[[22m | Preparing files to reimport...^[[39m^[[0m
Godot gates (analyzer)	Import the project	2026-10-04T03:53:29.3034944Z [  13% ] ^[[90m^[[1mreimport^[[22m | Preparing files to reimport...^[[39m^[[0m
Godot gates (analyzer)	Import the project	2026-10-04T03:53:29.3036828Z [  13% ] ^[[90m^[[1mreimport^[[22m | Preparing files to reimport...^[[39m^[[0m
Godot gates (analyzer)	Import the project	2026-10-04T03:53:29.3038717Z [  13% ] ^[[90m^[[1mreimport^[[22m | Preparing files to reimport...^[[39m^[[0m
Godot gates (analyzer)	Import the project	2026-10-04T03:53:29.3040555Z [  13% ] ^[[90m^[[1mreimport^[[22m | Preparing files to reimport...^[[39m^[[0m
Godot gates (analyzer)	Import the project	2026-10-04T03:53:29.3042400Z [  13% ] ^[[90m^[[1mreimport^[[22m | Preparing files to reimport...^[[39m^[[0m
Godot gates (analyzer)	Import the project	2026-10-04T03:53:29.3044534Z [  13% ] ^[[90m^[[1mreimport^[[22m | Preparing files to reimport...^[[39m^[[0m
Godot gates (analyzer)	Import the project	2026-10-04T03:53:29.3046367Z [  13% ] ^[[90m^[[1mreimport^[[22m | Preparing files to reimport...^[[39m^[[0m
Godot gates (analyzer)	Import the project	2026-10-04T03:53:29.3048247Z [  14% ] ^[[90m^[[1mreimport^[[22m | Preparing files to reimport...^[[39m^[[0m
Godot gates (analyzer)	Import the project	2026-10-04T03:53:29.3050104Z [  14% ] ^[[90m^[[1mreimport^[[22m | Preparing files to reimport...^[[39m^[[0m
Godot gates (analyzer)	Import the project	2026-10-04T03:53:29.3051989Z [  14% ] ^[[90m^[[1mreimport^[[22m | Preparing files to reimport...^[[39m^[[0m
Godot gates (analyzer)	Import the project	2026-10-04T03:53:29.3054109Z [  14% ] ^[[90m^[[1mreimport^[[22m | Preparing files to reimport...^[[39m^[[0m
Godot gates (analyzer)	Import the project	2026-10-04T03:53:29.3055921Z [  14% ] ^[[90m^[[1mreimport^[[22m | Preparing files to reimport...^[[39m^[[0m
Godot gates (analyzer)	Import the project	2026-10-04T03:53:29.3057785Z [  14% ] ^[[90m^[[1mreimport^[[22m | Preparing files to reimport...^[[39m^[[0m
Godot gates (analyzer)	Import the project	2026-10-04T03:53:29.3059611Z [  14% ] ^[[90m^[[1mreimport^[[22m | Preparing files to reimport...^[[39m^[[0m
Godot gates (analyzer)	Import the project	2026-10-04T03:53:29.3061465Z [  14% ] ^[[90m^[[1mreimport^[[22m | Preparing files to reimport...^[[39m^[[0m
Godot gates (analyzer)	Import the project	2026-10-04T03:53:29.3063416Z [  15% ] ^[[90m^[[1mreimport^[[22m | Preparing files to reimport...^[[39m^[[0m
Godot gates (analyzer)	Import the project	2026-10-04T03:53:29.3065470Z [  15% ] ^[[90m^[[1mreimport^[[22m | Preparing files to reimport...^[[39m^[[0m
Godot gates (analyzer)	Import the project	2026-10-04T03:53:29.3067370Z [  15% ] ^[[90m^[[1mreimport^[[22m | Preparing files to reimport...^[[39m^[[0m
Godot gates (analyzer)	Import the project	2026-10-04T03:53:29.3069298Z [  15% ] ^[[90m^[[1mreimport^[[22m | Preparing files to reimport...^[[39m^[[0m
Godot gates (analyzer)	Import the project	2026-10-04T03:53:29.3071137Z [  15% ] ^[[90m^[[1mreimport^[[22m | Preparing files to reimport...^[[39m^[[0m
Godot gates (analyzer)	Import the project	2026-10-04T03:53:29.3072986Z [  15% ] ^[[90m^[[1mreimport^[[22m | Preparing files to reimport...^[[39m^[[0m
Godot gates (analyzer)	Import the project	2026-10-04T03:53:29.3075168Z [  15% ] ^[[90m^[[1mreimport^[[22m | Preparing files to reimport...^[[39m^[[0m
Godot gates (analyzer)	Import the project	2026-10-04T03:53:29.3076952Z [  15% ] ^[[90m^[[1mreimport^[[22m | Preparing files to reimport...^[[39m^[[0m
Godot gates (analyzer)	Import the project	2026-10-04T03:53:29.3078827Z [  16% ] ^[[90m^[[1mreimport^[[22m | Preparing files to reimport...^[[39m^[[0m
Godot gates (analyzer)	Import the project	2026-10-04T03:53:29.3080721Z [  16% ] ^[[90m^[[1mreimport^[[22m | Preparing files to reimport...^[[39m^[[0m
Godot gates (analyzer)	Import the project	2026-10-04T03:53:29.3082622Z [  16% ] ^[[90m^[[1mreimport^[[22m | Preparing files to reimport...^[[39m^[[0m
Godot gates (analyzer)	Import the project	2026-10-04T03:53:29.3084729Z [  16% ] ^[[90m^[[1mreimport^[[22m | Preparing files to reimport...^[[39m^[[0m
Godot gates (analyzer)	Import the project	2026-10-04T03:53:29.3086562Z [  16% ] ^[[90m^[[1mreimport^[[22m | Preparing files to reimport...^[[39m^[[0m
Godot gates (analyzer)	Import the project	2026-10-04T03:53:29.3088424Z [  16% ] ^[[90m^[[1mreimport^[[22m | Preparing files to reimport...^[[39m^[[0m
Godot gates (analyzer)	Import the project	2026-10-04T03:53:29.3090282Z [  16% ] ^[[90m^[[1mreimport^[[22m | Preparing files to reimport...^[[39m^[[0m
Godot gates (analyzer)	Import the project	2026-10-04T03:53:29.3092106Z [  16% ] ^[[90m^[[1mreimport^[[22m | Preparing files to reimport...^[[39m^[[0m
Godot gates (analyzer)	Import the project	2026-10-04T03:53:29.3094249Z [  17% ] ^[[90m^[[1mreimport^[[22m | Preparing files to reimport...^[[39m^[[0m
Godot gates (analyzer)	Import the project	2026-10-04T03:53:29.3096141Z [  17% ] ^[[90m^[[1mreimport^[[22m | Preparing files to reimport...^[[39m^[[0m
Godot gates (analyzer)	Import the project	2026-10-04T03:53:29.3098066Z [  17% ] ^[[90m^[[1mreimport^[[22m | Preparing files to reimport...^[[39m^[[0m
Godot gates (analyzer)	Import the project	2026-10-04T03:53:29.3099977Z [  17% ] ^[[90m^[[1mreimport^[[22m | Preparing files to reimport...^[[39m^[[0m
Godot gates (analyzer)	Import the project	2026-10-04T03:53:29.3101903Z [  17% ] ^[[90m^[[1mreimport^[[22m | Preparing files to reimport...^[[39m^[[0m
Godot gates (analyzer)	Import the project	2026-10-04T03:53:29.3103962Z [  17% ] ^[[90m^[[1mreimport^[[22m | Preparing files to reimport...^[[39m^[[0m
Godot gates (analyzer)	Import the project	2026-10-04T03:53:29.3105792Z [  17% ] ^[[90m^[[1mreimport^[[22m | Preparing files to reimport...^[[39m^[[0m
Godot gates (analyzer)	Import the project	2026-10-04T03:53:29.3107671Z [  17% ] ^[[90m^[[1mreimport^[[22m | Preparing files to reimport...^[[39m^[[0m
Godot gates (analyzer)	Import the project	2026-10-04T03:53:29.3109510Z [  18% ] ^[[90m^[[1mreimport^[[22m | Preparing files to reimport...^[[39m^[[0m
Godot gates (analyzer)	Import the project	2026-10-04T03:53:29.3111387Z [  18% ] ^[[90m^[[1mreimport^[[22m | Preparing files to reimport...^[[39m^[[0m
Godot gates (analyzer)	Import the project	2026-10-04T03:53:29.3113299Z [  18% ] ^[[90m^[[1mreimport^[[22m | Preparing files to reimport...^[[39m^[[0m
Godot gates (analyzer)	Import the project	2026-10-04T03:53:29.3115287Z [  18% ] ^[[90m^[[1mreimport^[[22m | Preparing files to reimport...^[[39m^[[0m
Godot gates (analyzer)	Import the project	2026-10-04T03:53:29.3117079Z [  18% ] ^[[90m^[[1mreimport^[[22m | Preparing files to reimport...^[[39m^[[0m
Godot gates (analyzer)	Import the project	2026-10-04T03:53:29.3119177Z [  18% ] ^[[90m^[[1mreimport^[[22m | Preparing files to reimport...^[[39m^[[0m
Godot gates (analyzer)	Import the project	2026-10-04T03:53:29.3121019Z [  18% ] ^[[90m^[[1mreimport^[[22m | Preparing files to reimport...^[[39m^[[0m
Godot gates (analyzer)	Import the project	2026-10-04T03:53:29.3122850Z [  18% ] ^[[90m^[[1mreimport^[[22m | Preparing files to reimport...^[[39m^[[0m
Godot gates (analyzer)	Import the project	2026-10-04T03:53:29.3124937Z [  19% ] ^[[90m^[[1mreimport^[[22m | Preparing files to reimport...^[[39m^[[0m
Godot gates (analyzer)	Import the project	2026-10-04T03:53:29.3126787Z [  19% ] ^[[90m^[[1mreimport^[[22m | Preparing files to reimport...^[[39m^[[0m
Godot gates (analyzer)	Import the project	2026-10-04T03:53:29.3128638Z [  19% ] ^[[90m^[[1mreimport^[[22m | Preparing files to reimport...^[[39m^[[0m
Godot gates (analyzer)	Import the project	2026-10-04T03:53:29.3130513Z [  19% ] ^[[90m^[[1mreimport^[[22m | Preparing files to reimport...^[[39m^[[0m
Godot gates (analyzer)	Import the project	2026-10-04T03:53:29.3132390Z [  19% ] ^[[90m^[[1mreimport^[[22m | Preparing files to reimport...^[[39m^[[0m
Godot gates (analyzer)	Import the project	2026-10-04T03:53:29.3135013Z [  19% ] ^[[90m^[[1mreimport^[[22m | Preparing files to reimport...^[[39m^[[0m
Godot gates (analyzer)	Import the project	2026-10-04T03:53:29.3173856Z [  19% ] ^[[90m^[[1mreimport^[[22m | Preparing files to reimport...^[[39m^[[0m
Godot gates (analyzer)	Import the project	2026-10-04T03:53:29.3193497Z [  19% ] ^[[90m^[[1mreimport^[[22m | Preparing files to reimport...^[[39m^[[0m
Godot gates (analyzer)	Import the project	2026-10-04T03:53:29.3194453Z [  20% ] ^[[90m^[[1mreimport^[[22m | Preparing files to reimport...^[[39m^[[0m
Godot gates (analyzer)	Import the project	2026-10-04T03:53:29.3195389Z [  20% ] ^[[90m^[[1mreimport^[[22m | Preparing files to reimport...^[[39m^[[0m
Godot gates (analyzer)	Import the project	2026-10-04T03:53:29.3196392Z [  20% ] ^[[90m^[[1mreimport^[[22m | Preparing files to reimport...^[[39m^[[0m
Godot gates (analyzer)	Import the project	2026-10-04T03:53:29.3197590Z [  20% ] ^[[90m^[[1mreimport^[[22m | Preparing files to reimport...^[[39m^[[0m
Godot gates (analyzer)	Import the project	2026-10-04T03:53:29.3198502Z [  20% ] ^[[90m^[[1mreimport^[[22m | Preparing files to reimport...^[[39m^[[0m
Godot gates (analyzer)	Import the project	2026-10-04T03:53:29.3199401Z [  20% ] ^[[90m^[[1mreimport^[[22m | Preparing files to reimport...^[[39m^[[0m
Godot gates (analyzer)	Import the project	2026-10-04T03:53:29.3200524Z [  20% ] ^[[90m^[[1mreimport^[[22m | Preparing files to reimport...^[[39m^[[0m
Godot gates (analyzer)	Import the project	2026-10-04T03:53:29.3201455Z [  20% ] ^[[90m^[[1mreimport^[[22m | Preparing files to reimport...^[[39m^[[0m
Godot gates (analyzer)	Import the project	2026-10-04T03:53:29.3202360Z [  21% ] ^[[90m^[[1mreimport^[[22m | Preparing files to reimport...^[[39m^[[0m
Godot gates (analyzer)	Import the project	2026-10-04T03:53:29.3213729Z [  21% ] ^[[90m^[[1mreimport^[[22m | Preparing files to reimport...^[[39m^[[0m
Godot gates (analyzer)	Import the project	2026-10-04T03:53:29.3214722Z [  21% ] ^[[90m^[[1mreimport^[[22m | Preparing files to reimport...^[[39m^[[0m
Godot gates (analyzer)	Import the project	2026-10-04T03:53:29.3215641Z [  21% ] ^[[90m^[[1mreimport^[[22m | Preparing files to reimport...^[[39m^[[0m
Godot gates (analyzer)	Import the project	2026-10-04T03:53:29.3216535Z [  21% ] ^[[90m^[[1mreimport^[[22m | Preparing files to reimport...^[[39m^[[0m
Godot gates (analyzer)	Import the project	2026-10-04T03:53:29.3217442Z [  21% ] ^[[90m^[[1mreimport^[[22m | Preparing files to reimport...^[[39m^[[0m
Godot gates (analyzer)	Import the project	2026-10-04T03:53:29.3218335Z [  21% ] ^[[90m^[[1mreimport^[[22m | Preparing files to reimport...^[[39m^[[0m
Godot gates (analyzer)	Import the project	2026-10-04T03:53:29.3219445Z [  21% ] ^[[90m^[[1mreimport^[[22m | Preparing files to reimport...^[[39m^[[0m
Godot gates (analyzer)	Import the project	2026-10-04T03:53:29.3220342Z [  22% ] ^[[90m^[[1mreimport^[[22m | Preparing files to reimport...^[[39m^[[0m
Godot gates (analyzer)	Import the project	2026-10-04T03:53:29.3221223Z [  22% ] ^[[90m^[[1mreimport^[[22m | Preparing files to reimport...^[[39m^[[0m
Godot gates (analyzer)	Import the project	2026-10-04T03:53:29.3222111Z [  22% ] ^[[90m^[[1mreimport^[[22m | Preparing files to reimport...^[[39m^[[0m
Godot gates (analyzer)	Import the project	2026-10-04T03:53:29.3223237Z [  22% ] ^[[90m^[[1mreimport^[[22m | Preparing files to reimport...^[[39m^[[0m
Godot gates (analyzer)	Import the project	2026-10-04T03:53:29.3224308Z [  22% ] ^[[90m^[[1mreimport^[[22m | Preparing files to reimport...^[[39m^[[0m
Godot gates (analyzer)	Import the project	2026-10-04T03:53:29.3225211Z [  22% ] ^[[90m^[[1mreimport^[[22m | Preparing files to reimport...^[[39m^[[0m
Godot gates (analyzer)	Import the project	2026-10-04T03:53:29.3226097Z [  22% ] ^[[90m^[[1mreimport^[[22m | Preparing files to reimport...^[[39m^[[0m
Godot gates (analyzer)	Import the project	2026-10-04T03:53:29.3226997Z [  22% ] ^[[90m^[[1mreimport^[[22m | Preparing files to reimport...^[[39m^[[0m
Godot gates (analyzer)	Import the project	2026-10-04T03:53:29.3227875Z [  23% ] ^[[90m^[[1mreimport^[[22m | Preparing files to reimport...^[[39m^[[0m
Godot gates (analyzer)	Import the project	2026-10-04T03:53:29.3228765Z [  23% ] ^[[90m^[[1mreimport^[[22m | Preparing files to reimport...^[[39m^[[0m
Godot gates (analyzer)	Import the project	2026-10-04T03:53:29.3229690Z [  23% ] ^[[90m^[[1mreimport^[[22m | Preparing files to reimport...^[[39m^[[0m
Godot gates (analyzer)	Import the project	2026-10-04T03:53:29.3230586Z [  23% ] ^[[90m^[[1mreimport^[[22m | Preparing files to reimport...^[[39m^[[0m
Godot gates (analyzer)	Import the project	2026-10-04T03:53:29.3231481Z [  23% ] ^[[90m^[[1mreimport^[[22m | Preparing files to reimport...^[[39m^[[0m
Godot gates (analyzer)	Import the project	2026-10-04T03:53:29.3232369Z [  23% ] ^[[90m^[[1mreimport^[[22m | Preparing files to reimport...^[[39m^[[0m
Godot gates (analyzer)	Import the project	2026-10-04T03:53:29.3233508Z [  23% ] ^[[90m^[[1mreimport^[[22m | Preparing files to reimport...^[[39m^[[0m
Godot gates (analyzer)	Import the project	2026-10-04T03:53:29.3234419Z [  23% ] ^[[90m^[[1mreimport^[[22m | Preparing files to reimport...^[[39m^[[0m
Godot gates (analyzer)	Import the project	2026-10-04T03:53:29.3235306Z [  24% ] ^[[90m^[[1mreimport^[[22m | Preparing files to reimport...^[[39m^[[0m
Godot gates (analyzer)	Import the project	2026-10-04T03:53:29.3236207Z [  24% ] ^[[90m^[[1mreimport^[[22m | Preparing files to reimport...^[[39m^[[0m
Godot gates (analyzer)	Import the project	2026-10-04T03:53:29.3237109Z [  24% ] ^[[90m^[[1mreimport^[[22m | Preparing files to reimport...^[[39m^[[0m
Godot gates (analyzer)	Import the project	2026-10-04T03:53:29.3238024Z [  24% ] ^[[90m^[[1mreimport^[[22m | Preparing files to reimport...^[[39m^[[0m
Godot gates (analyzer)	Import the project	2026-10-04T03:53:29.3238898Z [  24% ] ^[[90m^[[1mreimport^[[22m | Preparing files to reimport...^[[39m^[[0m
Godot gates (analyzer)	Import the project	2026-10-04T03:53:29.3239785Z [  24% ] ^[[90m^[[1mreimport^[[22m | Preparing files to reimport...^[[39m^[[0m
Godot gates (analyzer)	Import the project	2026-10-04T03:53:29.3240660Z [  24% ] ^[[90m^[[1mreimport^[[22m | Preparing files to reimport...^[[39m^[[0m
Godot gates (analyzer)	Import the project	2026-10-04T03:53:29.3241548Z [  24% ] ^[[90m^[[1mreimport^[[22m | Preparing files to reimport...^[[39m^[[0m
Godot gates (analyzer)	Import the project	2026-10-04T03:53:29.3242435Z [  25% ] ^[[90m^[[1mreimport^[[22m | Preparing files to reimport...^[[39m^[[0m
Godot gates (analyzer)	Import the project	2026-10-04T03:53:29.3243579Z [  25% ] ^[[90m^[[1mreimport^[[22m | Preparing files to reimport...^[[39m^[[0m
Godot gates (analyzer)	Import the project	2026-10-04T03:53:29.3244467Z [  25% ] ^[[90m^[[1mreimport^[[22m | Preparing files to reimport...^[[39m^[[0m
Godot gates (analyzer)	Import the project	2026-10-04T03:53:29.3245590Z [  25% ] ^[[90m^[[1mreimport^[[22m | Preparing files to reimport...^[[39m^[[0m
Godot gates (analyzer)	Import the project	2026-10-04T03:53:29.3246493Z [  25% ] ^[[90m^[[1mreimport^[[22m | Preparing files to reimport...^[[39m^[[0m
Godot gates (analyzer)	Import the project	2026-10-04T03:53:29.3247585Z [  25% ] ^[[90m^[[1mreimport^[[22m | Preparing files to reimport...^[[39m^[[0m
Godot gates (analyzer)	Import the project	2026-10-04T03:53:29.3248456Z [  25% ] ^[[90m^[[1mreimport^[[22m | Preparing files to reimport...^[[39m^[[0m
Godot gates (analyzer)	Import the project	2026-10-04T03:53:29.3249328Z [  25% ] ^[[90m^[[1mreimport^[[22m | Preparing files to reimport...^[[39m^[[0m
Godot gates (analyzer)	Import the project	2026-10-04T03:53:29.3250214Z [  26% ] ^[[90m^[[1mreimport^[[22m | Preparing files to reimport...^[[39m^[[0m
Godot gates (analyzer)	Import the project	2026-10-04T03:53:29.3251095Z [  26% ] ^[[90m^[[1mreimport^[[22m | Preparing files to reimport...^[[39m^[[0m
Godot gates (analyzer)	Import the project	2026-10-04T03:53:29.3252054Z [  26% ] ^[[90m^[[1mreimport^[[22m | Preparing files to reimport...^[[39m^[[0m
Godot gates (analyzer)	Import the project	2026-10-04T03:53:29.3253543Z [  26% ] ^[[90m^[[1mreimport^[[22m | Preparing files to reimport...^[[39m^[[0m
Godot gates (analyzer)	Import the project	2026-10-04T03:53:29.3254465Z [  26% ] ^[[90m^[[1mreimport^[[22m | Preparing files to reimport...^[[39m^[[0m
Godot gates (analyzer)	Import the project	2026-10-04T03:53:29.3255362Z [  26% ] ^[[90m^[[1mreimport^[[22m | Preparing files to reimport...^[[39m^[[0m
Godot gates (analyzer)	Import the project	2026-10-04T03:53:29.3256251Z [  26% ] ^[[90m^[[1mreimport^[[22m | Preparing files to reimport...^[[39m^[[0m
Godot gates (analyzer)	Import the project	2026-10-04T03:53:29.3257156Z [  26% ] ^[[90m^[[1mreimport^[[22m | Preparing files to reimport...^[[39m^[[0m
Godot gates (analyzer)	Import the project	2026-10-04T03:53:29.3258039Z [  27% ] ^[[90m^[[1mreimport^[[22m | Preparing files to reimport...^[[39m^[[0m
Godot gates (analyzer)	Import the project	2026-10-04T03:53:29.3258923Z [  27% ] ^[[90m^[[1mreimport^[[22m | Preparing files to reimport...^[[39m^[[0m
Godot gates (analyzer)	Import the project	2026-10-04T03:53:29.3259828Z [  27% ] ^[[90m^[[1mreimport^[[22m | Preparing files to reimport...^[[39m^[[0m
Godot gates (analyzer)	Import the project	2026-10-04T03:53:29.3260720Z [  27% ] ^[[90m^[[1mreimport^[[22m | Preparing files to reimport...^[[39m^[[0m
Godot gates (analyzer)	Import the project	2026-10-04T03:53:29.3261595Z [  27% ] ^[[90m^[[1mreimport^[[22m | Preparing files to reimport...^[[39m^[[0m
Godot gates (analyzer)	Import the project	2026-10-04T03:53:29.3262479Z [  27% ] ^[[90m^[[1mreimport^[[22m | Preparing files to reimport...^[[39m^[[0m
Godot gates (analyzer)	Import the project	2026-10-04T03:53:29.3263751Z [  27% ] ^[[90m^[[1mreimport^[[22m | Preparing files to reimport...^[[39m^[[0m
Godot gates (analyzer)	Import the project	2026-10-04T03:53:29.3264662Z [  27% ] ^[[90m^[[1mreimport^[[22m | Preparing files to reimport...^[[39m^[[0m
Godot gates (analyzer)	Import the project	2026-10-04T03:53:29.3265535Z [  28% ] ^[[90m^[[1mreimport^[[22m | Preparing files to reimport...^[[39m^[[0m
Godot gates (analyzer)	Import the project	2026-10-04T03:53:29.3266422Z [  28% ] ^[[90m^[[1mreimport^[[22m | Preparing files to reimport...^[[39m^[[0m
Godot gates (analyzer)	Import the project	2026-10-04T03:53:29.3267307Z [  28% ] ^[[90m^[[1mreimport^[[22m | Preparing files to reimport...^[[39m^[[0m
Godot gates (analyzer)	Import the project	2026-10-04T03:53:29.3268175Z [  28% ] ^[[90m^[[1mreimport^[[22m | Preparing files to reimport...^[[39m^[[0m
Godot gates (analyzer)	Import the project	2026-10-04T03:53:29.3269046Z [  28% ] ^[[90m^[[1mreimport^[[22m | Preparing files to reimport...^[[39m^[[0m
Godot gates (analyzer)	Import the project	2026-10-04T03:53:29.3269927Z [  28% ] ^[[90m^[[1mreimport^[[22m | Preparing files to reimport...^[[39m^[[0m
Godot gates (analyzer)	Import the project	2026-10-04T03:53:29.3270814Z [  28% ] ^[[90m^[[1mreimport^[[22m | Preparing files to reimport...^[[39m^[[0m
Godot gates (analyzer)	Import the project	2026-10-04T03:53:29.3271696Z [  28% ] ^[[90m^[[1mreimport^[[22m | Preparing files to reimport...^[[39m^[[0m
Godot gates (analyzer)	Import the project	2026-10-04T03:53:29.3272572Z [  29% ] ^[[90m^[[1mreimport^[[22m | Preparing files to reimport...^[[39m^[[0m
Godot gates (analyzer)	Import the project	2026-10-04T03:53:29.3273702Z [  29% ] ^[[90m^[[1mreimport^[[22m | Preparing files to reimport...^[[39m^[[0m
Godot gates (analyzer)	Import the project	2026-10-04T03:53:29.3274602Z [  29% ] ^[[90m^[[1mreimport^[[22m | Preparing files to reimport...^[[39m^[[0m
Godot gates (analyzer)	Import the project	2026-10-04T03:53:29.3275493Z [  29% ] ^[[90m^[[1mreimport^[[22m | Preparing files to reimport...^[[39m^[[0m
Godot gates (analyzer)	Import the project	2026-10-04T03:53:29.3276401Z [  29% ] ^[[90m^[[1mreimport^[[22m | Preparing files to reimport...^[[39m^[[0m
Godot gates (analyzer)	Import the project	2026-10-04T03:53:29.3277388Z [  29% ] ^[[90m^[[1mreimport^[[22m | Preparing files to reimport...^[[39m^[[0m
Godot gates (analyzer)	Import the project	2026-10-04T03:53:29.3302216Z [  29% ] ^[[90m^[[1mreimport^[[22m | Preparing files to reimport...^[[39m^[[0m
Godot gates (analyzer)	Import the project	2026-10-04T03:53:29.3303439Z [  29% ] ^[[90m^[[1mreimport^[[22m | Preparing files to reimport...^[[39m^[[0m
Godot gates (analyzer)	Import the project	2026-10-04T03:53:29.3304315Z [  30% ] ^[[90m^[[1mreimport^[[22m | Preparing files to reimport...^[[39m^[[0m
Godot gates (analyzer)	Import the project	2026-10-04T03:53:29.3305172Z [  30% ] ^[[90m^[[1mreimport^[[22m | Preparing files to reimport...^[[39m^[[0m
Godot gates (analyzer)	Import the project	2026-10-04T03:53:29.3306031Z [  30% ] ^[[90m^[[1mreimport^[[22m | Preparing files to reimport...^[[39m^[[0m
Godot gates (analyzer)	Import the project	2026-10-04T03:53:29.3307117Z [  30% ] ^[[90m^[[1mreimport^[[22m | Preparing files to reimport...^[[39m^[[0m
Godot gates (analyzer)	Import the project	2026-10-04T03:53:29.3307972Z [  30% ] ^[[90m^[[1mreimport^[[22m | Preparing files to reimport...^[[39m^[[0m
Godot gates (analyzer)	Import the project	2026-10-04T03:53:29.3308964Z [  30% ] ^[[90m^[[1mreimport^[[22m | Preparing files to reimport...^[[39m^[[0m
Godot gates (analyzer)	Import the project	2026-10-04T03:53:29.3309819Z [  30% ] ^[[90m^[[1mreimport^[[22m | Preparing files to reimport...^[[39m^[[0m
Godot gates (analyzer)	Import the project	2026-10-04T03:53:29.3310670Z [  30% ] ^[[90m^[[1mreimport^[[22m | Preparing files to reimport...^[[39m^[[0m
Godot gates (analyzer)	Import the project	2026-10-04T03:53:29.3311514Z [  31% ] ^[[90m^[[1mreimport^[[22m | Preparing files to reimport...^[[39m^[[0m
Godot gates (analyzer)	Import the project	2026-10-04T03:53:29.3312373Z [  31% ] ^[[90m^[[1mreimport^[[22m | Preparing files to reimport...^[[39m^[[0m
Godot gates (analyzer)	Import the project	2026-10-04T03:53:29.3313427Z [  31% ] ^[[90m^[[1mreimport^[[22m | Preparing files to reimport...^[[39m^[[0m
Godot gates (analyzer)	Import the project	2026-10-04T03:53:29.3314271Z [  31% ] ^[[90m^[[1mreimport^[[22m | Preparing files to reimport...^[[39m^[[0m
Godot gates (analyzer)	Import the project	2026-10-04T03:53:29.3315114Z [  31% ] ^[[90m^[[1mreimport^[[22m | Preparing files to reimport...^[[39m^[[0m
Godot gates (analyzer)	Import the project	2026-10-04T03:53:29.3315965Z [  31% ] ^[[90m^[[1mreimport^[[22m | Preparing files to reimport...^[[39m^[[0m
Godot gates (analyzer)	Import the project	2026-10-04T03:53:29.3316813Z [  31% ] ^[[90m^[[1mreimport^[[22m | Preparing files to reimport...^[[39m^[[0m
Godot gates (analyzer)	Import the project	2026-10-04T03:53:29.3317668Z [  31% ] ^[[90m^[[1mreimport^[[22m | Preparing files to reimport...^[[39m^[[0m
Godot gates (analyzer)	Import the project	2026-10-04T03:53:29.3318506Z [  32% ] ^[[90m^[[1mreimport^[[22m | Preparing files to reimport...^[[39m^[[0m
Godot gates (analyzer)	Import the project	2026-10-04T03:53:29.3319357Z [  32% ] ^[[90m^[[1mreimport^[[22m | Preparing files to reimport...^[[39m^[[0m
Godot gates (analyzer)	Import the project	2026-10-04T03:53:29.3320199Z [  32% ] ^[[90m^[[1mreimport^[[22m | Preparing files to reimport...^[[39m^[[0m
Godot gates (analyzer)	Import the project	2026-10-04T03:53:29.3321051Z [  32% ] ^[[90m^[[1mreimport^[[22m | Preparing files to reimport...^[[39m^[[0m
Godot gates (analyzer)	Import the project	2026-10-04T03:53:29.3321893Z [  32% ] ^[[90m^[[1mreimport^[[22m | Preparing files to reimport...^[[39m^[[0m
Godot gates (analyzer)	Import the project	2026-10-04T03:53:29.3322741Z [  32% ] ^[[90m^[[1mreimport^[[22m | Preparing files to reimport...^[[39m^[[0m
Godot gates (analyzer)	Import the project	2026-10-04T03:53:29.3364074Z [  32% ] ^[[90m^[[1mreimport^[[22m | Preparing files to reimport...^[[39m^[[0m
Godot gates (analyzer)	Import the project	2026-10-04T03:53:29.3364992Z [  32% ] ^[[90m^[[1mreimport^[[22m | Preparing files to reimport...^[[39m^[[0m
Godot gates (analyzer)	Import the project	2026-10-04T03:53:29.3365856Z [  33% ] ^[[90m^[[1mreimport^[[22m | Preparing files to reimport...^[[39m^[[0m
Godot gates (analyzer)	Import the project	2026-10-04T03:53:29.3366712Z [  33% ] ^[[90m^[[1mreimport^[[22m | Preparing files to reimport...^[[39m^[[0m
Godot gates (analyzer)	Import the project	2026-10-04T03:53:29.3367555Z [  33% ] ^[[90m^[[1mreimport^[[22m | Preparing files to reimport...^[[39m^[[0m
Godot gates (analyzer)	Import the project	2026-10-04T03:53:29.3368400Z [  33% ] ^[[90m^[[1mreimport^[[22m | Preparing files to reimport...^[[39m^[[0m
Godot gates (analyzer)	Import the project	2026-10-04T03:53:29.3369238Z [  33% ] ^[[90m^[[1mreimport^[[22m | Preparing files to reimport...^[[39m^[[0m
Godot gates (analyzer)	Import the project	2026-10-04T03:53:29.3370086Z [  33% ] ^[[90m^[[1mreimport^[[22m | Preparing files to reimport...^[[39m^[[0m
Godot gates (analyzer)	Import the project	2026-10-04T03:53:29.3370926Z [  33% ] ^[[90m^[[1mreimport^[[22m | Preparing files to reimport...^[[39m^[[0m
Godot gates (analyzer)	Import the project	2026-10-04T03:53:29.3371766Z [  33% ] ^[[90m^[[1mreimport^[[22m | Preparing files to reimport...^[[39m^[[0m
Godot gates (analyzer)	Import the project	2026-10-04T03:53:29.3372609Z [  34% ] ^[[90m^[[1mreimport^[[22m | Preparing files to reimport...^[[39m^[[0m
Godot gates (analyzer)	Import the project	2026-10-04T03:53:29.3373652Z [  34% ] ^[[90m^[[1mreimport^[[22m | Preparing files to reimport...^[[39m^[[0m
Godot gates (analyzer)	Import the project	2026-10-04T03:53:29.3374492Z [  34% ] ^[[90m^[[1mreimport^[[22m | Preparing files to reimport...^[[39m^[[0m
Godot gates (analyzer)	Import the project	2026-10-04T03:53:29.3375410Z [  34% ] ^[[90m^[[1mreimport^[[22m | Preparing files to reimport...^[[39m^[[0m
Godot gates (analyzer)	Import the project	2026-10-04T03:53:29.3376257Z [  34% ] ^[[90m^[[1mreimport^[[22m | Preparing files to reimport...^[[39m^[[0m
Godot gates (analyzer)	Import the project	2026-10-04T03:53:29.3377102Z [  34% ] ^[[90m^[[1mreimport^[[22m | Preparing files to reimport...^[[39m^[[0m
Godot gates (analyzer)	Import the project	2026-10-04T03:53:29.3377943Z [  34% ] ^[[90m^[[1mreimport^[[22m | Preparing files to reimport...^[[39m^[[0m
Godot gates (analyzer)	Import the project	2026-10-04T03:53:29.3378783Z [  34% ] ^[[90m^[[1mreimport^[[22m | Preparing files to reimport...^[[39m^[[0m
Godot gates (analyzer)	Import the project	2026-10-04T03:53:29.3379627Z [  35% ] ^[[90m^[[1mreimport^[[22m | Preparing files to reimport...^[[39m^[[0m
Godot gates (analyzer)	Import the project	2026-10-04T03:53:29.3380466Z [  35% ] ^[[90m^[[1mreimport^[[22m | Preparing files to reimport...^[[39m^[[0m
Godot gates (analyzer)	Import the project	2026-10-04T03:53:29.3381303Z [  35% ] ^[[90m^[[1mreimport^[[22m | Preparing files to reimport...^[[39m^[[0m
Godot gates (analyzer)	Import the project	2026-10-04T03:53:29.3382399Z [  35% ] ^[[90m^[[1mreimport^[[22m | Preparing files to reimport...^[[39m^[[0m
Godot gates (analyzer)	Import the project	2026-10-04T03:53:29.3383429Z [  35% ] ^[[90m^[[1mreimport^[[22m | Preparing files to reimport...^[[39m^[[0m
Godot gates (analyzer)	Import the project	2026-10-04T03:53:29.3384484Z [  35% ] ^[[90m^[[1mreimport^[[22m | Preparing files to reimport...^[[39m^[[0m
Godot gates (analyzer)	Import the project	2026-10-04T03:53:29.3385325Z [  35% ] ^[[90m^[[1mreimport^[[22m | Preparing files to reimport...^[[39m^[[0m
Godot gates (analyzer)	Import the project	2026-10-04T03:53:29.3386174Z [  35% ] ^[[90m^[[1mreimport^[[22m | Preparing files to reimport...^[[39m^[[0m
Godot gates (analyzer)	Import the project	2026-10-04T03:53:29.3387012Z [  36% ] ^[[90m^[[1mreimport^[[22m | Preparing files to reimport...^[[39m^[[0m
Godot gates (analyzer)	Import the project	2026-10-04T03:53:29.3387863Z [  36% ] ^[[90m^[[1mreimport^[[22m | Preparing files to reimport...^[[39m^[[0m
Godot gates (analyzer)	Import the project	2026-10-04T03:53:29.3388701Z [  36% ] ^[[90m^[[1mreimport^[[22m | Preparing files to reimport...^[[39m^[[0m
Godot gates (analyzer)	Import the project	2026-10-04T03:53:29.3389545Z [  36% ] ^[[90m^[[1mreimport^[[22m | Preparing files to reimport...^[[39m^[[0m
Godot gates (analyzer)	Import the project	2026-10-04T03:53:29.3390391Z [  36% ] ^[[90m^[[1mreimport^[[22m | Preparing files to reimport...^[[39m^[[0m
Godot gates (analyzer)	Import the project	2026-10-04T03:53:29.3391225Z [  36% ] ^[[90m^[[1mreimport^[[22m | Preparing files to reimport...^[[39m^[[0m
Godot gates (analyzer)	Import the project	2026-10-04T03:53:29.3392064Z [  36% ] ^[[90m^[[1mreimport^[[22m | Preparing files to reimport...^[[39m^[[0m
Godot gates (analyzer)	Import the project	2026-10-04T03:53:29.3395638Z [  36% ] ^[[90m^[[1mreimport^[[22m | Preparing files to reimport...^[[39m^[[0m
Godot gates (analyzer)	Import the project	2026-10-04T03:53:29.3396618Z [  37% ] ^[[90m^[[1mreimport^[[22m | Preparing files to reimport...^[[39m^[[0m
Godot gates (analyzer)	Import the project	2026-10-04T03:53:29.3397486Z [  37% ] ^[[90m^[[1mreimport^[[22m | Preparing files to reimport...^[[39m^[[0m
Godot gates (analyzer)	Import the project	2026-10-04T03:53:29.3398357Z [  37% ] ^[[90m^[[1mreimport^[[22m | Preparing files to reimport...^[[39m^[[0m
Godot gates (analyzer)	Import the project	2026-10-04T03:53:29.3399200Z [  37% ] ^[[90m^[[1mreimport^[[22m | Preparing files to reimport...^[[39m^[[0m
Godot gates (analyzer)	Import the project	2026-10-04T03:53:29.3400037Z [  37% ] ^[[90m^[[1mreimport^[[22m | Preparing files to reimport...^[[39m^[[0m
Godot gates (analyzer)	Import the project	2026-10-04T03:53:29.3400876Z [  37% ] ^[[90m^[[1mreimport^[[22m | Preparing files to reimport...^[[39m^[[0m
Godot gates (analyzer)	Import the project	2026-10-04T03:53:29.3401739Z [  37% ] ^[[90m^[[1mreimport^[[22m | Preparing files to reimport...^[[39m^[[0m
Godot gates (analyzer)	Import the project	2026-10-04T03:53:29.3402586Z [  37% ] ^[[90m^[[1mreimport^[[22m | Preparing files to reimport...^[[39m^[[0m
Godot gates (analyzer)	Import the project	2026-10-04T03:53:29.3403679Z [  38% ] ^[[90m^[[1mreimport^[[22m | Preparing files to reimport...^[[39m^[[0m
Godot gates (analyzer)	Import the project	2026-10-04T03:53:29.3404550Z [  38% ] ^[[90m^[[1mreimport^[[22m | Preparing files to reimport...^[[39m^[[0m
Godot gates (analyzer)	Import the project	2026-10-04T03:53:29.3405394Z [  38% ] ^[[90m^[[1mreimport^[[22m | Preparing files to reimport...^[[39m^[[0m
Godot gates (analyzer)	Import the project	2026-10-04T03:53:29.3406233Z [  38% ] ^[[90m^[[1mreimport^[[22m | Preparing files to reimport...^[[39m^[[0m
Godot gates (analyzer)	Import the project	2026-10-04T03:53:29.3407077Z [  38% ] ^[[90m^[[1mreimport^[[22m | Preparing files to reimport...^[[39m^[[0m
Godot gates (analyzer)	Import the project	2026-10-04T03:53:29.3407920Z [  38% ] ^[[90m^[[1mreimport^[[22m | Preparing files to reimport...^[[39m^[[0m
Godot gates (analyzer)	Import the project	2026-10-04T03:53:29.3408759Z [  38% ] ^[[90m^[[1mreimport^[[22m | Preparing files to reimport...^[[39m^[[0m
Godot gates (analyzer)	Import the project	2026-10-04T03:53:29.3409598Z [  38% ] ^[[90m^[[1mreimport^[[22m | Preparing files to reimport...^[[39m^[[0m
Godot gates (analyzer)	Import the project	2026-10-04T03:53:29.3410460Z [  39% ] ^[[90m^[[1mreimport^[[22m | Preparing files to reimport...^[[39m^[[0m
Godot gates (analyzer)	Import the project	2026-10-04T03:53:29.3411301Z [  39% ] ^[[90m^[[1mreimport^[[22m | Preparing files to reimport...^[[39m^[[0m
Godot gates (analyzer)	Import the project	2026-10-04T03:53:29.3412140Z [  39% ] ^[[90m^[[1mreimport^[[22m | Preparing files to reimport...^[[39m^[[0m
Godot gates (analyzer)	Import the project	2026-10-04T03:53:29.3413158Z [  39% ] ^[[90m^[[1mreimport^[[22m | Preparing files to reimport...^[[39m^[[0m
Godot gates (analyzer)	Import the project	2026-10-04T03:53:29.3414016Z [  39% ] ^[[90m^[[1mreimport^[[22m | Preparing files to reimport...^[[39m^[[0m
Godot gates (analyzer)	Import the project	2026-10-04T03:53:29.3414858Z [  39% ] ^[[90m^[[1mreimport^[[22m | Preparing files to reimport...^[[39m^[[0m
Godot gates (analyzer)	Import the project	2026-10-04T03:53:29.3415695Z [  39% ] ^[[90m^[[1mreimport^[[22m | Preparing files to reimport...^[[39m^[[0m
Godot gates (analyzer)	Import the project	2026-10-04T03:53:29.3416534Z [  39% ] ^[[90m^[[1mreimport^[[22m | Preparing files to reimport...^[[39m^[[0m
Godot gates (analyzer)	Import the project	2026-10-04T03:53:29.3417378Z [  40% ] ^[[90m^[[1mreimport^[[22m | Preparing files to reimport...^[[39m^[[0m
Godot gates (analyzer)	Import the project	2026-10-04T03:53:29.3418229Z [  40% ] ^[[90m^[[1mreimport^[[22m | Preparing files to reimport...^[[39m^[[0m
Godot gates (analyzer)	Import the project	2026-10-04T03:53:29.3419272Z [  40% ] ^[[90m^[[1mreimport^[[22m | Preparing files to reimport...^[[39m^[[0m
Godot gates (analyzer)	Import the project	2026-10-04T03:53:29.3420113Z [  40% ] ^[[90m^[[1mreimport^[[22m | Preparing files to reimport...^[[39m^[[0m
Godot gates (analyzer)	Import the project	2026-10-04T03:53:29.3420957Z [  40% ] ^[[90m^[[1mreimport^[[22m | Preparing files to reimport...^[[39m^[[0m
Godot gates (analyzer)	Import the project	2026-10-04T03:53:29.3421945Z [  40% ] ^[[90m^[[1mreimport^[[22m | Preparing files to reimport...^[[39m^[[0m
Godot gates (analyzer)	Import the project	2026-10-04T03:53:29.3453129Z [  40% ] ^[[90m^[[1mreimport^[[22m | Preparing files to reimport...^[[39m^[[0m
Godot gates (analyzer)	Import the project	2026-10-04T03:53:29.3454195Z [  40% ] ^[[90m^[[1mreimport^[[22m | Preparing files to reimport...^[[39m^[[0m
Godot gates (analyzer)	Import the project	2026-10-04T03:53:29.3455074Z [  41% ] ^[[90m^[[1mreimport^[[22m | Preparing files to reimport...^[[39m^[[0m
Godot gates (analyzer)	Import the project	2026-10-04T03:53:29.3455925Z [  41% ] ^[[90m^[[1mreimport^[[22m | Preparing files to reimport...^[[39m^[[0m
Godot gates (analyzer)	Import the project	2026-10-04T03:53:29.3456796Z [  41% ] ^[[90m^[[1mreimport^[[22m | Preparing files to reimport...^[[39m^[[0m
Godot gates (analyzer)	Import the project	2026-10-04T03:53:29.3457661Z [  41% ] ^[[90m^[[1mreimport^[[22m | Preparing files to reimport...^[[39m^[[0m
Godot gates (analyzer)	Import the project	2026-10-04T03:53:29.3458685Z [  41% ] ^[[90m^[[1mreimport^[[22m | Preparing files to reimport...^[[39m^[[0m
Godot gates (analyzer)	Import the project	2026-10-04T03:53:29.3459651Z [  41% ] ^[[90m^[[1mreimport^[[22m | Preparing files to reimport...^[[39m^[[0m
Godot gates (analyzer)	Import the project	2026-10-04T03:53:29.3460758Z [  41% ] ^[[90m^[[1mreimport^[[22m | Preparing files to reimport...^[[39m^[[0m
Godot gates (analyzer)	Import the project	2026-10-04T03:53:29.3479127Z [  41% ] ^[[90m^[[1mreimport^[[22m | Preparing files to reimport...^[[39m^[[0m
Godot gates (analyzer)	Import the project	2026-10-04T03:53:29.3480128Z [  42% ] ^[[90m^[[1mreimport^[[22m | Preparing files to reimport...^[[39m^[[0m
Godot gates (analyzer)	Import the project	2026-10-04T03:53:29.3481005Z [  42% ] ^[[90m^[[1mreimport^[[22m | Preparing files to reimport...^[[39m^[[0m
Godot gates (analyzer)	Import the project	2026-10-04T03:53:29.3481878Z [  42% ] ^[[90m^[[1mreimport^[[22m | Preparing files to reimport...^[[39m^[[0m
Godot gates (analyzer)	Import the project	2026-10-04T03:53:29.3482730Z [  42% ] ^[[90m^[[1mreimport^[[22m | Preparing files to reimport...^[[39m^[[0m
Godot gates (analyzer)	Import the project	2026-10-04T03:53:29.3487055Z [  42% ] ^[[90m^[[1mreimport^[[22m | Preparing files to reimport...^[[39m^[[0m
Godot gates (analyzer)	Import the project	2026-10-04T03:53:29.3487973Z [  42% ] ^[[90m^[[1mreimport^[[22m | Preparing files to reimport...^[[39m^[[0m
Godot gates (analyzer)	Import the project	2026-10-04T03:53:29.3488849Z [  42% ] ^[[90m^[[1mreimport^[[22m | Preparing files to reimport...^[[39m^[[0m
Godot gates (analyzer)	Import the project	2026-10-04T03:53:29.3489690Z [  42% ] ^[[90m^[[1mreimport^[[22m | Preparing files to reimport...^[[39m^[[0m
Godot gates (analyzer)	Import the project	2026-10-04T03:53:29.3490529Z [  43% ] ^[[90m^[[1mreimport^[[22m | Preparing files to reimport...^[[39m^[[0m
Godot gates (analyzer)	Import the project	2026-10-04T03:53:29.3491421Z [  43% ] ^[[90m^[[1mreimport^[[22m | Preparing files to reimport...^[[39m^[[0m
Godot gates (analyzer)	Import the project	2026-10-04T03:53:29.3492265Z [  43% ] ^[[90m^[[1mreimport^[[22m | Preparing files to reimport...^[[39m^[[0m
Godot gates (analyzer)	Import the project	2026-10-04T03:53:29.3493362Z [  43% ] ^[[90m^[[1mreimport^[[22m | Preparing files to reimport...^[[39m^[[0m
Godot gates (analyzer)	Import the project	2026-10-04T03:53:29.3494209Z [  43% ] ^[[90m^[[1mreimport^[[22m | Preparing files to reimport...^[[39m^[[0m
Godot gates (analyzer)	Import the project	2026-10-04T03:53:29.3495056Z [  43% ] ^[[90m^[[1mreimport^[[22m | Preparing files to reimport...^[[39m^[[0m
Godot gates (analyzer)	Import the project	2026-10-04T03:53:29.3495902Z [  43% ] ^[[90m^[[1mreimport^[[22m | Preparing files to reimport...^[[39m^[[0m
Godot gates (analyzer)	Import the project	2026-10-04T03:53:29.3496757Z [  43% ] ^[[90m^[[1mreimport^[[22m | Preparing files to reimport...^[[39m^[[0m
Godot gates (analyzer)	Import the project	2026-10-04T03:53:29.3497615Z [  44% ] ^[[90m^[[1mreimport^[[22m | Preparing files to reimport...^[[39m^[[0m
Godot gates (analyzer)	Import the project	2026-10-04T03:53:29.3498472Z [  44% ] ^[[90m^[[1mreimport^[[22m | Preparing files to reimport...^[[39m^[[0m
Godot gates (analyzer)	Import the project	2026-10-04T03:53:29.3499317Z [  44% ] ^[[90m^[[1mreimport^[[22m | Preparing files to reimport...^[[39m^[[0m
Godot gates (analyzer)	Import the project	2026-10-04T03:53:29.3500162Z [  44% ] ^[[90m^[[1mreimport^[[22m | Preparing files to reimport...^[[39m^[[0m
Godot gates (analyzer)	Import the project	2026-10-04T03:53:29.3500998Z [  44% ] ^[[90m^[[1mreimport^[[22m | Preparing files to reimport...^[[39m^[[0m
Godot gates (analyzer)	Import the project	2026-10-04T03:53:29.3501840Z [  44% ] ^[[90m^[[1mreimport^[[22m | Preparing files to reimport...^[[39m^[[0m
Godot gates (analyzer)	Import the project	2026-10-04T03:53:29.3502679Z [  44% ] ^[[90m^[[1mreimport^[[22m | Preparing files to reimport...^[[39m^[[0m
Godot gates (analyzer)	Import the project	2026-10-04T03:53:29.3503708Z [  44% ] ^[[90m^[[1mreimport^[[22m | Preparing files to reimport...^[[39m^[[0m
Godot gates (analyzer)	Import the project	2026-10-04T03:53:29.3504544Z [  45% ] ^[[90m^[[1mreimport^[[22m | Preparing files to reimport...^[[39m^[[0m
Godot gates (analyzer)	Import the project	2026-10-04T03:53:29.3505381Z [  45% ] ^[[90m^[[1mreimport^[[22m | Preparing files to reimport...^[[39m^[[0m
Godot gates (analyzer)	Import the project	2026-10-04T03:53:29.3506453Z [  45% ] ^[[90m^[[1mreimport^[[22m | Preparing files to reimport...^[[39m^[[0m
Godot gates (analyzer)	Import the project	2026-10-04T03:53:29.3507299Z [  45% ] ^[[90m^[[1mreimport^[[22m | Preparing files to reimport...^[[39m^[[0m
Godot gates (analyzer)	Import the project	2026-10-04T03:53:29.3508294Z [  45% ] ^[[90m^[[1mreimport^[[22m | Preparing files to reimport...^[[39m^[[0m
Godot gates (analyzer)	Import the project	2026-10-04T03:53:29.3509131Z [  45% ] ^[[90m^[[1mreimport^[[22m | Preparing files to reimport...^[[39m^[[0m
Godot gates (analyzer)	Import the project	2026-10-04T03:53:29.3509980Z [  45% ] ^[[90m^[[1mreimport^[[22m | Preparing files to reimport...^[[39m^[[0m
Godot gates (analyzer)	Import the project	2026-10-04T03:53:29.3510814Z [  45% ] ^[[90m^[[1mreimport^[[22m | Preparing files to reimport...^[[39m^[[0m
Godot gates (analyzer)	Import the project	2026-10-04T03:53:29.3511661Z [  46% ] ^[[90m^[[1mreimport^[[22m | Preparing files to reimport...^[[39m^[[0m
Godot gates (analyzer)	Import the project	2026-10-04T03:53:29.3512501Z [  46% ] ^[[90m^[[1mreimport^[[22m | Preparing files to reimport...^[[39m^[[0m
Godot gates (analyzer)	Import the project	2026-10-04T03:53:29.3543953Z [  46% ] ^[[90m^[[1mreimport^[[22m | Preparing files to reimport...^[[39m^[[0m
Godot gates (analyzer)	Import the project	2026-10-04T03:53:29.3544874Z [  46% ] ^[[90m^[[1mreimport^[[22m | Preparing files to reimport...^[[39m^[[0m
Godot gates (analyzer)	Import the project	2026-10-04T03:53:29.3545757Z [  46% ] ^[[90m^[[1mreimport^[[22m | Preparing files to reimport...^[[39m^[[0m
Godot gates (analyzer)	Import the project	2026-10-04T03:53:29.3546608Z [  46% ] ^[[90m^[[1mreimport^[[22m | Preparing files to reimport...^[[39m^[[0m
Godot gates (analyzer)	Import the project	2026-10-04T03:53:29.3547479Z [  46% ] ^[[90m^[[1mreimport^[[22m | Preparing files to reimport...^[[39m^[[0m
Godot gates (analyzer)	Import the project	2026-10-04T03:53:29.3548338Z [  46% ] ^[[90m^[[1mreimport^[[22m | Preparing files to reimport...^[[39m^[[0m
Godot gates (analyzer)	Import the project	2026-10-04T03:53:29.3549191Z [  47% ] ^[[90m^[[1mreimport^[[22m | Preparing files to reimport...^[[39m^[[0m
Godot gates (analyzer)	Import the project	2026-10-04T03:53:29.3550035Z [  47% ] ^[[90m^[[1mreimport^[[22m | Preparing files to reimport...^[[39m^[[0m
Godot gates (analyzer)	Import the project	2026-10-04T03:53:29.3550880Z [  47% ] ^[[90m^[[1mreimport^[[22m | Preparing files to reimport...^[[39m^[[0m
Godot gates (analyzer)	Import the project	2026-10-04T03:53:29.3551722Z [  47% ] ^[[90m^[[1mreimport^[[22m | Preparing files to reimport...^[[39m^[[0m
Godot gates (analyzer)	Import the project	2026-10-04T03:53:29.3552562Z [  47% ] ^[[90m^[[1mreimport^[[22m | Preparing files to reimport...^[[39m^[[0m
Godot gates (analyzer)	Import the project	2026-10-04T03:53:29.3553611Z [  47% ] ^[[90m^[[1mreimport^[[22m | Preparing files to reimport...^[[39m^[[0m
Godot gates (analyzer)	Import the project	2026-10-04T03:53:29.3554469Z [  47% ] ^[[90m^[[1mreimport^[[22m | Preparing files to reimport...^[[39m^[[0m
Godot gates (analyzer)	Import the project	2026-10-04T03:53:29.3555334Z [  47% ] ^[[90m^[[1mreimport^[[22m | Preparing files to reimport...^[[39m^[[0m
Godot gates (analyzer)	Import the project	2026-10-04T03:53:29.3556197Z [  48% ] ^[[90m^[[1mreimport^[[22m | Preparing files to reimport...^[[39m^[[0m
Godot gates (analyzer)	Import the project	2026-10-04T03:53:29.3557057Z [  48% ] ^[[90m^[[1mreimport^[[22m | Preparing files to reimport...^[[39m^[[0m
Godot gates (analyzer)	Import the project	2026-10-04T03:53:29.3557898Z [  48% ] ^[[90m^[[1mreimport^[[22m | Preparing files to reimport...^[[39m^[[0m
Godot gates (analyzer)	Import the project	2026-10-04T03:53:29.3558746Z [  48% ] ^[[90m^[[1mreimport^[[22m | Preparing files to reimport...^[[39m^[[0m
Godot gates (analyzer)	Import the project	2026-10-04T03:53:29.3559589Z [  48% ] ^[[90m^[[1mreimport^[[22m | Preparing files to reimport...^[[39m^[[0m
Godot gates (analyzer)	Import the project	2026-10-04T03:53:29.3560439Z [  48% ] ^[[90m^[[1mreimport^[[22m | Preparing files to reimport...^[[39m^[[0m
Godot gates (analyzer)	Import the project	2026-10-04T03:53:29.3561278Z [  48% ] ^[[90m^[[1mreimport^[[22m | Preparing files to reimport...^[[39m^[[0m
Godot gates (analyzer)	Import the project	2026-10-04T03:53:29.3562125Z [  48% ] ^[[90m^[[1mreimport^[[22m | Preparing files to reimport...^[[39m^[[0m
Godot gates (analyzer)	Import the project	2026-10-04T03:53:29.3563145Z [  49% ] ^[[90m^[[1mreimport^[[22m | Preparing files to reimport...^[[39m^[[0m
Godot gates (analyzer)	Import the project	2026-10-04T03:53:29.3564002Z [  49% ] ^[[90m^[[1mreimport^[[22m | Preparing files to reimport...^[[39m^[[0m
Godot gates (analyzer)	Import the project	2026-10-04T03:53:29.3564850Z [  49% ] ^[[90m^[[1mreimport^[[22m | Preparing files to reimport...^[[39m^[[0m
Godot gates (analyzer)	Import the project	2026-10-04T03:53:29.3565690Z [  49% ] ^[[90m^[[1mreimport^[[22m | Preparing files to reimport...^[[39m^[[0m
Godot gates (analyzer)	Import the project	2026-10-04T03:53:29.3566530Z [  49% ] ^[[90m^[[1mreimport^[[22m | Preparing files to reimport...^[[39m^[[0m
Godot gates (analyzer)	Import the project	2026-10-04T03:53:29.3567375Z [  49% ] ^[[90m^[[1mreimport^[[22m | Preparing files to reimport...^[[39m^[[0m
Godot gates (analyzer)	Import the project	2026-10-04T03:53:29.3568213Z [  49% ] ^[[90m^[[1mreimport^[[22m | Preparing files to reimport...^[[39m^[[0m
Godot gates (analyzer)	Import the project	2026-10-04T03:53:29.3569051Z [  49% ] ^[[90m^[[1mreimport^[[22m | Preparing files to reimport...^[[39m^[[0m
Godot gates (analyzer)	Import the project	2026-10-04T03:53:29.3569898Z [  50% ] ^[[90m^[[1mreimport^[[22m | Preparing files to reimport...^[[39m^[[0m
Godot gates (analyzer)	Import the project	2026-10-04T03:53:29.3570735Z [  50% ] ^[[90m^[[1mreimport^[[22m | Preparing files to reimport...^[[39m^[[0m
Godot gates (analyzer)	Import the project	2026-10-04T03:53:29.3571803Z [  50% ] ^[[90m^[[1mreimport^[[22m | Preparing files to reimport...^[[39m^[[0m
Godot gates (analyzer)	Import the project	2026-10-04T03:53:29.3572643Z [  50% ] ^[[90m^[[1mreimport^[[22m | Preparing files to reimport...^[[39m^[[0m
Godot gates (analyzer)	Import the project	2026-10-04T03:53:29.3582720Z [  50% ] ^[[90m^[[1mreimport^[[22m | Preparing files to reimport...^[[39m^[[0m
Godot gates (analyzer)	Import the project	2026-10-04T03:53:29.3583862Z [  50% ] ^[[90m^[[1mreimport^[[22m | Preparing files to reimport...^[[39m^[[0m
Godot gates (analyzer)	Import the project	2026-10-04T03:53:29.3584715Z [  50% ] ^[[90m^[[1mreimport^[[22m | Preparing files to reimport...^[[39m^[[0m
Godot gates (analyzer)	Import the project	2026-10-04T03:53:29.3585555Z [  50% ] ^[[90m^[[1mreimport^[[22m | Preparing files to reimport...^[[39m^[[0m
Godot gates (analyzer)	Import the project	2026-10-04T03:53:29.3586403Z [  50% ] ^[[90m^[[1mreimport^[[22m | Preparing files to reimport...^[[39m^[[0m
Godot gates (analyzer)	Import the project	2026-10-04T03:53:29.3587245Z [  51% ] ^[[90m^[[1mreimport^[[22m | Preparing files to reimport...^[[39m^[[0m
Godot gates (analyzer)	Import the project	2026-10-04T03:53:29.3588076Z [  51% ] ^[[90m^[[1mreimport^[[22m | Preparing files to reimport...^[[39m^[[0m
Godot gates (analyzer)	Import the project	2026-10-04T03:53:29.3588932Z [  51% ] ^[[90m^[[1mreimport^[[22m | Preparing files to reimport...^[[39m^[[0m
Godot gates (analyzer)	Import the project	2026-10-04T03:53:29.3589790Z [  51% ] ^[[90m^[[1mreimport^[[22m | Preparing files to reimport...^[[39m^[[0m
Godot gates (analyzer)	Import the project	2026-10-04T03:53:29.3590627Z [  51% ] ^[[90m^[[1mreimport^[[22m | Preparing files to reimport...^[[39m^[[0m
Godot gates (analyzer)	Import the project	2026-10-04T03:53:29.3591476Z [  51% ] ^[[90m^[[1mreimport^[[22m | Preparing files to reimport...^[[39m^[[0m
Godot gates (analyzer)	Import the project	2026-10-04T03:53:29.3592313Z [  51% ] ^[[90m^[[1mreimport^[[22m | Preparing files to reimport...^[[39m^[[0m
Godot gates (analyzer)	Import the project	2026-10-04T03:53:29.3593371Z [  51% ] ^[[90m^[[1mreimport^[[22m | Preparing files to reimport...^[[39m^[[0m
Godot gates (analyzer)	Import the project	2026-10-04T03:53:29.3594234Z [  52% ] ^[[90m^[[1mreimport^[[22m | Preparing files to reimport...^[[39m^[[0m
Godot gates (analyzer)	Import the project	2026-10-04T03:53:29.3595073Z [  52% ] ^[[90m^[[1mreimport^[[22m | Preparing files to reimport...^[[39m^[[0m
Godot gates (analyzer)	Import the project	2026-10-04T03:53:29.3595927Z [  52% ] ^[[90m^[[1mreimport^[[22m | Preparing files to reimport...^[[39m^[[0m
Godot gates (analyzer)	Import the project	2026-10-04T03:53:29.3596795Z [  52% ] ^[[90m^[[1mreimport^[[22m | Preparing files to reimport...^[[39m^[[0m
Godot gates (analyzer)	Import the project	2026-10-04T03:53:29.3597651Z [  52% ] ^[[90m^[[1mreimport^[[22m | Preparing files to reimport...^[[39m^[[0m
Godot gates (analyzer)	Import the project	2026-10-04T03:53:29.3598514Z [  52% ] ^[[90m^[[1mreimport^[[22m | Preparing files to reimport...^[[39m^[[0m
Godot gates (analyzer)	Import the project	2026-10-04T03:53:29.3599370Z [  52% ] ^[[90m^[[1mreimport^[[22m | Preparing files to reimport...^[[39m^[[0m
Godot gates (analyzer)	Import the project	2026-10-04T03:53:29.3600217Z [  52% ] ^[[90m^[[1mreimport^[[22m | Preparing files to reimport...^[[39m^[[0m
Godot gates (analyzer)	Import the project	2026-10-04T03:53:29.3601059Z [  53% ] ^[[90m^[[1mreimport^[[22m | Preparing files to reimport...^[[39m^[[0m
Godot gates (analyzer)	Import the project	2026-10-04T03:53:29.3601897Z [  53% ] ^[[90m^[[1mreimport^[[22m | Preparing files to reimport...^[[39m^[[0m
Godot gates (analyzer)	Import the project	2026-10-04T03:53:29.3602745Z [  53% ] ^[[90m^[[1mreimport^[[22m | Preparing files to reimport...^[[39m^[[0m
Godot gates (analyzer)	Import the project	2026-10-04T03:53:29.3634103Z [  53% ] ^[[90m^[[1mreimport^[[22m | Preparing files to reimport...^[[39m^[[0m
Godot gates (analyzer)	Import the project	2026-10-04T03:53:29.3635011Z [  53% ] ^[[90m^[[1mreimport^[[22m | Preparing files to reimport...^[[39m^[[0m
Godot gates (analyzer)	Import the project	2026-10-04T03:53:29.3635871Z [  53% ] ^[[90m^[[1mreimport^[[22m | Preparing files to reimport...^[[39m^[[0m
Godot gates (analyzer)	Import the project	2026-10-04T03:53:29.3636741Z [  53% ] ^[[90m^[[1mreimport^[[22m | Preparing files to reimport...^[[39m^[[0m
Godot gates (analyzer)	Import the project	2026-10-04T03:53:29.3637609Z [  53% ] ^[[90m^[[1mreimport^[[22m | Preparing files to reimport...^[[39m^[[0m
Godot gates (analyzer)	Import the project	2026-10-04T03:53:29.3638468Z [  54% ] ^[[90m^[[1mreimport^[[22m | Preparing files to reimport...^[[39m^[[0m
Godot gates (analyzer)	Import the project	2026-10-04T03:53:29.3639315Z [  54% ] ^[[90m^[[1mreimport^[[22m | Preparing files to reimport...^[[39m^[[0m
Godot gates (analyzer)	Import the project	2026-10-04T03:53:29.3640156Z [  54% ] ^[[90m^[[1mreimport^[[22m | Preparing files to reimport...^[[39m^[[0m
Godot gates (analyzer)	Import the project	2026-10-04T03:53:29.3641000Z [  54% ] ^[[90m^[[1mreimport^[[22m | Preparing files to reimport...^[[39m^[[0m
Godot gates (analyzer)	Import the project	2026-10-04T03:53:29.3641844Z [  54% ] ^[[90m^[[1mreimport^[[22m | Preparing files to reimport...^[[39m^[[0m
Godot gates (analyzer)	Import the project	2026-10-04T03:53:29.3642688Z [  54% ] ^[[90m^[[1mreimport^[[22m | Preparing files to reimport...^[[39m^[[0m
Godot gates (analyzer)	Import the project	2026-10-04T03:53:29.3643717Z [  54% ] ^[[90m^[[1mreimport^[[22m | Preparing files to reimport...^[[39m^[[0m
Godot gates (analyzer)	Import the project	2026-10-04T03:53:29.3644555Z [  54% ] ^[[90m^[[1mreimport^[[22m | Preparing files to reimport...^[[39m^[[0m
Godot gates (analyzer)	Import the project	2026-10-04T03:53:29.3645389Z [  55% ] ^[[90m^[[1mreimport^[[22m | Preparing files to reimport...^[[39m^[[0m
Godot gates (analyzer)	Import the project	2026-10-04T03:53:29.3646453Z [  55% ] ^[[90m^[[1mreimport^[[22m | Preparing files to reimport...^[[39m^[[0m
Godot gates (analyzer)	Import the project	2026-10-04T03:53:29.3647293Z [  55% ] ^[[90m^[[1mreimport^[[22m | Preparing files to reimport...^[[39m^[[0m
Godot gates (analyzer)	Import the project	2026-10-04T03:53:29.3648296Z [  55% ] ^[[90m^[[1mreimport^[[22m | Preparing files to reimport...^[[39m^[[0m
Godot gates (analyzer)	Import the project	2026-10-04T03:53:29.3649140Z [  55% ] ^[[90m^[[1mreimport^[[22m | Preparing files to reimport...^[[39m^[[0m
Godot gates (analyzer)	Import the project	2026-10-04T03:53:29.3649990Z [  55% ] ^[[90m^[[1mreimport^[[22m | Preparing files to reimport...^[[39m^[[0m
Godot gates (analyzer)	Import the project	2026-10-04T03:53:29.3650830Z [  55% ] ^[[90m^[[1mreimport^[[22m | Preparing files to reimport...^[[39m^[[0m
Godot gates (analyzer)	Import the project	2026-10-04T03:53:29.3651722Z [  55% ] ^[[90m^[[1mreimport^[[22m | Preparing files to reimport...^[[39m^[[0m
Godot gates (analyzer)	Import the project	2026-10-04T03:53:29.3652565Z [  56% ] ^[[90m^[[1mreimport^[[22m | Preparing files to reimport...^[[39m^[[0m
Godot gates (analyzer)	Import the project	2026-10-04T03:53:29.3653588Z [  56% ] ^[[90m^[[1mreimport^[[22m | Preparing files to reimport...^[[39m^[[0m
Godot gates (analyzer)	Import the project	2026-10-04T03:53:29.3654431Z [  56% ] ^[[90m^[[1mreimport^[[22m | Preparing files to reimport...^[[39m^[[0m
Godot gates (analyzer)	Import the project	2026-10-04T03:53:29.3655275Z [  56% ] ^[[90m^[[1mreimport^[[22m | Preparing files to reimport...^[[39m^[[0m
Godot gates (analyzer)	Import the project	2026-10-04T03:53:29.3656114Z [  56% ] ^[[90m^[[1mreimport^[[22m | Preparing files to reimport...^[[39m^[[0m
Godot gates (analyzer)	Import the project	2026-10-04T03:53:29.3656962Z [  56% ] ^[[90m^[[1mreimport^[[22m | Preparing files to reimport...^[[39m^[[0m
Godot gates (analyzer)	Import the project	2026-10-04T03:53:29.3657804Z [  56% ] ^[[90m^[[1mreimport^[[22m | Preparing files to reimport...^[[39m^[[0m
Godot gates (analyzer)	Import the project	2026-10-04T03:53:29.3658647Z [  56% ] ^[[90m^[[1mreimport^[[22m | Preparing files to reimport...^[[39m^[[0m
Godot gates (analyzer)	Import the project	2026-10-04T03:53:29.3659481Z [  57% ] ^[[90m^[[1mreimport^[[22m | Preparing files to reimport...^[[39m^[[0m
Godot gates (analyzer)	Import the project	2026-10-04T03:53:29.3660319Z [  57% ] ^[[90m^[[1mreimport^[[22m | Preparing files to reimport...^[[39m^[[0m
Godot gates (analyzer)	Import the project	2026-10-04T03:53:29.3661169Z [  57% ] ^[[90m^[[1mreimport^[[22m | Preparing files to reimport...^[[39m^[[0m
Godot gates (analyzer)	Import the project	2026-10-04T03:53:29.3662013Z [  57% ] ^[[90m^[[1mreimport^[[22m | Preparing files to reimport...^[[39m^[[0m
Godot gates (analyzer)	Import the project	2026-10-04T03:53:29.3680937Z [  57% ] ^[[90m^[[1mreimport^[[22m | Preparing files to reimport...^[[39m^[[0m
Godot gates (analyzer)	Import the project	2026-10-04T03:53:29.3681969Z [  57% ] ^[[90m^[[1mreimport^[[22m | Preparing files to reimport...^[[39m^[[0m
Godot gates (analyzer)	Import the project	2026-10-04T03:53:29.3683090Z [  57% ] ^[[90m^[[1mreimport^[[22m | Preparing files to reimport...^[[39m^[[0m
Godot gates (analyzer)	Import the project	2026-10-04T03:53:29.3683985Z [  57% ] ^[[90m^[[1mreimport^[[22m | Preparing files to reimport...^[[39m^[[0m
Godot gates (analyzer)	Import the project	2026-10-04T03:53:29.3684828Z [  58% ] ^[[90m^[[1mreimport^[[22m | Preparing files to reimport...^[[39m^[[0m
Godot gates (analyzer)	Import the project	2026-10-04T03:53:29.3685670Z [  58% ] ^[[90m^[[1mreimport^[[22m | Preparing files to reimport...^[[39m^[[0m
Godot gates (analyzer)	Import the project	2026-10-04T03:53:29.3686510Z [  58% ] ^[[90m^[[1mreimport^[[22m | Preparing files to reimport...^[[39m^[[0m
Godot gates (analyzer)	Import the project	2026-10-04T03:53:29.3687354Z [  58% ] ^[[90m^[[1mreimport^[[22m | Preparing files to reimport...^[[39m^[[0m
Godot gates (analyzer)	Import the project	2026-10-04T03:53:29.3688208Z [  58% ] ^[[90m^[[1mreimport^[[22m | Preparing files to reimport...^[[39m^[[0m
Godot gates (analyzer)	Import the project	2026-10-04T03:53:29.3689059Z [  58% ] ^[[90m^[[1mreimport^[[22m | Preparing files to reimport...^[[39m^[[0m
Godot gates (analyzer)	Import the project	2026-10-04T03:53:29.3689911Z [  58% ] ^[[90m^[[1mreimport^[[22m | Preparing files to reimport...^[[39m^[[0m
Godot gates (analyzer)	Import the project	2026-10-04T03:53:29.3690763Z [  58% ] ^[[90m^[[1mreimport^[[22m | Preparing files to reimport...^[[39m^[[0m
Godot gates (analyzer)	Import the project	2026-10-04T03:53:29.3691599Z [  59% ] ^[[90m^[[1mreimport^[[22m | Preparing files to reimport...^[[39m^[[0m
Godot gates (analyzer)	Import the project	2026-10-04T03:53:29.3692439Z [  59% ] ^[[90m^[[1mreimport^[[22m | Preparing files to reimport...^[[39m^[[0m
Godot gates (analyzer)	Import the project	2026-10-04T03:53:29.3693471Z [  59% ] ^[[90m^[[1mreimport^[[22m | Preparing files to reimport...^[[39m^[[0m
Godot gates (analyzer)	Import the project	2026-10-04T03:53:29.3694311Z [  59% ] ^[[90m^[[1mreimport^[[22m | Preparing files to reimport...^[[39m^[[0m
Godot gates (analyzer)	Import the project	2026-10-04T03:53:29.3695153Z [  59% ] ^[[90m^[[1mreimport^[[22m | Preparing files to reimport...^[[39m^[[0m
Godot gates (analyzer)	Import the project	2026-10-04T03:53:29.3695989Z [  59% ] ^[[90m^[[1mreimport^[[22m | Preparing files to reimport...^[[39m^[[0m
Godot gates (analyzer)	Import the project	2026-10-04T03:53:29.3696830Z [  59% ] ^[[90m^[[1mreimport^[[22m | Preparing files to reimport...^[[39m^[[0m
Godot gates (analyzer)	Import the project	2026-10-04T03:53:29.3697665Z [  59% ] ^[[90m^[[1mreimport^[[22m | Preparing files to reimport...^[[39m^[[0m
Godot gates (analyzer)	Import the project	2026-10-04T03:53:29.3698734Z [  60% ] ^[[90m^[[1mreimport^[[22m | Preparing files to reimport...^[[39m^[[0m
Godot gates (analyzer)	Import the project	2026-10-04T03:53:29.3699573Z [  60% ] ^[[90m^[[1mreimport^[[22m | Preparing files to reimport...^[[39m^[[0m
Godot gates (analyzer)	Import the project	2026-10-04T03:53:29.3700415Z [  60% ] ^[[90m^[[1mreimport^[[22m | Preparing files to reimport...^[[39m^[[0m
Godot gates (analyzer)	Import the project	2026-10-04T03:53:29.3701399Z [  60% ] ^[[90m^[[1mreimport^[[22m | Preparing files to reimport...^[[39m^[[0m
Godot gates (analyzer)	Import the project	2026-10-04T03:53:29.3702233Z [  60% ] ^[[90m^[[1mreimport^[[22m | Preparing files to reimport...^[[39m^[[0m
Godot gates (analyzer)	Import the project	2026-10-04T03:53:29.3750915Z [  60% ] ^[[90m^[[1mreimport^[[22m | Preparing files to reimport...^[[39m^[[0m
Godot gates (analyzer)	Import the project	2026-10-04T03:53:29.3751899Z [  60% ] ^[[90m^[[1mreimport^[[22m | Preparing files to reimport...^[[39m^[[0m
Godot gates (analyzer)	Import the project	2026-10-04T03:53:29.3752760Z [  60% ] ^[[90m^[[1mreimport^[[22m | Preparing files to reimport...^[[39m^[[0m
Godot gates (analyzer)	Import the project	2026-10-04T03:53:29.3753933Z [  61% ] ^[[90m^[[1mreimport^[[22m | Preparing files to reimport...^[[39m^[[0m
Godot gates (analyzer)	Import the project	2026-10-04T03:53:29.3754795Z [  61% ] ^[[90m^[[1mreimport^[[22m | Preparing files to reimport...^[[39m^[[0m
Godot gates (analyzer)	Import the project	2026-10-04T03:53:29.3755667Z [  61% ] ^[[90m^[[1mreimport^[[22m | Preparing files to reimport...^[[39m^[[0m
Godot gates (analyzer)	Import the project	2026-10-04T03:53:29.3756511Z [  61% ] ^[[90m^[[1mreimport^[[22m | Preparing files to reimport...^[[39m^[[0m
Godot gates (analyzer)	Import the project	2026-10-04T03:53:29.3757358Z [  61% ] ^[[90m^[[1mreimport^[[22m | Preparing files to reimport...^[[39m^[[0m
Godot gates (analyzer)	Import the project	2026-10-04T03:53:29.3758243Z [  61% ] ^[[90m^[[1mreimport^[[22m | Preparing files to reimport...^[[39m^[[0m
Godot gates (analyzer)	Import the project	2026-10-04T03:53:29.3759100Z [  61% ] ^[[90m^[[1mreimport^[[22m | Preparing files to reimport...^[[39m^[[0m
Godot gates (analyzer)	Import the project	2026-10-04T03:53:29.3759952Z [  61% ] ^[[90m^[[1mreimport^[[22m | Preparing files to reimport...^[[39m^[[0m
Godot gates (analyzer)	Import the project	2026-10-04T03:53:29.3760800Z [  62% ] ^[[90m^[[1mreimport^[[22m | Preparing files to reimport...^[[39m^[[0m
Godot gates (analyzer)	Import the project	2026-10-04T03:53:29.3761653Z [  62% ] ^[[90m^[[1mreimport^[[22m | Preparing files to reimport...^[[39m^[[0m
Godot gates (analyzer)	Import the project	2026-10-04T03:53:29.3762498Z [  62% ] ^[[90m^[[1mreimport^[[22m | Preparing files to reimport...^[[39m^[[0m
Godot gates (analyzer)	Import the project	2026-10-04T03:53:29.3763549Z [  62% ] ^[[90m^[[1mreimport^[[22m | Preparing files to reimport...^[[39m^[[0m
Godot gates (analyzer)	Import the project	2026-10-04T03:53:29.3764402Z [  62% ] ^[[90m^[[1mreimport^[[22m | Preparing files to reimport...^[[39m^[[0m
Godot gates (analyzer)	Import the project	2026-10-04T03:53:29.3765253Z [  62% ] ^[[90m^[[1mreimport^[[22m | Preparing files to reimport...^[[39m^[[0m
Godot gates (analyzer)	Import the project	2026-10-04T03:53:29.3766089Z [  62% ] ^[[90m^[[1mreimport^[[22m | Preparing files to reimport...^[[39m^[[0m
Godot gates (analyzer)	Import the project	2026-10-04T03:53:29.3766932Z [  62% ] ^[[90m^[[1mreimport^[[22m | Preparing files to reimport...^[[39m^[[0m
Godot gates (analyzer)	Import the project	2026-10-04T03:53:29.3767785Z [  63% ] ^[[90m^[[1mreimport^[[22m | Preparing files to reimport...^[[39m^[[0m
Godot gates (analyzer)	Import the project	2026-10-04T03:53:29.3768645Z [  63% ] ^[[90m^[[1mreimport^[[22m | Preparing files to reimport...^[[39m^[[0m
Godot gates (analyzer)	Import the project	2026-10-04T03:53:29.3769493Z [  63% ] ^[[90m^[[1mreimport^[[22m | Preparing files to reimport...^[[39m^[[0m
Godot gates (analyzer)	Import the project	2026-10-04T03:53:29.3770341Z [  63% ] ^[[90m^[[1mreimport^[[22m | Preparing files to reimport...^[[39m^[[0m
Godot gates (analyzer)	Import the project	2026-10-04T03:53:29.3771187Z [  63% ] ^[[90m^[[1mreimport^[[22m | Preparing files to reimport...^[[39m^[[0m
Godot gates (analyzer)	Import the project	2026-10-04T03:53:29.3772036Z [  63% ] ^[[90m^[[1mreimport^[[22m | Preparing files to reimport...^[[39m^[[0m
Godot gates (analyzer)	Import the project	2026-10-04T03:53:29.3783436Z [  63% ] ^[[90m^[[1mreimport^[[22m | Preparing files to reimport...^[[39m^[[0m
Godot gates (analyzer)	Import the project	2026-10-04T03:53:29.3784473Z [  63% ] ^[[90m^[[1mreimport^[[22m | Preparing files to reimport...^[[39m^[[0m
Godot gates (analyzer)	Import the project	2026-10-04T03:53:29.3785406Z [  64% ] ^[[90m^[[1mreimport^[[22m | Preparing files to reimport...^[[39m^[[0m
Godot gates (analyzer)	Import the project	2026-10-04T03:53:29.3786333Z [  64% ] ^[[90m^[[1mreimport^[[22m | Preparing files to reimport...^[[39m^[[0m
Godot gates (analyzer)	Import the project	2026-10-04T03:53:29.3787230Z [  64% ] ^[[90m^[[1mreimport^[[22m | Preparing files to reimport...^[[39m^[[0m
Godot gates (analyzer)	Import the project	2026-10-04T03:53:29.3788124Z [  64% ] ^[[90m^[[1mreimport^[[22m | Preparing files to reimport...^[[39m^[[0m
Godot gates (analyzer)	Import the project	2026-10-04T03:53:29.3789028Z [  64% ] ^[[90m^[[1mreimport^[[22m | Preparing files to reimport...^[[39m^[[0m
Godot gates (analyzer)	Import the project	2026-10-04T03:53:29.3789917Z [  64% ] ^[[90m^[[1mreimport^[[22m | Preparing files to reimport...^[[39m^[[0m
Godot gates (analyzer)	Import the project	2026-10-04T03:53:29.3790791Z [  64% ] ^[[90m^[[1mreimport^[[22m | Preparing files to reimport...^[[39m^[[0m
Godot gates (analyzer)	Import the project	2026-10-04T03:53:29.3791672Z [  64% ] ^[[90m^[[1mreimport^[[22m | Preparing files to reimport...^[[39m^[[0m
Godot gates (analyzer)	Import the project	2026-10-04T03:53:29.3793067Z [  65% ] ^[[90m^[[1mreimport^[[22m | Preparing files to reimport...^[[39m^[[0m
Godot gates (analyzer)	Import the project	2026-10-04T03:53:29.3793983Z [  65% ] ^[[90m^[[1mreimport^[[22m | Preparing files to reimport...^[[39m^[[0m
Godot gates (analyzer)	Import the project	2026-10-04T03:53:29.3794894Z [  65% ] ^[[90m^[[1mreimport^[[22m | Preparing files to reimport...^[[39m^[[0m
Godot gates (analyzer)	Import the project	2026-10-04T03:53:29.3796010Z [  65% ] ^[[90m^[[1mreimport^[[22m | Preparing files to reimport...^[[39m^[[0m
Godot gates (analyzer)	Import the project	2026-10-04T03:53:29.3796998Z [  65% ] ^[[90m^[[1mreimport^[[22m | Preparing files to reimport...^[[39m^[[0m
Godot gates (analyzer)	Import the project	2026-10-04T03:53:29.3797880Z [  65% ] ^[[90m^[[1mreimport^[[22m | Preparing files to reimport...^[[39m^[[0m
Godot gates (analyzer)	Import the project	2026-10-04T03:53:29.3798771Z [  65% ] ^[[90m^[[1mreimport^[[22m | Preparing files to reimport...^[[39m^[[0m
Godot gates (analyzer)	Import the project	2026-10-04T03:53:29.3799663Z [  65% ] ^[[90m^[[1mreimport^[[22m | Preparing files to reimport...^[[39m^[[0m
Godot gates (analyzer)	Import the project	2026-10-04T03:53:29.3800553Z [  66% ] ^[[90m^[[1mreimport^[[22m | Preparing files to reimport...^[[39m^[[0m
Godot gates (analyzer)	Import the project	2026-10-04T03:53:29.3801439Z [  66% ] ^[[90m^[[1mreimport^[[22m | Preparing files to reimport...^[[39m^[[0m
Godot gates (analyzer)	Import the project	2026-10-04T03:53:29.3802334Z [  66% ] ^[[90m^[[1mreimport^[[22m | Preparing files to reimport...^[[39m^[[0m
Godot gates (analyzer)	Import the project	2026-10-04T03:53:29.3803493Z [  66% ] ^[[90m^[[1mreimport^[[22m | Preparing files to reimport...^[[39m^[[0m
Godot gates (analyzer)	Import the project	2026-10-04T03:53:29.3804429Z [  66% ] ^[[90m^[[1mreimport^[[22m | Preparing files to reimport...^[[39m^[[0m
Godot gates (analyzer)	Import the project	2026-10-04T03:53:29.3805344Z [  66% ] ^[[90m^[[1mreimport^[[22m | Preparing files to reimport...^[[39m^[[0m
Godot gates (analyzer)	Import the project	2026-10-04T03:53:29.3806229Z [  66% ] ^[[90m^[[1mreimport^[[22m | Preparing files to reimport...^[[39m^[[0m
Godot gates (analyzer)	Import the project	2026-10-04T03:53:29.3807136Z [  66% ] ^[[90m^[[1mreimport^[[22m | Preparing files to reimport...^[[39m^[[0m
Godot gates (analyzer)	Import the project	2026-10-04T03:53:29.3808020Z [  67% ] ^[[90m^[[1mreimport^[[22m | Preparing files to reimport...^[[39m^[[0m
Godot gates (analyzer)	Import the project	2026-10-04T03:53:29.3808942Z [  67% ] ^[[90m^[[1mreimport^[[22m | Preparing files to reimport...^[[39m^[[0m
Godot gates (analyzer)	Import the project	2026-10-04T03:53:29.3809867Z [  67% ] ^[[90m^[[1mreimport^[[22m | Preparing files to reimport...^[[39m^[[0m
Godot gates (analyzer)	Import the project	2026-10-04T03:53:29.3810780Z [  67% ] ^[[90m^[[1mreimport^[[22m | Preparing files to reimport...^[[39m^[[0m
Godot gates (analyzer)	Import the project	2026-10-04T03:53:29.3811718Z [  67% ] ^[[90m^[[1mreimport^[[22m | Preparing files to reimport...^[[39m^[[0m
Godot gates (analyzer)	Import the project	2026-10-04T03:53:29.3812614Z [  67% ] ^[[90m^[[1mreimport^[[22m | Preparing files to reimport...^[[39m^[[0m
Godot gates (analyzer)	Import the project	2026-10-04T03:53:29.3814082Z [  67% ] ^[[90m^[[1mreimport^[[22m | Preparing files to reimport...^[[39m^[[0m
Godot gates (analyzer)	Import the project	2026-10-04T03:53:29.3815006Z [  67% ] ^[[90m^[[1mreimport^[[22m | Preparing files to reimport...^[[39m^[[0m
Godot gates (analyzer)	Import the project	2026-10-04T03:53:29.3815912Z [  68% ] ^[[90m^[[1mreimport^[[22m | Preparing files to reimport...^[[39m^[[0m
Godot gates (analyzer)	Import the project	2026-10-04T03:53:29.3816791Z [  68% ] ^[[90m^[[1mreimport^[[22m | Preparing files to reimport...^[[39m^[[0m
Godot gates (analyzer)	Import the project	2026-10-04T03:53:29.3817686Z [  68% ] ^[[90m^[[1mreimport^[[22m | Preparing files to reimport...^[[39m^[[0m
Godot gates (analyzer)	Import the project	2026-10-04T03:53:29.3818582Z [  68% ] ^[[90m^[[1mreimport^[[22m | Preparing files to reimport...^[[39m^[[0m
Godot gates (analyzer)	Import the project	2026-10-04T03:53:29.3819492Z [  68% ] ^[[90m^[[1mreimport^[[22m | Preparing files to reimport...^[[39m^[[0m
Godot gates (analyzer)	Import the project	2026-10-04T03:53:29.3820386Z [  68% ] ^[[90m^[[1mreimport^[[22m | Preparing files to reimport...^[[39m^[[0m
Godot gates (analyzer)	Import the project	2026-10-04T03:53:29.3821284Z [  68% ] ^[[90m^[[1mreimport^[[22m | Preparing files to reimport...^[[39m^[[0m
Godot gates (analyzer)	Import the project	2026-10-04T03:53:29.3822182Z [  68% ] ^[[90m^[[1mreimport^[[22m | Preparing files to reimport...^[[39m^[[0m
Godot gates (analyzer)	Import the project	2026-10-04T03:53:29.3823329Z [  69% ] ^[[90m^[[1mreimport^[[22m | Preparing files to reimport...^[[39m^[[0m
Godot gates (analyzer)	Import the project	2026-10-04T03:53:29.3824242Z [  69% ] ^[[90m^[[1mreimport^[[22m | Preparing files to reimport...^[[39m^[[0m
Godot gates (analyzer)	Import the project	2026-10-04T03:53:29.3825123Z [  69% ] ^[[90m^[[1mreimport^[[22m | Preparing files to reimport...^[[39m^[[0m
Godot gates (analyzer)	Import the project	2026-10-04T03:53:29.3826013Z [  69% ] ^[[90m^[[1mreimport^[[22m | Preparing files to reimport...^[[39m^[[0m
Godot gates (analyzer)	Import the project	2026-10-04T03:53:29.3826887Z [  69% ] ^[[90m^[[1mreimport^[[22m | Preparing files to reimport...^[[39m^[[0m
Godot gates (analyzer)	Import the project	2026-10-04T03:53:29.3827789Z [  69% ] ^[[90m^[[1mreimport^[[22m | Preparing files to reimport...^[[39m^[[0m
Godot gates (analyzer)	Import the project	2026-10-04T03:53:29.3828690Z [  69% ] ^[[90m^[[1mreimport^[[22m | Preparing files to reimport...^[[39m^[[0m
Godot gates (analyzer)	Import the project	2026-10-04T03:53:29.3829797Z [  69% ] ^[[90m^[[1mreimport^[[22m | Preparing files to reimport...^[[39m^[[0m
Godot gates (analyzer)	Import the project	2026-10-04T03:53:29.3830995Z [  70% ] ^[[90m^[[1mreimport^[[22m | Preparing files to reimport...^[[39m^[[0m
Godot gates (analyzer)	Import the project	2026-10-04T03:53:29.3831889Z [  70% ] ^[[90m^[[1mreimport^[[22m | Preparing files to reimport...^[[39m^[[0m
Godot gates (analyzer)	Import the project	2026-10-04T03:53:29.3833239Z [  70% ] ^[[90m^[[1mreimport^[[22m | Preparing files to reimport...^[[39m^[[0m
Godot gates (analyzer)	Import the project	2026-10-04T03:53:29.3834150Z [  70% ] ^[[90m^[[1mreimport^[[22m | Preparing files to reimport...^[[39m^[[0m
Godot gates (analyzer)	Import the project	2026-10-04T03:53:29.3835038Z [  70% ] ^[[90m^[[1mreimport^[[22m | Preparing files to reimport...^[[39m^[[0m
Godot gates (analyzer)	Import the project	2026-10-04T03:53:29.3835921Z [  70% ] ^[[90m^[[1mreimport^[[22m | Preparing files to reimport...^[[39m^[[0m
Godot gates (analyzer)	Import the project	2026-10-04T03:53:29.3836805Z [  70% ] ^[[90m^[[1mreimport^[[22m | Preparing files to reimport...^[[39m^[[0m
Godot gates (analyzer)	Import the project	2026-10-04T03:53:29.3837681Z [  70% ] ^[[90m^[[1mreimport^[[22m | Preparing files to reimport...^[[39m^[[0m
Godot gates (analyzer)	Import the project	2026-10-04T03:53:29.3838569Z [  71% ] ^[[90m^[[1mreimport^[[22m | Preparing files to reimport...^[[39m^[[0m
Godot gates (analyzer)	Import the project	2026-10-04T03:53:29.3839463Z [  71% ] ^[[90m^[[1mreimport^[[22m | Preparing files to reimport...^[[39m^[[0m
Godot gates (analyzer)	Import the project	2026-10-04T03:53:29.3840359Z [  71% ] ^[[90m^[[1mreimport^[[22m | Preparing files to reimport...^[[39m^[[0m
Godot gates (analyzer)	Import the project	2026-10-04T03:53:29.3841262Z [  71% ] ^[[90m^[[1mreimport^[[22m | Preparing files to reimport...^[[39m^[[0m
Godot gates (analyzer)	Import the project	2026-10-04T03:53:29.3842153Z [  71% ] ^[[90m^[[1mreimport^[[22m | Preparing files to reimport...^[[39m^[[0m
Godot gates (analyzer)	Import the project	2026-10-04T03:53:29.3843546Z [  71% ] ^[[90m^[[1mreimport^[[22m | Preparing files to reimport...^[[39m^[[0m
Godot gates (analyzer)	Import the project	2026-10-04T03:53:29.3844473Z [  71% ] ^[[90m^[[1mreimport^[[22m | Preparing files to reimport...^[[39m^[[0m
Godot gates (analyzer)	Import the project	2026-10-04T03:53:29.3845371Z [  71% ] ^[[90m^[[1mreimport^[[22m | Preparing files to reimport...^[[39m^[[0m
Godot gates (analyzer)	Import the project	2026-10-04T03:53:29.3846156Z [  72% ] ^[[90m^[[1mreimport^[[22m | Preparing files to reimport...^[[39m^[[0m
Godot gates (analyzer)	Import the project	2026-10-04T03:53:29.3846988Z [  72% ] ^[[90m^[[1mreimport^[[22m | Preparing files to reimport...^[[39m^[[0m
Godot gates (analyzer)	Import the project	2026-10-04T03:53:29.3847732Z [  72% ] ^[[90m^[[1mreimport^[[22m | Preparing files to reimport...^[[39m^[[0m
Godot gates (analyzer)	Import the project	2026-10-04T03:53:29.3848509Z [  72% ] ^[[90m^[[1mreimport^[[22m | Preparing files to reimport...^[[39m^[[0m
Godot gates (analyzer)	Import the project	2026-10-04T03:53:29.3849393Z [  72% ] ^[[90m^[[1mreimport^[[22m | Preparing files to reimport...^[[39m^[[0m
Godot gates (analyzer)	Import the project	2026-10-04T03:53:29.3850247Z [  72% ] ^[[90m^[[1mreimport^[[22m | Preparing files to reimport...^[[39m^[[0m
Godot gates (analyzer)	Import the project	2026-10-04T03:53:29.3851111Z [  72% ] ^[[90m^[[1mreimport^[[22m | Preparing files to reimport...^[[39m^[[0m
Godot gates (analyzer)	Import the project	2026-10-04T03:53:29.3851965Z [  72% ] ^[[90m^[[1mreimport^[[22m | Preparing files to reimport...^[[39m^[[0m
Godot gates (analyzer)	Import the project	2026-10-04T03:53:29.3853067Z [  73% ] ^[[90m^[[1mreimport^[[22m | Preparing files to reimport...^[[39m^[[0m
Godot gates (analyzer)	Import the project	2026-10-04T03:53:29.3853942Z [  73% ] ^[[90m^[[1mreimport^[[22m | Preparing files to reimport...^[[39m^[[0m
Godot gates (analyzer)	Import the project	2026-10-04T03:53:29.3854799Z [  73% ] ^[[90m^[[1mreimport^[[22m | Preparing files to reimport...^[[39m^[[0m
Godot gates (analyzer)	Import the project	2026-10-04T03:53:29.3855651Z [  73% ] ^[[90m^[[1mreimport^[[22m | Preparing files to reimport...^[[39m^[[0m
Godot gates (analyzer)	Import the project	2026-10-04T03:53:29.3856510Z [  73% ] ^[[90m^[[1mreimport^[[22m | Preparing files to reimport...^[[39m^[[0m
Godot gates (analyzer)	Import the project	2026-10-04T03:53:29.3857360Z [  73% ] ^[[90m^[[1mreimport^[[22m | Preparing files to reimport...^[[39m^[[0m
Godot gates (analyzer)	Import the project	2026-10-04T03:53:29.3858209Z [  73% ] ^[[90m^[[1mreimport^[[22m | Preparing files to reimport...^[[39m^[[0m
Godot gates (analyzer)	Import the project	2026-10-04T03:53:29.3859069Z [  73% ] ^[[90m^[[1mreimport^[[22m | Preparing files to reimport...^[[39m^[[0m
Godot gates (analyzer)	Import the project	2026-10-04T03:53:29.3859938Z [  74% ] ^[[90m^[[1mreimport^[[22m | Preparing files to reimport...^[[39m^[[0m
Godot gates (analyzer)	Import the project	2026-10-04T03:53:29.3860785Z [  74% ] ^[[90m^[[1mreimport^[[22m | Preparing files to reimport...^[[39m^[[0m
Godot gates (analyzer)	Import the project	2026-10-04T03:53:29.3861638Z [  74% ] ^[[90m^[[1mreimport^[[22m | Preparing files to reimport...^[[39m^[[0m
Godot gates (analyzer)	Import the project	2026-10-04T03:53:29.3862494Z [  74% ] ^[[90m^[[1mreimport^[[22m | Preparing files to reimport...^[[39m^[[0m
Godot gates (analyzer)	Import the project	2026-10-04T03:53:29.3863557Z [  74% ] ^[[90m^[[1mreimport^[[22m | Preparing files to reimport...^[[39m^[[0m
Godot gates (analyzer)	Import the project	2026-10-04T03:53:29.3864421Z [  74% ] ^[[90m^[[1mreimport^[[22m | Preparing files to reimport...^[[39m^[[0m
Godot gates (analyzer)	Import the project	2026-10-04T03:53:29.3865280Z [  74% ] ^[[90m^[[1mreimport^[[22m | Preparing files to reimport...^[[39m^[[0m
Godot gates (analyzer)	Import the project	2026-10-04T03:53:29.3866133Z [  74% ] ^[[90m^[[1mreimport^[[22m | Preparing files to reimport...^[[39m^[[0m
Godot gates (analyzer)	Import the project	2026-10-04T03:53:29.3867220Z [  75% ] ^[[90m^[[1mreimport^[[22m | Preparing files to reimport...^[[39m^[[0m
Godot gates (analyzer)	Import the project	2026-10-04T03:53:29.3868077Z [  75% ] ^[[90m^[[1mreimport^[[22m | Preparing files to reimport...^[[39m^[[0m
Godot gates (analyzer)	Import the project	2026-10-04T03:53:29.3869110Z [  75% ] ^[[90m^[[1mreimport^[[22m | Preparing files to reimport...^[[39m^[[0m
Godot gates (analyzer)	Import the project	2026-10-04T03:53:29.3869975Z [  75% ] ^[[90m^[[1mreimport^[[22m | Preparing files to reimport...^[[39m^[[0m
Godot gates (analyzer)	Import the project	2026-10-04T03:53:29.3870829Z [  75% ] ^[[90m^[[1mreimport^[[22m | Preparing files to reimport...^[[39m^[[0m
Godot gates (analyzer)	Import the project	2026-10-04T03:53:29.3871683Z [  75% ] ^[[90m^[[1mreimport^[[22m | Preparing files to reimport...^[[39m^[[0m
Godot gates (analyzer)	Import the project	2026-10-04T03:53:29.3872530Z [  75% ] ^[[90m^[[1mreimport^[[22m | Preparing files to reimport...^[[39m^[[0m
Godot gates (analyzer)	Import the project	2026-10-04T03:53:29.3873712Z [  75% ] ^[[90m^[[1mreimport^[[22m | Preparing files to reimport...^[[39m^[[0m
Godot gates (analyzer)	Import the project	2026-10-04T03:53:29.3874570Z [  76% ] ^[[90m^[[1mreimport^[[22m | Preparing files to reimport...^[[39m^[[0m
Godot gates (analyzer)	Import the project	2026-10-04T03:53:29.3875426Z [  76% ] ^[[90m^[[1mreimport^[[22m | Preparing files to reimport...^[[39m^[[0m
Godot gates (analyzer)	Import the project	2026-10-04T03:53:29.3876287Z [  76% ] ^[[90m^[[1mreimport^[[22m | Preparing files to reimport...^[[39m^[[0m
Godot gates (analyzer)	Import the project	2026-10-04T03:53:29.3877149Z [  76% ] ^[[90m^[[1mreimport^[[22m | Preparing files to reimport...^[[39m^[[0m
Godot gates (analyzer)	Import the project	2026-10-04T03:53:29.3878018Z [  76% ] ^[[90m^[[1mreimport^[[22m | Preparing files to reimport...^[[39m^[[0m
Godot gates (analyzer)	Import the project	2026-10-04T03:53:29.3878883Z [  76% ] ^[[90m^[[1mreimport^[[22m | Preparing files to reimport...^[[39m^[[0m
Godot gates (analyzer)	Import the project	2026-10-04T03:53:29.3879738Z [  76% ] ^[[90m^[[1mreimport^[[22m | Preparing files to reimport...^[[39m^[[0m
Godot gates (analyzer)	Import the project	2026-10-04T03:53:29.3880591Z [  76% ] ^[[90m^[[1mreimport^[[22m | Preparing files to reimport...^[[39m^[[0m
Godot gates (analyzer)	Import the project	2026-10-04T03:53:29.3881438Z [  77% ] ^[[90m^[[1mreimport^[[22m | Preparing files to reimport...^[[39m^[[0m
Godot gates (analyzer)	Import the project	2026-10-04T03:53:29.3882362Z [  77% ] ^[[90m^[[1mreimport^[[22m | Preparing files to reimport...^[[39m^[[0m
Godot gates (analyzer)	Import the project	2026-10-04T03:53:29.3883447Z [  77% ] ^[[90m^[[1mreimport^[[22m | Preparing files to reimport...^[[39m^[[0m
Godot gates (analyzer)	Import the project	2026-10-04T03:53:29.3884320Z [  77% ] ^[[90m^[[1mreimport^[[22m | Preparing files to reimport...^[[39m^[[0m
Godot gates (analyzer)	Import the project	2026-10-04T03:53:29.3885196Z [  77% ] ^[[90m^[[1mreimport^[[22m | Preparing files to reimport...^[[39m^[[0m
Godot gates (analyzer)	Import the project	2026-10-04T03:53:29.3886055Z [  77% ] ^[[90m^[[1mreimport^[[22m | Preparing files to reimport...^[[39m^[[0m
Godot gates (analyzer)	Import the project	2026-10-04T03:53:29.3886924Z [  77% ] ^[[90m^[[1mreimport^[[22m | Preparing files to reimport...^[[39m^[[0m
Godot gates (analyzer)	Import the project	2026-10-04T03:53:29.3887784Z [  77% ] ^[[90m^[[1mreimport^[[22m | Preparing files to reimport...^[[39m^[[0m
Godot gates (analyzer)	Import the project	2026-10-04T03:53:29.3888650Z [  78% ] ^[[90m^[[1mreimport^[[22m | Preparing files to reimport...^[[39m^[[0m
Godot gates (analyzer)	Import the project	2026-10-04T03:53:29.3889511Z [  78% ] ^[[90m^[[1mreimport^[[22m | Preparing files to reimport...^[[39m^[[0m
Godot gates (analyzer)	Import the project	2026-10-04T03:53:29.3890368Z [  78% ] ^[[90m^[[1mreimport^[[22m | Preparing files to reimport...^[[39m^[[0m
Godot gates (analyzer)	Import the project	2026-10-04T03:53:29.3891231Z [  78% ] ^[[90m^[[1mreimport^[[22m | Preparing files to reimport...^[[39m^[[0m
Godot gates (analyzer)	Import the project	2026-10-04T03:53:29.3892095Z [  78% ] ^[[90m^[[1mreimport^[[22m | Preparing files to reimport...^[[39m^[[0m
Godot gates (analyzer)	Import the project	2026-10-04T03:53:29.3893185Z [  78% ] ^[[90m^[[1mreimport^[[22m | Preparing files to reimport...^[[39m^[[0m
Godot gates (analyzer)	Import the project	2026-10-04T03:53:29.3894070Z [  78% ] ^[[90m^[[1mreimport^[[22m | Preparing files to reimport...^[[39m^[[0m
Godot gates (analyzer)	Import the project	2026-10-04T03:53:29.3894929Z [  78% ] ^[[90m^[[1mreimport^[[22m | Preparing files to reimport...^[[39m^[[0m
Godot gates (analyzer)	Import the project	2026-10-04T03:53:29.3895808Z [  79% ] ^[[90m^[[1mreimport^[[22m | Preparing files to reimport...^[[39m^[[0m
Godot gates (analyzer)	Import the project	2026-10-04T03:53:29.3896746Z [  79% ] ^[[90m^[[1mreimport^[[22m | Preparing files to reimport...^[[39m^[[0m
Godot gates (analyzer)	Import the project	2026-10-04T03:53:29.3897614Z [  79% ] ^[[90m^[[1mreimport^[[22m | Preparing files to reimport...^[[39m^[[0m
Godot gates (analyzer)	Import the project	2026-10-04T03:53:29.3898478Z [  79% ] ^[[90m^[[1mreimport^[[22m | Preparing files to reimport...^[[39m^[[0m
Godot gates (analyzer)	Import the project	2026-10-04T03:53:29.3899345Z [  79% ] ^[[90m^[[1mreimport^[[22m | Preparing files to reimport...^[[39m^[[0m
Godot gates (analyzer)	Import the project	2026-10-04T03:53:29.3900202Z [  79% ] ^[[90m^[[1mreimport^[[22m | Preparing files to reimport...^[[39m^[[0m
Godot gates (analyzer)	Import the project	2026-10-04T03:53:29.3901064Z [  79% ] ^[[90m^[[1mreimport^[[22m | Preparing files to reimport...^[[39m^[[0m
Godot gates (analyzer)	Import the project	2026-10-04T03:53:29.3902131Z [  79% ] ^[[90m^[[1mreimport^[[22m | Preparing files to reimport...^[[39m^[[0m
Godot gates (analyzer)	Import the project	2026-10-04T03:53:29.3903337Z [  80% ] ^[[90m^[[1mreimport^[[22m | Preparing files to reimport...^[[39m^[[0m
Godot gates (analyzer)	Import the project	2026-10-04T03:53:29.3904228Z [  80% ] ^[[90m^[[1mreimport^[[22m | Preparing files to reimport...^[[39m^[[0m
Godot gates (analyzer)	Import the project	2026-10-04T03:53:29.3905287Z [  80% ] ^[[90m^[[1mreimport^[[22m | Preparing files to reimport...^[[39m^[[0m
Godot gates (analyzer)	Import the project	2026-10-04T03:53:29.3906156Z [  80% ] ^[[90m^[[1mreimport^[[22m | Preparing files to reimport...^[[39m^[[0m
Godot gates (analyzer)	Import the project	2026-10-04T03:53:29.3907014Z [  80% ] ^[[90m^[[1mreimport^[[22m | Preparing files to reimport...^[[39m^[[0m
Godot gates (analyzer)	Import the project	2026-10-04T03:53:29.3907871Z [  80% ] ^[[90m^[[1mreimport^[[22m | Preparing files to reimport...^[[39m^[[0m
Godot gates (analyzer)	Import the project	2026-10-04T03:53:29.3908772Z [  80% ] ^[[90m^[[1mreimport^[[22m | Preparing files to reimport...^[[39m^[[0m
Godot gates (analyzer)	Import the project	2026-10-04T03:53:29.3909654Z [  80% ] ^[[90m^[[1mreimport^[[22m | Preparing files to reimport...^[[39m^[[0m
Godot gates (analyzer)	Import the project	2026-10-04T03:53:29.3910517Z [  81% ] ^[[90m^[[1mreimport^[[22m | Preparing files to reimport...^[[39m^[[0m
Godot gates (analyzer)	Import the project	2026-10-04T03:53:29.3911385Z [  81% ] ^[[90m^[[1mreimport^[[22m | Preparing files to reimport...^[[39m^[[0m
Godot gates (analyzer)	Import the project	2026-10-04T03:53:29.3912246Z [  81% ] ^[[90m^[[1mreimport^[[22m | Preparing files to reimport...^[[39m^[[0m
Godot gates (analyzer)	Import the project	2026-10-04T03:53:29.3913331Z [  81% ] ^[[90m^[[1mreimport^[[22m | Preparing files to reimport...^[[39m^[[0m
Godot gates (analyzer)	Import the project	2026-10-04T03:53:29.3914216Z [  81% ] ^[[90m^[[1mreimport^[[22m | Preparing files to reimport...^[[39m^[[0m
Godot gates (analyzer)	Import the project	2026-10-04T03:53:29.3915076Z [  81% ] ^[[90m^[[1mreimport^[[22m | Preparing files to reimport...^[[39m^[[0m
Godot gates (analyzer)	Import the project	2026-10-04T03:53:29.3915939Z [  81% ] ^[[90m^[[1mreimport^[[22m | Preparing files to reimport...^[[39m^[[0m
Godot gates (analyzer)	Import the project	2026-10-04T03:53:29.3916798Z [  81% ] ^[[90m^[[1mreimport^[[22m | Preparing files to reimport...^[[39m^[[0m
Godot gates (analyzer)	Import the project	2026-10-04T03:53:29.3917654Z [  82% ] ^[[90m^[[1mreimport^[[22m | Preparing files to reimport...^[[39m^[[0m
Godot gates (analyzer)	Import the project	2026-10-04T03:53:29.3918050Z [  82% ] ^[[90m^[[1mreimport^[[22m | Preparing files to reimport...^[[39m^[[0m
Godot gates (analyzer)	Import the project	2026-10-04T03:53:29.3918437Z [  82% ] ^[[90m^[[1mreimport^[[22m | Preparing files to reimport...^[[39m^[[0m
Godot gates (analyzer)	Import the project	2026-10-04T03:53:29.3918847Z [  82% ] ^[[90m^[[1mreimport^[[22m | Preparing files to reimport...^[[39m^[[0m
Godot gates (analyzer)	Import the project	2026-10-04T03:53:29.3919244Z [  82% ] ^[[90m^[[1mreimport^[[22m | Preparing files to reimport...^[[39m^[[0m
Godot gates (analyzer)	Import the project	2026-10-04T03:53:29.3919632Z [  82% ] ^[[90m^[[1mreimport^[[22m | Preparing files to reimport...^[[39m^[[0m
Godot gates (analyzer)	Import the project	2026-10-04T03:53:29.3920031Z [  82% ] ^[[90m^[[1mreimport^[[22m | Preparing files to reimport...^[[39m^[[0m
Godot gates (analyzer)	Import the project	2026-10-04T03:53:29.3920427Z [  82% ] ^[[90m^[[1mreimport^[[22m | Preparing files to reimport...^[[39m^[[0m
Godot gates (analyzer)	Import the project	2026-10-04T03:53:29.3920818Z [  83% ] ^[[90m^[[1mreimport^[[22m | Preparing files to reimport...^[[39m^[[0m
Godot gates (analyzer)	Import the project	2026-10-04T03:53:29.3921212Z [  83% ] ^[[90m^[[1mreimport^[[22m | Preparing files to reimport...^[[39m^[[0m
Godot gates (analyzer)	Import the project	2026-10-04T03:53:29.3921610Z [  83% ] ^[[90m^[[1mreimport^[[22m | Preparing files to reimport...^[[39m^[[0m
Godot gates (analyzer)	Import the project	2026-10-04T03:53:29.3922005Z [  83% ] ^[[90m^[[1mreimport^[[22m | Preparing files to reimport...^[[39m^[[0m
Godot gates (analyzer)	Import the project	2026-10-04T03:53:29.3922395Z [  83% ] ^[[90m^[[1mreimport^[[22m | Preparing files to reimport...^[[39m^[[0m
Godot gates (analyzer)	Import the project	2026-10-04T03:53:29.3922984Z [  83% ] ^[[90m^[[1mreimport^[[22m | Preparing files to reimport...^[[39m^[[0m
Godot gates (analyzer)	Import the project	2026-10-04T03:53:29.3923402Z [  83% ] ^[[90m^[[1mreimport^[[22m | Preparing files to reimport...^[[39m^[[0m
Godot gates (analyzer)	Import the project	2026-10-04T03:53:29.3923809Z [  83% ] ^[[90m^[[1mreimport^[[22m | Preparing files to reimport...^[[39m^[[0m
Godot gates (analyzer)	Import the project	2026-10-04T03:53:29.3924208Z [  84% ] ^[[90m^[[1mreimport^[[22m | Preparing files to reimport...^[[39m^[[0m
Godot gates (analyzer)	Import the project	2026-10-04T03:53:29.3924606Z [  84% ] ^[[90m^[[1mreimport^[[22m | Preparing files to reimport...^[[39m^[[0m
Godot gates (analyzer)	Import the project	2026-10-04T03:53:29.3924998Z [  84% ] ^[[90m^[[1mreimport^[[22m | Preparing files to reimport...^[[39m^[[0m
Godot gates (analyzer)	Import the project	2026-10-04T03:53:29.3925418Z [  84% ] ^[[90m^[[1mreimport^[[22m | Preparing files to reimport...^[[39m^[[0m
Godot gates (analyzer)	Import the project	2026-10-04T03:53:29.3925820Z [  84% ] ^[[90m^[[1mreimport^[[22m | Preparing files to reimport...^[[39m^[[0m
Godot gates (analyzer)	Import the project	2026-10-04T03:53:29.3926212Z [  84% ] ^[[90m^[[1mreimport^[[22m | Preparing files to reimport...^[[39m^[[0m
Godot gates (analyzer)	Import the project	2026-10-04T03:53:29.3926601Z [  84% ] ^[[90m^[[1mreimport^[[22m | Preparing files to reimport...^[[39m^[[0m
Godot gates (analyzer)	Import the project	2026-10-04T03:53:29.3927242Z [  84% ] ^[[90m^[[1mreimport^[[22m | Preparing files to reimport...^[[39m^[[0m
Godot gates (analyzer)	Import the project	2026-10-04T03:53:29.3927638Z [  85% ] ^[[90m^[[1mreimport^[[22m | Preparing files to reimport...^[[39m^[[0m
Godot gates (analyzer)	Import the project	2026-10-04T03:53:29.3928030Z [  85% ] ^[[90m^[[1mreimport^[[22m | Preparing files to reimport...^[[39m^[[0m
Godot gates (analyzer)	Import the project	2026-10-04T03:53:29.3928602Z [  85% ] ^[[90m^[[1mreimport^[[22m | Preparing files to reimport...^[[39m^[[0m
Godot gates (analyzer)	Import the project	2026-10-04T03:53:29.3929011Z [  85% ] ^[[90m^[[1mreimport^[[22m | Preparing files to reimport...^[[39m^[[0m
Godot gates (analyzer)	Import the project	2026-10-04T03:53:29.3929401Z [  85% ] ^[[90m^[[1mreimport^[[22m | Preparing files to reimport...^[[39m^[[0m
Godot gates (analyzer)	Import the project	2026-10-04T03:53:29.3929798Z [  85% ] ^[[90m^[[1mreimport^[[22m | Preparing files to reimport...^[[39m^[[0m
Godot gates (analyzer)	Import the project	2026-10-04T03:53:29.3930195Z [  85% ] ^[[90m^[[1mreimport^[[22m | Preparing files to reimport...^[[39m^[[0m
Godot gates (analyzer)	Import the project	2026-10-04T03:53:29.3930583Z [  85% ] ^[[90m^[[1mreimport^[[22m | Preparing files to reimport...^[[39m^[[0m
Godot gates (analyzer)	Import the project	2026-10-04T03:53:29.3930974Z [  86% ] ^[[90m^[[1mreimport^[[22m | Preparing files to reimport...^[[39m^[[0m
Godot gates (analyzer)	Import the project	2026-10-04T03:53:29.3931380Z [  86% ] ^[[90m^[[1mreimport^[[22m | Preparing files to reimport...^[[39m^[[0m
Godot gates (analyzer)	Import the project	2026-10-04T03:53:29.3931764Z [  86% ] ^[[90m^[[1mreimport^[[22m | Preparing files to reimport...^[[39m^[[0m
Godot gates (analyzer)	Import the project	2026-10-04T03:53:29.3932159Z [  86% ] ^[[90m^[[1mreimport^[[22m | Preparing files to reimport...^[[39m^[[0m
Godot gates (analyzer)	Import the project	2026-10-04T03:53:29.3932553Z [  86% ] ^[[90m^[[1mreimport^[[22m | Preparing files to reimport...^[[39m^[[0m
Godot gates (analyzer)	Import the project	2026-10-04T03:53:29.3933241Z [  86% ] ^[[90m^[[1mreimport^[[22m | Preparing files to reimport...^[[39m^[[0m
Godot gates (analyzer)	Import the project	2026-10-04T03:53:29.3933657Z [  86% ] ^[[90m^[[1mreimport^[[22m | Preparing files to reimport...^[[39m^[[0m
Godot gates (analyzer)	Import the project	2026-10-04T03:53:29.3934047Z [  86% ] ^[[90m^[[1mreimport^[[22m | Preparing files to reimport...^[[39m^[[0m
Godot gates (analyzer)	Import the project	2026-10-04T03:53:29.3934446Z [  87% ] ^[[90m^[[1mreimport^[[22m | Preparing files to reimport...^[[39m^[[0m
Godot gates (analyzer)	Import the project	2026-10-04T03:53:29.3934842Z [  87% ] ^[[90m^[[1mreimport^[[22m | Preparing files to reimport...^[[39m^[[0m
Godot gates (analyzer)	Import the project	2026-10-04T03:53:29.3935228Z [  87% ] ^[[90m^[[1mreimport^[[22m | Preparing files to reimport...^[[39m^[[0m
Godot gates (analyzer)	Import the project	2026-10-04T03:53:29.3935630Z [  87% ] ^[[90m^[[1mreimport^[[22m | Preparing files to reimport...^[[39m^[[0m
Godot gates (analyzer)	Import the project	2026-10-04T03:53:29.3936029Z [  87% ] ^[[90m^[[1mreimport^[[22m | Preparing files to reimport...^[[39m^[[0m
Godot gates (analyzer)	Import the project	2026-10-04T03:53:29.3936423Z [  87% ] ^[[90m^[[1mreimport^[[22m | Preparing files to reimport...^[[39m^[[0m
Godot gates (analyzer)	Import the project	2026-10-04T03:53:29.3936815Z [  87% ] ^[[90m^[[1mreimport^[[22m | Preparing files to reimport...^[[39m^[[0m
Godot gates (analyzer)	Import the project	2026-10-04T03:53:29.3937205Z [  87% ] ^[[90m^[[1mreimport^[[22m | Preparing files to reimport...^[[39m^[[0m
Godot gates (analyzer)	Import the project	2026-10-04T03:53:29.3937587Z [  88% ] ^[[90m^[[1mreimport^[[22m | Preparing files to reimport...^[[39m^[[0m
Godot gates (analyzer)	Import the project	2026-10-04T03:53:29.3937984Z [  88% ] ^[[90m^[[1mreimport^[[22m | Preparing files to reimport...^[[39m^[[0m
Godot gates (analyzer)	Import the project	2026-10-04T03:53:29.3938379Z [  88% ] ^[[90m^[[1mreimport^[[22m | Preparing files to reimport...^[[39m^[[0m
Godot gates (analyzer)	Import the project	2026-10-04T03:53:29.3939436Z [  88% ] ^[[90m^[[1mreimport^[[22m | Preparing files to reimport...^[[39m^[[0m
Godot gates (analyzer)	Import the project	2026-10-04T03:53:29.3940533Z [  88% ] ^[[90m^[[1mreimport^[[22m | Preparing files to reimport...^[[39m^[[0m
Godot gates (analyzer)	Import the project	2026-10-04T03:53:29.3941465Z [  88% ] ^[[90m^[[1mreimport^[[22m | Preparing files to reimport...^[[39m^[[0m
Godot gates (analyzer)	Import the project	2026-10-04T03:53:29.3942171Z [  88% ] ^[[90m^[[1mreimport^[[22m | Preparing files to reimport...^[[39m^[[0m
Godot gates (analyzer)	Import the project	2026-10-04T03:53:29.3942614Z [  88% ] ^[[90m^[[1mreimport^[[22m | Preparing files to reimport...^[[39m^[[0m
Godot gates (analyzer)	Import the project	2026-10-04T03:53:29.3943571Z [  89% ] ^[[90m^[[1mreimport^[[22m | Preparing files to reimport...^[[39m^[[0m
Godot gates (analyzer)	Import the project	2026-10-04T03:53:29.3944529Z [  89% ] ^[[90m^[[1mreimport^[[22m | Preparing files to reimport...^[[39m^[[0m
Godot gates (analyzer)	Import the project	2026-10-04T03:53:29.3944966Z [  89% ] ^[[90m^[[1mreimport^[[22m | Preparing files to reimport...^[[39m^[[0m
Godot gates (analyzer)	Import the project	2026-10-04T03:53:29.3945366Z [  89% ] ^[[90m^[[1mreimport^[[22m | Preparing files to reimport...^[[39m^[[0m
Godot gates (analyzer)	Import the project	2026-10-04T03:53:29.3945760Z [  89% ] ^[[90m^[[1mreimport^[[22m | Preparing files to reimport...^[[39m^[[0m
Godot gates (analyzer)	Import the project	2026-10-04T03:53:29.3946157Z [  89% ] ^[[90m^[[1mreimport^[[22m | Preparing files to reimport...^[[39m^[[0m
Godot gates (analyzer)	Import the project	2026-10-04T03:53:29.3946549Z [  89% ] ^[[90m^[[1mreimport^[[22m | Preparing files to reimport...^[[39m^[[0m
Godot gates (analyzer)	Import the project	2026-10-04T03:53:29.3947152Z [  89% ] ^[[90m^[[1mreimport^[[22m | Preparing files to reimport...^[[39m^[[0m
Godot gates (analyzer)	Import the project	2026-10-04T03:53:29.3947546Z [  90% ] ^[[90m^[[1mreimport^[[22m | Preparing files to reimport...^[[39m^[[0m
Godot gates (analyzer)	Import the project	2026-10-04T03:53:29.3948124Z [  90% ] ^[[90m^[[1mreimport^[[22m | Preparing files to reimport...^[[39m^[[0m
Godot gates (analyzer)	Import the project	2026-10-04T03:53:29.3948521Z [  90% ] ^[[90m^[[1mreimport^[[22m | Preparing files to reimport...^[[39m^[[0m
Godot gates (analyzer)	Import the project	2026-10-04T03:53:29.3948919Z [  90% ] ^[[90m^[[1mreimport^[[22m | Preparing files to reimport...^[[39m^[[0m
Godot gates (analyzer)	Import the project	2026-10-04T03:53:29.3949306Z [  90% ] ^[[90m^[[1mreimport^[[22m | Preparing files to reimport...^[[39m^[[0m
Godot gates (analyzer)	Import the project	2026-10-04T03:53:29.3949704Z [  90% ] ^[[90m^[[1mreimport^[[22m | Preparing files to reimport...^[[39m^[[0m
Godot gates (analyzer)	Import the project	2026-10-04T03:53:29.3950095Z [  90% ] ^[[90m^[[1mreimport^[[22m | Preparing files to reimport...^[[39m^[[0m
Godot gates (analyzer)	Import the project	2026-10-04T03:53:29.3950478Z [  90% ] ^[[90m^[[1mreimport^[[22m | Preparing files to reimport...^[[39m^[[0m
Godot gates (analyzer)	Import the project	2026-10-04T03:53:29.3950880Z [  91% ] ^[[90m^[[1mreimport^[[22m | Preparing files to reimport...^[[39m^[[0m
Godot gates (analyzer)	Import the project	2026-10-04T03:53:29.3951287Z [  91% ] ^[[90m^[[1mreimport^[[22m | Preparing files to reimport...^[[39m^[[0m
Godot gates (analyzer)	Import the project	2026-10-04T03:53:29.3951676Z [  91% ] ^[[90m^[[1mreimport^[[22m | Preparing files to reimport...^[[39m^[[0m
Godot gates (analyzer)	Import the project	2026-10-04T03:53:29.3952077Z [  91% ] ^[[90m^[[1mreimport^[[22m | Preparing files to reimport...^[[39m^[[0m
Godot gates (analyzer)	Import the project	2026-10-04T03:53:29.3952473Z [  91% ] ^[[90m^[[1mreimport^[[22m | Preparing files to reimport...^[[39m^[[0m
Godot gates (analyzer)	Import the project	2026-10-04T03:53:29.3953075Z [  91% ] ^[[90m^[[1mreimport^[[22m | Preparing files to reimport...^[[39m^[[0m
Godot gates (analyzer)	Import the project	2026-10-04T03:53:29.3953491Z [  91% ] ^[[90m^[[1mreimport^[[22m | Preparing files to reimport...^[[39m^[[0m
Godot gates (analyzer)	Import the project	2026-10-04T03:53:29.3953890Z [  91% ] ^[[90m^[[1mreimport^[[22m | Preparing files to reimport...^[[39m^[[0m
Godot gates (analyzer)	Import the project	2026-10-04T03:53:29.3954283Z [  92% ] ^[[90m^[[1mreimport^[[22m | Preparing files to reimport...^[[39m^[[0m
Godot gates (analyzer)	Import the project	2026-10-04T03:53:29.3954678Z [  92% ] ^[[90m^[[1mreimport^[[22m | Preparing files to reimport...^[[39m^[[0m
Godot gates (analyzer)	Import the project	2026-10-04T03:53:29.3955068Z [  92% ] ^[[90m^[[1mreimport^[[22m | Preparing files to reimport...^[[39m^[[0m
Godot gates (analyzer)	Import the project	2026-10-04T03:53:29.3955480Z [  92% ] ^[[90m^[[1mreimport^[[22m | Preparing files to reimport...^[[39m^[[0m
Godot gates (analyzer)	Import the project	2026-10-04T03:53:29.3955873Z [  92% ] ^[[90m^[[1mreimport^[[22m | Preparing files to reimport...^[[39m^[[0m
Godot gates (analyzer)	Import the project	2026-10-04T03:53:29.3956263Z [  92% ] ^[[90m^[[1mreimport^[[22m | Preparing files to reimport...^[[39m^[[0m
Godot gates (analyzer)	Import the project	2026-10-04T03:53:29.3956661Z [  92% ] ^[[90m^[[1mreimport^[[22m | Preparing files to reimport...^[[39m^[[0m
Godot gates (analyzer)	Import the project	2026-10-04T03:53:29.3957052Z [  92% ] ^[[90m^[[1mreimport^[[22m | Preparing files to reimport...^[[39m^[[0m
Godot gates (analyzer)	Import the project	2026-10-04T03:53:29.3957436Z [  93% ] ^[[90m^[[1mreimport^[[22m | Preparing files to reimport...^[[39m^[[0m
Godot gates (analyzer)	Import the project	2026-10-04T03:53:29.3957839Z [  93% ] ^[[90m^[[1mreimport^[[22m | Preparing files to reimport...^[[39m^[[0m
Godot gates (analyzer)	Import the project	2026-10-04T03:53:29.3958230Z [  93% ] ^[[90m^[[1mreimport^[[22m | Preparing files to reimport...^[[39m^[[0m
Godot gates (analyzer)	Import the project	2026-10-04T03:53:29.3958620Z [  93% ] ^[[90m^[[1mreimport^[[22m | Preparing files to reimport...^[[39m^[[0m
Godot gates (analyzer)	Import the project	2026-10-04T03:53:29.3959021Z [  93% ] ^[[90m^[[1mreimport^[[22m | Preparing files to reimport...^[[39m^[[0m
Godot gates (analyzer)	Import the project	2026-10-04T03:53:29.3959421Z [  93% ] ^[[90m^[[1mreimport^[[22m | Preparing files to reimport...^[[39m^[[0m
Godot gates (analyzer)	Import the project	2026-10-04T03:53:29.3959811Z [  93% ] ^[[90m^[[1mreimport^[[22m | Preparing files to reimport...^[[39m^[[0m
Godot gates (analyzer)	Import the project	2026-10-04T03:53:29.3960220Z [  93% ] ^[[90m^[[1mreimport^[[22m | Preparing files to reimport...^[[39m^[[0m
Godot gates (analyzer)	Import the project	2026-10-04T03:53:29.3960643Z [  94% ] ^[[90m^[[1mreimport^[[22m | Preparing files to reimport...^[[39m^[[0m
Godot gates (analyzer)	Import the project	2026-10-04T03:53:29.3961030Z [  94% ] ^[[90m^[[1mreimport^[[22m | Preparing files to reimport...^[[39m^[[0m
Godot gates (analyzer)	Import the project	2026-10-04T03:53:29.3961432Z [  94% ] ^[[90m^[[1mreimport^[[22m | Preparing files to reimport...^[[39m^[[0m
Godot gates (analyzer)	Import the project	2026-10-04T03:53:29.3961818Z [  94% ] ^[[90m^[[1mreimport^[[22m | Preparing files to reimport...^[[39m^[[0m
Godot gates (analyzer)	Import the project	2026-10-04T03:53:29.3962217Z [  94% ] ^[[90m^[[1mreimport^[[22m | Preparing files to reimport...^[[39m^[[0m
Godot gates (analyzer)	Import the project	2026-10-04T03:53:29.3962610Z [  94% ] ^[[90m^[[1mreimport^[[22m | Preparing files to reimport...^[[39m^[[0m
Godot gates (analyzer)	Import the project	2026-10-04T03:53:29.3963287Z [  94% ] ^[[90m^[[1mreimport^[[22m | Preparing files to reimport...^[[39m^[[0m
Godot gates (analyzer)	Import the project	2026-10-04T03:53:29.3963888Z [  94% ] ^[[90m^[[1mreimport^[[22m | Preparing files to reimport...^[[39m^[[0m
Godot gates (analyzer)	Import the project	2026-10-04T03:53:29.3964287Z [  95% ] ^[[90m^[[1mreimport^[[22m | Preparing files to reimport...^[[39m^[[0m
Godot gates (analyzer)	Import the project	2026-10-04T03:53:29.3964846Z [  95% ] ^[[90m^[[1mreimport^[[22m | Preparing files to reimport...^[[39m^[[0m
Godot gates (analyzer)	Import the project	2026-10-04T03:53:29.3965247Z [  95% ] ^[[90m^[[1mreimport^[[22m | Preparing files to reimport...^[[39m^[[0m
Godot gates (analyzer)	Import the project	2026-10-04T03:53:29.3965640Z [  95% ] ^[[90m^[[1mreimport^[[22m | Preparing files to reimport...^[[39m^[[0m
Godot gates (analyzer)	Import the project	2026-10-04T03:53:29.3966031Z [  95% ] ^[[90m^[[1mreimport^[[22m | Preparing files to reimport...^[[39m^[[0m
Godot gates (analyzer)	Import the project	2026-10-04T03:53:29.3966425Z [  95% ] ^[[90m^[[1mreimport^[[22m | Preparing files to reimport...^[[39m^[[0m
Godot gates (analyzer)	Import the project	2026-10-04T03:53:29.3966815Z [  95% ] ^[[90m^[[1mreimport^[[22m | Preparing files to reimport...^[[39m^[[0m
Godot gates (analyzer)	Import the project	2026-10-04T03:53:29.3967201Z [  95% ] ^[[90m^[[1mreimport^[[22m | Preparing files to reimport...^[[39m^[[0m
Godot gates (analyzer)	Import the project	2026-10-04T03:53:29.3967601Z [  96% ] ^[[90m^[[1mreimport^[[22m | Preparing files to reimport...^[[39m^[[0m
Godot gates (analyzer)	Import the project	2026-10-04T03:53:29.3968000Z [  96% ] ^[[90m^[[1mreimport^[[22m | Preparing files to reimport...^[[39m^[[0m
Godot gates (analyzer)	Import the project	2026-10-04T03:53:29.3968387Z [  96% ] ^[[90m^[[1mreimport^[[22m | Preparing files to reimport...^[[39m^[[0m
Godot gates (analyzer)	Import the project	2026-10-04T03:53:29.3968790Z [  96% ] ^[[90m^[[1mreimport^[[22m | Preparing files to reimport...^[[39m^[[0m
Godot gates (analyzer)	Import the project	2026-10-04T03:53:29.3969189Z [  96% ] ^[[90m^[[1mreimport^[[22m | Preparing files to reimport...^[[39m^[[0m
Godot gates (analyzer)	Import the project	2026-10-04T03:53:29.3969573Z [  96% ] ^[[90m^[[1mreimport^[[22m | Preparing files to reimport...^[[39m^[[0m
Godot gates (analyzer)	Import the project	2026-10-04T03:53:29.3969972Z [  96% ] ^[[90m^[[1mreimport^[[22m | Preparing files to reimport...^[[39m^[[0m
Godot gates (analyzer)	Import the project	2026-10-04T03:53:29.3970346Z [  96% ] ^[[90m^[[1mreimport^[[22m | Preparing files to reimport...^[[39m^[[0m
Godot gates (analyzer)	Import the project	2026-10-04T03:53:29.3970736Z [  97% ] ^[[90m^[[1mreimport^[[22m | Preparing files to reimport...^[[39m^[[0m
Godot gates (analyzer)	Import the project	2026-10-04T03:53:29.3971130Z [  97% ] ^[[90m^[[1mreimport^[[22m | Preparing files to reimport...^[[39m^[[0m
Godot gates (analyzer)	Import the project	2026-10-04T03:53:29.3971521Z [  97% ] ^[[90m^[[1mreimport^[[22m | Preparing files to reimport...^[[39m^[[0m
Godot gates (analyzer)	Import the project	2026-10-04T03:53:29.3971916Z [  97% ] ^[[90m^[[1mreimport^[[22m | Preparing files to reimport...^[[39m^[[0m
Godot gates (analyzer)	Import the project	2026-10-04T03:53:29.3972311Z [  97% ] ^[[90m^[[1mreimport^[[22m | Preparing files to reimport...^[[39m^[[0m
Godot gates (analyzer)	Import the project	2026-10-04T03:53:29.3972707Z [  97% ] ^[[90m^[[1mreimport^[[22m | Preparing files to reimport...^[[39m^[[0m
Godot gates (analyzer)	Import the project	2026-10-04T03:53:29.3973336Z [  97% ] ^[[90m^[[1mreimport^[[22m | Preparing files to reimport...^[[39m^[[0m
Godot gates (analyzer)	Import the project	2026-10-04T03:53:29.3973750Z [  97% ] ^[[90m^[[1mreimport^[[22m | Preparing files to reimport...^[[39m^[[0m
Godot gates (analyzer)	Import the project	2026-10-04T03:53:29.3974141Z [  98% ] ^[[90m^[[1mreimport^[[22m | Preparing files to reimport...^[[39m^[[0m
Godot gates (analyzer)	Import the project	2026-10-04T03:53:29.3974539Z [  98% ] ^[[90m^[[1mreimport^[[22m | Preparing files to reimport...^[[39m^[[0m
Godot gates (analyzer)	Import the project	2026-10-04T03:53:29.3974934Z [  98% ] ^[[90m^[[1mreimport^[[22m | Preparing files to reimport...^[[39m^[[0m
Godot gates (analyzer)	Import the project	2026-10-04T03:53:29.3975322Z [  98% ] ^[[90m^[[1mreimport^[[22m | Preparing files to reimport...^[[39m^[[0m
Godot gates (analyzer)	Import the project	2026-10-04T03:53:29.3975716Z [  98% ] ^[[90m^[[1mreimport^[[22m | Preparing files to reimport...^[[39m^[[0m
Godot gates (analyzer)	Import the project	2026-10-04T03:53:29.3976115Z [  98% ] ^[[90m^[[1mreimport^[[22m | Preparing files to reimport...^[[39m^[[0m
Godot gates (analyzer)	Import the project	2026-10-04T03:53:29.3976502Z [  98% ] ^[[90m^[[1mreimport^[[22m | Preparing files to reimport...^[[39m^[[0m
Godot gates (analyzer)	Import the project	2026-10-04T03:53:29.3976904Z [  98% ] ^[[90m^[[1mreimport^[[22m | Preparing files to reimport...^[[39m^[[0m
Godot gates (analyzer)	Import the project	2026-10-04T03:53:29.3977299Z [  99% ] ^[[90m^[[1mreimport^[[22m | Preparing files to reimport...^[[39m^[[0m
Godot gates (analyzer)	Import the project	2026-10-04T03:53:29.3977689Z [  99% ] ^[[90m^[[1mreimport^[[22m | Preparing files to reimport...^[[39m^[[0m
Godot gates (analyzer)	Import the project	2026-10-04T03:53:29.3978083Z [  99% ] ^[[90m^[[1mreimport^[[22m | Preparing files to reimport...^[[39m^[[0m
Godot gates (analyzer)	Import the project	2026-10-04T03:53:29.3978476Z [  99% ] ^[[90m^[[1mreimport^[[22m | Preparing files to reimport...^[[39m^[[0m
Godot gates (analyzer)	Import the project	2026-10-04T03:53:29.3978866Z [  99% ] ^[[90m^[[1mreimport^[[22m | Preparing files to reimport...^[[39m^[[0m
Godot gates (analyzer)	Import the project	2026-10-04T03:53:29.3979255Z [  99% ] ^[[90m^[[1mreimport^[[22m | Preparing files to reimport...^[[39m^[[0m
Godot gates (analyzer)	Import the project	2026-10-04T03:53:29.3979647Z [  99% ] ^[[90m^[[1mreimport^[[22m | Preparing files to reimport...^[[39m^[[0m
Godot gates (analyzer)	Import the project	2026-10-04T03:53:29.3980275Z [   0% ] ^[[90m^[[1mreimport^[[22m | Executing pre-reimport operations...^[[39m^[[0m
Godot gates (analyzer)	Import the project	2026-10-04T03:53:29.4332254Z [   0% ] ^[[90m^[[1mpreload_reimporting_scene^[[22m | Started Preparing scenes for reload (1 steps)^[[39m^[[0m
Godot gates (analyzer)	Import the project	2026-10-04T03:53:29.4333529Z [   0% ] ^[[90m^[[1mpreload_reimporting_scene^[[22m | Analyzing scene [empty]^[[39m^[[0m
Godot gates (analyzer)	Import the project	2026-10-04T03:53:29.4334274Z [  50% ] ^[[90m^[[1mpreload_reimporting_scene^[[22m | Preparation done.^[[39m^[[0m
Godot gates (analyzer)	Import the project	2026-10-04T03:53:29.4334607Z ^[[92m[ DONE ]^[[39m ^[[1mpreload_reimporting_scene^[[22m
Godot gates (analyzer)	Import the project	2026-10-04T03:53:29.4334759Z ^[[0m
Godot gates (analyzer)	Import the project	2026-10-04T03:53:29.4335125Z [   0% ] ^[[90m^[[1mreimport^[[22m | NotoSans-SemiBold.ttf^[[39m^[[0m
Godot gates (analyzer)	Import the project	2026-10-04T03:53:29.4513640Z [   0% ] ^[[90m^[[1mreimport^[[22m | NotoSerif-SemiBold.ttf^[[39m^[[0m
Godot gates (analyzer)	Import the project	2026-10-04T03:53:29.4593690Z [   0% ] ^[[90m^[[1mreimport^[[22m | NotoSans-Regular.ttf^[[39m^[[0m
Godot gates (analyzer)	Import the project	2026-10-04T03:53:29.4603762Z [   0% ] ^[[90m^[[1mreimport^[[22m | NotoSans-Medium.ttf^[[39m^[[0m
Godot gates (analyzer)	Import the project	2026-10-04T03:53:29.4653621Z [   0% ] ^[[90m^[[1mreimport^[[22m | NotoSans-Bold.ttf^[[39m^[[0m
Godot gates (analyzer)	Import the project	2026-10-04T03:53:29.4698165Z [   0% ] ^[[90m^[[1mreimport^[[22m | NotoSans-SemiBold.ttf^[[39m^[[0m
Godot gates (analyzer)	Import the project	2026-10-04T03:53:29.6824157Z [   0% ] ^[[90m^[[1mreimport^[[22m | NotoSerif-SemiBold.ttf^[[39m^[[0m
Godot gates (analyzer)	Import the project	2026-10-04T03:53:29.7467271Z [   0% ] ^[[90m^[[1mreimport^[[22m | NotoSans-Regular.ttf^[[39m^[[0m
Godot gates (analyzer)	Import the project	2026-10-04T03:53:29.7834108Z [   0% ] ^[[90m^[[1mreimport^[[22m | NotoSans-Medium.ttf^[[39m^[[0m
Godot gates (analyzer)	Import the project	2026-10-04T03:53:29.9083898Z [   1% ] ^[[90m^[[1mreimport^[[22m | NotoSans-Bold.ttf^[[39m^[[0m
Godot gates (analyzer)	Import the project	2026-10-04T03:53:29.9494312Z [   1% ] ^[[90m^[[1mreimport^[[22m | walk-018.png^[[39m^[[0m
Godot gates (analyzer)	Import the project	2026-10-04T03:53:29.9533452Z [   1% ] ^[[90m^[[1mreimport^[[22m | walk-024.png^[[39m^[[0m
Godot gates (analyzer)	Import the project	2026-10-04T03:53:30.0393889Z [   1% ] ^[[90m^[[1mreimport^[[22m | walk-030.png^[[39m^[[0m
Godot gates (analyzer)	Import the project	2026-10-04T03:53:30.0694078Z [   1% ] ^[[90m^[[1mreimport^[[22m | walk-033.png^[[39m^[[0m
Godot gates (analyzer)	Import the project	2026-10-04T03:53:30.1734103Z [   1% ] ^[[90m^[[1mreimport^[[22m | blend-0.png^[[39m^[[0m
Godot gates (analyzer)	Import the project	2026-10-04T03:53:30.1883757Z [   1% ] ^[[90m^[[1mreimport^[[22m | blend-1.png^[[39m^[[0m
Godot gates (analyzer)	Import the project	2026-10-04T03:53:30.1923457Z [   1% ] ^[[90m^[[1mreimport^[[22m | blend-6.png^[[39m^[[0m
Godot gates (analyzer)	Import the project	2026-10-04T03:53:30.3064376Z [   2% ] ^[[90m^[[1mreimport^[[22m | crouch-00.png^[[39m^[[0m
Godot gates (analyzer)	Import the project	2026-10-04T03:53:30.3243777Z [   2% ] ^[[90m^[[1mreimport^[[22m | crouch-12.png^[[39m^[[0m
Godot gates (analyzer)	Import the project	2026-10-04T03:53:30.3783756Z [   2% ] ^[[90m^[[1mreimport^[[22m | crouch-24.png^[[39m^[[0m
Godot gates (analyzer)	Import the project	2026-10-04T03:53:30.4243781Z [   2% ] ^[[90m^[[1mreimport^[[22m | crouch-36.png^[[39m^[[0m
Godot gates (analyzer)	Import the project	2026-10-04T03:53:30.5083922Z [   2% ] ^[[90m^[[1mreimport^[[22m | crouch-48.png^[[39m^[[0m
Godot gates (analyzer)	Import the project	2026-10-04T03:53:30.5394004Z [   2% ] ^[[90m^[[1mreimport^[[22m | crouch-60.png^[[39m^[[0m
Godot gates (analyzer)	Import the project	2026-10-04T03:53:30.5453592Z [   2% ] ^[[90m^[[1mreimport^[[22m | hammer-00.png^[[39m^[[0m
Godot gates (analyzer)	Import the project	2026-10-04T03:53:30.6604109Z [   2% ] ^[[90m^[[1mreimport^[[22m | hammer-12.png^[[39m^[[0m
Godot gates (analyzer)	Import the project	2026-10-04T03:53:30.6833864Z [   3% ] ^[[90m^[[1mreimport^[[22m | hammer-24.png^[[39m^[[0m
Godot gates (analyzer)	Import the project	2026-10-04T03:53:30.6893367Z [   3% ] ^[[90m^[[1mreimport^[[22m | hammer-36.png^[[39m^[[0m
Godot gates (analyzer)	Import the project	2026-10-04T03:53:30.7734097Z [   3% ] ^[[90m^[[1mreimport^[[22m | hammer-48.png^[[39m^[[0m
Godot gates (analyzer)	Import the project	2026-10-04T03:53:30.8293980Z [   3% ] ^[[90m^[[1mreimport^[[22m | hammer-60.png^[[39m^[[0m
Godot gates (analyzer)	Import the project	2026-10-04T03:53:30.9713985Z [   3% ] ^[[90m^[[1mreimport^[[22m | hammer-72.png^[[39m^[[0m
Godot gates (analyzer)	Import the project	2026-10-04T03:53:30.9883657Z [   3% ] ^[[90m^[[1mreimport^[[22m | hammer-84.png^[[39m^[[0m
Godot gates (analyzer)	Import the project	2026-10-04T03:53:31.1584058Z [   3% ] ^[[90m^[[1mreimport^[[22m | hammer-96.png^[[39m^[[0m
Godot gates (analyzer)	Import the project	2026-10-04T03:53:31.1784102Z [   3% ] ^[[90m^[[1mreimport^[[22m | hammer-108.png^[[39m^[[0m
Godot gates (analyzer)	Import the project	2026-10-04T03:53:31.2713929Z [   4% ] ^[[90m^[[1mreimport^[[22m | idle-012.png^[[39m^[[0m
Godot gates (analyzer)	Import the project	2026-10-04T03:53:31.3514129Z [   4% ] ^[[90m^[[1mreimport^[[22m | idle-018.png^[[39m^[[0m
Godot gates (analyzer)	Import the project	2026-10-04T03:53:31.3683847Z [   4% ] ^[[90m^[[1mreimport^[[22m | idle-024.png^[[39m^[[0m
Godot gates (analyzer)	Import the project	2026-10-04T03:53:31.5524025Z [   4% ] ^[[90m^[[1mreimport^[[22m | idle-030.png^[[39m^[[0m
Godot gates (analyzer)	Import the project	2026-10-04T03:53:31.5653864Z [   4% ] ^[[90m^[[1mreimport^[[22m | idle-036.png^[[39m^[[0m
Godot gates (analyzer)	Import the project	2026-10-04T03:53:31.6833959Z [   4% ] ^[[90m^[[1mreimport^[[22m | idle-042.png^[[39m^[[0m
Godot gates (analyzer)	Import the project	2026-10-04T03:53:31.7553949Z [   4% ] ^[[90m^[[1mreimport^[[22m | idle-048.png^[[39m^[[0m
Godot gates (analyzer)	Import the project	2026-10-04T03:53:31.7673785Z [   4% ] ^[[90m^[[1mreimport^[[22m | idle-054.png^[[39m^[[0m
Godot gates (analyzer)	Import the project	2026-10-04T03:53:31.9413952Z [   5% ] ^[[90m^[[1mreimport^[[22m | idle-060.png^[[39m^[[0m
Godot gates (analyzer)	Import the project	2026-10-04T03:53:31.9663833Z [   5% ] ^[[90m^[[1mreimport^[[22m | idle-066.png^[[39m^[[0m
Godot gates (analyzer)	Import the project	2026-10-04T03:53:32.0603963Z [   5% ] ^[[90m^[[1mreimport^[[22m | idle-072.png^[[39m^[[0m
Godot gates (analyzer)	Import the project	2026-10-04T03:53:32.1413676Z [   5% ] ^[[90m^[[1mreimport^[[22m | idle-078.png^[[39m^[[0m
Godot gates (analyzer)	Import the project	2026-10-04T03:53:32.2703928Z [   5% ] ^[[90m^[[1mreimport^[[22m | idle-084.png^[[39m^[[0m
Godot gates (analyzer)	Import the project	2026-10-04T03:53:32.3314084Z [   5% ] ^[[90m^[[1mreimport^[[22m | idle-090.png^[[39m^[[0m
Godot gates (analyzer)	Import the project	2026-10-04T03:53:32.3373333Z [   5% ] ^[[90m^[[1mreimport^[[22m | idle-096.png^[[39m^[[0m
Godot gates (analyzer)	Import the project	2026-10-04T03:53:32.5314230Z [   5% ] ^[[90m^[[1mreimport^[[22m | idle-102.png^[[39m^[[0m
Godot gates (analyzer)	Import the project	2026-10-04T03:53:32.6383655Z [   6% ] ^[[90m^[[1mreimport^[[22m | idle-108.png^[[39m^[[0m
Godot gates (analyzer)	Import the project	2026-10-04T03:53:32.6643924Z [   6% ] ^[[90m^[[1mreimport^[[22m | idle-114.png^[[39m^[[0m
Godot gates (analyzer)	Import the project	2026-10-04T03:53:32.7284194Z [   6% ] ^[[90m^[[1mreimport^[[22m | idle-120.png^[[39m^[[0m
Godot gates (analyzer)	Import the project	2026-10-04T03:53:32.7883926Z [   6% ] ^[[90m^[[1mreimport^[[22m | idle-121.png^[[39m^[[0m
Godot gates (analyzer)	Import the project	2026-10-04T03:53:32.8434102Z [   6% ] ^[[90m^[[1mreimport^[[22m | walk-000.png^[[39m^[[0m
Godot gates (analyzer)	Import the project	2026-10-04T03:53:32.8648370Z [   6% ] ^[[90m^[[1mreimport^[[22m | walk-006.png^[[39m^[[0m
Godot gates (analyzer)	Import the project	2026-10-04T03:53:32.9103817Z [   6% ] ^[[90m^[[1mreimport^[[22m | walk-012.png^[[39m^[[0m
Godot gates (analyzer)	Import the project	2026-10-04T03:53:32.9618897Z [   6% ] ^[[90m^[[1mreimport^[[22m | walk-60.png^[[39m^[[0m
Godot gates (analyzer)	Import the project	2026-10-04T03:53:33.0571463Z [   7% ] ^[[90m^[[1mreimport^[[22m | blend-0.png^[[39m^[[0m
Godot gates (analyzer)	Import the project	2026-10-04T03:53:33.0814065Z [   7% ] ^[[90m^[[1mreimport^[[22m | blend-1.png^[[39m^[[0m
Godot gates (analyzer)	Import the project	2026-10-04T03:53:33.0857663Z [   7% ] ^[[90m^[[1mreimport^[[22m | blend-6.png^[[39m^[[0m
Godot gates (analyzer)	Import the project	2026-10-04T03:53:33.1994086Z [   7% ] ^[[90m^[[1mreimport^[[22m | crouch-00.png^[[39m^[[0m
Godot gates (analyzer)	Import the project	2026-10-04T03:53:33.2394201Z [   7% ] ^[[90m^[[1mreimport^[[22m | crouch-12.png^[[39m^[[0m
Godot gates (analyzer)	Import the project	2026-10-04T03:53:33.2531602Z [   7% ] ^[[90m^[[1mreimport^[[22m | crouch-24.png^[[39m^[[0m
Godot gates (analyzer)	Import the project	2026-10-04T03:53:33.3180893Z [   7% ] ^[[90m^[[1mreimport^[[22m | crouch-36.png^[[39m^[[0m
Godot gates (analyzer)	Import the project	2026-10-04T03:53:33.3812993Z [   7% ] ^[[90m^[[1mreimport^[[22m | crouch-48.png^[[39m^[[0m
Godot gates (analyzer)	Import the project	2026-10-04T03:53:33.4323994Z [   8% ] ^[[90m^[[1mreimport^[[22m | crouch-60.png^[[39m^[[0m
Godot gates (analyzer)	Import the project	2026-10-04T03:53:33.4532003Z [   8% ] ^[[90m^[[1mreimport^[[22m | hammer-00.png^[[39m^[[0m
Godot gates (analyzer)	Import the project	2026-10-04T03:53:33.5538925Z [   8% ] ^[[90m^[[1mreimport^[[22m | hammer-12.png^[[39m^[[0m
Godot gates (analyzer)	Import the project	2026-10-04T03:53:33.5593455Z [   8% ] ^[[90m^[[1mreimport^[[22m | hammer-24.png^[[39m^[[0m
Godot gates (analyzer)	Import the project	2026-10-04T03:53:33.6093927Z [   8% ] ^[[90m^[[1mreimport^[[22m | hammer-36.png^[[39m^[[0m
Godot gates (analyzer)	Import the project	2026-10-04T03:53:33.6734199Z [   8% ] ^[[90m^[[1mreimport^[[22m | hammer-48.png^[[39m^[[0m
Godot gates (analyzer)	Import the project	2026-10-04T03:53:33.7003861Z [   8% ] ^[[90m^[[1mreimport^[[22m | hammer-60.png^[[39m^[[0m
Godot gates (analyzer)	Import the project	2026-10-04T03:53:33.7303899Z [   8% ] ^[[90m^[[1mreimport^[[22m | hammer-72.png^[[39m^[[0m
Godot gates (analyzer)	Import the project	2026-10-04T03:53:33.7875282Z [   9% ] ^[[90m^[[1mreimport^[[22m | hammer-84.png^[[39m^[[0m
Godot gates (analyzer)	Import the project	2026-10-04T03:53:33.8223905Z [   9% ] ^[[90m^[[1mreimport^[[22m | hammer-96.png^[[39m^[[0m
Godot gates (analyzer)	Import the project	2026-10-04T03:53:33.8554276Z [   9% ] ^[[90m^[[1mreimport^[[22m | hammer-108.png^[[39m^[[0m
Godot gates (analyzer)	Import the project	2026-10-04T03:53:33.9043660Z [   9% ] ^[[90m^[[1mreimport^[[22m | idle-00.png^[[39m^[[0m
Godot gates (analyzer)	Import the project	2026-10-04T03:53:33.9463975Z [   9% ] ^[[90m^[[1mreimport^[[22m | idle-12.png^[[39m^[[0m
Godot gates (analyzer)	Import the project	2026-10-04T03:53:33.9804107Z [   9% ] ^[[90m^[[1mreimport^[[22m | idle-24.png^[[39m^[[0m
Godot gates (analyzer)	Import the project	2026-10-04T03:53:34.0203886Z [   9% ] ^[[90m^[[1mreimport^[[22m | idle-36.png^[[39m^[[0m
Godot gates (analyzer)	Import the project	2026-10-04T03:53:34.0661868Z [   9% ] ^[[90m^[[1mreimport^[[22m | idle-48.png^[[39m^[[0m
Godot gates (analyzer)	Import the project	2026-10-04T03:53:34.1034638Z [  10% ] ^[[90m^[[1mreimport^[[22m | idle-60.png^[[39m^[[0m
Godot gates (analyzer)	Import the project	2026-10-04T03:53:34.1341021Z [  10% ] ^[[90m^[[1mreimport^[[22m | idle-00.png^[[39m^[[0m
Godot gates (analyzer)	Import the project	2026-10-04T03:53:34.1874072Z [  10% ] ^[[90m^[[1mreimport^[[22m | idle-12.png^[[39m^[[0m
Godot gates (analyzer)	Import the project	2026-10-04T03:53:34.2223816Z [  10% ] ^[[90m^[[1mreimport^[[22m | idle-24.png^[[39m^[[0m
Godot gates (analyzer)	Import the project	2026-10-04T03:53:34.2484086Z [  10% ] ^[[90m^[[1mreimport^[[22m | idle-36.png^[[39m^[[0m
Godot gates (analyzer)	Import the project	2026-10-04T03:53:34.3084089Z [  10% ] ^[[90m^[[1mreimport^[[22m | idle-48.png^[[39m^[[0m
Godot gates (analyzer)	Import the project	2026-10-04T03:53:34.3444023Z [  10% ] ^[[90m^[[1mreimport^[[22m | idle-60.png^[[39m^[[0m
Godot gates (analyzer)	Import the project	2026-10-04T03:53:34.3664083Z [  10% ] ^[[90m^[[1mreimport^[[22m | idle-72.png^[[39m^[[0m
Godot gates (analyzer)	Import the project	2026-10-04T03:53:34.4333919Z [  11% ] ^[[90m^[[1mreimport^[[22m | idle-84.png^[[39m^[[0m
Godot gates (analyzer)	Import the project	2026-10-04T03:53:34.4704138Z [  11% ] ^[[90m^[[1mreimport^[[22m | idle-96.png^[[39m^[[0m
Godot gates (analyzer)	Import the project	2026-10-04T03:53:34.4823537Z [  11% ] ^[[90m^[[1mreimport^[[22m | idle-108.png^[[39m^[[0m
Godot gates (analyzer)	Import the project	2026-10-04T03:53:34.5541251Z [  11% ] ^[[90m^[[1mreimport^[[22m | idle-120.png^[[39m^[[0m
Godot gates (analyzer)	Import the project	2026-10-04T03:53:34.5954256Z [  11% ] ^[[90m^[[1mreimport^[[22m | idle-132.png^[[39m^[[0m
Godot gates (analyzer)	Import the project	2026-10-04T03:53:34.6007883Z [  11% ] ^[[90m^[[1mreimport^[[22m | idle-144.png^[[39m^[[0m
Godot gates (analyzer)	Import the project	2026-10-04T03:53:34.6744156Z [  11% ] ^[[90m^[[1mreimport^[[22m | idle-156.png^[[39m^[[0m
Godot gates (analyzer)	Import the project	2026-10-04T03:53:34.7173969Z [  11% ] ^[[90m^[[1mreimport^[[22m | idle-168.png^[[39m^[[0m
Godot gates (analyzer)	Import the project	2026-10-04T03:53:34.7203331Z [  12% ] ^[[90m^[[1mreimport^[[22m | idle-180.png^[[39m^[[0m
Godot gates (analyzer)	Import the project	2026-10-04T03:53:34.7964051Z [  12% ] ^[[90m^[[1mreimport^[[22m | idle-192.png^[[39m^[[0m
Godot gates (analyzer)	Import the project	2026-10-04T03:53:34.8343996Z [  12% ] ^[[90m^[[1mreimport^[[22m | idle-204.png^[[39m^[[0m
Godot gates (analyzer)	Import the project	2026-10-04T03:53:34.8373392Z [  12% ] ^[[90m^[[1mreimport^[[22m | idle-216.png^[[39m^[[0m
Godot gates (analyzer)	Import the project	2026-10-04T03:53:34.9193999Z [  12% ] ^[[90m^[[1mreimport^[[22m | idle-228.png^[[39m^[[0m
Godot gates (analyzer)	Import the project	2026-10-04T03:53:34.9524176Z [  12% ] ^[[90m^[[1mreimport^[[22m | idle-240.png^[[39m^[[0m
Godot gates (analyzer)	Import the project	2026-10-04T03:53:34.9643719Z [  12% ] ^[[90m^[[1mreimport^[[22m | walk-00.png^[[39m^[[0m
Godot gates (analyzer)	Import the project	2026-10-04T03:53:35.1088273Z [  12% ] ^[[90m^[[1mreimport^[[22m | walk-12.png^[[39m^[[0m
Godot gates (analyzer)	Import the project	2026-10-04T03:53:35.1354103Z [  13% ] ^[[90m^[[1mreimport^[[22m | walk-24.png^[[39m^[[0m
Godot gates (analyzer)	Import the project	2026-10-04T03:53:35.1533716Z [  13% ] ^[[90m^[[1mreimport^[[22m | walk-36.png^[[39m^[[0m
Godot gates (analyzer)	Import the project	2026-10-04T03:53:35.3004040Z [  13% ] ^[[90m^[[1mreimport^[[22m | walk-48.png^[[39m^[[0m
Godot gates (analyzer)	Import the project	2026-10-04T03:53:35.3194022Z [  13% ] ^[[90m^[[1mreimport^[[22m | idle-048.png^[[39m^[[0m
Godot gates (analyzer)	Import the project	2026-10-04T03:53:35.3444019Z [  13% ] ^[[90m^[[1mreimport^[[22m | idle-054.png^[[39m^[[0m
Godot gates (analyzer)	Import the project	2026-10-04T03:53:35.4928293Z [  13% ] ^[[90m^[[1mreimport^[[22m | idle-060.png^[[39m^[[0m
Godot gates (analyzer)	Import the project	2026-10-04T03:53:35.5074054Z [  13% ] ^[[90m^[[1mreimport^[[22m | idle-066.png^[[39m^[[0m
Godot gates (analyzer)	Import the project	2026-10-04T03:53:35.5354090Z [  13% ] ^[[90m^[[1mreimport^[[22m | idle-072.png^[[39m^[[0m
Godot gates (analyzer)	Import the project	2026-10-04T03:53:35.6864124Z [  14% ] ^[[90m^[[1mreimport^[[22m | idle-078.png^[[39m^[[0m
Godot gates (analyzer)	Import the project	2026-10-04T03:53:35.6903660Z [  14% ] ^[[90m^[[1mreimport^[[22m | idle-084.png^[[39m^[[0m
Godot gates (analyzer)	Import the project	2026-10-04T03:53:35.7293913Z [  14% ] ^[[90m^[[1mreimport^[[22m | idle-090.png^[[39m^[[0m
Godot gates (analyzer)	Import the project	2026-10-04T03:53:35.8754163Z [  14% ] ^[[90m^[[1mreimport^[[22m | idle-096.png^[[39m^[[0m
Godot gates (analyzer)	Import the project	2026-10-04T03:53:35.8803520Z [  14% ] ^[[90m^[[1mreimport^[[22m | idle-102.png^[[39m^[[0m
Godot gates (analyzer)	Import the project	2026-10-04T03:53:35.9215773Z [  14% ] ^[[90m^[[1mreimport^[[22m | idle-108.png^[[39m^[[0m
Godot gates (analyzer)	Import the project	2026-10-04T03:53:36.0724936Z [  14% ] ^[[90m^[[1mreimport^[[22m | idle-114.png^[[39m^[[0m
Godot gates (analyzer)	Import the project	2026-10-04T03:53:36.0753423Z [  14% ] ^[[90m^[[1mreimport^[[22m | idle-120.png^[[39m^[[0m
Godot gates (analyzer)	Import the project	2026-10-04T03:53:36.1149066Z [  15% ] ^[[90m^[[1mreimport^[[22m | idle-121.png^[[39m^[[0m
Godot gates (analyzer)	Import the project	2026-10-04T03:53:36.2643885Z [  15% ] ^[[90m^[[1mreimport^[[22m | walk-000.png^[[39m^[[0m
Godot gates (analyzer)	Import the project	2026-10-04T03:53:36.2653461Z [  15% ] ^[[90m^[[1mreimport^[[22m | walk-006.png^[[39m^[[0m
Godot gates (analyzer)	Import the project	2026-10-04T03:53:36.3056588Z [  15% ] ^[[90m^[[1mreimport^[[22m | walk-012.png^[[39m^[[0m
Godot gates (analyzer)	Import the project	2026-10-04T03:53:36.4479532Z [  15% ] ^[[90m^[[1mreimport^[[22m | walk-018.png^[[39m^[[0m
Godot gates (analyzer)	Import the project	2026-10-04T03:53:36.4579146Z [  15% ] ^[[90m^[[1mreimport^[[22m | walk-024.png^[[39m^[[0m
Godot gates (analyzer)	Import the project	2026-10-04T03:53:36.4993905Z [  15% ] ^[[90m^[[1mreimport^[[22m | walk-030.png^[[39m^[[0m
Godot gates (analyzer)	Import the project	2026-10-04T03:53:36.6410011Z [  15% ] ^[[90m^[[1mreimport^[[22m | walk-033.png^[[39m^[[0m
Godot gates (analyzer)	Import the project	2026-10-04T03:53:36.6627913Z [  16% ] ^[[90m^[[1mreimport^[[22m | heavy_hammer_swing-000.png^[[39m^[[0m
Godot gates (analyzer)	Import the project	2026-10-04T03:53:36.7094313Z [  16% ] ^[[90m^[[1mreimport^[[22m | heavy_hammer_swing-006.png^[[39m^[[0m
Godot gates (analyzer)	Import the project	2026-10-04T03:53:36.8374271Z [  16% ] ^[[90m^[[1mreimport^[[22m | heavy_hammer_swing-012.png^[[39m^[[0m
Godot gates (analyzer)	Import the project	2026-10-04T03:53:36.8714204Z [  16% ] ^[[90m^[[1mreimport^[[22m | walk-006.png^[[39m^[[0m
Godot gates (analyzer)	Import the project	2026-10-04T03:53:36.9193603Z [  16% ] ^[[90m^[[1mreimport^[[22m | walk-012.png^[[39m^[[0m
Godot gates (analyzer)	Import the project	2026-10-04T03:53:37.0314257Z [  16% ] ^[[90m^[[1mreimport^[[22m | walk-018.png^[[39m^[[0m
Godot gates (analyzer)	Import the project	2026-10-04T03:53:37.0720398Z [  16% ] ^[[90m^[[1mreimport^[[22m | walk-024.png^[[39m^[[0m
Godot gates (analyzer)	Import the project	2026-10-04T03:53:37.1188503Z [  16% ] ^[[90m^[[1mreimport^[[22m | walk-030.png^[[39m^[[0m
Godot gates (analyzer)	Import the project	2026-10-04T03:53:37.2223878Z [  17% ] ^[[90m^[[1mreimport^[[22m | walk-033.png^[[39m^[[0m
Godot gates (analyzer)	Import the project	2026-10-04T03:53:37.2764223Z [  17% ] ^[[90m^[[1mreimport^[[22m | heavy_hammer_swing-000.png^[[39m^[[0m
Godot gates (analyzer)	Import the project	2026-10-04T03:53:37.3236813Z [  17% ] ^[[90m^[[1mreimport^[[22m | heavy_hammer_swing-006.png^[[39m^[[0m
Godot gates (analyzer)	Import the project	2026-10-04T03:53:37.4177649Z [  17% ] ^[[90m^[[1mreimport^[[22m | heavy_hammer_swing-012.png^[[39m^[[0m
Godot gates (analyzer)	Import the project	2026-10-04T03:53:37.4744195Z [  17% ] ^[[90m^[[1mreimport^[[22m | heavy_hammer_swing-018.png^[[39m^[[0m
Godot gates (analyzer)	Import the project	2026-10-04T03:53:37.5165613Z [  17% ] ^[[90m^[[1mreimport^[[22m | heavy_hammer_swing-024.png^[[39m^[[0m
Godot gates (analyzer)	Import the project	2026-10-04T03:53:37.6034001Z [  17% ] ^[[90m^[[1mreimport^[[22m | heavy_hammer_swing-030.png^[[39m^[[0m
Godot gates (analyzer)	Import the project	2026-10-04T03:53:37.6673851Z [  17% ] ^[[90m^[[1mreimport^[[22m | heavy_hammer_swing-036.png^[[39m^[[0m
Godot gates (analyzer)	Import the project	2026-10-04T03:53:37.7094128Z [  18% ] ^[[90m^[[1mreimport^[[22m | heavy_hammer_swing-042.png^[[39m^[[0m
Godot gates (analyzer)	Import the project	2026-10-04T03:53:37.7844192Z [  18% ] ^[[90m^[[1mreimport^[[22m | heavy_hammer_swing-048.png^[[39m^[[0m
Godot gates (analyzer)	Import the project	2026-10-04T03:53:37.8557350Z [  18% ] ^[[90m^[[1mreimport^[[22m | heavy_hammer_swing-054.png^[[39m^[[0m
Godot gates (analyzer)	Import the project	2026-10-04T03:53:37.9004135Z [  18% ] ^[[90m^[[1mreimport^[[22m | heavy_hammer_swing-057.png^[[39m^[[0m
Godot gates (analyzer)	Import the project	2026-10-04T03:53:37.9684326Z [  18% ] ^[[90m^[[1mreimport^[[22m | idle-000.png^[[39m^[[0m
Godot gates (analyzer)	Import the project	2026-10-04T03:53:38.0454342Z [  18% ] ^[[90m^[[1mreimport^[[22m | idle-006.png^[[39m^[[0m
Godot gates (analyzer)	Import the project	2026-10-04T03:53:38.0950308Z [  18% ] ^[[90m^[[1mreimport^[[22m | idle-012.png^[[39m^[[0m
Godot gates (analyzer)	Import the project	2026-10-04T03:53:38.1524043Z [  18% ] ^[[90m^[[1mreimport^[[22m | idle-018.png^[[39m^[[0m
Godot gates (analyzer)	Import the project	2026-10-04T03:53:38.2466032Z [  19% ] ^[[90m^[[1mreimport^[[22m | idle-024.png^[[39m^[[0m
Godot gates (analyzer)	Import the project	2026-10-04T03:53:38.2993938Z [  19% ] ^[[90m^[[1mreimport^[[22m | idle-030.png^[[39m^[[0m
Godot gates (analyzer)	Import the project	2026-10-04T03:53:38.3434100Z [  19% ] ^[[90m^[[1mreimport^[[22m | idle-036.png^[[39m^[[0m
Godot gates (analyzer)	Import the project	2026-10-04T03:53:38.4464105Z [  19% ] ^[[90m^[[1mreimport^[[22m | idle-042.png^[[39m^[[0m
Godot gates (analyzer)	Import the project	2026-10-04T03:53:38.4986334Z [  19% ] ^[[90m^[[1mreimport^[[22m | idle-102.png^[[39m^[[0m
Godot gates (analyzer)	Import the project	2026-10-04T03:53:38.5420998Z [  19% ] ^[[90m^[[1mreimport^[[22m | idle-108.png^[[39m^[[0m
Godot gates (analyzer)	Import the project	2026-10-04T03:53:38.6454175Z [  19% ] ^[[90m^[[1mreimport^[[22m | idle-114.png^[[39m^[[0m
Godot gates (analyzer)	Import the project	2026-10-04T03:53:38.7023425Z [  19% ] ^[[90m^[[1mreimport^[[22m | idle-120.png^[[39m^[[0m
Godot gates (analyzer)	Import the project	2026-10-04T03:53:38.7424162Z [  20% ] ^[[90m^[[1mreimport^[[22m | idle-121.png^[[39m^[[0m
Godot gates (analyzer)	Import the project	2026-10-04T03:53:38.8454213Z [  20% ] ^[[90m^[[1mreimport^[[22m | walk-000.png^[[39m^[[0m
Godot gates (analyzer)	Import the project	2026-10-04T03:53:38.9134098Z [  20% ] ^[[90m^[[1mreimport^[[22m | walk-006.png^[[39m^[[0m
Godot gates (analyzer)	Import the project	2026-10-04T03:53:38.9394064Z [  20% ] ^[[90m^[[1mreimport^[[22m | walk-012.png^[[39m^[[0m
Godot gates (analyzer)	Import the project	2026-10-04T03:53:39.0403953Z [  20% ] ^[[90m^[[1mreimport^[[22m | walk-018.png^[[39m^[[0m
Godot gates (analyzer)	Import the project	2026-10-04T03:53:39.1054202Z [  20% ] ^[[90m^[[1mreimport^[[22m | walk-024.png^[[39m^[[0m
Godot gates (analyzer)	Import the project	2026-10-04T03:53:39.1233903Z [  20% ] ^[[90m^[[1mreimport^[[22m | walk-030.png^[[39m^[[0m
Godot gates (analyzer)	Import the project	2026-10-04T03:53:39.2314103Z [  20% ] ^[[90m^[[1mreimport^[[22m | walk-033.png^[[39m^[[0m
Godot gates (analyzer)	Import the project	2026-10-04T03:53:39.3044140Z [  21% ] ^[[90m^[[1mreimport^[[22m | heavy_hammer_swing-000.png^[[39m^[[0m
Godot gates (analyzer)	Import the project	2026-10-04T03:53:39.3193856Z [  21% ] ^[[90m^[[1mreimport^[[22m | heavy_hammer_swing-006.png^[[39m^[[0m
Godot gates (analyzer)	Import the project	2026-10-04T03:53:39.4364008Z [  21% ] ^[[90m^[[1mreimport^[[22m | heavy_hammer_swing-012.png^[[39m^[[0m
Godot gates (analyzer)	Import the project	2026-10-04T03:53:39.5052381Z [  21% ] ^[[90m^[[1mreimport^[[22m | heavy_hammer_swing-018.png^[[39m^[[0m
Godot gates (analyzer)	Import the project	2026-10-04T03:53:39.5083510Z [  21% ] ^[[90m^[[1mreimport^[[22m | heavy_hammer_swing-024.png^[[39m^[[0m
Godot gates (analyzer)	Import the project	2026-10-04T03:53:39.6254072Z [  21% ] ^[[90m^[[1mreimport^[[22m | heavy_hammer_swing-030.png^[[39m^[[0m
Godot gates (analyzer)	Import the project	2026-10-04T03:53:39.6994026Z [  21% ] ^[[90m^[[1mreimport^[[22m | heavy_hammer_swing-036.png^[[39m^[[0m
Godot gates (analyzer)	Import the project	2026-10-04T03:53:39.6995018Z [  21% ] ^[[90m^[[1mreimport^[[22m | heavy_hammer_swing-042.png^[[39m^[[0m
Godot gates (analyzer)	Import the project	2026-10-04T03:53:39.8244158Z [  22% ] ^[[90m^[[1mreimport^[[22m | heavy_hammer_swing-048.png^[[39m^[[0m
Godot gates (analyzer)	Import the project	2026-10-04T03:53:39.8924205Z [  22% ] ^[[90m^[[1mreimport^[[22m | heavy_hammer_swing-054.png^[[39m^[[0m
Godot gates (analyzer)	Import the project	2026-10-04T03:53:39.8933868Z [  22% ] ^[[90m^[[1mreimport^[[22m | heavy_hammer_swing-057.png^[[39m^[[0m
Godot gates (analyzer)	Import the project	2026-10-04T03:53:40.0303985Z [  22% ] ^[[90m^[[1mreimport^[[22m | idle-000.png^[[39m^[[0m
Godot gates (analyzer)	Import the project	2026-10-04T03:53:40.0904130Z [  22% ] ^[[90m^[[1mreimport^[[22m | idle-006.png^[[39m^[[0m
Godot gates (analyzer)	Import the project	2026-10-04T03:53:40.0933490Z [  22% ] ^[[90m^[[1mreimport^[[22m | heavy_hammer_swing-018.png^[[39m^[[0m
Godot gates (analyzer)	Import the project	2026-10-04T03:53:40.2193958Z [  22% ] ^[[90m^[[1mreimport^[[22m | heavy_hammer_swing-024.png^[[39m^[[0m
Godot gates (analyzer)	Import the project	2026-10-04T03:53:40.2784290Z [  22% ] ^[[90m^[[1mreimport^[[22m | heavy_hammer_swing-030.png^[[39m^[[0m
Godot gates (analyzer)	Import the project	2026-10-04T03:53:40.2863562Z [  23% ] ^[[90m^[[1mreimport^[[22m | heavy_hammer_swing-036.png^[[39m^[[0m
Godot gates (analyzer)	Import the project	2026-10-04T03:53:40.4164285Z [  23% ] ^[[90m^[[1mreimport^[[22m | heavy_hammer_swing-042.png^[[39m^[[0m
Godot gates (analyzer)	Import the project	2026-10-04T03:53:40.4726292Z [  23% ] ^[[90m^[[1mreimport^[[22m | heavy_hammer_swing-048.png^[[39m^[[0m
Godot gates (analyzer)	Import the project	2026-10-04T03:53:40.4894115Z [  23% ] ^[[90m^[[1mreimport^[[22m | heavy_hammer_swing-054.png^[[39m^[[0m
Godot gates (analyzer)	Import the project	2026-10-04T03:53:40.6214195Z [  23% ] ^[[90m^[[1mreimport^[[22m | heavy_hammer_swing-057.png^[[39m^[[0m
Godot gates (analyzer)	Import the project	2026-10-04T03:53:40.6694171Z [  23% ] ^[[90m^[[1mreimport^[[22m | idle-000.png^[[39m^[[0m
Godot gates (analyzer)	Import the project	2026-10-04T03:53:40.6913706Z [  23% ] ^[[90m^[[1mreimport^[[22m | idle-006.png^[[39m^[[0m
Godot gates (analyzer)	Import the project	2026-10-04T03:53:40.8143991Z [  23% ] ^[[90m^[[1mreimport^[[22m | idle-012.png^[[39m^[[0m
Godot gates (analyzer)	Import the project	2026-10-04T03:53:40.8563955Z [  24% ] ^[[90m^[[1mreimport^[[22m | idle-018.png^[[39m^[[0m
Godot gates (analyzer)	Import the project	2026-10-04T03:53:40.8883485Z [  24% ] ^[[90m^[[1mreimport^[[22m | idle-024.png^[[39m^[[0m
Godot gates (analyzer)	Import the project	2026-10-04T03:53:41.0104244Z [  24% ] ^[[90m^[[1mreimport^[[22m | idle-030.png^[[39m^[[0m
Godot gates (analyzer)	Import the project	2026-10-04T03:53:41.0504261Z [  24% ] ^[[90m^[[1mreimport^[[22m | idle-036.png^[[39m^[[0m
Godot gates (analyzer)	Import the project	2026-10-04T03:53:41.0894099Z [  24% ] ^[[90m^[[1mreimport^[[22m | idle-042.png^[[39m^[[0m
Godot gates (analyzer)	Import the project	2026-10-04T03:53:41.2124209Z [  24% ] ^[[90m^[[1mreimport^[[22m | idle-048.png^[[39m^[[0m
Godot gates (analyzer)	Import the project	2026-10-04T03:53:41.2453967Z [  24% ] ^[[90m^[[1mreimport^[[22m | idle-054.png^[[39m^[[0m
Godot gates (analyzer)	Import the project	2026-10-04T03:53:41.2901235Z [  24% ] ^[[90m^[[1mreimport^[[22m | idle-060.png^[[39m^[[0m
Godot gates (analyzer)	Import the project	2026-10-04T03:53:41.2913524Z [  25% ] ^[[90m^[[1mreimport^[[22m | idle-066.png^[[39m^[[0m
Godot gates (analyzer)	Import the project	2026-10-04T03:53:41.2936006Z [  25% ] ^[[90m^[[1mreimport^[[22m | idle-072.png^[[39m^[[0m
Godot gates (analyzer)	Import the project	2026-10-04T03:53:41.2963537Z [  25% ] ^[[90m^[[1mreimport^[[22m | idle-078.png^[[39m^[[0m
Godot gates (analyzer)	Import the project	2026-10-04T03:53:41.2964354Z [  25% ] ^[[90m^[[1mreimport^[[22m | idle-084.png^[[39m^[[0m
Godot gates (analyzer)	Import the project	2026-10-04T03:53:41.2983456Z [  25% ] ^[[90m^[[1mreimport^[[22m | idle-090.png^[[39m^[[0m
Godot gates (analyzer)	Import the project	2026-10-04T03:53:41.3006714Z [  25% ] ^[[90m^[[1mreimport^[[22m | idle-096.png^[[39m^[[0m
Godot gates (analyzer)	Import the project	2026-10-04T03:53:41.3030651Z [  25% ] ^[[90m^[[1mreimport^[[22m | journal_corner_bl.svg^[[39m^[[0m
Godot gates (analyzer)	Import the project	2026-10-04T03:53:41.3041103Z [  25% ] ^[[90m^[[1mreimport^[[22m | journal_corner_br.svg^[[39m^[[0m
Godot gates (analyzer)	Import the project	2026-10-04T03:53:41.3060184Z [  26% ] ^[[90m^[[1mreimport^[[22m | journal_corner_tl.svg^[[39m^[[0m
Godot gates (analyzer)	Import the project	2026-10-04T03:53:41.3086471Z [  26% ] ^[[90m^[[1mreimport^[[22m | journal_corner_tr.svg^[[39m^[[0m
Godot gates (analyzer)	Import the project	2026-10-04T03:53:41.3115202Z [  26% ] ^[[90m^[[1mreimport^[[22m | journal_edge_bottom.svg^[[39m^[[0m
Godot gates (analyzer)	Import the project	2026-10-04T03:53:41.3160600Z [  26% ] ^[[90m^[[1mreimport^[[22m | journal_edge_left.svg^[[39m^[[0m
Godot gates (analyzer)	Import the project	2026-10-04T03:53:41.3161460Z [  26% ] ^[[90m^[[1mreimport^[[22m | journal_edge_right.svg^[[39m^[[0m
Godot gates (analyzer)	Import the project	2026-10-04T03:53:41.3183461Z [  26% ] ^[[90m^[[1mreimport^[[22m | journal_edge_top.svg^[[39m^[[0m
Godot gates (analyzer)	Import the project	2026-10-04T03:53:41.3204226Z [  26% ] ^[[90m^[[1mreimport^[[22m | journal_ring.svg^[[39m^[[0m
Godot gates (analyzer)	Import the project	2026-10-04T03:53:41.3239741Z [  26% ] ^[[90m^[[1mreimport^[[22m | journal_strap.svg^[[39m^[[0m
Godot gates (analyzer)	Import the project	2026-10-04T03:53:41.3273593Z [  27% ] ^[[90m^[[1mreimport^[[22m | map_folio_corner_bl.svg^[[39m^[[0m
Godot gates (analyzer)	Import the project	2026-10-04T03:53:41.3296499Z [  27% ] ^[[90m^[[1mreimport^[[22m | map_folio_corner_br.svg^[[39m^[[0m
Godot gates (analyzer)	Import the project	2026-10-04T03:53:41.3329070Z [  27% ] ^[[90m^[[1mreimport^[[22m | map_folio_corner_tl.svg^[[39m^[[0m
Godot gates (analyzer)	Import the project	2026-10-04T03:53:41.3353405Z [  27% ] ^[[90m^[[1mreimport^[[22m | map_folio_corner_tr.svg^[[39m^[[0m
Godot gates (analyzer)	Import the project	2026-10-04T03:53:41.3354248Z [  27% ] ^[[90m^[[1mreimport^[[22m | map_folio_edge_bottom.svg^[[39m^[[0m
Godot gates (analyzer)	Import the project	2026-10-04T03:53:41.3383357Z [  27% ] ^[[90m^[[1mreimport^[[22m | map_folio_edge_left.svg^[[39m^[[0m
Godot gates (analyzer)	Import the project	2026-10-04T03:53:41.3384139Z [  27% ] ^[[90m^[[1mreimport^[[22m | map_folio_edge_right.svg^[[39m^[[0m
Godot gates (analyzer)	Import the project	2026-10-04T03:53:41.3384891Z [  27% ] ^[[90m^[[1mreimport^[[22m | map_folio_edge_top.svg^[[39m^[[0m
Godot gates (analyzer)	Import the project	2026-10-04T03:53:41.4154186Z [  28% ] ^[[90m^[[1mreimport^[[22m | resource_tray_corner_bl.svg^[[39m^[[0m
Godot gates (analyzer)	Import the project	2026-10-04T03:53:41.4413828Z [  28% ] ^[[90m^[[1mreimport^[[22m | resource_tray_corner_br.svg^[[39m^[[0m
Godot gates (analyzer)	Import the project	2026-10-04T03:53:41.4534163Z [  28% ] ^[[90m^[[1mreimport^[[22m | resource_tray_corner_tl.svg^[[39m^[[0m
Godot gates (analyzer)	Import the project	2026-10-04T03:53:41.5374125Z [  28% ] ^[[90m^[[1mreimport^[[22m | resource_tray_corner_tr.svg^[[39m^[[0m
Godot gates (analyzer)	Import the project	2026-10-04T03:53:41.5583942Z [  28% ] ^[[90m^[[1mreimport^[[22m | resource_tray_edge_bottom.svg^[[39m^[[0m
Godot gates (analyzer)	Import the project	2026-10-04T03:53:41.5766198Z [  28% ] ^[[90m^[[1mreimport^[[22m | resource_tray_edge_left.svg^[[39m^[[0m
Godot gates (analyzer)	Import the project	2026-10-04T03:53:41.6584139Z [  28% ] ^[[90m^[[1mreimport^[[22m | idle-216.png^[[39m^[[0m
Godot gates (analyzer)	Import the project	2026-10-04T03:53:41.6753873Z [  28% ] ^[[90m^[[1mreimport^[[22m | idle-228.png^[[39m^[[0m
Godot gates (analyzer)	Import the project	2026-10-04T03:53:41.7028217Z [  29% ] ^[[90m^[[1mreimport^[[22m | idle-240.png^[[39m^[[0m
Godot gates (analyzer)	Import the project	2026-10-04T03:53:41.7083436Z [  29% ] ^[[90m^[[1mreimport^[[22m | walk-00.png^[[39m^[[0m
Godot gates (analyzer)	Import the project	2026-10-04T03:53:41.7113528Z [  29% ] ^[[90m^[[1mreimport^[[22m | walk-12.png^[[39m^[[0m
Godot gates (analyzer)	Import the project	2026-10-04T03:53:41.7138538Z [  29% ] ^[[90m^[[1mreimport^[[22m | walk-24.png^[[39m^[[0m
Godot gates (analyzer)	Import the project	2026-10-04T03:53:41.7193398Z [  29% ] ^[[90m^[[1mreimport^[[22m | walk-36.png^[[39m^[[0m
Godot gates (analyzer)	Import the project	2026-10-04T03:53:41.7223517Z [  29% ] ^[[90m^[[1mreimport^[[22m | walk-48.png^[[39m^[[0m
Godot gates (analyzer)	Import the project	2026-10-04T03:53:41.7248640Z [  29% ] ^[[90m^[[1mreimport^[[22m | walk-60.png^[[39m^[[0m
Godot gates (analyzer)	Import the project	2026-10-04T03:53:41.7293454Z [  29% ] ^[[90m^[[1mreimport^[[22m | species_mole_48.svg^[[39m^[[0m
Godot gates (analyzer)	Import the project	2026-10-04T03:53:41.7322483Z [  30% ] ^[[90m^[[1mreimport^[[22m | species_mole_64.svg^[[39m^[[0m
Godot gates (analyzer)	Import the project	2026-10-04T03:53:41.7363537Z [  30% ] ^[[90m^[[1mreimport^[[22m | species_mouse_48.svg^[[39m^[[0m
Godot gates (analyzer)	Import the project	2026-10-04T03:53:41.7393534Z [  30% ] ^[[90m^[[1mreimport^[[22m | species_mouse_64.svg^[[39m^[[0m
Godot gates (analyzer)	Import the project	2026-10-04T03:53:41.7394531Z [  30% ] ^[[90m^[[1mreimport^[[22m | species_otter_48.svg^[[39m^[[0m
Godot gates (analyzer)	Import the project	2026-10-04T03:53:41.7423531Z [  30% ] ^[[90m^[[1mreimport^[[22m | species_otter_64.svg^[[39m^[[0m
Godot gates (analyzer)	Import the project	2026-10-04T03:53:41.7453557Z [  30% ] ^[[90m^[[1mreimport^[[22m | species_squirrel_48.svg^[[39m^[[0m
Godot gates (analyzer)	Import the project	2026-10-04T03:53:41.7455978Z [  30% ] ^[[90m^[[1mreimport^[[22m | species_squirrel_64.svg^[[39m^[[0m
Godot gates (analyzer)	Import the project	2026-10-04T03:53:41.7483560Z [  30% ] ^[[90m^[[1mreimport^[[22m | command_dock_corner_bl.svg^[[39m^[[0m
Godot gates (analyzer)	Import the project	2026-10-04T03:53:41.7513548Z [  31% ] ^[[90m^[[1mreimport^[[22m | command_dock_corner_br.svg^[[39m^[[0m
Godot gates (analyzer)	Import the project	2026-10-04T03:53:41.7543485Z [  31% ] ^[[90m^[[1mreimport^[[22m | command_dock_corner_tl.svg^[[39m^[[0m
Godot gates (analyzer)	Import the project	2026-10-04T03:53:41.7573503Z [  31% ] ^[[90m^[[1mreimport^[[22m | command_dock_corner_tr.svg^[[39m^[[0m
Godot gates (analyzer)	Import the project	2026-10-04T03:53:41.7574412Z [  31% ] ^[[90m^[[1mreimport^[[22m | command_dock_edge_bottom.svg^[[39m^[[0m
Godot gates (analyzer)	Import the project	2026-10-04T03:53:41.7603492Z [  31% ] ^[[90m^[[1mreimport^[[22m | command_dock_edge_left.svg^[[39m^[[0m
Godot gates (analyzer)	Import the project	2026-10-04T03:53:41.7633528Z [  31% ] ^[[90m^[[1mreimport^[[22m | command_dock_edge_right.svg^[[39m^[[0m
Godot gates (analyzer)	Import the project	2026-10-04T03:53:41.7663421Z [  31% ] ^[[90m^[[1mreimport^[[22m | command_dock_edge_top.svg^[[39m^[[0m
Godot gates (analyzer)	Import the project	2026-10-04T03:53:41.7693317Z [  31% ] ^[[90m^[[1mreimport^[[22m | stone.svg^[[39m^[[0m
Godot gates (analyzer)	Import the project	2026-10-04T03:53:41.7723324Z [  32% ] ^[[90m^[[1mreimport^[[22m | warning.svg^[[39m^[[0m
Godot gates (analyzer)	Import the project	2026-10-04T03:53:41.7753390Z [  32% ] ^[[90m^[[1mreimport^[[22m | wood.svg^[[39m^[[0m
Godot gates (analyzer)	Import the project	2026-10-04T03:53:41.7783353Z [  32% ] ^[[90m^[[1mreimport^[[22m | acorn.svg^[[39m^[[0m
Godot gates (analyzer)	Import the project	2026-10-04T03:53:41.7784059Z [  32% ] ^[[90m^[[1mreimport^[[22m | binding_seam.svg^[[39m^[[0m
Godot gates (analyzer)	Import the project	2026-10-04T03:53:41.7803814Z [  32% ] ^[[90m^[[1mreimport^[[22m | oak_leaf.svg^[[39m^[[0m
Godot gates (analyzer)	Import the project	2026-10-04T03:53:41.7813505Z [  32% ] ^[[90m^[[1mreimport^[[22m | page_edge.svg^[[39m^[[0m
Godot gates (analyzer)	Import the project	2026-10-04T03:53:41.7819725Z [  32% ] ^[[90m^[[1mreimport^[[22m | sprig.svg^[[39m^[[0m
Godot gates (analyzer)	Import the project	2026-10-04T03:53:41.7843495Z [  32% ] ^[[90m^[[1mreimport^[[22m | cmd_build.svg^[[39m^[[0m
Godot gates (analyzer)	Import the project	2026-10-04T03:53:41.7872180Z [  33% ] ^[[90m^[[1mreimport^[[22m | cmd_goals.svg^[[39m^[[0m
Godot gates (analyzer)	Import the project	2026-10-04T03:53:41.7873449Z [  33% ] ^[[90m^[[1mreimport^[[22m | cmd_work.svg^[[39m^[[0m
Godot gates (analyzer)	Import the project	2026-10-04T03:53:41.7903396Z [  33% ] ^[[90m^[[1mreimport^[[22m | cmd_zone.svg^[[39m^[[0m
Godot gates (analyzer)	Import the project	2026-10-04T03:53:41.7917734Z [  33% ] ^[[90m^[[1mreimport^[[22m | res_beds.svg^[[39m^[[0m
Godot gates (analyzer)	Import the project	2026-10-04T03:53:41.7953482Z [  33% ] ^[[90m^[[1mreimport^[[22m | res_food_ready.svg^[[39m^[[0m
Godot gates (analyzer)	Import the project	2026-10-04T03:53:41.7962363Z [  33% ] ^[[90m^[[1mreimport^[[22m | res_fuel.svg^[[39m^[[0m
Godot gates (analyzer)	Import the project	2026-10-04T03:53:41.7981232Z [  33% ] ^[[90m^[[1mreimport^[[22m | res_population.svg^[[39m^[[0m
Godot gates (analyzer)	Import the project	2026-10-04T03:53:41.8012651Z [  33% ] ^[[90m^[[1mreimport^[[22m | res_stone.svg^[[39m^[[0m
Godot gates (analyzer)	Import the project	2026-10-04T03:53:41.8028987Z [  34% ] ^[[90m^[[1mreimport^[[22m | res_wood.svg^[[39m^[[0m
Godot gates (analyzer)	Import the project	2026-10-04T03:53:41.8047579Z [  34% ] ^[[90m^[[1mreimport^[[22m | build.svg^[[39m^[[0m
Godot gates (analyzer)	Import the project	2026-10-04T03:53:41.8066302Z [  34% ] ^[[90m^[[1mreimport^[[22m | food.svg^[[39m^[[0m
Godot gates (analyzer)	Import the project	2026-10-04T03:53:41.8077348Z [  34% ] ^[[90m^[[1mreimport^[[22m | goals.svg^[[39m^[[0m
Godot gates (analyzer)	Import the project	2026-10-04T03:53:41.8078397Z [  34% ] ^[[90m^[[1mreimport^[[22m | people.svg^[[39m^[[0m
Godot gates (analyzer)	Import the project	2026-10-04T03:53:41.8079308Z [  34% ] ^[[90m^[[1mreimport^[[22m | work.svg^[[39m^[[0m
Godot gates (analyzer)	Import the project	2026-10-04T03:53:41.8080172Z [  34% ] ^[[90m^[[1mreimport^[[22m | zone.svg^[[39m^[[0m
Godot gates (analyzer)	Import the project	2026-10-04T03:53:41.8081046Z [  34% ] ^[[90m^[[1mreimport^[[22m | icon.svg^[[39m^[[0m
Godot gates (analyzer)	Import the project	2026-10-04T03:53:41.8082080Z [  35% ] ^[[90m^[[1mreimport^[[22m | resource_tray_edge_right.svg^[[39m^[[0m
Godot gates (analyzer)	Import the project	2026-10-04T03:53:41.8083245Z [  35% ] ^[[90m^[[1mreimport^[[22m | resource_tray_edge_top.svg^[[39m^[[0m
Godot gates (analyzer)	Import the project	2026-10-04T03:53:41.8091004Z [  35% ] ^[[90m^[[1mreimport^[[22m | time_group_corner_bl.svg^[[39m^[[0m
Godot gates (analyzer)	Import the project	2026-10-04T03:53:41.8092109Z [  35% ] ^[[90m^[[1mreimport^[[22m | time_group_corner_br.svg^[[39m^[[0m
Godot gates (analyzer)	Import the project	2026-10-04T03:53:41.8093441Z [  35% ] ^[[90m^[[1mreimport^[[22m | time_group_corner_tl.svg^[[39m^[[0m
Godot gates (analyzer)	Import the project	2026-10-04T03:53:41.8094510Z [  35% ] ^[[90m^[[1mreimport^[[22m | time_group_corner_tr.svg^[[39m^[[0m
Godot gates (analyzer)	Import the project	2026-10-04T03:53:41.8095549Z [  35% ] ^[[90m^[[1mreimport^[[22m | time_group_edge_bottom.svg^[[39m^[[0m
Godot gates (analyzer)	Import the project	2026-10-04T03:53:41.8096574Z [  35% ] ^[[90m^[[1mreimport^[[22m | time_group_edge_left.svg^[[39m^[[0m
Godot gates (analyzer)	Import the project	2026-10-04T03:53:41.8097618Z [  36% ] ^[[90m^[[1mreimport^[[22m | time_group_edge_right.svg^[[39m^[[0m
Godot gates (analyzer)	Import the project	2026-10-04T03:53:41.8098613Z [  36% ] ^[[90m^[[1mreimport^[[22m | time_group_edge_top.svg^[[39m^[[0m
Godot gates (analyzer)	Import the project	2026-10-04T03:53:41.8099521Z [  36% ] ^[[90m^[[1mreimport^[[22m | beds.svg^[[39m^[[0m
Godot gates (analyzer)	Import the project	2026-10-04T03:53:41.8100050Z [  36% ] ^[[90m^[[1mreimport^[[22m | brush.svg^[[39m^[[0m
Godot gates (analyzer)	Import the project	2026-10-04T03:53:41.8100562Z [  36% ] ^[[90m^[[1mreimport^[[22m | build.svg^[[39m^[[0m
Godot gates (analyzer)	Import the project	2026-10-04T03:53:41.8101067Z [  36% ] ^[[90m^[[1mreimport^[[22m | calendar.svg^[[39m^[[0m
Godot gates (analyzer)	Import the project	2026-10-04T03:53:41.8101585Z [  36% ] ^[[90m^[[1mreimport^[[22m | cancel.svg^[[39m^[[0m
Godot gates (analyzer)	Import the project	2026-10-04T03:53:41.8102102Z [  36% ] ^[[90m^[[1mreimport^[[22m | center_view.svg^[[39m^[[0m
Godot gates (analyzer)	Import the project	2026-10-04T03:53:41.8102591Z [  37% ] ^[[90m^[[1mreimport^[[22m | check.svg^[[39m^[[0m
Godot gates (analyzer)	Import the project	2026-10-04T03:53:41.8103538Z [  37% ] ^[[90m^[[1mreimport^[[22m | fuel.svg^[[39m^[[0m
Godot gates (analyzer)	Import the project	2026-10-04T03:53:41.8118007Z [  37% ] ^[[90m^[[1mreimport^[[22m | ledger.svg^[[39m^[[0m
Godot gates (analyzer)	Import the project	2026-10-04T03:53:41.8122203Z [  37% ] ^[[90m^[[1mreimport^[[22m | lock.svg^[[39m^[[0m
Godot gates (analyzer)	Import the project	2026-10-04T03:53:41.8173446Z [  37% ] ^[[90m^[[1mreimport^[[22m | map.svg^[[39m^[[0m
Godot gates (analyzer)	Import the project	2026-10-04T03:53:42.0054258Z [  37% ] ^[[90m^[[1mreimport^[[22m | menu.svg^[[39m^[[0m
Godot gates (analyzer)	Import the project	2026-10-04T03:53:42.0234042Z [  37% ] ^[[90m^[[1mreimport^[[22m | pause.svg^[[39m^[[0m
Godot gates (analyzer)	Import the project	2026-10-04T03:53:42.0253583Z [  37% ] ^[[90m^[[1mreimport^[[22m | provisions.svg^[[39m^[[0m
Godot gates (analyzer)	Import the project	2026-10-04T03:53:42.1953771Z [  38% ] ^[[90m^[[1mreimport^[[22m | residents.svg^[[39m^[[0m
Godot gates (analyzer)	Import the project	2026-10-04T03:53:42.2194163Z [  38% ] ^[[90m^[[1mreimport^[[22m | heavy_hammer_swing-024.png^[[39m^[[0m
Godot gates (analyzer)	Import the project	2026-10-04T03:53:42.2223461Z [  38% ] ^[[90m^[[1mreimport^[[22m | heavy_hammer_swing-030.png^[[39m^[[0m
Godot gates (analyzer)	Import the project	2026-10-04T03:53:42.3790630Z [  38% ] ^[[90m^[[1mreimport^[[22m | heavy_hammer_swing-036.png^[[39m^[[0m
Godot gates (analyzer)	Import the project	2026-10-04T03:53:42.4234599Z [  38% ] ^[[90m^[[1mreimport^[[22m | heavy_hammer_swing-042.png^[[39m^[[0m
Godot gates (analyzer)	Import the project	2026-10-04T03:53:42.4243735Z [  38% ] ^[[90m^[[1mreimport^[[22m | heavy_hammer_swing-048.png^[[39m^[[0m
Godot gates (analyzer)	Import the project	2026-10-04T03:53:42.5824089Z [  38% ] ^[[90m^[[1mreimport^[[22m | heavy_hammer_swing-054.png^[[39m^[[0m
Godot gates (analyzer)	Import the project	2026-10-04T03:53:42.6344384Z [  38% ] ^[[90m^[[1mreimport^[[22m | heavy_hammer_swing-057.png^[[39m^[[0m
Godot gates (analyzer)	Import the project	2026-10-04T03:53:42.6353631Z [  39% ] ^[[90m^[[1mreimport^[[22m | idle-000.png^[[39m^[[0m
Godot gates (analyzer)	Import the project	2026-10-04T03:53:42.7703858Z [  39% ] ^[[90m^[[1mreimport^[[22m | idle-006.png^[[39m^[[0m
Godot gates (analyzer)	Import the project	2026-10-04T03:53:42.8358058Z [  39% ] ^[[90m^[[1mreimport^[[22m | idle-012.png^[[39m^[[0m
Godot gates (analyzer)	Import the project	2026-10-04T03:53:42.8383318Z [  39% ] ^[[90m^[[1mreimport^[[22m | idle-018.png^[[39m^[[0m
Godot gates (analyzer)	Import the project	2026-10-04T03:53:42.9593894Z [  39% ] ^[[90m^[[1mreimport^[[22m | idle-024.png^[[39m^[[0m
Godot gates (analyzer)	Import the project	2026-10-04T03:53:43.0404142Z [  39% ] ^[[90m^[[1mreimport^[[22m | idle-030.png^[[39m^[[0m
Godot gates (analyzer)	Import the project	2026-10-04T03:53:43.0413520Z [  39% ] ^[[90m^[[1mreimport^[[22m | idle-036.png^[[39m^[[0m
Godot gates (analyzer)	Import the project	2026-10-04T03:53:43.1519893Z [  39% ] ^[[90m^[[1mreimport^[[22m | idle-042.png^[[39m^[[0m
Godot gates (analyzer)	Import the project	2026-10-04T03:53:43.2440829Z [  40% ] ^[[90m^[[1mreimport^[[22m | idle-048.png^[[39m^[[0m
Godot gates (analyzer)	Import the project	2026-10-04T03:53:43.2483612Z [  40% ] ^[[90m^[[1mreimport^[[22m | idle-054.png^[[39m^[[0m
Godot gates (analyzer)	Import the project	2026-10-04T03:53:43.3444087Z [  40% ] ^[[90m^[[1mreimport^[[22m | idle-060.png^[[39m^[[0m
Godot gates (analyzer)	Import the project	2026-10-04T03:53:43.4536661Z [  40% ] ^[[90m^[[1mreimport^[[22m | idle-066.png^[[39m^[[0m
Godot gates (analyzer)	Import the project	2026-10-04T03:53:43.4553402Z [  40% ] ^[[90m^[[1mreimport^[[22m | idle-072.png^[[39m^[[0m
Godot gates (analyzer)	Import the project	2026-10-04T03:53:43.4573689Z [  40% ] ^[[90m^[[1mreimport^[[22m | idle-078.png^[[39m^[[0m
Godot gates (analyzer)	Import the project	2026-10-04T03:53:43.5707320Z [  40% ] ^[[90m^[[1mreimport^[[22m | idle-084.png^[[39m^[[0m
Godot gates (analyzer)	Import the project	2026-10-04T03:53:43.5749219Z [  40% ] ^[[90m^[[1mreimport^[[22m | idle-090.png^[[39m^[[0m
Godot gates (analyzer)	Import the project	2026-10-04T03:53:43.5793436Z [  41% ] ^[[90m^[[1mreimport^[[22m | idle-096.png^[[39m^[[0m
Godot gates (analyzer)	Import the project	2026-10-04T03:53:43.6873793Z [  41% ] ^[[90m^[[1mreimport^[[22m | idle-72.png^[[39m^[[0m
Godot gates (analyzer)	Import the project	2026-10-04T03:53:43.7033894Z [  41% ] ^[[90m^[[1mreimport^[[22m | idle-84.png^[[39m^[[0m
Godot gates (analyzer)	Import the project	2026-10-04T03:53:43.7113641Z [  41% ] ^[[90m^[[1mreimport^[[22m | idle-96.png^[[39m^[[0m
Godot gates (analyzer)	Import the project	2026-10-04T03:53:43.8063940Z [  41% ] ^[[90m^[[1mreimport^[[22m | idle-108.png^[[39m^[[0m
Godot gates (analyzer)	Import the project	2026-10-04T03:53:43.8273982Z [  41% ] ^[[90m^[[1mreimport^[[22m | idle-120.png^[[39m^[[0m
Godot gates (analyzer)	Import the project	2026-10-04T03:53:43.8354704Z [  41% ] ^[[90m^[[1mreimport^[[22m | idle-132.png^[[39m^[[0m
Godot gates (analyzer)	Import the project	2026-10-04T03:53:43.9254022Z [  41% ] ^[[90m^[[1mreimport^[[22m | idle-144.png^[[39m^[[0m
Godot gates (analyzer)	Import the project	2026-10-04T03:53:43.9523876Z [  42% ] ^[[90m^[[1mreimport^[[22m | idle-156.png^[[39m^[[0m
Godot gates (analyzer)	Import the project	2026-10-04T03:53:43.9613605Z [  42% ] ^[[90m^[[1mreimport^[[22m | idle-168.png^[[39m^[[0m
Godot gates (analyzer)	Import the project	2026-10-04T03:53:44.0423941Z [  42% ] ^[[90m^[[1mreimport^[[22m | idle-180.png^[[39m^[[0m
Godot gates (analyzer)	Import the project	2026-10-04T03:53:44.0783984Z [  42% ] ^[[90m^[[1mreimport^[[22m | idle-192.png^[[39m^[[0m
Godot gates (analyzer)	Import the project	2026-10-04T03:53:44.0867389Z [  42% ] ^[[90m^[[1mreimport^[[22m | idle-204.png^[[39m^[[0m
Godot gates (analyzer)	Import the project	2026-10-04T03:53:44.1583939Z [  42% ] ^[[90m^[[1mreimport^[[22m | idle-216.png^[[39m^[[0m
Godot gates (analyzer)	Import the project	2026-10-04T03:53:44.1984118Z [  42% ] ^[[90m^[[1mreimport^[[22m | idle-228.png^[[39m^[[0m
Godot gates (analyzer)	Import the project	2026-10-04T03:53:44.2163641Z [  42% ] ^[[90m^[[1mreimport^[[22m | idle-240.png^[[39m^[[0m
Godot gates (analyzer)	Import the project	2026-10-04T03:53:44.3063896Z [  43% ] ^[[90m^[[1mreimport^[[22m | walk-00.png^[[39m^[[0m
Godot gates (analyzer)	Import the project	2026-10-04T03:53:44.3243865Z [  43% ] ^[[90m^[[1mreimport^[[22m | walk-12.png^[[39m^[[0m
Godot gates (analyzer)	Import the project	2026-10-04T03:53:44.4124209Z [  43% ] ^[[90m^[[1mreimport^[[22m | walk-24.png^[[39m^[[0m
Godot gates (analyzer)	Import the project	2026-10-04T03:53:44.4894160Z [  43% ] ^[[90m^[[1mreimport^[[22m | walk-36.png^[[39m^[[0m
Godot gates (analyzer)	Import the project	2026-10-04T03:53:44.5143950Z [  43% ] ^[[90m^[[1mreimport^[[22m | walk-48.png^[[39m^[[0m
Godot gates (analyzer)	Import the project	2026-10-04T03:53:44.6034159Z [  43% ] ^[[90m^[[1mreimport^[[22m | walk-60.png^[[39m^[[0m
Godot gates (analyzer)	Import the project	2026-10-04T03:53:44.6063508Z [  43% ] ^[[90m^[[1mreimport^[[22m | heavy_hammer_swing-000.png^[[39m^[[0m
Godot gates (analyzer)	Import the project	2026-10-04T03:53:44.6424038Z [  43% ] ^[[90m^[[1mreimport^[[22m | heavy_hammer_swing-006.png^[[39m^[[0m
Godot gates (analyzer)	Import the project	2026-10-04T03:53:44.7263790Z [  44% ] ^[[90m^[[1mreimport^[[22m | heavy_hammer_swing-012.png^[[39m^[[0m
Godot gates (analyzer)	Import the project	2026-10-04T03:53:44.7383784Z [  44% ] ^[[90m^[[1mreimport^[[22m | heavy_hammer_swing-018.png^[[39m^[[0m
Godot gates (analyzer)	Import the project	2026-10-04T03:53:44.7654046Z [  44% ] ^[[90m^[[1mreimport^[[22m | hammer-36.png^[[39m^[[0m
Godot gates (analyzer)	Import the project	2026-10-04T03:53:44.8414084Z [  44% ] ^[[90m^[[1mreimport^[[22m | hammer-48.png^[[39m^[[0m
Godot gates (analyzer)	Import the project	2026-10-04T03:53:44.8593966Z [  44% ] ^[[90m^[[1mreimport^[[22m | hammer-60.png^[[39m^[[0m
Godot gates (analyzer)	Import the project	2026-10-04T03:53:44.8863880Z [  44% ] ^[[90m^[[1mreimport^[[22m | hammer-72.png^[[39m^[[0m
Godot gates (analyzer)	Import the project	2026-10-04T03:53:44.9549708Z [  44% ] ^[[90m^[[1mreimport^[[22m | hammer-84.png^[[39m^[[0m
Godot gates (analyzer)	Import the project	2026-10-04T03:53:44.9854083Z [  44% ] ^[[90m^[[1mreimport^[[22m | hammer-96.png^[[39m^[[0m
Godot gates (analyzer)	Import the project	2026-10-04T03:53:45.0103976Z [  45% ] ^[[90m^[[1mreimport^[[22m | hammer-108.png^[[39m^[[0m
Godot gates (analyzer)	Import the project	2026-10-04T03:53:45.0723931Z [  45% ] ^[[90m^[[1mreimport^[[22m | idle-00.png^[[39m^[[0m
Godot gates (analyzer)	Import the project	2026-10-04T03:53:45.1084003Z [  45% ] ^[[90m^[[1mreimport^[[22m | idle-12.png^[[39m^[[0m
Godot gates (analyzer)	Import the project	2026-10-04T03:53:45.1323898Z [  45% ] ^[[90m^[[1mreimport^[[22m | idle-24.png^[[39m^[[0m
Godot gates (analyzer)	Import the project	2026-10-04T03:53:45.1844108Z [  45% ] ^[[90m^[[1mreimport^[[22m | idle-36.png^[[39m^[[0m
Godot gates (analyzer)	Import the project	2026-10-04T03:53:45.2293762Z [  45% ] ^[[90m^[[1mreimport^[[22m | idle-48.png^[[39m^[[0m
Godot gates (analyzer)	Import the project	2026-10-04T03:53:45.2534118Z [  45% ] ^[[90m^[[1mreimport^[[22m | idle-60.png^[[39m^[[0m
Godot gates (analyzer)	Import the project	2026-10-04T03:53:45.3023880Z [  45% ] ^[[90m^[[1mreimport^[[22m | idle-72.png^[[39m^[[0m
Godot gates (analyzer)	Import the project	2026-10-04T03:53:45.3544089Z [  46% ] ^[[90m^[[1mreimport^[[22m | idle-84.png^[[39m^[[0m
Godot gates (analyzer)	Import the project	2026-10-04T03:53:45.3784070Z [  46% ] ^[[90m^[[1mreimport^[[22m | idle-96.png^[[39m^[[0m
Godot gates (analyzer)	Import the project	2026-10-04T03:53:45.4254046Z [  46% ] ^[[90m^[[1mreimport^[[22m | idle-108.png^[[39m^[[0m
Godot gates (analyzer)	Import the project	2026-10-04T03:53:45.4804049Z [  46% ] ^[[90m^[[1mreimport^[[22m | idle-120.png^[[39m^[[0m
Godot gates (analyzer)	Import the project	2026-10-04T03:53:45.5054051Z [  46% ] ^[[90m^[[1mreimport^[[22m | idle-132.png^[[39m^[[0m
Godot gates (analyzer)	Import the project	2026-10-04T03:53:45.5473894Z [  46% ] ^[[90m^[[1mreimport^[[22m | idle-144.png^[[39m^[[0m
Godot gates (analyzer)	Import the project	2026-10-04T03:53:45.6033989Z [  46% ] ^[[90m^[[1mreimport^[[22m | idle-156.png^[[39m^[[0m
Godot gates (analyzer)	Import the project	2026-10-04T03:53:45.7062069Z [  46% ] ^[[90m^[[1mreimport^[[22m | idle-168.png^[[39m^[[0m
Godot gates (analyzer)	Import the project	2026-10-04T03:53:45.7403927Z [  47% ] ^[[90m^[[1mreimport^[[22m | idle-180.png^[[39m^[[0m
Godot gates (analyzer)	Import the project	2026-10-04T03:53:45.8224029Z [  47% ] ^[[90m^[[1mreimport^[[22m | idle-192.png^[[39m^[[0m
Godot gates (analyzer)	Import the project	2026-10-04T03:53:45.8944057Z [  47% ] ^[[90m^[[1mreimport^[[22m | idle-204.png^[[39m^[[0m
Godot gates (analyzer)	Import the project	2026-10-04T03:53:45.9313968Z [  47% ] ^[[90m^[[1mreimport^[[22m | idle-102.png^[[39m^[[0m
Godot gates (analyzer)	Import the project	2026-10-04T03:53:46.0294075Z [  47% ] ^[[90m^[[1mreimport^[[22m | idle-108.png^[[39m^[[0m
Godot gates (analyzer)	Import the project	2026-10-04T03:53:46.0964005Z [  47% ] ^[[90m^[[1mreimport^[[22m | idle-114.png^[[39m^[[0m
Godot gates (analyzer)	Import the project	2026-10-04T03:53:46.1273890Z [  47% ] ^[[90m^[[1mreimport^[[22m | idle-120.png^[[39m^[[0m
Godot gates (analyzer)	Import the project	2026-10-04T03:53:46.2343967Z [  47% ] ^[[90m^[[1mreimport^[[22m | idle-121.png^[[39m^[[0m
Godot gates (analyzer)	Import the project	2026-10-04T03:53:46.3004044Z [  48% ] ^[[90m^[[1mreimport^[[22m | walk-000.png^[[39m^[[0m
Godot gates (analyzer)	Import the project	2026-10-04T03:53:46.3233941Z [  48% ] ^[[90m^[[1mreimport^[[22m | walk-006.png^[[39m^[[0m
Godot gates (analyzer)	Import the project	2026-10-04T03:53:46.3293488Z [  48% ] ^[[90m^[[1mreimport^[[22m | walk-012.png^[[39m^[[0m
Godot gates (analyzer)	Import the project	2026-10-04T03:53:46.4374300Z [  48% ] ^[[90m^[[1mreimport^[[22m | walk-018.png^[[39m^[[0m
Godot gates (analyzer)	Import the project	2026-10-04T03:53:46.4403526Z [  48% ] ^[[90m^[[1mreimport^[[22m | walk-024.png^[[39m^[[0m
Godot gates (analyzer)	Import the project	2026-10-04T03:53:46.4503903Z [  48% ] ^[[90m^[[1mreimport^[[22m | walk-030.png^[[39m^[[0m
Godot gates (analyzer)	Import the project	2026-10-04T03:53:46.5483920Z [  48% ] ^[[90m^[[1mreimport^[[22m | walk-033.png^[[39m^[[0m
Godot gates (analyzer)	Import the project	2026-10-04T03:53:46.5684124Z [  48% ] ^[[90m^[[1mreimport^[[22m | hand-local-projections.png^[[39m^[[0m
Godot gates (analyzer)	Import the project	2026-10-04T03:53:46.5803820Z [  49% ] ^[[90m^[[1mreimport^[[22m | blend-0.png^[[39m^[[0m
Godot gates (analyzer)	Import the project	2026-10-04T03:53:46.6673943Z [  49% ] ^[[90m^[[1mreimport^[[22m | blend-1.png^[[39m^[[0m
Godot gates (analyzer)	Import the project	2026-10-04T03:53:46.6936109Z [  49% ] ^[[90m^[[1mreimport^[[22m | blend-6.png^[[39m^[[0m
Godot gates (analyzer)	Import the project	2026-10-04T03:53:46.7040966Z [  49% ] ^[[90m^[[1mreimport^[[22m | crouch-00.png^[[39m^[[0m
Godot gates (analyzer)	Import the project	2026-10-04T03:53:46.7844033Z [  49% ] ^[[90m^[[1mreimport^[[22m | crouch-12.png^[[39m^[[0m
Godot gates (analyzer)	Import the project	2026-10-04T03:53:46.8184031Z [  49% ] ^[[90m^[[1mreimport^[[22m | crouch-24.png^[[39m^[[0m
Godot gates (analyzer)	Import the project	2026-10-04T03:53:46.8295715Z [  49% ] ^[[90m^[[1mreimport^[[22m | crouch-36.png^[[39m^[[0m
Godot gates (analyzer)	Import the project	2026-10-04T03:53:46.8993951Z [  49% ] ^[[90m^[[1mreimport^[[22m | crouch-48.png^[[39m^[[0m
Godot gates (analyzer)	Import the project	2026-10-04T03:53:47.0254082Z [  50% ] ^[[90m^[[1mreimport^[[22m | crouch-60.png^[[39m^[[0m
Godot gates (analyzer)	Import the project	2026-10-04T03:53:47.0411007Z [  50% ] ^[[90m^[[1mreimport^[[22m | hammer-00.png^[[39m^[[0m
Godot gates (analyzer)	Import the project	2026-10-04T03:53:47.1054014Z [  50% ] ^[[90m^[[1mreimport^[[22m | hammer-12.png^[[39m^[[0m
Godot gates (analyzer)	Import the project	2026-10-04T03:53:47.2384068Z [  50% ] ^[[90m^[[1mreimport^[[22m | hammer-24.png^[[39m^[[0m
Godot gates (analyzer)	Import the project	2026-10-04T03:53:47.2614266Z [  50% ] ^[[90m^[[1mreimport^[[22m | otter_boatwright.walk.ramp_down.png^[[39m^[[0m
Godot gates (analyzer)	Import the project	2026-10-04T03:53:47.3104164Z [  50% ] ^[[90m^[[1mreimport^[[22m | otter_boatwright.walk.ramp_up.png^[[39m^[[0m
Godot gates (analyzer)	Import the project	2026-10-04T03:53:47.4564317Z [  50% ] ^[[90m^[[1mreimport^[[22m | squirrel_gatherer.carry_heavy_object_walk.plain.png^[[39m^[[0m
Godot gates (analyzer)	Import the project	2026-10-04T03:53:47.4784290Z [  50% ] ^[[90m^[[1mreimport^[[22m | squirrel_gatherer.carry_heavy_object_walk.standard_bore.png^[[39m^[[0m
Godot gates (analyzer)	Import the project	2026-10-04T03:53:47.5074142Z [  50% ] ^[[90m^[[1mreimport^[[22m | squirrel_gatherer.cautious_crouch_walk_forward.plain.png^[[39m^[[0m
Godot gates (analyzer)	Import the project	2026-10-04T03:53:47.6708253Z [  51% ] ^[[90m^[[1mreimport^[[22m | squirrel_gatherer.cautious_crouch_walk_forward.standard_bore.png^[[39m^[[0m
Godot gates (analyzer)	Import the project	2026-10-04T03:53:47.6934135Z [  51% ] ^[[90m^[[1mreimport^[[22m | squirrel_gatherer.idle.plain.png^[[39m^[[0m
Godot gates (analyzer)	Import the project	2026-10-04T03:53:47.7076994Z [  51% ] ^[[90m^[[1mreimport^[[22m | squirrel_gatherer.walk.plain.png^[[39m^[[0m
Godot gates (analyzer)	Import the project	2026-10-04T03:53:47.8773067Z [  51% ] ^[[90m^[[1mreimport^[[22m | squirrel_gatherer.walk.ramp_down.png^[[39m^[[0m
Godot gates (analyzer)	Import the project	2026-10-04T03:53:47.8964026Z [  51% ] ^[[90m^[[1mreimport^[[22m | squirrel_gatherer.walk.ramp_up.png^[[39m^[[0m
Godot gates (analyzer)	Import the project	2026-10-04T03:53:47.9084214Z [  51% ] ^[[90m^[[1mreimport^[[22m | badger_quarryman.carry_heavy_object_walk.plain.png^[[39m^[[0m
Godot gates (analyzer)	Import the project	2026-10-04T03:53:48.0908081Z [  51% ] ^[[90m^[[1mreimport^[[22m | badger_quarryman.carry_heavy_object_walk.standard_bore.png^[[39m^[[0m
Godot gates (analyzer)	Import the project	2026-10-04T03:53:48.1020450Z [  51% ] ^[[90m^[[1mreimport^[[22m | badger_quarryman.cautious_crouch_walk_forward.plain.png^[[39m^[[0m
Godot gates (analyzer)	Import the project	2026-10-04T03:53:48.1103869Z [  52% ] ^[[90m^[[1mreimport^[[22m | badger_quarryman.cautious_crouch_walk_forward.standard_bore.png^[[39m^[[0m
Godot gates (analyzer)	Import the project	2026-10-04T03:53:48.2984337Z [  52% ] ^[[90m^[[1mreimport^[[22m | badger_quarryman.heavy_hammer_swing.plain.png^[[39m^[[0m
Godot gates (analyzer)	Import the project	2026-10-04T03:53:48.3153991Z [  52% ] ^[[90m^[[1mreimport^[[22m | badger_quarryman.idle.plain.png^[[39m^[[0m
Godot gates (analyzer)	Import the project	2026-10-04T03:53:48.3394086Z [  52% ] ^[[90m^[[1mreimport^[[22m | badger_quarryman.walk.plain.png^[[39m^[[0m
Godot gates (analyzer)	Import the project	2026-10-04T03:53:48.5137153Z [  52% ] ^[[90m^[[1mreimport^[[22m | badger_quarryman.walk.ramp_down.png^[[39m^[[0m
Godot gates (analyzer)	Import the project	2026-10-04T03:53:48.5220063Z [  52% ] ^[[90m^[[1mreimport^[[22m | badger_quarryman.walk.ramp_up.png^[[39m^[[0m
Godot gates (analyzer)	Import the project	2026-10-04T03:53:48.5664319Z [  52% ] ^[[90m^[[1mreimport^[[22m | mole_digger.carry_heavy_object_walk.plain.png^[[39m^[[0m
Godot gates (analyzer)	Import the project	2026-10-04T03:53:48.7174077Z [  52% ] ^[[90m^[[1mreimport^[[22m | mole_digger.carry_heavy_object_walk.standard_bore.png^[[39m^[[0m
Godot gates (analyzer)	Import the project	2026-10-04T03:53:48.7318248Z [  53% ] ^[[90m^[[1mreimport^[[22m | mole_digger.cautious_crouch_walk_forward.plain.png^[[39m^[[0m
Godot gates (analyzer)	Import the project	2026-10-04T03:53:48.7764557Z [  53% ] ^[[90m^[[1mreimport^[[22m | mole_digger.cautious_crouch_walk_forward.standard_bore.png^[[39m^[[0m
Godot gates (analyzer)	Import the project	2026-10-04T03:53:48.9314329Z [  53% ] ^[[90m^[[1mreimport^[[22m | mole_digger.heavy_hammer_swing.plain.png^[[39m^[[0m
Godot gates (analyzer)	Import the project	2026-10-04T03:53:48.9544435Z [  53% ] ^[[90m^[[1mreimport^[[22m | mole_digger.idle.plain.png^[[39m^[[0m
Godot gates (analyzer)	Import the project	2026-10-04T03:53:48.9964257Z [  53% ] ^[[90m^[[1mreimport^[[22m | badger_quarryman.walk.ramp_down.png^[[39m^[[0m
Godot gates (analyzer)	Import the project	2026-10-04T03:53:49.1404767Z [  53% ] ^[[90m^[[1mreimport^[[22m | badger_quarryman.walk.ramp_up.png^[[39m^[[0m
Godot gates (analyzer)	Import the project	2026-10-04T03:53:49.1804279Z [  53% ] ^[[90m^[[1mreimport^[[22m | mole_digger.carry_heavy_object_walk.plain.png^[[39m^[[0m
Godot gates (analyzer)	Import the project	2026-10-04T03:53:49.2214069Z [  53% ] ^[[90m^[[1mreimport^[[22m | mole_digger.carry_heavy_object_walk.standard_bore.png^[[39m^[[0m
Godot gates (analyzer)	Import the project	2026-10-04T03:53:49.3709262Z [  54% ] ^[[90m^[[1mreimport^[[22m | mole_digger.cautious_crouch_walk_forward.plain.png^[[39m^[[0m
Godot gates (analyzer)	Import the project	2026-10-04T03:53:49.4514675Z [  54% ] ^[[90m^[[1mreimport^[[22m | mole_digger.cautious_crouch_walk_forward.standard_bore.png^[[39m^[[0m
Godot gates (analyzer)	Import the project	2026-10-04T03:53:49.4784072Z [  54% ] ^[[90m^[[1mreimport^[[22m | mole_digger.heavy_hammer_swing.plain.png^[[39m^[[0m
Godot gates (analyzer)	Import the project	2026-10-04T03:53:49.6184215Z [  54% ] ^[[90m^[[1mreimport^[[22m | mole_digger.idle.plain.png^[[39m^[[0m
Godot gates (analyzer)	Import the project	2026-10-04T03:53:49.6558959Z [  54% ] ^[[90m^[[1mreimport^[[22m | mole_digger.walk.plain.png^[[39m^[[0m
Godot gates (analyzer)	Import the project	2026-10-04T03:53:49.6914114Z [  54% ] ^[[90m^[[1mreimport^[[22m | mole_digger.walk.ramp_down.png^[[39m^[[0m
Godot gates (analyzer)	Import the project	2026-10-04T03:53:49.8254284Z [  54% ] ^[[90m^[[1mreimport^[[22m | mole_digger.walk.ramp_up.png^[[39m^[[0m
Godot gates (analyzer)	Import the project	2026-10-04T03:53:49.8634218Z [  54% ] ^[[90m^[[1mreimport^[[22m | mouse_keeper.carry_heavy_object_walk.plain.png^[[39m^[[0m
Godot gates (analyzer)	Import the project	2026-10-04T03:53:49.9084367Z [  55% ] ^[[90m^[[1mreimport^[[22m | mouse_keeper.carry_heavy_object_walk.standard_bore.png^[[39m^[[0m
Godot gates (analyzer)	Import the project	2026-10-04T03:53:50.0374432Z [  55% ] ^[[90m^[[1mreimport^[[22m | mouse_keeper.cautious_crouch_walk_forward.plain.png^[[39m^[[0m
Godot gates (analyzer)	Import the project	2026-10-04T03:53:50.0744567Z [  55% ] ^[[90m^[[1mreimport^[[22m | mouse_keeper.cautious_crouch_walk_forward.standard_bore.png^[[39m^[[0m
Godot gates (analyzer)	Import the project	2026-10-04T03:53:50.1194304Z [  55% ] ^[[90m^[[1mreimport^[[22m | mouse_keeper.idle.plain.png^[[39m^[[0m
Godot gates (analyzer)	Import the project	2026-10-04T03:53:50.2424389Z [  55% ] ^[[90m^[[1mreimport^[[22m | mouse_keeper.walk.plain.png^[[39m^[[0m
Godot gates (analyzer)	Import the project	2026-10-04T03:53:50.2754124Z [  55% ] ^[[90m^[[1mreimport^[[22m | mouse_keeper.walk.ramp_down.png^[[39m^[[0m
Godot gates (analyzer)	Import the project	2026-10-04T03:53:50.3214676Z [  55% ] ^[[90m^[[1mreimport^[[22m | mouse_keeper.walk.ramp_up.png^[[39m^[[0m
Godot gates (analyzer)	Import the project	2026-10-04T03:53:50.4506046Z [  55% ] ^[[90m^[[1mreimport^[[22m | otter_boatwright.carry_heavy_object_walk.plain.png^[[39m^[[0m
Godot gates (analyzer)	Import the project	2026-10-04T03:53:50.4764264Z [  56% ] ^[[90m^[[1mreimport^[[22m | otter_boatwright.carry_heavy_object_walk.standard_bore.png^[[39m^[[0m
Godot gates (analyzer)	Import the project	2026-10-04T03:53:50.5284226Z [  56% ] ^[[90m^[[1mreimport^[[22m | otter_boatwright.cautious_crouch_walk_forward.plain.png^[[39m^[[0m
Godot gates (analyzer)	Import the project	2026-10-04T03:53:50.6624533Z [  56% ] ^[[90m^[[1mreimport^[[22m | otter_boatwright.cautious_crouch_walk_forward.standard_bore.png^[[39m^[[0m
Godot gates (analyzer)	Import the project	2026-10-04T03:53:50.6783945Z [  56% ] ^[[90m^[[1mreimport^[[22m | otter_boatwright.idle.plain.png^[[39m^[[0m
Godot gates (analyzer)	Import the project	2026-10-04T03:53:50.7373939Z [  56% ] ^[[90m^[[1mreimport^[[22m | otter_boatwright.walk.plain.png^[[39m^[[0m
Godot gates (analyzer)	Import the project	2026-10-04T03:53:50.8604147Z [  56% ] ^[[90m^[[1mreimport^[[22m | squirrel_gatherer.walk.ramp_down.png^[[39m^[[0m
Godot gates (analyzer)	Import the project	2026-10-04T03:53:50.8753924Z [  56% ] ^[[90m^[[1mreimport^[[22m | squirrel_gatherer.walk.ramp_up.png^[[39m^[[0m
Godot gates (analyzer)	Import the project	2026-10-04T03:53:50.9514351Z [  56% ] ^[[90m^[[1mreimport^[[22m | badger_quarryman.carry_heavy_object_walk.plain.png^[[39m^[[0m
Godot gates (analyzer)	Import the project	2026-10-04T03:53:51.0594441Z [  57% ] ^[[90m^[[1mreimport^[[22m | badger_quarryman.carry_heavy_object_walk.standard_bore.png^[[39m^[[0m
Godot gates (analyzer)	Import the project	2026-10-04T03:53:51.0774116Z [  57% ] ^[[90m^[[1mreimport^[[22m | badger_quarryman.cautious_crouch_walk_forward.plain.held_pick.png^[[39m^[[0m
Godot gates (analyzer)	Import the project	2026-10-04T03:53:51.1624302Z [  57% ] ^[[90m^[[1mreimport^[[22m | badger_quarryman.cautious_crouch_walk_forward.plain.png^[[39m^[[0m
Godot gates (analyzer)	Import the project	2026-10-04T03:53:51.2686068Z [  57% ] ^[[90m^[[1mreimport^[[22m | badger_quarryman.cautious_crouch_walk_forward.standard_bore.held_pick.png^[[39m^[[0m
Godot gates (analyzer)	Import the project	2026-10-04T03:53:51.2833985Z [  57% ] ^[[90m^[[1mreimport^[[22m | badger_quarryman.cautious_crouch_walk_forward.standard_bore.png^[[39m^[[0m
Godot gates (analyzer)	Import the project	2026-10-04T03:53:51.3724363Z [  57% ] ^[[90m^[[1mreimport^[[22m | badger_quarryman.heavy_hammer_swing.plain.png^[[39m^[[0m
Godot gates (analyzer)	Import the project	2026-10-04T03:53:51.4714358Z [  57% ] ^[[90m^[[1mreimport^[[22m | badger_quarryman.idle.plain.held_pick.png^[[39m^[[0m
Godot gates (analyzer)	Import the project	2026-10-04T03:53:51.4803613Z [  57% ] ^[[90m^[[1mreimport^[[22m | badger_quarryman.idle.plain.png^[[39m^[[0m
Godot gates (analyzer)	Import the project	2026-10-04T03:53:51.5804132Z [  58% ] ^[[90m^[[1mreimport^[[22m | badger_quarryman.walk.plain.held_pick.png^[[39m^[[0m
Godot gates (analyzer)	Import the project	2026-10-04T03:53:51.6774111Z [  58% ] ^[[90m^[[1mreimport^[[22m | badger_quarryman.walk.plain.png^[[39m^[[0m
Godot gates (analyzer)	Import the project	2026-10-04T03:53:51.6943928Z [  58% ] ^[[90m^[[1mreimport^[[22m | badger_quarryman.walk.ramp_down.held_pick.png^[[39m^[[0m
Godot gates (analyzer)	Import the project	2026-10-04T03:53:51.8034253Z [  58% ] ^[[90m^[[1mreimport^[[22m | badger_quarryman.walk.ramp_down.png^[[39m^[[0m
Godot gates (analyzer)	Import the project	2026-10-04T03:53:51.9014335Z [  58% ] ^[[90m^[[1mreimport^[[22m | badger_quarryman.walk.ramp_up.held_pick.png^[[39m^[[0m
Godot gates (analyzer)	Import the project	2026-10-04T03:53:51.9043659Z [  58% ] ^[[90m^[[1mreimport^[[22m | badger_quarryman.walk.ramp_up.png^[[39m^[[0m
Godot gates (analyzer)	Import the project	2026-10-04T03:53:52.0224327Z [  58% ] ^[[90m^[[1mreimport^[[22m | mole_digger.carry_heavy_object_walk.plain.png^[[39m^[[0m
Godot gates (analyzer)	Import the project	2026-10-04T03:53:52.1109282Z [  58% ] ^[[90m^[[1mreimport^[[22m | mole_digger.carry_heavy_object_walk.standard_bore.png^[[39m^[[0m
Godot gates (analyzer)	Import the project	2026-10-04T03:53:52.1208397Z [  59% ] ^[[90m^[[1mreimport^[[22m | mole_digger.cautious_crouch_walk_forward.plain.held_pick.png^[[39m^[[0m
Godot gates (analyzer)	Import the project	2026-10-04T03:53:52.2564312Z [  59% ] ^[[90m^[[1mreimport^[[22m | mole_digger.cautious_crouch_walk_forward.plain.png^[[39m^[[0m
Godot gates (analyzer)	Import the project	2026-10-04T03:53:52.3304465Z [  59% ] ^[[90m^[[1mreimport^[[22m | mole_digger.cautious_crouch_walk_forward.standard_bore.held_pick.png^[[39m^[[0m
Godot gates (analyzer)	Import the project	2026-10-04T03:53:52.3454195Z [  59% ] ^[[90m^[[1mreimport^[[22m | mole_digger.cautious_crouch_walk_forward.standard_bore.png^[[39m^[[0m
Godot gates (analyzer)	Import the project	2026-10-04T03:53:52.4844187Z [  59% ] ^[[90m^[[1mreimport^[[22m | mole_digger.heavy_hammer_swing.plain.png^[[39m^[[0m
Godot gates (analyzer)	Import the project	2026-10-04T03:53:52.5394256Z [  59% ] ^[[90m^[[1mreimport^[[22m | mole_digger.idle.plain.held_pick.png^[[39m^[[0m
Godot gates (analyzer)	Import the project	2026-10-04T03:53:52.5614387Z [  59% ] ^[[90m^[[1mreimport^[[22m | mole_digger.walk.plain.png^[[39m^[[0m
Godot gates (analyzer)	Import the project	2026-10-04T03:53:52.6908620Z [  59% ] ^[[90m^[[1mreimport^[[22m | mole_digger.walk.ramp_down.png^[[39m^[[0m
Godot gates (analyzer)	Import the project	2026-10-04T03:53:52.7454113Z [  60% ] ^[[90m^[[1mreimport^[[22m | mole_digger.walk.ramp_up.png^[[39m^[[0m
Godot gates (analyzer)	Import the project	2026-10-04T03:53:52.7764204Z [  60% ] ^[[90m^[[1mreimport^[[22m | mouse_keeper.carry_heavy_object_walk.plain.png^[[39m^[[0m
Godot gates (analyzer)	Import the project	2026-10-04T03:53:52.9074369Z [  60% ] ^[[90m^[[1mreimport^[[22m | mouse_keeper.carry_heavy_object_walk.standard_bore.png^[[39m^[[0m
Godot gates (analyzer)	Import the project	2026-10-04T03:53:52.9494346Z [  60% ] ^[[90m^[[1mreimport^[[22m | mouse_keeper.cautious_crouch_walk_forward.plain.png^[[39m^[[0m
Godot gates (analyzer)	Import the project	2026-10-04T03:53:53.0004321Z [  60% ] ^[[90m^[[1mreimport^[[22m | mouse_keeper.cautious_crouch_walk_forward.standard_bore.png^[[39m^[[0m
Godot gates (analyzer)	Import the project	2026-10-04T03:53:53.1129929Z [  60% ] ^[[90m^[[1mreimport^[[22m | mouse_keeper.idle.plain.png^[[39m^[[0m
Godot gates (analyzer)	Import the project	2026-10-04T03:53:53.1464193Z [  60% ] ^[[90m^[[1mreimport^[[22m | mouse_keeper.walk.plain.png^[[39m^[[0m
Godot gates (analyzer)	Import the project	2026-10-04T03:53:53.2064399Z [  60% ] ^[[90m^[[1mreimport^[[22m | mouse_keeper.walk.ramp_down.png^[[39m^[[0m
Godot gates (analyzer)	Import the project	2026-10-04T03:53:53.3174135Z [  61% ] ^[[90m^[[1mreimport^[[22m | mouse_keeper.walk.ramp_up.png^[[39m^[[0m
Godot gates (analyzer)	Import the project	2026-10-04T03:53:53.3474210Z [  61% ] ^[[90m^[[1mreimport^[[22m | otter_boatwright.carry_heavy_object_walk.plain.png^[[39m^[[0m
Godot gates (analyzer)	Import the project	2026-10-04T03:53:53.4164575Z [  61% ] ^[[90m^[[1mreimport^[[22m | otter_boatwright.carry_heavy_object_walk.standard_bore.png^[[39m^[[0m
Godot gates (analyzer)	Import the project	2026-10-04T03:53:53.5154414Z [  61% ] ^[[90m^[[1mreimport^[[22m | otter_boatwright.cautious_crouch_walk_forward.plain.png^[[39m^[[0m
Godot gates (analyzer)	Import the project	2026-10-04T03:53:53.5454459Z [  61% ] ^[[90m^[[1mreimport^[[22m | otter_boatwright.cautious_crouch_walk_forward.standard_bore.png^[[39m^[[0m
Godot gates (analyzer)	Import the project	2026-10-04T03:53:53.6314381Z [  61% ] ^[[90m^[[1mreimport^[[22m | otter_boatwright.idle.plain.png^[[39m^[[0m
Godot gates (analyzer)	Import the project	2026-10-04T03:53:53.7273984Z [  61% ] ^[[90m^[[1mreimport^[[22m | otter_boatwright.walk.plain.png^[[39m^[[0m
Godot gates (analyzer)	Import the project	2026-10-04T03:53:53.7514104Z [  61% ] ^[[90m^[[1mreimport^[[22m | otter_boatwright.walk.ramp_down.png^[[39m^[[0m
Godot gates (analyzer)	Import the project	2026-10-04T03:53:53.8454777Z [  62% ] ^[[90m^[[1mreimport^[[22m | otter_boatwright.walk.ramp_up.png^[[39m^[[0m
Godot gates (analyzer)	Import the project	2026-10-04T03:53:53.9454664Z [  62% ] ^[[90m^[[1mreimport^[[22m | squirrel_gatherer.carry_heavy_object_walk.plain.png^[[39m^[[0m
Godot gates (analyzer)	Import the project	2026-10-04T03:53:53.9562494Z [  62% ] ^[[90m^[[1mreimport^[[22m | squirrel_gatherer.carry_heavy_object_walk.standard_bore.png^[[39m^[[0m
Godot gates (analyzer)	Import the project	2026-10-04T03:53:54.0704371Z [  62% ] ^[[90m^[[1mreimport^[[22m | squirrel_gatherer.cautious_crouch_walk_forward.plain.png^[[39m^[[0m
Godot gates (analyzer)	Import the project	2026-10-04T03:53:54.1674903Z [  62% ] ^[[90m^[[1mreimport^[[22m | squirrel_gatherer.cautious_crouch_walk_forward.standard_bore.png^[[39m^[[0m
Godot gates (analyzer)	Import the project	2026-10-04T03:53:54.1703551Z [  62% ] ^[[90m^[[1mreimport^[[22m | squirrel_gatherer.idle.plain.png^[[39m^[[0m
Godot gates (analyzer)	Import the project	2026-10-04T03:53:54.2841820Z [  62% ] ^[[90m^[[1mreimport^[[22m | squirrel_gatherer.walk.plain.png^[[39m^[[0m
Godot gates (analyzer)	Import the project	2026-10-04T03:53:54.3684064Z [  62% ] ^[[90m^[[1mreimport^[[22m | mole_digger.walk.ramp_down.png^[[39m^[[0m
Godot gates (analyzer)	Import the project	2026-10-04T03:53:54.3763897Z [  63% ] ^[[90m^[[1mreimport^[[22m | mole_digger.walk.ramp_up.png^[[39m^[[0m
Godot gates (analyzer)	Import the project	2026-10-04T03:53:54.5014218Z [  63% ] ^[[90m^[[1mreimport^[[22m | mouse_keeper.carry_heavy_object_walk.plain.png^[[39m^[[0m
Godot gates (analyzer)	Import the project	2026-10-04T03:53:54.5759294Z [  63% ] ^[[90m^[[1mreimport^[[22m | mouse_keeper.carry_heavy_object_walk.standard_bore.png^[[39m^[[0m
Godot gates (analyzer)	Import the project	2026-10-04T03:53:54.5913896Z [  63% ] ^[[90m^[[1mreimport^[[22m | mouse_keeper.cautious_crouch_walk_forward.plain.png^[[39m^[[0m
Godot gates (analyzer)	Import the project	2026-10-04T03:53:54.7194460Z [  63% ] ^[[90m^[[1mreimport^[[22m | mouse_keeper.cautious_crouch_walk_forward.standard_bore.png^[[39m^[[0m
Godot gates (analyzer)	Import the project	2026-10-04T03:53:54.7794146Z [  63% ] ^[[90m^[[1mreimport^[[22m | mouse_keeper.idle.plain.png^[[39m^[[0m
Godot gates (analyzer)	Import the project	2026-10-04T03:53:54.7943890Z [  63% ] ^[[90m^[[1mreimport^[[22m | mouse_keeper.walk.plain.png^[[39m^[[0m
Godot gates (analyzer)	Import the project	2026-10-04T03:53:54.9278613Z [  63% ] ^[[90m^[[1mreimport^[[22m | mouse_keeper.walk.ramp_down.png^[[39m^[[0m
Godot gates (analyzer)	Import the project	2026-10-04T03:53:54.9834312Z [  64% ] ^[[90m^[[1mreimport^[[22m | mouse_keeper.walk.ramp_up.png^[[39m^[[0m
Godot gates (analyzer)	Import the project	2026-10-04T03:53:54.9976172Z [  64% ] ^[[90m^[[1mreimport^[[22m | otter_boatwright.carry_heavy_object_walk.plain.png^[[39m^[[0m
Godot gates (analyzer)	Import the project	2026-10-04T03:53:55.1353959Z [  64% ] ^[[90m^[[1mreimport^[[22m | otter_boatwright.carry_heavy_object_walk.standard_bore.png^[[39m^[[0m
Godot gates (analyzer)	Import the project	2026-10-04T03:53:55.1814394Z [  64% ] ^[[90m^[[1mreimport^[[22m | otter_boatwright.cautious_crouch_walk_forward.plain.png^[[39m^[[0m
Godot gates (analyzer)	Import the project	2026-10-04T03:53:55.1952660Z [  64% ] ^[[90m^[[1mreimport^[[22m | otter_boatwright.cautious_crouch_walk_forward.standard_bore.png^[[39m^[[0m
Godot gates (analyzer)	Import the project	2026-10-04T03:53:55.3494312Z [  64% ] ^[[90m^[[1mreimport^[[22m | otter_boatwright.idle.plain.png^[[39m^[[0m
Godot gates (analyzer)	Import the project	2026-10-04T03:53:55.3968860Z [  64% ] ^[[90m^[[1mreimport^[[22m | otter_boatwright.walk.plain.png^[[39m^[[0m
Godot gates (analyzer)	Import the project	2026-10-04T03:53:55.4038403Z [  64% ] ^[[90m^[[1mreimport^[[22m | otter_boatwright.walk.ramp_down.png^[[39m^[[0m
Godot gates (analyzer)	Import the project	2026-10-04T03:53:55.5644462Z [  65% ] ^[[90m^[[1mreimport^[[22m | otter_boatwright.walk.ramp_up.png^[[39m^[[0m
Godot gates (analyzer)	Import the project	2026-10-04T03:53:55.6072538Z [  65% ] ^[[90m^[[1mreimport^[[22m | squirrel_gatherer.carry_heavy_object_walk.plain.png^[[39m^[[0m
Godot gates (analyzer)	Import the project	2026-10-04T03:53:55.6153935Z [  65% ] ^[[90m^[[1mreimport^[[22m | squirrel_gatherer.carry_heavy_object_walk.standard_bore.png^[[39m^[[0m
Godot gates (analyzer)	Import the project	2026-10-04T03:53:55.7029309Z [  65% ] ^[[90m^[[1mreimport^[[22m | squirrel_gatherer.cautious_crouch_walk_forward.plain.png^[[39m^[[0m
Godot gates (analyzer)	Import the project	2026-10-04T03:53:55.7324675Z [  65% ] ^[[90m^[[1mreimport^[[22m | squirrel_gatherer.cautious_crouch_walk_forward.standard_bore.png^[[39m^[[0m
Godot gates (analyzer)	Import the project	2026-10-04T03:53:55.7629888Z [  65% ] ^[[90m^[[1mreimport^[[22m | squirrel_gatherer.idle.plain.png^[[39m^[[0m
Godot gates (analyzer)	Import the project	2026-10-04T03:53:55.8064166Z [  65% ] ^[[90m^[[1mreimport^[[22m | squirrel_gatherer.walk.plain.png^[[39m^[[0m
Godot gates (analyzer)	Import the project	2026-10-04T03:53:55.8214137Z [  65% ] ^[[90m^[[1mreimport^[[22m | squirrel_gatherer.walk.ramp_down.png^[[39m^[[0m
Godot gates (analyzer)	Import the project	2026-10-04T03:53:55.8564118Z [  66% ] ^[[90m^[[1mreimport^[[22m | elevation_front.png^[[39m^[[0m
Godot gates (analyzer)	Import the project	2026-10-04T03:53:55.8603785Z [  66% ] ^[[90m^[[1mreimport^[[22m | rts_orbit_008m_pitch35_yaw225_work_contact.png^[[39m^[[0m
Godot gates (analyzer)	Import the project	2026-10-04T03:53:56.0194307Z [  66% ] ^[[90m^[[1mreimport^[[22m | rts_orbit_008m_pitch48_yaw225.png^[[39m^[[0m
Godot gates (analyzer)	Import the project	2026-10-04T03:53:56.0566070Z [  66% ] ^[[90m^[[1mreimport^[[22m | rts_orbit_040m_pitch48_yaw045.png^[[39m^[[0m
Godot gates (analyzer)	Import the project	2026-10-04T03:53:56.0696302Z [  66% ] ^[[90m^[[1mreimport^[[22m | rts_orbit_040m_pitch65_yaw045.png^[[39m^[[0m
Godot gates (analyzer)	Import the project	2026-10-04T03:53:56.2253997Z [  66% ] ^[[90m^[[1mreimport^[[22m | rts_orbit_120m_pitch48_yaw045.png^[[39m^[[0m
Godot gates (analyzer)	Import the project	2026-10-04T03:53:56.2671374Z [  66% ] ^[[90m^[[1mreimport^[[22m | mouse_keeper.carry_heavy_object_walk.plain.png^[[39m^[[0m
Godot gates (analyzer)	Import the project	2026-10-04T03:53:56.2693911Z [  66% ] ^[[90m^[[1mreimport^[[22m | mouse_keeper.carry_heavy_object_walk.plain.png^[[39m^[[0m
Godot gates (analyzer)	Import the project	2026-10-04T03:53:56.4228160Z [  67% ] ^[[90m^[[1mreimport^[[22m | mouse_keeper.carry_heavy_object_walk.plain.png^[[39m^[[0m
Godot gates (analyzer)	Import the project	2026-10-04T03:53:56.4674296Z [  67% ] ^[[90m^[[1mreimport^[[22m | badger_quarryman.carry_heavy_object_walk.plain.png^[[39m^[[0m
Godot gates (analyzer)	Import the project	2026-10-04T03:53:56.4824149Z [  67% ] ^[[90m^[[1mreimport^[[22m | badger_quarryman.carry_heavy_object_walk.standard_bore.png^[[39m^[[0m
Godot gates (analyzer)	Import the project	2026-10-04T03:53:56.6324445Z [  67% ] ^[[90m^[[1mreimport^[[22m | badger_quarryman.cautious_crouch_walk_forward.plain.png^[[39m^[[0m
Godot gates (analyzer)	Import the project	2026-10-04T03:53:56.6634604Z [  67% ] ^[[90m^[[1mreimport^[[22m | badger_quarryman.cautious_crouch_walk_forward.standard_bore.png^[[39m^[[0m
Godot gates (analyzer)	Import the project	2026-10-04T03:53:56.6885932Z [  67% ] ^[[90m^[[1mreimport^[[22m | badger_quarryman.heavy_hammer_swing.plain.png^[[39m^[[0m
Godot gates (analyzer)	Import the project	2026-10-04T03:53:56.8514238Z [  67% ] ^[[90m^[[1mreimport^[[22m | badger_quarryman.idle.plain.png^[[39m^[[0m
Godot gates (analyzer)	Import the project	2026-10-04T03:53:56.8784114Z [  67% ] ^[[90m^[[1mreimport^[[22m | badger_quarryman.walk.plain.png^[[39m^[[0m
Godot gates (analyzer)	Import the project	2026-10-04T03:53:56.9094332Z [  68% ] ^[[90m^[[1mreimport^[[22m | badger_quarryman.walk.ramp_down.png^[[39m^[[0m
Godot gates (analyzer)	Import the project	2026-10-04T03:53:57.0684222Z [  68% ] ^[[90m^[[1mreimport^[[22m | badger_quarryman.walk.ramp_up.png^[[39m^[[0m
Godot gates (analyzer)	Import the project	2026-10-04T03:53:57.0954478Z [  68% ] ^[[90m^[[1mreimport^[[22m | mole_digger.carry_heavy_object_walk.plain.png^[[39m^[[0m
Godot gates (analyzer)	Import the project	2026-10-04T03:53:57.1904383Z [  68% ] ^[[90m^[[1mreimport^[[22m | mole_digger.carry_heavy_object_walk.standard_bore.png^[[39m^[[0m
Godot gates (analyzer)	Import the project	2026-10-04T03:53:57.3014431Z [  68% ] ^[[90m^[[1mreimport^[[22m | mole_digger.cautious_crouch_walk_forward.plain.png^[[39m^[[0m
Godot gates (analyzer)	Import the project	2026-10-04T03:53:57.3334399Z [  68% ] ^[[90m^[[1mreimport^[[22m | mole_digger.cautious_crouch_walk_forward.standard_bore.png^[[39m^[[0m
Godot gates (analyzer)	Import the project	2026-10-04T03:53:57.4104207Z [  68% ] ^[[90m^[[1mreimport^[[22m | mole_digger.heavy_hammer_swing.plain.png^[[39m^[[0m
Godot gates (analyzer)	Import the project	2026-10-04T03:53:57.5024170Z [  68% ] ^[[90m^[[1mreimport^[[22m | mole_digger.idle.plain.png^[[39m^[[0m
Godot gates (analyzer)	Import the project	2026-10-04T03:53:57.5353965Z [  69% ] ^[[90m^[[1mreimport^[[22m | mole_digger.walk.plain.png^[[39m^[[0m
Godot gates (analyzer)	Import the project	2026-10-04T03:53:57.6234273Z [  69% ] ^[[90m^[[1mreimport^[[22m | mouse_keeper.walk.ramp_down.png^[[39m^[[0m
Godot gates (analyzer)	Import the project	2026-10-04T03:53:57.7014398Z [  69% ] ^[[90m^[[1mreimport^[[22m | mouse_keeper.walk.ramp_up.png^[[39m^[[0m
Godot gates (analyzer)	Import the project	2026-10-04T03:53:57.7464193Z [  69% ] ^[[90m^[[1mreimport^[[22m | otter_boatwright.carry_heavy_object_walk.plain.png^[[39m^[[0m
Godot gates (analyzer)	Import the project	2026-10-04T03:53:57.8344285Z [  69% ] ^[[90m^[[1mreimport^[[22m | otter_boatwright.carry_heavy_object_walk.standard_bore.png^[[39m^[[0m
Godot gates (analyzer)	Import the project	2026-10-04T03:53:57.8914415Z [  69% ] ^[[90m^[[1mreimport^[[22m | otter_boatwright.cautious_crouch_walk_forward.plain.png^[[39m^[[0m
Godot gates (analyzer)	Import the project	2026-10-04T03:53:57.9524695Z [  69% ] ^[[90m^[[1mreimport^[[22m | otter_boatwright.cautious_crouch_walk_forward.standard_bore.png^[[39m^[[0m
Godot gates (analyzer)	Import the project	2026-10-04T03:53:58.0458167Z [  69% ] ^[[90m^[[1mreimport^[[22m | otter_boatwright.idle.plain.png^[[39m^[[0m
Godot gates (analyzer)	Import the project	2026-10-04T03:53:58.1025036Z [  70% ] ^[[90m^[[1mreimport^[[22m | otter_boatwright.walk.plain.png^[[39m^[[0m
Godot gates (analyzer)	Import the project	2026-10-04T03:53:58.1694338Z [  70% ] ^[[90m^[[1mreimport^[[22m | otter_boatwright.walk.ramp_down.png^[[39m^[[0m
Godot gates (analyzer)	Import the project	2026-10-04T03:53:58.2624154Z [  70% ] ^[[90m^[[1mreimport^[[22m | otter_boatwright.walk.ramp_up.png^[[39m^[[0m
Godot gates (analyzer)	Import the project	2026-10-04T03:53:58.3094214Z [  70% ] ^[[90m^[[1mreimport^[[22m | squirrel_gatherer.carry_heavy_object_walk.plain.png^[[39m^[[0m
Godot gates (analyzer)	Import the project	2026-10-04T03:53:58.3804504Z [  70% ] ^[[90m^[[1mreimport^[[22m | squirrel_gatherer.carry_heavy_object_walk.standard_bore.png^[[39m^[[0m
Godot gates (analyzer)	Import the project	2026-10-04T03:53:58.4684276Z [  70% ] ^[[90m^[[1mreimport^[[22m | squirrel_gatherer.cautious_crouch_walk_forward.plain.png^[[39m^[[0m
Godot gates (analyzer)	Import the project	2026-10-04T03:53:58.5134549Z [  70% ] ^[[90m^[[1mreimport^[[22m | squirrel_gatherer.cautious_crouch_walk_forward.standard_bore.png^[[39m^[[0m
Godot gates (analyzer)	Import the project	2026-10-04T03:53:58.5884184Z [  70% ] ^[[90m^[[1mreimport^[[22m | squirrel_gatherer.idle.plain.png^[[39m^[[0m
Godot gates (analyzer)	Import the project	2026-10-04T03:53:58.6754419Z [  71% ] ^[[90m^[[1mreimport^[[22m | squirrel_gatherer.walk.plain.png^[[39m^[[0m
Godot gates (analyzer)	Import the project	2026-10-04T03:53:58.7084095Z [  71% ] ^[[90m^[[1mreimport^[[22m | squirrel_gatherer.walk.ramp_down.png^[[39m^[[0m
Godot gates (analyzer)	Import the project	2026-10-04T03:53:58.7884273Z [  71% ] ^[[90m^[[1mreimport^[[22m | squirrel_gatherer.walk.ramp_up.png^[[39m^[[0m
Godot gates (analyzer)	Import the project	2026-10-04T03:53:58.8864452Z [  71% ] ^[[90m^[[1mreimport^[[22m | badger_quarryman.carry_heavy_object_walk.plain.png^[[39m^[[0m
Godot gates (analyzer)	Import the project	2026-10-04T03:53:58.9134189Z [  71% ] ^[[90m^[[1mreimport^[[22m | badger_quarryman.carry_heavy_object_walk.standard_bore.png^[[39m^[[0m
Godot gates (analyzer)	Import the project	2026-10-04T03:53:58.9994323Z [  71% ] ^[[90m^[[1mreimport^[[22m | badger_quarryman.cautious_crouch_walk_forward.plain.png^[[39m^[[0m
Godot gates (analyzer)	Import the project	2026-10-04T03:53:59.1004493Z [  71% ] ^[[90m^[[1mreimport^[[22m | badger_quarryman.cautious_crouch_walk_forward.standard_bore.png^[[39m^[[0m
Godot gates (analyzer)	Import the project	2026-10-04T03:53:59.1113702Z [  71% ] ^[[90m^[[1mreimport^[[22m | badger_quarryman.heavy_hammer_swing.plain.png^[[39m^[[0m
Godot gates (analyzer)	Import the project	2026-10-04T03:53:59.2034310Z [  72% ] ^[[90m^[[1mreimport^[[22m | badger_quarryman.idle.plain.png^[[39m^[[0m
Godot gates (analyzer)	Import the project	2026-10-04T03:53:59.3019640Z [  72% ] ^[[90m^[[1mreimport^[[22m | badger_quarryman.walk.plain.png^[[39m^[[0m
Godot gates (analyzer)	Import the project	2026-10-04T03:53:59.3043601Z [  72% ] ^[[90m^[[1mreimport^[[22m | squirrel_gatherer.walk.ramp_up.png^[[39m^[[0m
Godot gates (analyzer)	Import the project	2026-10-04T03:53:59.4104340Z [  72% ] ^[[90m^[[1mreimport^[[22m | badger_quarryman.carry_heavy_object_walk.plain.png^[[39m^[[0m
Godot gates (analyzer)	Import the project	2026-10-04T03:53:59.5034304Z [  72% ] ^[[90m^[[1mreimport^[[22m | badger_quarryman.carry_heavy_object_walk.standard_bore.png^[[39m^[[0m
Godot gates (analyzer)	Import the project	2026-10-04T03:53:59.5174249Z [  72% ] ^[[90m^[[1mreimport^[[22m | badger_quarryman.cautious_crouch_walk_forward.plain.png^[[39m^[[0m
Godot gates (analyzer)	Import the project	2026-10-04T03:53:59.6184292Z [  72% ] ^[[90m^[[1mreimport^[[22m | badger_quarryman.cautious_crouch_walk_forward.standard_bore.png^[[39m^[[0m
Godot gates (analyzer)	Import the project	2026-10-04T03:53:59.7024351Z [  72% ] ^[[90m^[[1mreimport^[[22m | badger_quarryman.heavy_hammer_swing.plain.png^[[39m^[[0m
Godot gates (analyzer)	Import the project	2026-10-04T03:53:59.7413934Z [  73% ] ^[[90m^[[1mreimport^[[22m | badger_quarryman.idle.plain.png^[[39m^[[0m
Godot gates (analyzer)	Import the project	2026-10-04T03:53:59.8384237Z [  73% ] ^[[90m^[[1mreimport^[[22m | badger_quarryman.walk.plain.png^[[39m^[[0m
Godot gates (analyzer)	Import the project	2026-10-04T03:53:59.9083674Z [  73% ] ^[[90m^[[1mreimport^[[22m | badger_quarryman.walk.ramp_down.png^[[39m^[[0m
Godot gates (analyzer)	Import the project	2026-10-04T03:53:59.9614370Z [  73% ] ^[[90m^[[1mreimport^[[22m | badger_quarryman.walk.ramp_up.png^[[39m^[[0m
Godot gates (analyzer)	Import the project	2026-10-04T03:54:00.0654331Z [  73% ] ^[[90m^[[1mreimport^[[22m | mole_digger.carry_heavy_object_walk.plain.png^[[39m^[[0m
Godot gates (analyzer)	Import the project	2026-10-04T03:54:00.1234424Z [  73% ] ^[[90m^[[1mreimport^[[22m | mole_digger.carry_heavy_object_walk.standard_bore.png^[[39m^[[0m
Godot gates (analyzer)	Import the project	2026-10-04T03:54:00.1904308Z [  73% ] ^[[90m^[[1mreimport^[[22m | mole_digger.cautious_crouch_walk_forward.plain.png^[[39m^[[0m
Godot gates (analyzer)	Import the project	2026-10-04T03:54:00.2864371Z [  73% ] ^[[90m^[[1mreimport^[[22m | mole_digger.cautious_crouch_walk_forward.standard_bore.png^[[39m^[[0m
Godot gates (analyzer)	Import the project	2026-10-04T03:54:00.3424479Z [  74% ] ^[[90m^[[1mreimport^[[22m | mole_digger.heavy_hammer_swing.plain.png^[[39m^[[0m
Godot gates (analyzer)	Import the project	2026-10-04T03:54:00.4094056Z [  74% ] ^[[90m^[[1mreimport^[[22m | mole_digger.idle.plain.png^[[39m^[[0m
Godot gates (analyzer)	Import the project	2026-10-04T03:54:00.4984162Z [  74% ] ^[[90m^[[1mreimport^[[22m | mole_digger.walk.plain.png^[[39m^[[0m
Godot gates (analyzer)	Import the project	2026-10-04T03:54:00.5424129Z [  74% ] ^[[90m^[[1mreimport^[[22m | mole_digger.walk.ramp_down.png^[[39m^[[0m
Godot gates (analyzer)	Import the project	2026-10-04T03:54:00.6164169Z [  74% ] ^[[90m^[[1mreimport^[[22m | mole_digger.walk.ramp_up.png^[[39m^[[0m
Godot gates (analyzer)	Import the project	2026-10-04T03:54:00.7144462Z [  74% ] ^[[90m^[[1mreimport^[[22m | mouse_keeper.carry_heavy_object_walk.plain.png^[[39m^[[0m
Godot gates (analyzer)	Import the project	2026-10-04T03:54:00.7524441Z [  74% ] ^[[90m^[[1mreimport^[[22m | mouse_keeper.carry_heavy_object_walk.standard_bore.png^[[39m^[[0m
Godot gates (analyzer)	Import the project	2026-10-04T03:54:00.7794511Z [  74% ] ^[[90m^[[1mreimport^[[22m | mouse_keeper.cautious_crouch_walk_forward.plain.png^[[39m^[[0m
Godot gates (analyzer)	Import the project	2026-10-04T03:54:00.9184709Z [  75% ] ^[[90m^[[1mreimport^[[22m | mouse_keeper.cautious_crouch_walk_forward.standard_bore.png^[[39m^[[0m
Godot gates (analyzer)	Import the project	2026-10-04T03:54:00.9454304Z [  75% ] ^[[90m^[[1mreimport^[[22m | mouse_keeper.idle.plain.png^[[39m^[[0m
Godot gates (analyzer)	Import the project	2026-10-04T03:54:00.9804173Z [  75% ] ^[[90m^[[1mreimport^[[22m | mouse_keeper.walk.plain.png^[[39m^[[0m
Godot gates (analyzer)	Import the project	2026-10-04T03:54:01.1154188Z [  75% ] ^[[90m^[[1mreimport^[[22m | side-recovery-60.png^[[39m^[[0m
Godot gates (analyzer)	Import the project	2026-10-04T03:54:01.1394114Z [  75% ] ^[[90m^[[1mreimport^[[22m | heavy_hammer_swing-000.png^[[39m^[[0m
Godot gates (analyzer)	Import the project	2026-10-04T03:54:01.1904104Z [  75% ] ^[[90m^[[1mreimport^[[22m | heavy_hammer_swing-006.png^[[39m^[[0m
Godot gates (analyzer)	Import the project	2026-10-04T03:54:01.3104191Z [  75% ] ^[[90m^[[1mreimport^[[22m | heavy_hammer_swing-012.png^[[39m^[[0m
Godot gates (analyzer)	Import the project	2026-10-04T03:54:01.3253606Z [  75% ] ^[[90m^[[1mreimport^[[22m | heavy_hammer_swing-018.png^[[39m^[[0m
Godot gates (analyzer)	Import the project	2026-10-04T03:54:01.3854018Z [  76% ] ^[[90m^[[1mreimport^[[22m | heavy_hammer_swing-024.png^[[39m^[[0m
Godot gates (analyzer)	Import the project	2026-10-04T03:54:01.5044100Z [  76% ] ^[[90m^[[1mreimport^[[22m | heavy_hammer_swing-030.png^[[39m^[[0m
Godot gates (analyzer)	Import the project	2026-10-04T03:54:01.5083567Z [  76% ] ^[[90m^[[1mreimport^[[22m | heavy_hammer_swing-036.png^[[39m^[[0m
Godot gates (analyzer)	Import the project	2026-10-04T03:54:01.5764131Z [  76% ] ^[[90m^[[1mreimport^[[22m | heavy_hammer_swing-042.png^[[39m^[[0m
Godot gates (analyzer)	Import the project	2026-10-04T03:54:01.6914284Z [  76% ] ^[[90m^[[1mreimport^[[22m | heavy_hammer_swing-048.png^[[39m^[[0m
Godot gates (analyzer)	Import the project	2026-10-04T03:54:01.6963542Z [  76% ] ^[[90m^[[1mreimport^[[22m | heavy_hammer_swing-054.png^[[39m^[[0m
Godot gates (analyzer)	Import the project	2026-10-04T03:54:01.7674839Z [  76% ] ^[[90m^[[1mreimport^[[22m | heavy_hammer_swing-057.png^[[39m^[[0m
Godot gates (analyzer)	Import the project	2026-10-04T03:54:01.8754216Z [  76% ] ^[[90m^[[1mreimport^[[22m | idle-000.png^[[39m^[[0m
Godot gates (analyzer)	Import the project	2026-10-04T03:54:01.8843542Z [  77% ] ^[[90m^[[1mreimport^[[22m | idle-006.png^[[39m^[[0m
Godot gates (analyzer)	Import the project	2026-10-04T03:54:01.9614138Z [  77% ] ^[[90m^[[1mreimport^[[22m | idle-012.png^[[39m^[[0m
Godot gates (analyzer)	Import the project	2026-10-04T03:54:02.0644150Z [  77% ] ^[[90m^[[1mreimport^[[22m | idle-018.png^[[39m^[[0m
Godot gates (analyzer)	Import the project	2026-10-04T03:54:02.0784032Z [  77% ] ^[[90m^[[1mreimport^[[22m | idle-024.png^[[39m^[[0m
Godot gates (analyzer)	Import the project	2026-10-04T03:54:02.1524078Z [  77% ] ^[[90m^[[1mreimport^[[22m | idle-030.png^[[39m^[[0m
Godot gates (analyzer)	Import the project	2026-10-04T03:54:02.2463810Z [  77% ] ^[[90m^[[1mreimport^[[22m | idle-036.png^[[39m^[[0m
Godot gates (analyzer)	Import the project	2026-10-04T03:54:02.2673959Z [  77% ] ^[[90m^[[1mreimport^[[22m | idle-042.png^[[39m^[[0m
Godot gates (analyzer)	Import the project	2026-10-04T03:54:02.3444054Z [  77% ] ^[[90m^[[1mreimport^[[22m | idle-048.png^[[39m^[[0m
Godot gates (analyzer)	Import the project	2026-10-04T03:54:02.3984163Z [  78% ] ^[[90m^[[1mreimport^[[22m | idle-054.png^[[39m^[[0m
Godot gates (analyzer)	Import the project	2026-10-04T03:54:02.4284073Z [  78% ] ^[[90m^[[1mreimport^[[22m | idle-060.png^[[39m^[[0m
Godot gates (analyzer)	Import the project	2026-10-04T03:54:02.5124032Z [  78% ] ^[[90m^[[1mreimport^[[22m | idle-066.png^[[39m^[[0m
Godot gates (analyzer)	Import the project	2026-10-04T03:54:02.5584175Z [  78% ] ^[[90m^[[1mreimport^[[22m | idle-072.png^[[39m^[[0m
Godot gates (analyzer)	Import the project	2026-10-04T03:54:02.5914091Z [  78% ] ^[[90m^[[1mreimport^[[22m | side-015-source041.png^[[39m^[[0m
Godot gates (analyzer)	Import the project	2026-10-04T03:54:02.6724069Z [  78% ] ^[[90m^[[1mreimport^[[22m | side-018-source038.png^[[39m^[[0m
Godot gates (analyzer)	Import the project	2026-10-04T03:54:02.7114041Z [  78% ] ^[[90m^[[1mreimport^[[22m | side-021-source035.png^[[39m^[[0m
Godot gates (analyzer)	Import the project	2026-10-04T03:54:02.7564091Z [  78% ] ^[[90m^[[1mreimport^[[22m | side-024-source032.png^[[39m^[[0m
Godot gates (analyzer)	Import the project	2026-10-04T03:54:02.8364224Z [  79% ] ^[[90m^[[1mreimport^[[22m | side-entry-00.png^[[39m^[[0m
Godot gates (analyzer)	Import the project	2026-10-04T03:54:02.8644143Z [  79% ] ^[[90m^[[1mreimport^[[22m | side-entry-06.png^[[39m^[[0m
Godot gates (analyzer)	Import the project	2026-10-04T03:54:02.9184047Z [  79% ] ^[[90m^[[1mreimport^[[22m | side-entry-12.png^[[39m^[[0m
Godot gates (analyzer)	Import the project	2026-10-04T03:54:03.0014146Z [  79% ] ^[[90m^[[1mreimport^[[22m | side-entry-18.png^[[39m^[[0m
Godot gates (analyzer)	Import the project	2026-10-04T03:54:03.0213842Z [  79% ] ^[[90m^[[1mreimport^[[22m | side-entry-24.png^[[39m^[[0m
Godot gates (analyzer)	Import the project	2026-10-04T03:54:03.0853962Z [  79% ] ^[[90m^[[1mreimport^[[22m | side-entry-30.png^[[39m^[[0m
Godot gates (analyzer)	Import the project	2026-10-04T03:54:03.1654122Z [  79% ] ^[[90m^[[1mreimport^[[22m | side-entry-36.png^[[39m^[[0m
Godot gates (analyzer)	Import the project	2026-10-04T03:54:03.1803787Z [  79% ] ^[[90m^[[1mreimport^[[22m | side-entry-42.png^[[39m^[[0m
Godot gates (analyzer)	Import the project	2026-10-04T03:54:03.2493841Z [  80% ] ^[[90m^[[1mreimport^[[22m | side-entry-48.png^[[39m^[[0m
Godot gates (analyzer)	Import the project	2026-10-04T03:54:03.3314237Z [  80% ] ^[[90m^[[1mreimport^[[22m | side-entry-54.png^[[39m^[[0m
Godot gates (analyzer)	Import the project	2026-10-04T03:54:03.3366107Z [  80% ] ^[[90m^[[1mreimport^[[22m | side-entry-60.png^[[39m^[[0m
Godot gates (analyzer)	Import the project	2026-10-04T03:54:03.4114187Z [  80% ] ^[[90m^[[1mreimport^[[22m | side-recovery-00.png^[[39m^[[0m
Godot gates (analyzer)	Import the project	2026-10-04T03:54:03.4907194Z [  80% ] ^[[90m^[[1mreimport^[[22m | side-recovery-06.png^[[39m^[[0m
Godot gates (analyzer)	Import the project	2026-10-04T03:54:03.4943608Z [  80% ] ^[[90m^[[1mreimport^[[22m | side-recovery-12.png^[[39m^[[0m
Godot gates (analyzer)	Import the project	2026-10-04T03:54:03.5744162Z [  80% ] ^[[90m^[[1mreimport^[[22m | side-recovery-18.png^[[39m^[[0m
Godot gates (analyzer)	Import the project	2026-10-04T03:54:03.6454140Z [  80% ] ^[[90m^[[1mreimport^[[22m | side-recovery-24.png^[[39m^[[0m
Godot gates (analyzer)	Import the project	2026-10-04T03:54:03.6603966Z [  81% ] ^[[90m^[[1mreimport^[[22m | side-recovery-30.png^[[39m^[[0m
Godot gates (analyzer)	Import the project	2026-10-04T03:54:03.7674000Z [  81% ] ^[[90m^[[1mreimport^[[22m | side-recovery-36.png^[[39m^[[0m
Godot gates (analyzer)	Import the project	2026-10-04T03:54:03.8294108Z [  81% ] ^[[90m^[[1mreimport^[[22m | side-recovery-42.png^[[39m^[[0m
Godot gates (analyzer)	Import the project	2026-10-04T03:54:03.8624000Z [  81% ] ^[[90m^[[1mreimport^[[22m | side-recovery-48.png^[[39m^[[0m
Godot gates (analyzer)	Import the project	2026-10-04T03:54:03.9692121Z [  81% ] ^[[90m^[[1mreimport^[[22m | side-recovery-54.png^[[39m^[[0m
Godot gates (analyzer)	Import the project	2026-10-04T03:54:04.0238094Z [  81% ] ^[[90m^[[1mreimport^[[22m | heavy_hammer_swing-054.png^[[39m^[[0m
Godot gates (analyzer)	Import the project	2026-10-04T03:54:04.0684014Z [  81% ] ^[[90m^[[1mreimport^[[22m | heavy_hammer_swing-057.png^[[39m^[[0m
Godot gates (analyzer)	Import the project	2026-10-04T03:54:04.1704250Z [  81% ] ^[[90m^[[1mreimport^[[22m | idle-000.png^[[39m^[[0m
Godot gates (analyzer)	Import the project	2026-10-04T03:54:04.2173931Z [  82% ] ^[[90m^[[1mreimport^[[22m | idle-006.png^[[39m^[[0m
Godot gates (analyzer)	Import the project	2026-10-04T03:54:04.2654112Z [  82% ] ^[[90m^[[1mreimport^[[22m | idle-012.png^[[39m^[[0m
Godot gates (analyzer)	Import the project	2026-10-04T03:54:04.3664040Z [  82% ] ^[[90m^[[1mreimport^[[22m | idle-018.png^[[39m^[[0m
Godot gates (analyzer)	Import the project	2026-10-04T03:54:04.4053887Z [  82% ] ^[[90m^[[1mreimport^[[22m | idle-024.png^[[39m^[[0m
Godot gates (analyzer)	Import the project	2026-10-04T03:54:04.4664163Z [  82% ] ^[[90m^[[1mreimport^[[22m | idle-030.png^[[39m^[[0m
Godot gates (analyzer)	Import the project	2026-10-04T03:54:04.5664112Z [  82% ] ^[[90m^[[1mreimport^[[22m | idle-036.png^[[39m^[[0m
Godot gates (analyzer)	Import the project	2026-10-04T03:54:04.5974040Z [  82% ] ^[[90m^[[1mreimport^[[22m | idle-042.png^[[39m^[[0m
Godot gates (analyzer)	Import the project	2026-10-04T03:54:04.6704236Z [  82% ] ^[[90m^[[1mreimport^[[22m | idle-048.png^[[39m^[[0m
Godot gates (analyzer)	Import the project	2026-10-04T03:54:04.7658775Z [  83% ] ^[[90m^[[1mreimport^[[22m | idle-054.png^[[39m^[[0m
Godot gates (analyzer)	Import the project	2026-10-04T03:54:04.7924048Z [  83% ] ^[[90m^[[1mreimport^[[22m | idle-060.png^[[39m^[[0m
Godot gates (analyzer)	Import the project	2026-10-04T03:54:04.8834054Z [  83% ] ^[[90m^[[1mreimport^[[22m | idle-066.png^[[39m^[[0m
Godot gates (analyzer)	Import the project	2026-10-04T03:54:04.9703956Z [  83% ] ^[[90m^[[1mreimport^[[22m | idle-072.png^[[39m^[[0m
Godot gates (analyzer)	Import the project	2026-10-04T03:54:04.9853676Z [  83% ] ^[[90m^[[1mreimport^[[22m | idle-078.png^[[39m^[[0m
Godot gates (analyzer)	Import the project	2026-10-04T03:54:05.0894303Z [  83% ] ^[[90m^[[1mreimport^[[22m | idle-084.png^[[39m^[[0m
Godot gates (analyzer)	Import the project	2026-10-04T03:54:05.1744152Z [  83% ] ^[[90m^[[1mreimport^[[22m | idle-090.png^[[39m^[[0m
Godot gates (analyzer)	Import the project	2026-10-04T03:54:05.1803536Z [  83% ] ^[[90m^[[1mreimport^[[22m | idle-096.png^[[39m^[[0m
Godot gates (analyzer)	Import the project	2026-10-04T03:54:05.2963977Z [  84% ] ^[[90m^[[1mreimport^[[22m | idle-102.png^[[39m^[[0m
Godot gates (analyzer)	Import the project	2026-10-04T03:54:05.3654005Z [  84% ] ^[[90m^[[1mreimport^[[22m | idle-108.png^[[39m^[[0m
Godot gates (analyzer)	Import the project	2026-10-04T03:54:05.3823874Z [  84% ] ^[[90m^[[1mreimport^[[22m | idle-114.png^[[39m^[[0m
Godot gates (analyzer)	Import the project	2026-10-04T03:54:05.4884034Z [  84% ] ^[[90m^[[1mreimport^[[22m | idle-120.png^[[39m^[[0m
Godot gates (analyzer)	Import the project	2026-10-04T03:54:05.5453960Z [  84% ] ^[[90m^[[1mreimport^[[22m | idle-121.png^[[39m^[[0m
Godot gates (analyzer)	Import the project	2026-10-04T03:54:05.5723891Z [  84% ] ^[[90m^[[1mreimport^[[22m | walk-000.png^[[39m^[[0m
Godot gates (analyzer)	Import the project	2026-10-04T03:54:05.6813964Z [  84% ] ^[[90m^[[1mreimport^[[22m | idle-078.png^[[39m^[[0m
Godot gates (analyzer)	Import the project	2026-10-04T03:54:05.7294176Z [  84% ] ^[[90m^[[1mreimport^[[22m | idle-084.png^[[39m^[[0m
Godot gates (analyzer)	Import the project	2026-10-04T03:54:05.7633895Z [  85% ] ^[[90m^[[1mreimport^[[22m | idle-090.png^[[39m^[[0m
Godot gates (analyzer)	Import the project	2026-10-04T03:54:05.8724060Z [  85% ] ^[[90m^[[1mreimport^[[22m | idle-096.png^[[39m^[[0m
Godot gates (analyzer)	Import the project	2026-10-04T03:54:05.9144273Z [  85% ] ^[[90m^[[1mreimport^[[22m | idle-102.png^[[39m^[[0m
Godot gates (analyzer)	Import the project	2026-10-04T03:54:05.9542414Z [  85% ] ^[[90m^[[1mreimport^[[22m | idle-108.png^[[39m^[[0m
Godot gates (analyzer)	Import the project	2026-10-04T03:54:06.0709767Z [  85% ] ^[[90m^[[1mreimport^[[22m | idle-114.png^[[39m^[[0m
Godot gates (analyzer)	Import the project	2026-10-04T03:54:06.0994187Z [  85% ] ^[[90m^[[1mreimport^[[22m | idle-120.png^[[39m^[[0m
Godot gates (analyzer)	Import the project	2026-10-04T03:54:06.1464059Z [  85% ] ^[[90m^[[1mreimport^[[22m | idle-121.png^[[39m^[[0m
Godot gates (analyzer)	Import the project	2026-10-04T03:54:06.2677473Z [  85% ] ^[[90m^[[1mreimport^[[22m | walk-000.png^[[39m^[[0m
Godot gates (analyzer)	Import the project	2026-10-04T03:54:06.2823682Z [  86% ] ^[[90m^[[1mreimport^[[22m | walk-006.png^[[39m^[[0m
Godot gates (analyzer)	Import the project	2026-10-04T03:54:06.3394076Z [  86% ] ^[[90m^[[1mreimport^[[22m | walk-012.png^[[39m^[[0m
Godot gates (analyzer)	Import the project	2026-10-04T03:54:06.4644175Z [  86% ] ^[[90m^[[1mreimport^[[22m | walk-018.png^[[39m^[[0m
Godot gates (analyzer)	Import the project	2026-10-04T03:54:06.4693563Z [  86% ] ^[[90m^[[1mreimport^[[22m | walk-024.png^[[39m^[[0m
Godot gates (analyzer)	Import the project	2026-10-04T03:54:06.5324142Z [  86% ] ^[[90m^[[1mreimport^[[22m | walk-030.png^[[39m^[[0m
Godot gates (analyzer)	Import the project	2026-10-04T03:54:06.6514114Z [  86% ] ^[[90m^[[1mreimport^[[22m | walk-033.png^[[39m^[[0m
Godot gates (analyzer)	Import the project	2026-10-04T03:54:06.6573557Z [  86% ] ^[[90m^[[1mreimport^[[22m | heavy_hammer_swing-000.png^[[39m^[[0m
Godot gates (analyzer)	Import the project	2026-10-04T03:54:06.7364275Z [  86% ] ^[[90m^[[1mreimport^[[22m | heavy_hammer_swing-006.png^[[39m^[[0m
Godot gates (analyzer)	Import the project	2026-10-04T03:54:06.8523993Z [  87% ] ^[[90m^[[1mreimport^[[22m | heavy_hammer_swing-012.png^[[39m^[[0m
Godot gates (analyzer)	Import the project	2026-10-04T03:54:06.8553608Z [  87% ] ^[[90m^[[1mreimport^[[22m | heavy_hammer_swing-018.png^[[39m^[[0m
Godot gates (analyzer)	Import the project	2026-10-04T03:54:06.9294272Z [  87% ] ^[[90m^[[1mreimport^[[22m | heavy_hammer_swing-024.png^[[39m^[[0m
Godot gates (analyzer)	Import the project	2026-10-04T03:54:07.0589417Z [  87% ] ^[[90m^[[1mreimport^[[22m | heavy_hammer_swing-030.png^[[39m^[[0m
Godot gates (analyzer)	Import the project	2026-10-04T03:54:07.0689449Z [  87% ] ^[[90m^[[1mreimport^[[22m | heavy_hammer_swing-036.png^[[39m^[[0m
Godot gates (analyzer)	Import the project	2026-10-04T03:54:07.1437505Z [  87% ] ^[[90m^[[1mreimport^[[22m | heavy_hammer_swing-042.png^[[39m^[[0m
Godot gates (analyzer)	Import the project	2026-10-04T03:54:07.2643695Z [  87% ] ^[[90m^[[1mreimport^[[22m | heavy_hammer_swing-048.png^[[39m^[[0m
Godot gates (analyzer)	Import the project	2026-10-04T03:54:07.2763777Z [  87% ] ^[[90m^[[1mreimport^[[22m | squirrel_gatherer.cautious_crouch_walk_forward.plain.png^[[39m^[[0m
Godot gates (analyzer)	Import the project	2026-10-04T03:54:07.3114106Z [  88% ] ^[[90m^[[1mreimport^[[22m | squirrel_gatherer.cautious_crouch_walk_forward.standard_bore.png^[[39m^[[0m
Godot gates (analyzer)	Import the project	2026-10-04T03:54:07.3270621Z [  88% ] ^[[90m^[[1mreimport^[[22m | squirrel_gatherer.idle.plain.png^[[39m^[[0m
Godot gates (analyzer)	Import the project	2026-10-04T03:54:07.3564315Z [  88% ] ^[[90m^[[1mreimport^[[22m | squirrel_gatherer.walk.plain.png^[[39m^[[0m
Godot gates (analyzer)	Import the project	2026-10-04T03:54:07.4827021Z [  88% ] ^[[90m^[[1mreimport^[[22m | squirrel_gatherer.walk.ramp_down.png^[[39m^[[0m
Godot gates (analyzer)	Import the project	2026-10-04T03:54:07.5084347Z [  88% ] ^[[90m^[[1mreimport^[[22m | squirrel_gatherer.walk.ramp_up.png^[[39m^[[0m
Godot gates (analyzer)	Import the project	2026-10-04T03:54:07.5359982Z [  88% ] ^[[90m^[[1mreimport^[[22m | native-world.png^[[39m^[[0m
Godot gates (analyzer)	Import the project	2026-10-04T03:54:07.6544207Z [  88% ] ^[[90m^[[1mreimport^[[22m | native-world.png^[[39m^[[0m
Godot gates (analyzer)	Import the project	2026-10-04T03:54:07.6894418Z [  88% ] ^[[90m^[[1mreimport^[[22m | opposite-000-source030.png^[[39m^[[0m
Godot gates (analyzer)	Import the project	2026-10-04T03:54:07.7164177Z [  89% ] ^[[90m^[[1mreimport^[[22m | opposite-003-source033.png^[[39m^[[0m
Godot gates (analyzer)	Import the project	2026-10-04T03:54:07.8243956Z [  89% ] ^[[90m^[[1mreimport^[[22m | opposite-006-source036.png^[[39m^[[0m
Godot gates (analyzer)	Import the project	2026-10-04T03:54:07.8694208Z [  89% ] ^[[90m^[[1mreimport^[[22m | opposite-009-source039.png^[[39m^[[0m
Godot gates (analyzer)	Import the project	2026-10-04T03:54:07.8989420Z [  89% ] ^[[90m^[[1mreimport^[[22m | opposite-012-source042.png^[[39m^[[0m
Godot gates (analyzer)	Import the project	2026-10-04T03:54:07.9904013Z [  89% ] ^[[90m^[[1mreimport^[[22m | opposite-015-source041.png^[[39m^[[0m
Godot gates (analyzer)	Import the project	2026-10-04T03:54:08.0454078Z [  89% ] ^[[90m^[[1mreimport^[[22m | opposite-018-source038.png^[[39m^[[0m
Godot gates (analyzer)	Import the project	2026-10-04T03:54:08.0784371Z [  89% ] ^[[90m^[[1mreimport^[[22m | opposite-021-source035.png^[[39m^[[0m
Godot gates (analyzer)	Import the project	2026-10-04T03:54:08.1584123Z [  89% ] ^[[90m^[[1mreimport^[[22m | opposite-024-source032.png^[[39m^[[0m
Godot gates (analyzer)	Import the project	2026-10-04T03:54:08.2214132Z [  90% ] ^[[90m^[[1mreimport^[[22m | opposite-entry-00.png^[[39m^[[0m
Godot gates (analyzer)	Import the project	2026-10-04T03:54:08.2574142Z [  90% ] ^[[90m^[[1mreimport^[[22m | opposite-entry-06.png^[[39m^[[0m
Godot gates (analyzer)	Import the project	2026-10-04T03:54:08.3264109Z [  90% ] ^[[90m^[[1mreimport^[[22m | opposite-entry-12.png^[[39m^[[0m
Godot gates (analyzer)	Import the project	2026-10-04T03:54:08.3980702Z [  90% ] ^[[90m^[[1mreimport^[[22m | opposite-entry-18.png^[[39m^[[0m
Godot gates (analyzer)	Import the project	2026-10-04T03:54:08.4824244Z [  90% ] ^[[90m^[[1mreimport^[[22m | opposite-entry-24.png^[[39m^[[0m
Godot gates (analyzer)	Import the project	2026-10-04T03:54:08.5494134Z [  90% ] ^[[90m^[[1mreimport^[[22m | opposite-entry-30.png^[[39m^[[0m
Godot gates (analyzer)	Import the project	2026-10-04T03:54:08.6264337Z [  90% ] ^[[90m^[[1mreimport^[[22m | opposite-entry-36.png^[[39m^[[0m
Godot gates (analyzer)	Import the project	2026-10-04T03:54:08.7154307Z [  90% ] ^[[90m^[[1mreimport^[[22m | opposite-entry-42.png^[[39m^[[0m
Godot gates (analyzer)	Import the project	2026-10-04T03:54:08.7647107Z [  91% ] ^[[90m^[[1mreimport^[[22m | mole_digger.idle.plain.png^[[39m^[[0m
Godot gates (analyzer)	Import the project	2026-10-04T03:54:08.8534213Z [  91% ] ^[[90m^[[1mreimport^[[22m | mole_digger.walk.plain.held_pick.png^[[39m^[[0m
Godot gates (analyzer)	Import the project	2026-10-04T03:54:08.9434135Z [  91% ] ^[[90m^[[1mreimport^[[22m | mole_digger.walk.plain.png^[[39m^[[0m
Godot gates (analyzer)	Import the project	2026-10-04T03:54:08.9734085Z [  91% ] ^[[90m^[[1mreimport^[[22m | mole_digger.walk.ramp_down.held_pick.png^[[39m^[[0m
Godot gates (analyzer)	Import the project	2026-10-04T03:54:09.0654093Z [  91% ] ^[[90m^[[1mreimport^[[22m | mole_digger.walk.ramp_down.png^[[39m^[[0m
Godot gates (analyzer)	Import the project	2026-10-04T03:54:09.1534219Z [  91% ] ^[[90m^[[1mreimport^[[22m | mole_digger.walk.ramp_up.held_pick.png^[[39m^[[0m
Godot gates (analyzer)	Import the project	2026-10-04T03:54:09.1754255Z [  91% ] ^[[90m^[[1mreimport^[[22m | mole_digger.walk.ramp_up.png^[[39m^[[0m
Godot gates (analyzer)	Import the project	2026-10-04T03:54:09.2788146Z [  91% ] ^[[90m^[[1mreimport^[[22m | mouse_keeper.carry_heavy_object_walk.plain.png^[[39m^[[0m
Godot gates (analyzer)	Import the project	2026-10-04T03:54:09.3744506Z [  92% ] ^[[90m^[[1mreimport^[[22m | mouse_keeper.carry_heavy_object_walk.standard_bore.png^[[39m^[[0m
Godot gates (analyzer)	Import the project	2026-10-04T03:54:09.3773835Z [  92% ] ^[[90m^[[1mreimport^[[22m | mouse_keeper.cautious_crouch_walk_forward.plain.png^[[39m^[[0m
Godot gates (analyzer)	Import the project	2026-10-04T03:54:09.4959370Z [  92% ] ^[[90m^[[1mreimport^[[22m | mouse_keeper.cautious_crouch_walk_forward.standard_bore.png^[[39m^[[0m
Godot gates (analyzer)	Import the project	2026-10-04T03:54:09.5754158Z [  92% ] ^[[90m^[[1mreimport^[[22m | mouse_keeper.idle.plain.png^[[39m^[[0m
Godot gates (analyzer)	Import the project	2026-10-04T03:54:09.5813718Z [  92% ] ^[[90m^[[1mreimport^[[22m | mouse_keeper.walk.plain.png^[[39m^[[0m
Godot gates (analyzer)	Import the project	2026-10-04T03:54:09.7054100Z [  92% ] ^[[90m^[[1mreimport^[[22m | mouse_keeper.walk.ramp_down.png^[[39m^[[0m
Godot gates (analyzer)	Import the project	2026-10-04T03:54:09.7703944Z [  92% ] ^[[90m^[[1mreimport^[[22m | mouse_keeper.walk.ramp_up.png^[[39m^[[0m
Godot gates (analyzer)	Import the project	2026-10-04T03:54:09.7924032Z [  92% ] ^[[90m^[[1mreimport^[[22m | otter_boatwright.carry_heavy_object_walk.plain.png^[[39m^[[0m
Godot gates (analyzer)	Import the project	2026-10-04T03:54:09.9194587Z [  93% ] ^[[90m^[[1mreimport^[[22m | otter_boatwright.carry_heavy_object_walk.standard_bore.png^[[39m^[[0m
Godot gates (analyzer)	Import the project	2026-10-04T03:54:09.9614268Z [  93% ] ^[[90m^[[1mreimport^[[22m | otter_boatwright.cautious_crouch_walk_forward.plain.png^[[39m^[[0m
Godot gates (analyzer)	Import the project	2026-10-04T03:54:10.0044643Z [  93% ] ^[[90m^[[1mreimport^[[22m | otter_boatwright.cautious_crouch_walk_forward.standard_bore.png^[[39m^[[0m
Godot gates (analyzer)	Import the project	2026-10-04T03:54:10.1314342Z [  93% ] ^[[90m^[[1mreimport^[[22m | otter_boatwright.idle.plain.png^[[39m^[[0m
Godot gates (analyzer)	Import the project	2026-10-04T03:54:10.1614116Z [  93% ] ^[[90m^[[1mreimport^[[22m | otter_boatwright.walk.plain.png^[[39m^[[0m
Godot gates (analyzer)	Import the project	2026-10-04T03:54:10.1673728Z [  93% ] ^[[90m^[[1mreimport^[[22m | otter_boatwright.walk.ramp_down.png^[[39m^[[0m
Godot gates (analyzer)	Import the project	2026-10-04T03:54:10.2924071Z [  93% ] ^[[90m^[[1mreimport^[[22m | otter_boatwright.walk.ramp_up.png^[[39m^[[0m
Godot gates (analyzer)	Import the project	2026-10-04T03:54:10.3164244Z [  93% ] ^[[90m^[[1mreimport^[[22m | squirrel_gatherer.carry_heavy_object_walk.plain.png^[[39m^[[0m
Godot gates (analyzer)	Import the project	2026-10-04T03:54:10.3193859Z [  94% ] ^[[90m^[[1mreimport^[[22m | squirrel_gatherer.carry_heavy_object_walk.standard_bore.png^[[39m^[[0m
Godot gates (analyzer)	Import the project	2026-10-04T03:54:10.4494274Z [  94% ] ^[[90m^[[1mreimport^[[22m | rts-entry-12.png^[[39m^[[0m
Godot gates (analyzer)	Import the project	2026-10-04T03:54:10.4644081Z [  94% ] ^[[90m^[[1mreimport^[[22m | rts-entry-18.png^[[39m^[[0m
Godot gates (analyzer)	Import the project	2026-10-04T03:54:10.4794110Z [  94% ] ^[[90m^[[1mreimport^[[22m | rts-entry-24.png^[[39m^[[0m
Godot gates (analyzer)	Import the project	2026-10-04T03:54:10.4973983Z [  94% ] ^[[90m^[[1mreimport^[[22m | rts-entry-30.png^[[39m^[[0m
Godot gates (analyzer)	Import the project	2026-10-04T03:54:10.5414066Z [  94% ] ^[[90m^[[1mreimport^[[22m | rts-entry-36.png^[[39m^[[0m
Godot gates (analyzer)	Import the project	2026-10-04T03:54:10.6272638Z [  94% ] ^[[90m^[[1mreimport^[[22m | rts-entry-42.png^[[39m^[[0m
Godot gates (analyzer)	Import the project	2026-10-04T03:54:10.6474266Z [  94% ] ^[[90m^[[1mreimport^[[22m | rts-entry-48.png^[[39m^[[0m
Godot gates (analyzer)	Import the project	2026-10-04T03:54:10.6874034Z [  95% ] ^[[90m^[[1mreimport^[[22m | rts-entry-54.png^[[39m^[[0m
Godot gates (analyzer)	Import the project	2026-10-04T03:54:10.7773704Z [  95% ] ^[[90m^[[1mreimport^[[22m | rts-entry-60.png^[[39m^[[0m
Godot gates (analyzer)	Import the project	2026-10-04T03:54:10.8044043Z [  95% ] ^[[90m^[[1mreimport^[[22m | rts-recovery-00.png^[[39m^[[0m
Godot gates (analyzer)	Import the project	2026-10-04T03:54:10.8464052Z [  95% ] ^[[90m^[[1mreimport^[[22m | rts-recovery-06.png^[[39m^[[0m
Godot gates (analyzer)	Import the project	2026-10-04T03:54:10.9269006Z [  95% ] ^[[90m^[[1mreimport^[[22m | rts-recovery-12.png^[[39m^[[0m
Godot gates (analyzer)	Import the project	2026-10-04T03:54:10.9623971Z [  95% ] ^[[90m^[[1mreimport^[[22m | rts-recovery-18.png^[[39m^[[0m
Godot gates (analyzer)	Import the project	2026-10-04T03:54:11.0074131Z [  95% ] ^[[90m^[[1mreimport^[[22m | rts-recovery-24.png^[[39m^[[0m
Godot gates (analyzer)	Import the project	2026-10-04T03:54:11.0774114Z [  95% ] ^[[90m^[[1mreimport^[[22m | rts-recovery-30.png^[[39m^[[0m
Godot gates (analyzer)	Import the project	2026-10-04T03:54:11.1174214Z [  96% ] ^[[90m^[[1mreimport^[[22m | rts-recovery-36.png^[[39m^[[0m
Godot gates (analyzer)	Import the project	2026-10-04T03:54:11.1734098Z [  96% ] ^[[90m^[[1mreimport^[[22m | rts-recovery-42.png^[[39m^[[0m
Godot gates (analyzer)	Import the project	2026-10-04T03:54:11.2324014Z [  96% ] ^[[90m^[[1mreimport^[[22m | rts-recovery-48.png^[[39m^[[0m
Godot gates (analyzer)	Import the project	2026-10-04T03:54:11.2783844Z [  96% ] ^[[90m^[[1mreimport^[[22m | rts-recovery-54.png^[[39m^[[0m
Godot gates (analyzer)	Import the project	2026-10-04T03:54:11.3359761Z [  96% ] ^[[90m^[[1mreimport^[[22m | rts-recovery-60.png^[[39m^[[0m
Godot gates (analyzer)	Import the project	2026-10-04T03:54:11.3854211Z [  96% ] ^[[90m^[[1mreimport^[[22m | side-000-source030.png^[[39m^[[0m
Godot gates (analyzer)	Import the project	2026-10-04T03:54:11.4574102Z [  96% ] ^[[90m^[[1mreimport^[[22m | side-003-source033.png^[[39m^[[0m
Godot gates (analyzer)	Import the project	2026-10-04T03:54:11.5164217Z [  96% ] ^[[90m^[[1mreimport^[[22m | side-006-source036.png^[[39m^[[0m
Godot gates (analyzer)	Import the project	2026-10-04T03:54:11.5562409Z [  97% ] ^[[90m^[[1mreimport^[[22m | side-009-source039.png^[[39m^[[0m
Godot gates (analyzer)	Import the project	2026-10-04T03:54:11.6354164Z [  97% ] ^[[90m^[[1mreimport^[[22m | side-012-source042.png^[[39m^[[0m
Godot gates (analyzer)	Import the project	2026-10-04T03:54:11.6964256Z [  97% ] ^[[90m^[[1mreimport^[[22m | opposite-entry-48.png^[[39m^[[0m
Godot gates (analyzer)	Import the project	2026-10-04T03:54:11.7333984Z [  97% ] ^[[90m^[[1mreimport^[[22m | opposite-entry-54.png^[[39m^[[0m
Godot gates (analyzer)	Import the project	2026-10-04T03:54:11.8124290Z [  97% ] ^[[90m^[[1mreimport^[[22m | opposite-entry-60.png^[[39m^[[0m
Godot gates (analyzer)	Import the project	2026-10-04T03:54:11.8764027Z [  97% ] ^[[90m^[[1mreimport^[[22m | opposite-recovery-00.png^[[39m^[[0m
Godot gates (analyzer)	Import the project	2026-10-04T03:54:11.9034103Z [  97% ] ^[[90m^[[1mreimport^[[22m | opposite-recovery-06.png^[[39m^[[0m
Godot gates (analyzer)	Import the project	2026-10-04T03:54:11.9886136Z [  97% ] ^[[90m^[[1mreimport^[[22m | opposite-recovery-12.png^[[39m^[[0m
Godot gates (analyzer)	Import the project	2026-10-04T03:54:12.0504183Z [  98% ] ^[[90m^[[1mreimport^[[22m | opposite-recovery-18.png^[[39m^[[0m
Godot gates (analyzer)	Import the project	2026-10-04T03:54:12.0704031Z [  98% ] ^[[90m^[[1mreimport^[[22m | opposite-recovery-24.png^[[39m^[[0m
Godot gates (analyzer)	Import the project	2026-10-04T03:54:12.1614035Z [  98% ] ^[[90m^[[1mreimport^[[22m | opposite-recovery-30.png^[[39m^[[0m
Godot gates (analyzer)	Import the project	2026-10-04T03:54:12.2204205Z [  98% ] ^[[90m^[[1mreimport^[[22m | opposite-recovery-36.png^[[39m^[[0m
Godot gates (analyzer)	Import the project	2026-10-04T03:54:12.2263524Z [  98% ] ^[[90m^[[1mreimport^[[22m | opposite-recovery-42.png^[[39m^[[0m
Godot gates (analyzer)	Import the project	2026-10-04T03:54:12.3174000Z [  98% ] ^[[90m^[[1mreimport^[[22m | opposite-recovery-48.png^[[39m^[[0m
Godot gates (analyzer)	Import the project	2026-10-04T03:54:12.3714125Z [  98% ] ^[[90m^[[1mreimport^[[22m | opposite-recovery-54.png^[[39m^[[0m
Godot gates (analyzer)	Import the project	2026-10-04T03:54:12.3863925Z [  98% ] ^[[90m^[[1mreimport^[[22m | opposite-recovery-60.png^[[39m^[[0m
Godot gates (analyzer)	Import the project	2026-10-04T03:54:12.4734032Z [  99% ] ^[[90m^[[1mreimport^[[22m | rts-000-source030.png^[[39m^[[0m
Godot gates (analyzer)	Import the project	2026-10-04T03:54:12.5214257Z [  99% ] ^[[90m^[[1mreimport^[[22m | rts-003-source033.png^[[39m^[[0m
Godot gates (analyzer)	Import the project	2026-10-04T03:54:12.5422272Z [  99% ] ^[[90m^[[1mreimport^[[22m | rts-006-source036.png^[[39m^[[0m
Godot gates (analyzer)	Import the project	2026-10-04T03:54:12.6293976Z [  99% ] ^[[90m^[[1mreimport^[[22m | rts-009-source039.png^[[39m^[[0m
Godot gates (analyzer)	Import the project	2026-10-04T03:54:12.6690760Z [  99% ] ^[[90m^[[1mreimport^[[22m | rts-012-source042.png^[[39m^[[0m
Godot gates (analyzer)	Import the project	2026-10-04T03:54:12.6991820Z [  99% ] ^[[90m^[[1mreimport^[[22m | rts-015-source041.png^[[39m^[[0m
Godot gates (analyzer)	Import the project	2026-10-04T03:54:12.7620367Z [  99% ] ^[[90m^[[1mreimport^[[22m | species_mouse_body_a_lod0.glb^[[39m^[[0m
Godot gates (analyzer)	Import the project	2026-10-04T03:54:12.7623636Z [   0% ] ^[[90m^[[1mimport^[[22m | Started Import Scene (104 steps)^[[39m^[[0m
Godot gates (analyzer)	Import the project	2026-10-04T03:54:12.7624442Z [   0% ] ^[[90m^[[1mimport^[[22m | Importing Scene...^[[39m^[[0m
Godot gates (analyzer)	Import the project	2026-10-04T03:54:12.7961254Z [   1% ] ^[[90m^[[1mimport^[[22m | Running Custom Script...^[[39m^[[0m
Godot gates (analyzer)	Import the project	2026-10-04T03:54:12.7962159Z [  99% ] ^[[90m^[[1mimport^[[22m | Saving...^[[39m^[[0m
Godot gates (analyzer)	Import the project	2026-10-04T03:54:12.8007355Z ^[[92m[ DONE ]^[[39m ^[[1mimport^[[22m
Godot gates (analyzer)	Import the project	2026-10-04T03:54:12.8007947Z ^[[0m
Godot gates (analyzer)	Import the project	2026-10-04T03:54:12.8032159Z [  99% ] ^[[90m^[[1mreimport^[[22m | Finalizing Asset Import...^[[39m^[[0m
Godot gates (analyzer)	Import the project	2026-10-04T03:54:12.8088229Z ^[[92m[ DONE ]^[[39m ^[[1mreimport^[[22m
Godot gates (analyzer)	Import the project	2026-10-04T03:54:12.8088764Z ^[[0m
Godot gates (analyzer)	Import the project	2026-10-04T03:54:12.8089430Z [   0% ] ^[[90m^[[1mreimport^[[22m | Started (Re)Importing Assets (801 steps)^[[39m^[[0m
Godot gates (analyzer)	Import the project	2026-10-04T03:54:12.8090469Z [   0% ] ^[[90m^[[1mreimport^[[22m | Executing post-reimport operations...^[[39m^[[0m
Godot gates (analyzer)	Import the project	2026-10-04T03:54:12.8094011Z ^[[92m[ DONE ]^[[39m ^[[1mreimport^[[22m
Godot gates (analyzer)	Import the project	2026-10-04T03:54:12.8094533Z ^[[0m
Godot gates (analyzer)	Import the project	2026-10-04T03:54:12.8406669Z [   0% ] ^[[90m^[[1mloading_editor_layout^[[22m | Started Loading editor (5 steps)^[[39m^[[0m
Godot gates (analyzer)	Import the project	2026-10-04T03:54:12.8407796Z [   0% ] ^[[90m^[[1mloading_editor_layout^[[22m | Loading editor layout...^[[39m^[[0m
Godot gates (analyzer)	Import the project	2026-10-04T03:54:12.8408512Z [  16% ] ^[[90m^[[1mloading_editor_layout^[[22m | Loading docks...^[[39m^[[0m
Godot gates (analyzer)	Import the project	2026-10-04T03:54:12.8409039Z ^[[92m[ DONE ]^[[39m ^[[1mloading_editor_layout^[[22m
Godot gates (analyzer)	Import the project	2026-10-04T03:54:12.8409393Z ^[[0m
Godot gates (analyzer)	Runner diagnostics self-test	﻿2026-10-04T03:54:13.7391900Z ##[group]Run python3 tools/test_run_tests_diagnostics.py
Godot gates (analyzer)	Runner diagnostics self-test	2026-10-04T03:54:13.7392360Z ^[[36;1mpython3 tools/test_run_tests_diagnostics.py^[[0m
Godot gates (analyzer)	Runner diagnostics self-test	2026-10-04T03:54:13.7458608Z shell: /usr/bin/bash -e {0}
Godot gates (analyzer)	Runner diagnostics self-test	2026-10-04T03:54:13.7458896Z env:
Godot gates (analyzer)	Runner diagnostics self-test	2026-10-04T03:54:13.7459093Z   GODOT_VERSION: 4.7.2
Godot gates (analyzer)	Runner diagnostics self-test	2026-10-04T03:54:13.7459320Z ##[endgroup]
Godot gates (analyzer)	Runner diagnostics self-test	2026-10-04T03:54:14.4803185Z test_run_tests_diagnostics: PASS -- expected, missing, unexpected, tolerated and leaked all classified
Godot gates (analyzer)	GDScript analyzer warnings	﻿2026-10-04T03:54:14.4891541Z ##[group]Run python3 tools/gdscript_warnings.py --max 0
Godot gates (analyzer)	GDScript analyzer warnings	2026-10-04T03:54:14.4891976Z ^[[36;1mpython3 tools/gdscript_warnings.py --max 0^[[0m
Godot gates (analyzer)	GDScript analyzer warnings	2026-10-04T03:54:14.4956269Z shell: /usr/bin/bash -e {0}
Godot gates (analyzer)	GDScript analyzer warnings	2026-10-04T03:54:14.4956528Z env:
Godot gates (analyzer)	GDScript analyzer warnings	2026-10-04T03:54:14.4956726Z   GODOT_VERSION: 4.7.2
Godot gates (analyzer)	GDScript analyzer warnings	2026-10-04T03:54:14.4956947Z ##[endgroup]
Godot gates (analyzer)	GDScript analyzer warnings	2026-10-04T04:04:08.0369500Z 0 GDScript warning(s) in 0 of 1179 file(s)
Godot gates (analyzer)	Shard allocation and runner fault injection	﻿2026-10-04T04:04:08.0590927Z ##[group]Run python3 tools/test_ci_test_shards.py --godot
Godot gates (analyzer)	Shard allocation and runner fault injection	2026-10-04T04:04:08.0591368Z ^[[36;1mpython3 tools/test_ci_test_shards.py --godot^[[0m
Godot gates (analyzer)	Shard allocation and runner fault injection	2026-10-04T04:04:08.0652596Z shell: /usr/bin/bash -e {0}
Godot gates (analyzer)	Shard allocation and runner fault injection	2026-10-04T04:04:08.0653127Z env:
Godot gates (analyzer)	Shard allocation and runner fault injection	2026-10-04T04:04:08.0653318Z   GODOT_VERSION: 4.7.2
Godot gates (analyzer)	Shard allocation and runner fault injection	2026-10-04T04:04:08.0653549Z ##[endgroup]
Godot gates (analyzer)	Shard allocation and runner fault injection	2026-10-04T04:04:09.5513172Z test_discovery_rejects_invalid_selection_in_the_actual_godot_worker (__main__.RealRunner.test_discovery_rejects_invalid_selection_in_the_actual_godot_worker) ... ok
Godot gates (analyzer)	Shard allocation and runner fault injection	2026-10-04T04:04:19.1814619Z test_new_runner_has_zero_analyzer_warnings (__main__.RealRunner.test_new_runner_has_zero_analyzer_warnings) ... ok
Godot gates (analyzer)	Shard allocation and runner fault injection	2026-10-04T04:04:19.6052757Z test_one_leaked_object_is_counted_by_the_shard_runner_and_its_shell (__main__.RealRunner.test_one_leaked_object_is_counted_by_the_shard_runner_and_its_shell) ... ok
Godot gates (analyzer)	Shard allocation and runner fault injection	2026-10-04T04:04:20.9210414Z test_real_full_and_sharded_counts_and_diagnostics_match (__main__.RealRunner.test_real_full_and_sharded_counts_and_diagnostics_match) ... ok
Godot gates (analyzer)	Shard allocation and runner fault injection	2026-10-04T04:04:22.1775395Z test_real_unexpected_warning_abort_and_leak_fail_sharded_shell (__main__.RealRunner.test_real_unexpected_warning_abort_and_leak_fail_sharded_shell) ... ok
Godot gates (analyzer)	Shard allocation and runner fault injection	2026-10-04T04:04:22.1812116Z test_aggregate_matches_complete_baseline (__main__.ShardGuards.test_aggregate_matches_complete_baseline) ... ok
Godot gates (analyzer)	Shard allocation and runner fault injection	2026-10-04T04:04:22.1825189Z test_bad_indices_and_counts_fail (__main__.ShardGuards.test_bad_indices_and_counts_fail) ... ok
Godot gates (analyzer)	Shard allocation and runner fault injection	2026-10-04T04:04:22.1858136Z test_baseline_assertions_and_diagnostic_totals_must_match (__main__.ShardGuards.test_baseline_assertions_and_diagnostic_totals_must_match) ... ok
Godot gates (analyzer)	Shard allocation and runner fault injection	2026-10-04T04:04:22.1971347Z test_changed_counts_or_file_lists_in_json_are_caught_by_raw_log (__main__.ShardGuards.test_changed_counts_or_file_lists_in_json_are_caught_by_raw_log) ... ok
Godot gates (analyzer)	Shard allocation and runner fault injection	2026-10-04T04:04:22.1982057Z test_completed_suite_counters_must_sum_to_the_runner_totals (__main__.ShardGuards.test_completed_suite_counters_must_sum_to_the_runner_totals) ... ok
Godot gates (analyzer)	Shard allocation and runner fault injection	2026-10-04T04:04:22.1997607Z test_discovers_every_new_direct_suite_but_not_framework_or_live_scripts (__main__.ShardGuards.test_discovers_every_new_direct_suite_but_not_framework_or_live_scripts) ... ok
Godot gates (analyzer)	Shard allocation and runner fault injection	2026-10-04T04:04:22.2011389Z test_missing_duplicate_unknown_and_empty_assignments_are_refused (__main__.ShardGuards.test_missing_duplicate_unknown_and_empty_assignments_are_refused) ... ok
Godot gates (analyzer)	Shard allocation and runner fault injection	2026-10-04T04:04:22.2084320Z test_missing_or_duplicate_execution_is_refused_even_with_clean_counts (__main__.ShardGuards.test_missing_or_duplicate_execution_is_refused_even_with_clean_counts) ... ok
Godot gates (analyzer)	Shard allocation and runner fault injection	2026-10-04T04:04:22.2123413Z test_missing_result_and_extra_result_cannot_go_green (__main__.ShardGuards.test_missing_result_and_extra_result_cannot_go_green) ... ok
Godot gates (analyzer)	Shard allocation and runner fault injection	2026-10-04T04:04:22.2136409Z test_missing_summary_success_guard_and_misclassified_diagnostics_fail (__main__.ShardGuards.test_missing_summary_success_guard_and_misclassified_diagnostics_fail) ... ok
Godot gates (analyzer)	Shard allocation and runner fault injection	2026-10-04T04:04:22.2147027Z test_new_suite_invalidates_old_manifest (__main__.ShardGuards.test_new_suite_invalidates_old_manifest) ... ok
Godot gates (analyzer)	Shard allocation and runner fault injection	2026-10-04T04:04:22.2163068Z test_partition_is_stable_and_separates_long_suites (__main__.ShardGuards.test_partition_is_stable_and_separates_long_suites) ... ok
Godot gates (analyzer)	Shard allocation and runner fault injection	2026-10-04T04:04:22.2176874Z test_raw_diagnostics_leaks_and_aborts_cannot_hide_behind_clean_summaries (__main__.ShardGuards.test_raw_diagnostics_leaks_and_aborts_cannot_hide_behind_clean_summaries) ... ok
Godot gates (analyzer)	Shard allocation and runner fault injection	2026-10-04T04:04:22.2178085Z 
Godot gates (analyzer)	Shard allocation and runner fault injection	2026-10-04T04:04:22.2178346Z ----------------------------------------------------------------------
Godot gates (analyzer)	Shard allocation and runner fault injection	2026-10-04T04:04:22.2178904Z Ran 18 tests in 14.045s
Godot gates (analyzer)	Shard allocation and runner fault injection	2026-10-04T04:04:22.2179122Z 
Godot gates (analyzer)	Shard allocation and runner fault injection	2026-10-04T04:04:22.2179234Z OK
Godot gates (analyzer)	Post Cache the Godot binary	﻿2026-10-04T04:04:22.2359043Z Post job cleanup.
Godot gates (analyzer)	Post Cache the Godot binary	2026-10-04T04:04:22.3460635Z Cache hit occurred on the primary key godot-4.7.2-linux-x86_64, not saving cache.
Godot gates (analyzer)	Post Cache the Godot binary	2026-10-04T04:04:22.3462502Z (node:3140) [DEP0040] DeprecationWarning: The `punycode` module is deprecated. Please use a userland alternative instead.
Godot gates (analyzer)	Post Cache the Godot binary	2026-10-04T04:04:22.3464010Z (Use `node --trace-deprecation ...` to show where the warning was created)
Godot gates (analyzer)	Post Check out the repository	﻿2026-10-04T04:04:22.3610043Z Post job cleanup.
Godot gates (analyzer)	Post Check out the repository	2026-10-04T04:04:22.4460124Z [command]/usr/bin/git version
Godot gates (analyzer)	Post Check out the repository	2026-10-04T04:04:22.4505249Z git version 2.55.0
Godot gates (analyzer)	Post Check out the repository	2026-10-04T04:04:22.4547361Z Temporarily overriding HOME='/home/runner/work/_temp/f35d8f61-e9b2-40fd-b51a-09e678b1becf' before making global git config changes
Godot gates (analyzer)	Post Check out the repository	2026-10-04T04:04:22.4548825Z Adding repository directory to the temporary git global config as a safe directory
Godot gates (analyzer)	Post Check out the repository	2026-10-04T04:04:22.4554509Z [command]/usr/bin/git config --global --add safe.directory /home/runner/work/redwall-rts/redwall-rts
Godot gates (analyzer)	Post Check out the repository	2026-10-04T04:04:22.4593581Z [command]/usr/bin/git config --local --name-only --get-regexp core\.sshCommand
Godot gates (analyzer)	Post Check out the repository	2026-10-04T04:04:22.4630327Z [command]/usr/bin/git submodule foreach --recursive sh -c "git config --local --name-only --get-regexp 'core\.sshCommand' && git config --local --unset-all 'core.sshCommand' || :"
Godot gates (analyzer)	Post Check out the repository	2026-10-04T04:04:22.4889106Z [command]/usr/bin/git config --local --name-only --get-regexp http\.https\:\/\/github\.com\/\.extraheader
Godot gates (analyzer)	Post Check out the repository	2026-10-04T04:04:22.4944759Z http.https://github.com/.extraheader
Godot gates (analyzer)	Post Check out the repository	2026-10-04T04:04:22.4946476Z [command]/usr/bin/git config --local --unset-all http.https://github.com/.extraheader
Godot gates (analyzer)	Post Check out the repository	2026-10-04T04:04:22.4978202Z [command]/usr/bin/git submodule foreach --recursive sh -c "git config --local --name-only --get-regexp 'http\.https\:\/\/github\.com\/\.extraheader' && git config --local --unset-all 'http.https://github.com/.extraheader' || :"
Godot gates (analyzer)	Post Check out the repository	2026-10-04T04:04:22.5254447Z [command]/usr/bin/git config --local --name-only --get-regexp ^includeIf\.gitdir:
Godot gates (analyzer)	Post Check out the repository	2026-10-04T04:04:22.5304674Z [command]/usr/bin/git submodule foreach --recursive git config --local --show-origin --name-only --get-regexp remote.origin.url
Godot gates (analyzer)	Complete job	﻿2026-10-04T04:04:22.5719169Z Cleaning up orphan processes
Godot gates (analyzer)	Complete job	2026-10-04T04:04:22.6029311Z ##[warning]Node.js 20 is deprecated. The following actions target Node.js 20 but are being forced to run on Node.js 24: actions/cache@v4, actions/checkout@v4. For more information see: https://github.blog/changelog/2025-09-19-deprecation-of-node-20-on-github-actions-runners/
